"Season","game_id","HOME_season","HOME_season_type","HOME_game_date","HOME_game_date_time","HOME_team_id","HOME_team_uid","HOME_team_slug","HOME_team_location","HOME_team_name","HOME_team_abbreviation","HOME_TEAM_NAME","HOME_team_short_display_name","HOME_team_color","HOME_team_alternate_color","HOME_team_logo","HOME_team_home_away","HOME_PTS","HOME_team_winner","HOME_assists","HOME_blocks","HOME_defensive_rebounds","HOME_fast_break_points","HOME_FG_PCT","HOME_field_goals_made","HOME_field_goals_attempted","HOME_flagrant_fouls","HOME_fouls","HOME_free_throw_pct","HOME_free_throws_made","HOME_free_throws_attempted","HOME_largest_lead","HOME_offensive_rebounds","HOME_points_in_paint","HOME_steals","HOME_team_turnovers","HOME_technical_fouls","HOME_FG3_PCT","HOME_three_point_field_goals_made","HOME_three_point_field_goals_attempted","HOME_total_rebounds","HOME_total_technical_fouls","HOME_total_turnovers","HOME_turnover_points","HOME_turnovers","HOME_opponent_team_id","HOME_opponent_team_uid","HOME_opponent_team_slug","HOME_opponent_team_location","HOME_opponent_team_name","HOME_opponent_team_abbreviation","HOME_opponent_team_display_name","HOME_opponent_team_short_display_name","HOME_opponent_team_color","HOME_opponent_team_alternate_color","HOME_opponent_team_logo","HOME_opponent_team_score","HOME_HOME_WL","AWAY_season","AWAY_season_type","AWAY_game_date","AWAY_game_date_time","AWAY_team_id","AWAY_team_uid","AWAY_team_slug","AWAY_team_location","AWAY_team_name","AWAY_team_abbreviation","AWAY_TEAM_NAME","AWAY_team_short_display_name","AWAY_team_color","AWAY_team_alternate_color","AWAY_team_logo","AWAY_team_home_away","AWAY_PTS","AWAY_assists","AWAY_blocks","AWAY_defensive_rebounds","AWAY_fast_break_points","AWAY_FG_PCT","AWAY_field_goals_made","AWAY_field_goals_attempted","AWAY_flagrant_fouls","AWAY_fouls","AWAY_free_throw_pct","AWAY_free_throws_made","AWAY_free_throws_attempted","AWAY_largest_lead","AWAY_offensive_rebounds","AWAY_points_in_paint","AWAY_steals","AWAY_team_turnovers","AWAY_technical_fouls","AWAY_FG3_PCT","AWAY_three_point_field_goals_made","AWAY_three_point_field_goals_attempted","AWAY_total_rebounds","AWAY_total_technical_fouls","AWAY_total_turnovers","AWAY_turnover_points","AWAY_turnovers","AWAY_opponent_team_id","AWAY_opponent_team_uid","AWAY_opponent_team_slug","AWAY_opponent_team_location","AWAY_opponent_team_name","AWAY_opponent_team_abbreviation","AWAY_opponent_team_display_name","AWAY_opponent_team_short_display_name","AWAY_opponent_team_color","AWAY_opponent_team_alternate_color","AWAY_opponent_team_logo","AWAY_opponent_team_score","HOME_PLUS_MINUS","AWAY_PLUS_MINUS"
2023,401537457,2023,1,2023-05-05,2023-05-05 20:00:00,8,"s:40~l:59~t:8","minnesota-lynx","Minnesota","Lynx","MIN","Minnesota Lynx","Lynx","266092","79bc43","https://a.espncdn.com/i/teamlogos/wnba/500/min.png","home",72,TRUE,14,2,30,"10",0.441,26,59,0,18,60,15,25,"7",6,"34",4,1,0,0.217,5,23,36,0,18,"17",17,16,"s:40~l:59~t:16","washington-mystics","Washington","Mystics","WSH","Washington Mystics","Mystics","e03a3e","002b5c","https://a.espncdn.com/i/teamlogos/wnba/500/wsh.png",69,"W",2023,1,2023-05-05,2023-05-05 20:00:00,16,"s:40~l:59~t:16","washington-mystics","Washington","Mystics","WSH","Washington Mystics","Mystics","e03a3e","002b5c","https://a.espncdn.com/i/teamlogos/wnba/500/wsh.png","away",69,19,2,27,"4",0.348,23,66,0,23,100,15,15,"12",8,"26",11,3,0,0.296,8,27,35,0,18,"20",15,8,"s:40~l:59~t:8","minnesota-lynx","Minnesota","Lynx","MIN","Minnesota Lynx","Lynx","266092","79bc43","https://a.espncdn.com/i/teamlogos/wnba/500/min.png",72,3,-3
2023,401537458,2023,1,2023-05-05,2023-05-05 20:00:00,3,"s:40~l:59~t:3","dallas-wings","Dallas","Wings","DAL","Dallas Wings","Wings","002b5c","c4d600","https://a.espncdn.com/i/teamlogos/wnba/500/dal.png","home",75,TRUE,15,6,23,"4",0.377,23,61,0,18,78.1,25,32,"5",13,"34",10,0,0,0.2,4,20,36,0,15,"15",15,19,"s:40~l:59~t:19","chicago-sky","Chicago","Sky","CHI","Chicago Sky","Sky","5091cd","ffd520","https://a.espncdn.com/i/teamlogos/wnba/500/chi.png",70,"W",2023,1,2023-05-05,2023-05-05 20:00:00,19,"s:40~l:59~t:19","chicago-sky","Chicago","Sky","CHI","Chicago Sky","Sky","5091cd","ffd520","https://a.espncdn.com/i/teamlogos/wnba/500/chi.png","away",70,12,3,25,"8",0.429,27,63,0,25,100,12,12,"8",10,"32",6,1,1,0.333,4,12,35,1,17,"14",16,3,"s:40~l:59~t:3","dallas-wings","Dallas","Wings","DAL","Dallas Wings","Wings","002b5c","c4d600","https://a.espncdn.com/i/teamlogos/wnba/500/dal.png",75,5,-5
2023,401537459,2023,1,2023-05-07,2023-05-07 18:00:00,19,"s:40~l:59~t:19","chicago-sky","Chicago","Sky","CHI","Chicago Sky","Sky","5091cd","ffd520","https://a.espncdn.com/i/teamlogos/wnba/500/chi.png","home",81,TRUE,20,4,22,"8",0.5,30,60,0,19,84.6,11,13,"25",8,"30",14,0,0,0.625,10,16,30,0,18,"19",18,5,"s:40~l:59~t:5","indiana-fever","Indiana","Fever","IND","Indiana Fever","Fever","002d62","e03a3e","https://a.espncdn.com/i/teamlogos/wnba/500/ind.png",56,"W",2023,1,2023-05-07,2023-05-07 18:00:00,5,"s:40~l:59~t:5","indiana-fever","Indiana","Fever","IND","Indiana Fever","Fever","002d62","e03a3e","https://a.espncdn.com/i/teamlogos/wnba/500/ind.png","away",56,11,3,22,"7",0.407,22,54,0,17,60,9,15,"1",3,"30",11,2,0,0.231,3,13,25,0,24,"25",22,19,"s:40~l:59~t:19","chicago-sky","Chicago","Sky","CHI","Chicago Sky","Sky","5091cd","ffd520","https://a.espncdn.com/i/teamlogos/wnba/500/chi.png",81,25,-25
2023,401535138,2023,1,2023-05-08,2023-05-08 22:00:00,14,"s:40~l:59~t:14","seattle-storm","Seattle","Storm","SEA","Seattle Storm","Storm","2c5235","fee11a","https://a.espncdn.com/i/teamlogos/wnba/500/sea.png","home",71,FALSE,14,7,23,"16",0.362,25,69,0,19,60,15,25,"17",11,"30",6,2,0,0.24,6,25,34,0,9,"8",7,11,"s:40~l:59~t:11","phoenix-mercury","Phoenix","Mercury","PHX","Phoenix Mercury","Mercury","3c286e","e56020","https://a.espncdn.com/i/teamlogos/wnba/500/phx.png",77,"L",2023,1,2023-05-08,2023-05-08 22:00:00,11,"s:40~l:59~t:11","phoenix-mercury","Phoenix","Mercury","PHX","Phoenix Mercury","Mercury","3c286e","e56020","https://a.espncdn.com/i/teamlogos/wnba/500/phx.png","away",77,13,4,29,"17",0.444,28,63,0,20,77.8,14,18,"8",8,"32",4,3,1,0.318,7,22,37,1,14,"17",11,14,"s:40~l:59~t:14","seattle-storm","Seattle","Storm","SEA","Seattle Storm","Storm","2c5235","fee11a","https://a.espncdn.com/i/teamlogos/wnba/500/sea.png",71,-6,6
2023,401537460,2023,1,2023-05-10,2023-05-10 11:00:00,18,"s:40~l:59~t:18","connecticut-sun","Connecticut","Sun","CONN","Connecticut Sun","Sun","f05023","0a2240","https://a.espncdn.com/i/teamlogos/wnba/500/conn.png","home",63,TRUE,16,3,24,"8",0.338,22,65,0,22,61.9,13,21,"19",10,"26",10,0,0,0.375,6,16,34,0,13,"14",13,9,"s:40~l:59~t:9","new-york-liberty","New York","Liberty","NY","New York Liberty","Liberty","86cebc","000000","https://a.espncdn.com/i/teamlogos/wnba/500/ny.png",57,"W",2023,1,2023-05-10,2023-05-10 11:00:00,9,"s:40~l:59~t:9","new-york-liberty","New York","Liberty","NY","New York Liberty","Liberty","86cebc","000000","https://a.espncdn.com/i/teamlogos/wnba/500/ny.png","away",57,13,4,33,"0",0.36,18,50,0,22,72.2,13,18,"5",5,"16",6,3,0,0.348,8,23,38,0,23,"18",20,18,"s:40~l:59~t:18","connecticut-sun","Connecticut","Sun","CONN","Connecticut Sun","Sun","f05023","0a2240","https://a.espncdn.com/i/teamlogos/wnba/500/conn.png",63,6,-6
2023,401537461,2023,1,2023-05-10,2023-05-10 11:30:00,16,"s:40~l:59~t:16","washington-mystics","Washington","Mystics","WSH","Washington Mystics","Mystics","e03a3e","002b5c","https://a.espncdn.com/i/teamlogos/wnba/500/wsh.png","home",88,TRUE,18,11,35,"12",0.485,33,68,0,24,88.2,15,17,"19",5,"46",7,0,1,0.35,7,20,40,1,20,"19",20,20,"s:40~l:59~t:20","atlanta-dream","Atlanta","Dream","ATL","Atlanta Dream","Dream","e31837","5091cc","https://a.espncdn.com/i/teamlogos/wnba/500/atl.png",76,"W",2023,1,2023-05-10,2023-05-10 11:30:00,20,"s:40~l:59~t:20","atlanta-dream","Atlanta","Dream","ATL","Atlanta Dream","Dream","e31837","5091cc","https://a.espncdn.com/i/teamlogos/wnba/500/atl.png","away",76,14,3,30,"7",0.363,29,80,0,19,70.6,12,17,"1",10,"36",9,0,1,0.25,6,24,40,1,16,"21",16,16,"s:40~l:59~t:16","washington-mystics","Washington","Mystics","WSH","Washington Mystics","Mystics","e03a3e","002b5c","https://a.espncdn.com/i/teamlogos/wnba/500/wsh.png",88,12,-12
2023,401535139,2023,1,2023-05-12,2023-05-12 22:00:00,11,"s:40~l:59~t:11","phoenix-mercury","Phoenix","Mercury","PHX","Phoenix Mercury","Mercury","3c286e","e56020","https://a.espncdn.com/i/teamlogos/wnba/500/phx.png","home",71,FALSE,17,7,23,"8",0.41,25,61,0,20,84.2,16,19,"4",7,"32",3,0,0,0.2,5,25,30,0,18,"20",18,6,"s:40~l:59~t:6","los-angeles-sparks","Los Angeles","Sparks","LA","Los Angeles Sparks","Sparks","552583","fdb927","https://a.espncdn.com/i/teamlogos/wnba/500/la.png",90,"L",2023,1,2023-05-12,2023-05-12 22:00:00,6,"s:40~l:59~t:6","los-angeles-sparks","Los Angeles","Sparks","LA","Los Angeles Sparks","Sparks","552583","fdb927","https://a.espncdn.com/i/teamlogos/wnba/500/la.png","away",90,22,2,26,"18",0.544,37,68,0,21,58.8,10,17,"21",5,"38",7,0,0,0.353,6,17,31,0,12,"8",12,11,"s:40~l:59~t:11","phoenix-mercury","Phoenix","Mercury","PHX","Phoenix Mercury","Mercury","3c286e","e56020","https://a.espncdn.com/i/teamlogos/wnba/500/phx.png",71,-19,19
2023,401537462,2023,1,2023-05-13,2023-05-13 13:00:00,5,"s:40~l:59~t:5","indiana-fever","Indiana","Fever","IND","Indiana Fever","Fever","002d62","e03a3e","https://a.espncdn.com/i/teamlogos/wnba/500/ind.png","home",90,TRUE,20,3,29,"10",0.463,31,67,0,30,81.8,18,22,"12",8,"32",5,1,0,0.5,10,20,37,0,13,"16",12,3,"s:40~l:59~t:3","dallas-wings","Dallas","Wings","DAL","Dallas Wings","Wings","002b5c","c4d600","https://a.espncdn.com/i/teamlogos/wnba/500/dal.png",83,"W",2023,1,2023-05-13,2023-05-13 13:00:00,3,"s:40~l:59~t:3","dallas-wings","Dallas","Wings","DAL","Dallas Wings","Wings","002b5c","c4d600","https://a.espncdn.com/i/teamlogos/wnba/500/dal.png","away",83,18,3,27,"15",0.403,29,72,0,19,69.6,16,23,"11",10,"32",5,1,1,0.3,9,30,37,1,13,"11",12,5,"s:40~l:59~t:5","indiana-fever","Indiana","Fever","IND","Indiana Fever","Fever","002d62","e03a3e","https://a.espncdn.com/i/teamlogos/wnba/500/ind.png",90,7,-7
2023,401525954,2023,1,2023-05-13,2023-05-13 16:00:00,8,"s:40~l:59~t:8","minnesota-lynx","Minnesota","Lynx","MIN","Minnesota Lynx","Lynx","266092","79bc43","https://a.espncdn.com/i/teamlogos/wnba/500/min.png","home",74,FALSE,16,5,24,"16",0.397,25,63,1,19,73.9,17,23,"8",5,"32",10,1,0,0.368,7,19,29,0,12,"21",11,19,"s:40~l:59~t:19","chicago-sky","Chicago","Sky","CHI","Chicago Sky","Sky","5091cd","ffd520","https://a.espncdn.com/i/teamlogos/wnba/500/chi.png",82,"L",2023,1,2023-05-13,2023-05-13 16:00:00,19,"s:40~l:59~t:19","chicago-sky","Chicago","Sky","CHI","Chicago Sky","Sky","5091cd","ffd520","https://a.espncdn.com/i/teamlogos/wnba/500/chi.png","away",82,20,6,28,"16",0.444,32,72,1,17,62.5,10,16,"10",12,"30",7,2,0,0.333,8,24,40,0,18,"19",16,8,"s:40~l:59~t:8","minnesota-lynx","Minnesota","Lynx","MIN","Minnesota Lynx","Lynx","266092","79bc43","https://a.espncdn.com/i/teamlogos/wnba/500/min.png",74,-8,8
2023,401545052,2023,1,2023-05-13,2023-05-13 17:00:00,17,"s:40~l:59~t:17","las-vegas-aces","Las Vegas","Aces","LV","Las Vegas Aces","Aces","a7a8aa","000000","https://a.espncdn.com/i/teamlogos/wnba/500/lv.png","home",84,TRUE,17,1,30,"7",0.435,30,69,0,16,82.4,14,17,"22",8,"36",6,0,0,0.4,10,25,38,0,14,"14",14,9,"s:40~l:59~t:9","new-york-liberty","New York","Liberty","NY","New York Liberty","Liberty","86cebc","000000","https://a.espncdn.com/i/teamlogos/wnba/500/ny.png",77,"W",2023,1,2023-05-13,2023-05-13 17:00:00,9,"s:40~l:59~t:9","new-york-liberty","New York","Liberty","NY","New York Liberty","Liberty","86cebc","000000","https://a.espncdn.com/i/teamlogos/wnba/500/ny.png","away",77,20,2,28,"2",0.431,28,65,0,21,100,10,10,"6",5,"26",6,0,0,0.379,11,29,33,0,17,"15",17,17,"s:40~l:59~t:17","las-vegas-aces","Las Vegas","Aces","LV","Las Vegas Aces","Aces","a7a8aa","000000","https://a.espncdn.com/i/teamlogos/wnba/500/lv.png",84,7,-7
2023,401537464,2023,1,2023-05-14,2023-05-14 15:00:00,20,"s:40~l:59~t:20","atlanta-dream","Atlanta","Dream","ATL","Atlanta Dream","Dream","e31837","5091cc","https://a.espncdn.com/i/teamlogos/wnba/500/atl.png","home",68,FALSE,8,2,21,"2",0.275,19,69,0,24,81.3,26,32,"0",9,"22",9,0,1,0.211,4,19,30,1,16,"16",16,18,"s:40~l:59~t:18","connecticut-sun","Connecticut","Sun","CONN","Connecticut Sun","Sun","f05023","0a2240","https://a.espncdn.com/i/teamlogos/wnba/500/conn.png",85,"L",2023,1,2023-05-14,2023-05-14 15:00:00,18,"s:40~l:59~t:18","connecticut-sun","Connecticut","Sun","CONN","Connecticut Sun","Sun","f05023","0a2240","https://a.espncdn.com/i/teamlogos/wnba/500/conn.png","away",85,22,9,39,"11",0.485,33,68,0,31,70,14,20,"25",12,"48",6,1,1,0.313,5,16,51,1,24,"9",23,20,"s:40~l:59~t:20","atlanta-dream","Atlanta","Dream","ATL","Atlanta Dream","Dream","e31837","5091cc","https://a.espncdn.com/i/teamlogos/wnba/500/atl.png",68,-17,17
2023,401507130,2023,2,2023-05-19,2023-05-19 19:00:00,5,"s:40~l:59~t:5","indiana-fever","Indiana","Fever","IND","Indiana Fever","Fever","002d62","e03a3e","https://a.espncdn.com/i/teamlogos/wnba/500/ind.png","home",61,FALSE,15,5,27,"7",0.333,22,66,0,24,57.9,11,19,"0",8,"26",9,1,0,0.25,6,24,35,0,20,"21",19,18,"s:40~l:59~t:18","connecticut-sun","Connecticut","Sun","CONN","Connecticut Sun","Sun","f05023","0a2240","https://a.espncdn.com/i/teamlogos/wnba/500/conn.png",70,"L",2023,2,2023-05-19,2023-05-19 19:00:00,18,"s:40~l:59~t:18","connecticut-sun","Connecticut","Sun","CONN","Connecticut Sun","Sun","f05023","0a2240","https://a.espncdn.com/i/teamlogos/wnba/500/conn.png","away",70,15,6,31,"13",0.318,21,66,0,21,75,24,32,"19",12,"32",10,2,1,0.235,4,17,43,1,18,"14",16,5,"s:40~l:59~t:5","indiana-fever","Indiana","Fever","IND","Indiana Fever","Fever","002d62","e03a3e","https://a.espncdn.com/i/teamlogos/wnba/500/ind.png",61,-9,9
2023,401507131,2023,2,2023-05-19,2023-05-19 19:00:00,16,"s:40~l:59~t:16","washington-mystics","Washington","Mystics","WSH","Washington Mystics","Mystics","e03a3e","002b5c","https://a.espncdn.com/i/teamlogos/wnba/500/wsh.png","home",80,TRUE,23,4,29,"16",0.457,32,70,0,17,90.9,10,11,"24",3,"38",13,1,1,0.261,6,23,32,1,13,"18",12,9,"s:40~l:59~t:9","new-york-liberty","New York","Liberty","NY","New York Liberty","Liberty","86cebc","000000","https://a.espncdn.com/i/teamlogos/wnba/500/ny.png",64,"W",2023,2,2023-05-19,2023-05-19 19:00:00,9,"s:40~l:59~t:9","new-york-liberty","New York","Liberty","NY","New York Liberty","Liberty","86cebc","000000","https://a.espncdn.com/i/teamlogos/wnba/500/ny.png","away",64,18,2,32,"2",0.343,23,67,0,13,78.6,11,14,"5",8,"32",8,2,0,0.226,7,31,40,0,22,"16",20,16,"s:40~l:59~t:16","washington-mystics","Washington","Mystics","WSH","Washington Mystics","Mystics","e03a3e","002b5c","https://a.espncdn.com/i/teamlogos/wnba/500/wsh.png",80,16,-16
2023,401507132,2023,2,2023-05-19,2023-05-19 20:00:00,8,"s:40~l:59~t:8","minnesota-lynx","Minnesota","Lynx","MIN","Minnesota Lynx","Lynx","266092","79bc43","https://a.espncdn.com/i/teamlogos/wnba/500/min.png","home",66,FALSE,16,8,29,"17",0.333,21,63,0,10,85.7,18,21,"7",11,"26",8,1,0,0.25,6,24,40,0,21,"17",20,19,"s:40~l:59~t:19","chicago-sky","Chicago","Sky","CHI","Chicago Sky","Sky","5091cd","ffd520","https://a.espncdn.com/i/teamlogos/wnba/500/chi.png",77,"L",2023,2,2023-05-19,2023-05-19 20:00:00,19,"s:40~l:59~t:19","chicago-sky","Chicago","Sky","CHI","Chicago Sky","Sky","5091cd","ffd520","https://a.espncdn.com/i/teamlogos/wnba/500/chi.png","away",77,23,8,28,"18",0.431,31,72,0,19,100,6,6,"19",7,"36",14,0,0,0.375,9,24,35,0,12,"8",12,8,"s:40~l:59~t:8","minnesota-lynx","Minnesota","Lynx","MIN","Minnesota Lynx","Lynx","266092","79bc43","https://a.espncdn.com/i/teamlogos/wnba/500/min.png",66,-11,11
2023,401507133,2023,2,2023-05-19,2023-05-19 23:00:00,6,"s:40~l:59~t:6","los-angeles-sparks","Los Angeles","Sparks","LA","Los Angeles Sparks","Sparks","552583","fdb927","https://a.espncdn.com/i/teamlogos/wnba/500/la.png","home",94,TRUE,20,2,21,"10",0.397,29,73,0,19,93.1,27,29,"27",11,"34",10,1,0,0.409,9,22,32,0,7,"9",6,11,"s:40~l:59~t:11","phoenix-mercury","Phoenix","Mercury","PHX","Phoenix Mercury","Mercury","3c286e","e56020","https://a.espncdn.com/i/teamlogos/wnba/500/phx.png",71,"W",2023,2,2023-05-19,2023-05-19 23:00:00,11,"s:40~l:59~t:11","phoenix-mercury","Phoenix","Mercury","PHX","Phoenix Mercury","Mercury","3c286e","e56020","https://a.espncdn.com/i/teamlogos/wnba/500/phx.png","away",71,18,8,28,"5",0.407,24,59,0,20,85,17,20,"11",6,"24",2,3,0,0.3,6,20,34,0,22,"23",19,6,"s:40~l:59~t:6","los-angeles-sparks","Los Angeles","Sparks","LA","Los Angeles Sparks","Sparks","552583","fdb927","https://a.espncdn.com/i/teamlogos/wnba/500/la.png",94,23,-23
2023,401507135,2023,2,2023-05-20,2023-05-20 13:00:00,3,"s:40~l:59~t:3","dallas-wings","Dallas","Wings","DAL","Dallas Wings","Wings","002b5c","c4d600","https://a.espncdn.com/i/teamlogos/wnba/500/dal.png","home",85,TRUE,13,5,27,"11",0.365,27,74,0,19,84.6,22,26,"22",13,"28",10,0,0,0.3,9,30,40,0,16,"11",16,20,"s:40~l:59~t:20","atlanta-dream","Atlanta","Dream","ATL","Atlanta Dream","Dream","e31837","5091cc","https://a.espncdn.com/i/teamlogos/wnba/500/atl.png",78,"W",2023,2,2023-05-20,2023-05-20 13:00:00,20,"s:40~l:59~t:20","atlanta-dream","Atlanta","Dream","ATL","Atlanta Dream","Dream","e31837","5091cc","https://a.espncdn.com/i/teamlogos/wnba/500/atl.png","away",78,18,6,28,"10",0.354,29,82,0,23,78.6,11,14,"4",17,"32",6,0,0,0.281,9,32,45,0,19,"23",19,3,"s:40~l:59~t:3","dallas-wings","Dallas","Wings","DAL","Dallas Wings","Wings","002b5c","c4d600","https://a.espncdn.com/i/teamlogos/wnba/500/dal.png",85,7,-7
2023,401507134,2023,2,2023-05-20,2023-05-20 15:00:00,14,"s:40~l:59~t:14","seattle-storm","Seattle","Storm","SEA","Seattle Storm","Storm","2c5235","fee11a","https://a.espncdn.com/i/teamlogos/wnba/500/sea.png","home",64,FALSE,12,6,26,"18",0.321,25,78,0,16,60,9,15,"2",6,"34",12,0,0,0.238,5,21,32,0,13,"13",13,17,"s:40~l:59~t:17","las-vegas-aces","Las Vegas","Aces","LV","Las Vegas Aces","Aces","a7a8aa","000000","https://a.espncdn.com/i/teamlogos/wnba/500/lv.png",105,"L",2023,2,2023-05-20,2023-05-20 15:00:00,17,"s:40~l:59~t:17","las-vegas-aces","Las Vegas","Aces","LV","Las Vegas Aces","Aces","a7a8aa","000000","https://a.espncdn.com/i/teamlogos/wnba/500/lv.png","away",105,22,8,44,"22",0.548,40,73,0,14,82.4,14,17,"42",6,"52",6,0,0,0.611,11,18,50,0,14,"12",14,14,"s:40~l:59~t:14","seattle-storm","Seattle","Storm","SEA","Seattle Storm","Storm","2c5235","fee11a","https://a.espncdn.com/i/teamlogos/wnba/500/sea.png",64,-41,41
2023,401507136,2023,2,2023-05-21,2023-05-21 13:00:00,18,"s:40~l:59~t:18","connecticut-sun","Connecticut","Sun","CONN","Connecticut Sun","Sun","f05023","0a2240","https://a.espncdn.com/i/teamlogos/wnba/500/conn.png","home",80,TRUE,17,3,38,"6",0.368,25,68,0,22,69.4,25,36,"7",8,"30",7,1,1,0.278,5,18,46,1,9,"3",8,16,"s:40~l:59~t:16","washington-mystics","Washington","Mystics","WSH","Washington Mystics","Mystics","e03a3e","002b5c","https://a.espncdn.com/i/teamlogos/wnba/500/wsh.png",74,"W",2023,2,2023-05-21,2023-05-21 13:00:00,16,"s:40~l:59~t:16","washington-mystics","Washington","Mystics","WSH","Washington Mystics","Mystics","e03a3e","002b5c","https://a.espncdn.com/i/teamlogos/wnba/500/wsh.png","away",74,18,5,34,"2",0.391,27,69,0,25,77.3,17,22,"12",4,"38",4,1,1,0.143,3,21,38,1,12,"11",11,18,"s:40~l:59~t:18","connecticut-sun","Connecticut","Sun","CONN","Connecticut Sun","Sun","f05023","0a2240","https://a.espncdn.com/i/teamlogos/wnba/500/conn.png",80,6,-6
2023,401507137,2023,2,2023-05-21,2023-05-21 14:00:00,9,"s:40~l:59~t:9","new-york-liberty","New York","Liberty","NY","New York Liberty","Liberty","86cebc","000000","https://a.espncdn.com/i/teamlogos/wnba/500/ny.png","home",90,TRUE,28,5,29,"17",0.485,33,68,1,20,90.9,10,11,"32",7,"30",7,1,0,0.483,14,29,36,0,18,"15",17,5,"s:40~l:59~t:5","indiana-fever","Indiana","Fever","IND","Indiana Fever","Fever","002d62","e03a3e","https://a.espncdn.com/i/teamlogos/wnba/500/ind.png",73,"W",2023,2,2023-05-21,2023-05-21 14:00:00,5,"s:40~l:59~t:5","indiana-fever","Indiana","Fever","IND","Indiana Fever","Fever","002d62","e03a3e","https://a.espncdn.com/i/teamlogos/wnba/500/ind.png","away",73,11,4,23,"4",0.356,26,73,0,16,76.2,16,21,"0",12,"34",8,0,0,0.25,5,20,35,0,15,"13",15,9,"s:40~l:59~t:9","new-york-liberty","New York","Liberty","NY","New York Liberty","Liberty","86cebc","000000","https://a.espncdn.com/i/teamlogos/wnba/500/ny.png",90,17,-17
2023,401507138,2023,2,2023-05-21,2023-05-21 16:00:00,11,"s:40~l:59~t:11","phoenix-mercury","Phoenix","Mercury","PHX","Phoenix Mercury","Mercury","3c286e","e56020","https://a.espncdn.com/i/teamlogos/wnba/500/phx.png","home",69,FALSE,17,8,26,"9",0.411,23,56,0,19,75,18,24,"5",3,"28",6,1,1,0.313,5,16,29,1,19,"22",18,19,"s:40~l:59~t:19","chicago-sky","Chicago","Sky","CHI","Chicago Sky","Sky","5091cd","ffd520","https://a.espncdn.com/i/teamlogos/wnba/500/chi.png",75,"L",2023,2,2023-05-21,2023-05-21 16:00:00,19,"s:40~l:59~t:19","chicago-sky","Chicago","Sky","CHI","Chicago Sky","Sky","5091cd","ffd520","https://a.espncdn.com/i/teamlogos/wnba/500/chi.png","away",75,19,5,28,"6",0.4,28,70,0,23,68.4,13,19,"11",11,"36",4,3,1,0.4,6,15,39,1,14,"12",11,11,"s:40~l:59~t:11","phoenix-mercury","Phoenix","Mercury","PHX","Phoenix Mercury","Mercury","3c286e","e56020","https://a.espncdn.com/i/teamlogos/wnba/500/phx.png",69,-6,6
2023,401507139,2023,2,2023-05-23,2023-05-23 19:00:00,16,"s:40~l:59~t:16","washington-mystics","Washington","Mystics","WSH","Washington Mystics","Mystics","e03a3e","002b5c","https://a.espncdn.com/i/teamlogos/wnba/500/wsh.png","home",81,FALSE,18,1,21,"0",0.415,27,65,1,21,90.5,19,21,"7",12,"26",5,1,1,0.286,8,28,33,1,15,"21",14,18,"s:40~l:59~t:18","connecticut-sun","Connecticut","Sun","CONN","Connecticut Sun","Sun","f05023","0a2240","https://a.espncdn.com/i/teamlogos/wnba/500/conn.png",88,"L",2023,2,2023-05-23,2023-05-23 19:00:00,18,"s:40~l:59~t:18","connecticut-sun","Connecticut","Sun","CONN","Connecticut Sun","Sun","f05023","0a2240","https://a.espncdn.com/i/teamlogos/wnba/500/conn.png","away",88,21,4,24,"4",0.475,29,61,0,21,73.3,22,30,"9",6,"40",9,0,1,0.364,8,22,30,1,13,"10",13,16,"s:40~l:59~t:16","washington-mystics","Washington","Mystics","WSH","Washington Mystics","Mystics","e03a3e","002b5c","https://a.espncdn.com/i/teamlogos/wnba/500/wsh.png",81,-7,7
2023,401507140,2023,2,2023-05-23,2023-05-23 20:00:00,8,"s:40~l:59~t:8","minnesota-lynx","Minnesota","Lynx","MIN","Minnesota Lynx","Lynx","266092","79bc43","https://a.espncdn.com/i/teamlogos/wnba/500/min.png","home",77,FALSE,23,1,23,"11",0.448,30,67,0,26,73.3,11,15,"19",10,"42",10,2,0,0.3,6,20,33,0,16,"25",14,20,"s:40~l:59~t:20","atlanta-dream","Atlanta","Dream","ATL","Atlanta Dream","Dream","e31837","5091cc","https://a.espncdn.com/i/teamlogos/wnba/500/atl.png",83,"L",2023,2,2023-05-23,2023-05-23 20:00:00,20,"s:40~l:59~t:20","atlanta-dream","Atlanta","Dream","ATL","Atlanta Dream","Dream","e31837","5091cc","https://a.espncdn.com/i/teamlogos/wnba/500/atl.png","away",83,21,6,22,"8",0.42,29,69,0,16,90,18,20,"6",11,"38",6,1,0,0.304,7,23,33,0,17,"12",16,8,"s:40~l:59~t:8","minnesota-lynx","Minnesota","Lynx","MIN","Minnesota Lynx","Lynx","266092","79bc43","https://a.espncdn.com/i/teamlogos/wnba/500/min.png",77,-6,6
2023,401507141,2023,2,2023-05-25,2023-05-25 22:00:00,6,"s:40~l:59~t:6","los-angeles-sparks","Los Angeles","Sparks","LA","Los Angeles Sparks","Sparks","552583","fdb927","https://a.espncdn.com/i/teamlogos/wnba/500/la.png","home",85,FALSE,23,4,24,"21",0.421,32,76,0,22,70,14,20,"12",6,"44",16,0,0,0.368,7,19,30,0,11,"13",11,17,"s:40~l:59~t:17","las-vegas-aces","Las Vegas","Aces","LV","Las Vegas Aces","Aces","a7a8aa","000000","https://a.espncdn.com/i/teamlogos/wnba/500/lv.png",94,"L",2023,2,2023-05-25,2023-05-25 22:00:00,17,"s:40~l:59~t:17","las-vegas-aces","Las Vegas","Aces","LV","Las Vegas Aces","Aces","a7a8aa","000000","https://a.espncdn.com/i/teamlogos/wnba/500/lv.png","away",94,18,6,32,"10",0.525,31,59,1,16,78.6,22,28,"10",5,"36",8,0,1,0.435,10,23,37,1,20,"22",20,6,"s:40~l:59~t:6","los-angeles-sparks","Los Angeles","Sparks","LA","Los Angeles Sparks","Sparks","552583","fdb927","https://a.espncdn.com/i/teamlogos/wnba/500/la.png",85,-9,9
2023,401507142,2023,2,2023-05-25,2023-05-25 22:00:00,11,"s:40~l:59~t:11","phoenix-mercury","Phoenix","Mercury","PHX","Phoenix Mercury","Mercury","3c286e","e56020","https://a.espncdn.com/i/teamlogos/wnba/500/phx.png","home",90,TRUE,23,5,27,"17",0.491,28,57,0,25,91.3,21,23,"17",6,"24",5,1,1,0.464,13,28,33,1,19,"21",18,8,"s:40~l:59~t:8","minnesota-lynx","Minnesota","Lynx","MIN","Minnesota Lynx","Lynx","266092","79bc43","https://a.espncdn.com/i/teamlogos/wnba/500/min.png",81,"W",2023,2,2023-05-25,2023-05-25 22:00:00,8,"s:40~l:59~t:8","minnesota-lynx","Minnesota","Lynx","MIN","Minnesota Lynx","Lynx","266092","79bc43","https://a.espncdn.com/i/teamlogos/wnba/500/min.png","away",81,17,2,19,"13",0.4,28,70,1,22,88,22,25,"2",6,"32",8,0,0,0.167,3,18,25,0,11,"14",11,11,"s:40~l:59~t:11","phoenix-mercury","Phoenix","Mercury","PHX","Phoenix Mercury","Mercury","3c286e","e56020","https://a.espncdn.com/i/teamlogos/wnba/500/phx.png",90,9,-9
2023,401507143,2023,2,2023-05-26,2023-05-26 20:00:00,19,"s:40~l:59~t:19","chicago-sky","Chicago","Sky","CHI","Chicago Sky","Sky","5091cd","ffd520","https://a.espncdn.com/i/teamlogos/wnba/500/chi.png","home",69,FALSE,20,6,29,"14",0.443,27,61,0,19,69.2,9,13,"5",3,"30",5,2,1,0.286,6,21,32,1,23,"24",21,16,"s:40~l:59~t:16","washington-mystics","Washington","Mystics","WSH","Washington Mystics","Mystics","e03a3e","002b5c","https://a.espncdn.com/i/teamlogos/wnba/500/wsh.png",71,"L",2023,2,2023-05-26,2023-05-26 20:00:00,16,"s:40~l:59~t:16","washington-mystics","Washington","Mystics","WSH","Washington Mystics","Mystics","e03a3e","002b5c","https://a.espncdn.com/i/teamlogos/wnba/500/wsh.png","away",71,19,4,26,"6",0.364,24,66,0,14,80,16,20,"16",7,"28",10,1,0,0.412,7,17,33,0,16,"14",15,19,"s:40~l:59~t:19","chicago-sky","Chicago","Sky","CHI","Chicago Sky","Sky","5091cd","ffd520","https://a.espncdn.com/i/teamlogos/wnba/500/chi.png",69,-2,2
2023,401507144,2023,2,2023-05-26,2023-05-26 22:00:00,14,"s:40~l:59~t:14","seattle-storm","Seattle","Storm","SEA","Seattle Storm","Storm","2c5235","fee11a","https://a.espncdn.com/i/teamlogos/wnba/500/sea.png","home",91,FALSE,14,7,25,"24",0.431,31,72,0,18,95,19,20,"9",9,"30",7,2,0,0.385,10,26,34,0,15,"17",13,3,"s:40~l:59~t:3","dallas-wings","Dallas","Wings","DAL","Dallas Wings","Wings","002b5c","c4d600","https://a.espncdn.com/i/teamlogos/wnba/500/dal.png",95,"L",2023,2,2023-05-26,2023-05-26 22:00:00,3,"s:40~l:59~t:3","dallas-wings","Dallas","Wings","DAL","Dallas Wings","Wings","002b5c","c4d600","https://a.espncdn.com/i/teamlogos/wnba/500/dal.png","away",95,19,6,24,"21",0.5,37,74,0,17,100,13,13,"17",8,"44",6,0,1,0.364,8,22,32,1,13,"9",13,14,"s:40~l:59~t:14","seattle-storm","Seattle","Storm","SEA","Seattle Storm","Storm","2c5235","fee11a","https://a.espncdn.com/i/teamlogos/wnba/500/sea.png",91,-4,4
2023,401507145,2023,2,2023-05-27,2023-05-27 13:00:00,9,"s:40~l:59~t:9","new-york-liberty","New York","Liberty","NY","New York Liberty","Liberty","86cebc","000000","https://a.espncdn.com/i/teamlogos/wnba/500/ny.png","home",81,TRUE,25,5,28,"11",0.471,32,68,0,17,61.5,8,13,"16",11,"40",10,0,0,0.409,9,22,39,0,13,"15",13,18,"s:40~l:59~t:18","connecticut-sun","Connecticut","Sun","CONN","Connecticut Sun","Sun","f05023","0a2240","https://a.espncdn.com/i/teamlogos/wnba/500/conn.png",65,"W",2023,2,2023-05-27,2023-05-27 13:00:00,18,"s:40~l:59~t:18","connecticut-sun","Connecticut","Sun","CONN","Connecticut Sun","Sun","f05023","0a2240","https://a.espncdn.com/i/teamlogos/wnba/500/conn.png","away",65,13,4,23,"1",0.349,22,63,0,15,81.3,13,16,"8",10,"22",8,3,0,0.348,8,23,33,0,17,"28",14,9,"s:40~l:59~t:9","new-york-liberty","New York","Liberty","NY","New York Liberty","Liberty","86cebc","000000","https://a.espncdn.com/i/teamlogos/wnba/500/ny.png",81,16,-16
2023,401507146,2023,2,2023-05-27,2023-05-27 21:00:00,17,"s:40~l:59~t:17","las-vegas-aces","Las Vegas","Aces","LV","Las Vegas Aces","Aces","a7a8aa","000000","https://a.espncdn.com/i/teamlogos/wnba/500/lv.png","home",93,TRUE,25,8,29,"25",0.463,37,80,0,16,83.3,10,12,"33",9,"40",16,2,0,0.281,9,32,38,0,11,"4",9,6,"s:40~l:59~t:6","los-angeles-sparks","Los Angeles","Sparks","LA","Los Angeles Sparks","Sparks","552583","fdb927","https://a.espncdn.com/i/teamlogos/wnba/500/la.png",65,"W",2023,2,2023-05-27,2023-05-27 21:00:00,6,"s:40~l:59~t:6","los-angeles-sparks","Los Angeles","Sparks","LA","Los Angeles Sparks","Sparks","552583","fdb927","https://a.espncdn.com/i/teamlogos/wnba/500/la.png","away",65,18,3,27,"3",0.368,25,68,0,15,77.8,7,9,"0",6,"24",2,0,0,0.364,8,22,33,0,19,"25",19,17,"s:40~l:59~t:17","las-vegas-aces","Las Vegas","Aces","LV","Las Vegas Aces","Aces","a7a8aa","000000","https://a.espncdn.com/i/teamlogos/wnba/500/lv.png",93,28,-28
2023,401507147,2023,2,2023-05-28,2023-05-28 15:00:00,20,"s:40~l:59~t:20","atlanta-dream","Atlanta","Dream","ATL","Atlanta Dream","Dream","e31837","5091cc","https://a.espncdn.com/i/teamlogos/wnba/500/atl.png","home",87,FALSE,16,4,22,"11",0.385,25,65,0,18,85.3,29,34,"10",7,"24",2,1,0,0.4,8,20,29,0,12,"11",11,5,"s:40~l:59~t:5","indiana-fever","Indiana","Fever","IND","Indiana Fever","Fever","002d62","e03a3e","https://a.espncdn.com/i/teamlogos/wnba/500/ind.png",90,"L",2023,2,2023-05-28,2023-05-28 15:00:00,5,"s:40~l:59~t:5","indiana-fever","Indiana","Fever","IND","Indiana Fever","Fever","002d62","e03a3e","https://a.espncdn.com/i/teamlogos/wnba/500/ind.png","away",90,20,2,31,"5",0.461,35,76,1,23,75,9,12,"4",12,"38",7,1,0,0.379,11,29,43,0,13,"8",12,20,"s:40~l:59~t:20","atlanta-dream","Atlanta","Dream","ATL","Atlanta Dream","Dream","e31837","5091cc","https://a.espncdn.com/i/teamlogos/wnba/500/atl.png",87,-3,3
2023,401507148,2023,2,2023-05-28,2023-05-28 18:00:00,19,"s:40~l:59~t:19","chicago-sky","Chicago","Sky","CHI","Chicago Sky","Sky","5091cd","ffd520","https://a.espncdn.com/i/teamlogos/wnba/500/chi.png","home",94,TRUE,24,4,29,"14",0.453,34,75,0,17,80,20,25,"8",15,"40",6,2,0,0.316,6,19,44,0,18,"18",16,3,"s:40~l:59~t:3","dallas-wings","Dallas","Wings","DAL","Dallas Wings","Wings","002b5c","c4d600","https://a.espncdn.com/i/teamlogos/wnba/500/dal.png",88,"W",2023,2,2023-05-28,2023-05-28 18:00:00,3,"s:40~l:59~t:3","dallas-wings","Dallas","Wings","DAL","Dallas Wings","Wings","002b5c","c4d600","https://a.espncdn.com/i/teamlogos/wnba/500/dal.png","away",88,16,3,23,"12",0.405,32,79,0,20,88.2,15,17,"2",9,"34",8,0,0,0.31,9,29,32,0,10,"13",10,19,"s:40~l:59~t:19","chicago-sky","Chicago","Sky","CHI","Chicago Sky","Sky","5091cd","ffd520","https://a.espncdn.com/i/teamlogos/wnba/500/chi.png",94,6,-6
2023,401507149,2023,2,2023-05-28,2023-05-28 21:00:00,17,"s:40~l:59~t:17","las-vegas-aces","Las Vegas","Aces","LV","Las Vegas Aces","Aces","a7a8aa","000000","https://a.espncdn.com/i/teamlogos/wnba/500/lv.png","home",94,TRUE,25,7,32,"6",0.444,32,72,0,20,94.1,16,17,"24",4,"30",9,0,0,0.359,14,39,36,0,10,"10",10,8,"s:40~l:59~t:8","minnesota-lynx","Minnesota","Lynx","MIN","Minnesota Lynx","Lynx","266092","79bc43","https://a.espncdn.com/i/teamlogos/wnba/500/min.png",73,"W",2023,2,2023-05-28,2023-05-28 21:00:00,8,"s:40~l:59~t:8","minnesota-lynx","Minnesota","Lynx","MIN","Minnesota Lynx","Lynx","266092","79bc43","https://a.espncdn.com/i/teamlogos/wnba/500/min.png","away",73,16,2,32,"7",0.366,26,71,0,18,82.4,14,17,"3",8,"30",4,0,0,0.333,7,21,40,0,13,"14",13,17,"s:40~l:59~t:17","las-vegas-aces","Las Vegas","Aces","LV","Las Vegas Aces","Aces","a7a8aa","000000","https://a.espncdn.com/i/teamlogos/wnba/500/lv.png",94,21,-21
2023,401507150,2023,2,2023-05-30,2023-05-30 19:00:00,20,"s:40~l:59~t:20","atlanta-dream","Atlanta","Dream","ATL","Atlanta Dream","Dream","e31837","5091cc","https://a.espncdn.com/i/teamlogos/wnba/500/atl.png","home",83,TRUE,15,8,35,"21",0.429,30,70,0,10,75,18,24,"22",6,"42",8,0,1,0.385,5,13,41,1,9,"9",9,19,"s:40~l:59~t:19","chicago-sky","Chicago","Sky","CHI","Chicago Sky","Sky","5091cd","ffd520","https://a.espncdn.com/i/teamlogos/wnba/500/chi.png",65,"W",2023,2,2023-05-30,2023-05-30 19:00:00,19,"s:40~l:59~t:19","chicago-sky","Chicago","Sky","CHI","Chicago Sky","Sky","5091cd","ffd520","https://a.espncdn.com/i/teamlogos/wnba/500/chi.png","away",65,16,5,33,"5",0.325,25,77,0,15,81.8,9,11,"2",11,"28",4,1,1,0.3,6,20,44,1,16,"17",15,20,"s:40~l:59~t:20","atlanta-dream","Atlanta","Dream","ATL","Atlanta Dream","Dream","e31837","5091cc","https://a.espncdn.com/i/teamlogos/wnba/500/atl.png",83,18,-18
2023,401507151,2023,2,2023-05-30,2023-05-30 19:00:00,18,"s:40~l:59~t:18","connecticut-sun","Connecticut","Sun","CONN","Connecticut Sun","Sun","f05023","0a2240","https://a.espncdn.com/i/teamlogos/wnba/500/conn.png","home",81,TRUE,22,4,31,"4",0.403,29,72,0,16,72.7,16,22,"10",14,"38",3,1,0,0.333,7,21,45,0,12,"8",11,5,"s:40~l:59~t:5","indiana-fever","Indiana","Fever","IND","Indiana Fever","Fever","002d62","e03a3e","https://a.espncdn.com/i/teamlogos/wnba/500/ind.png",78,"W",2023,2,2023-05-30,2023-05-30 19:00:00,5,"s:40~l:59~t:5","indiana-fever","Indiana","Fever","IND","Indiana Fever","Fever","002d62","e03a3e","https://a.espncdn.com/i/teamlogos/wnba/500/ind.png","away",78,16,6,27,"2",0.425,31,73,0,21,85.7,12,14,"2",10,"44",5,0,0,0.19,4,21,37,0,10,"15",10,18,"s:40~l:59~t:18","connecticut-sun","Connecticut","Sun","CONN","Connecticut Sun","Sun","f05023","0a2240","https://a.espncdn.com/i/teamlogos/wnba/500/conn.png",81,3,-3
2023,401507152,2023,2,2023-05-30,2023-05-30 20:00:00,3,"s:40~l:59~t:3","dallas-wings","Dallas","Wings","DAL","Dallas Wings","Wings","002b5c","c4d600","https://a.espncdn.com/i/teamlogos/wnba/500/dal.png","home",94,TRUE,22,5,24,"17",0.44,33,75,1,16,90.9,20,22,"13",12,"46",7,1,0,0.348,8,23,36,0,10,"9",9,8,"s:40~l:59~t:8","minnesota-lynx","Minnesota","Lynx","MIN","Minnesota Lynx","Lynx","266092","79bc43","https://a.espncdn.com/i/teamlogos/wnba/500/min.png",89,"W",2023,2,2023-05-30,2023-05-30 20:00:00,8,"s:40~l:59~t:8","minnesota-lynx","Minnesota","Lynx","MIN","Minnesota Lynx","Lynx","266092","79bc43","https://a.espncdn.com/i/teamlogos/wnba/500/min.png","away",89,21,2,27,"12",0.485,33,68,0,20,82.4,14,17,"14",7,"34",3,1,0,0.5,9,18,34,0,16,"23",15,3,"s:40~l:59~t:3","dallas-wings","Dallas","Wings","DAL","Dallas Wings","Wings","002b5c","c4d600","https://a.espncdn.com/i/teamlogos/wnba/500/dal.png",94,5,-5
2023,401507153,2023,2,2023-05-30,2023-05-30 21:00:00,14,"s:40~l:59~t:14","seattle-storm","Seattle","Storm","SEA","Seattle Storm","Storm","2c5235","fee11a","https://a.espncdn.com/i/teamlogos/wnba/500/sea.png","home",78,FALSE,16,3,23,"6",0.384,28,73,0,22,76.2,16,21,"2",12,"32",3,1,0,0.333,6,18,35,0,8,"5",7,9,"s:40~l:59~t:9","new-york-liberty","New York","Liberty","NY","New York Liberty","Liberty","86cebc","000000","https://a.espncdn.com/i/teamlogos/wnba/500/ny.png",86,"L",2023,2,2023-05-30,2023-05-30 21:00:00,9,"s:40~l:59~t:9","new-york-liberty","New York","Liberty","NY","New York Liberty","Liberty","86cebc","000000","https://a.espncdn.com/i/teamlogos/wnba/500/ny.png","away",86,23,11,29,"3",0.491,28,57,0,17,91.3,21,23,"15",3,"34",3,0,1,0.375,9,24,32,1,13,"13",13,14,"s:40~l:59~t:14","seattle-storm","Seattle","Storm","SEA","Seattle Storm","Storm","2c5235","fee11a","https://a.espncdn.com/i/teamlogos/wnba/500/sea.png",78,-8,8
2023,401507154,2023,2,2023-06-01,2023-06-01 20:00:00,8,"s:40~l:59~t:8","minnesota-lynx","Minnesota","Lynx","MIN","Minnesota Lynx","Lynx","266092","79bc43","https://a.espncdn.com/i/teamlogos/wnba/500/min.png","home",84,FALSE,16,3,23,"2",0.45,27,60,0,18,84.6,22,26,"4",9,"26",4,2,0,0.421,8,19,32,0,16,"18",14,18,"s:40~l:59~t:18","connecticut-sun","Connecticut","Sun","CONN","Connecticut Sun","Sun","f05023","0a2240","https://a.espncdn.com/i/teamlogos/wnba/500/conn.png",89,"L",2023,2,2023-06-01,2023-06-01 20:00:00,18,"s:40~l:59~t:18","connecticut-sun","Connecticut","Sun","CONN","Connecticut Sun","Sun","f05023","0a2240","https://a.espncdn.com/i/teamlogos/wnba/500/conn.png","away",89,27,4,20,"13",0.507,36,71,0,18,90.9,10,11,"15",9,"52",5,0,2,0.304,7,23,29,2,11,"17",11,8,"s:40~l:59~t:8","minnesota-lynx","Minnesota","Lynx","MIN","Minnesota Lynx","Lynx","266092","79bc43","https://a.espncdn.com/i/teamlogos/wnba/500/min.png",84,-5,5
2023,401507157,2023,2,2023-06-02,2023-06-02 18:00:00,19,"s:40~l:59~t:19","chicago-sky","Chicago","Sky","CHI","Chicago Sky","Sky","5091cd","ffd520","https://a.espncdn.com/i/teamlogos/wnba/500/chi.png","home",76,FALSE,20,3,28,"0",0.423,30,71,0,17,71.4,5,7,"12",10,"30",4,1,0,0.579,11,19,38,0,14,"11",13,9,"s:40~l:59~t:9","new-york-liberty","New York","Liberty","NY","New York Liberty","Liberty","86cebc","000000","https://a.espncdn.com/i/teamlogos/wnba/500/ny.png",77,"L",2023,2,2023-06-02,2023-06-02 18:00:00,9,"s:40~l:59~t:9","new-york-liberty","New York","Liberty","NY","New York Liberty","Liberty","86cebc","000000","https://a.espncdn.com/i/teamlogos/wnba/500/ny.png","away",77,23,7,25,"16",0.463,31,67,0,13,85.7,6,7,"4",3,"42",5,1,1,0.346,9,26,28,1,12,"15",11,19,"s:40~l:59~t:19","chicago-sky","Chicago","Sky","CHI","Chicago Sky","Sky","5091cd","ffd520","https://a.espncdn.com/i/teamlogos/wnba/500/chi.png",76,-1,1
2023,401507155,2023,2,2023-06-02,2023-06-02 19:00:00,16,"s:40~l:59~t:16","washington-mystics","Washington","Mystics","WSH","Washington Mystics","Mystics","e03a3e","002b5c","https://a.espncdn.com/i/teamlogos/wnba/500/wsh.png","home",75,TRUE,16,3,36,"8",0.322,19,59,0,17,93.5,29,31,"11",4,"16",7,0,0,0.348,8,23,40,0,15,"20",15,3,"s:40~l:59~t:3","dallas-wings","Dallas","Wings","DAL","Dallas Wings","Wings","002b5c","c4d600","https://a.espncdn.com/i/teamlogos/wnba/500/dal.png",74,"W",2023,2,2023-06-02,2023-06-02 19:00:00,3,"s:40~l:59~t:3","dallas-wings","Dallas","Wings","DAL","Dallas Wings","Wings","002b5c","c4d600","https://a.espncdn.com/i/teamlogos/wnba/500/dal.png","away",74,18,2,34,"13",0.342,26,76,0,25,81.3,13,16,"6",11,"24",10,0,0,0.281,9,32,45,0,10,"11",10,16,"s:40~l:59~t:16","washington-mystics","Washington","Mystics","WSH","Washington Mystics","Mystics","e03a3e","002b5c","https://a.espncdn.com/i/teamlogos/wnba/500/wsh.png",75,1,-1
2023,401507156,2023,2,2023-06-02,2023-06-02 20:00:00,20,"s:40~l:59~t:20","atlanta-dream","Atlanta","Dream","ATL","Atlanta Dream","Dream","e31837","5091cc","https://a.espncdn.com/i/teamlogos/wnba/500/atl.png","home",87,FALSE,26,3,30,"15",0.459,34,74,0,21,90,9,10,"2",6,"36",5,1,0,0.417,10,24,36,0,16,"17",15,17,"s:40~l:59~t:17","las-vegas-aces","Las Vegas","Aces","LV","Las Vegas Aces","Aces","a7a8aa","000000","https://a.espncdn.com/i/teamlogos/wnba/500/lv.png",92,"L",2023,2,2023-06-02,2023-06-02 20:00:00,17,"s:40~l:59~t:17","las-vegas-aces","Las Vegas","Aces","LV","Las Vegas Aces","Aces","a7a8aa","000000","https://a.espncdn.com/i/teamlogos/wnba/500/lv.png","away",92,17,4,26,"11",0.471,33,70,0,13,80,20,25,"19",5,"38",9,1,0,0.286,6,21,31,0,12,"13",11,20,"s:40~l:59~t:20","atlanta-dream","Atlanta","Dream","ATL","Atlanta Dream","Dream","e31837","5091cc","https://a.espncdn.com/i/teamlogos/wnba/500/atl.png",87,-5,5
2023,401507158,2023,2,2023-06-02,2023-06-02 22:00:00,11,"s:40~l:59~t:11","phoenix-mercury","Phoenix","Mercury","PHX","Phoenix Mercury","Mercury","3c286e","e56020","https://a.espncdn.com/i/teamlogos/wnba/500/phx.png","home",93,FALSE,21,5,23,"9",0.525,32,61,0,23,80.8,21,26,"4",6,"40",3,1,0,0.333,8,24,29,0,21,"20",20,6,"s:40~l:59~t:6","los-angeles-sparks","Los Angeles","Sparks","LA","Los Angeles Sparks","Sparks","552583","fdb927","https://a.espncdn.com/i/teamlogos/wnba/500/la.png",99,"L",2023,2,2023-06-02,2023-06-02 22:00:00,6,"s:40~l:59~t:6","los-angeles-sparks","Los Angeles","Sparks","LA","Los Angeles Sparks","Sparks","552583","fdb927","https://a.espncdn.com/i/teamlogos/wnba/500/la.png","away",99,22,2,21,"11",0.493,37,75,0,22,89.5,17,19,"7",8,"48",8,1,1,0.333,8,24,29,1,14,"16",13,11,"s:40~l:59~t:11","phoenix-mercury","Phoenix","Mercury","PHX","Phoenix Mercury","Mercury","3c286e","e56020","https://a.espncdn.com/i/teamlogos/wnba/500/phx.png",93,-6,6
2023,401507159,2023,2,2023-06-03,2023-06-03 19:00:00,16,"s:40~l:59~t:16","washington-mystics","Washington","Mystics","WSH","Washington Mystics","Mystics","e03a3e","002b5c","https://a.espncdn.com/i/teamlogos/wnba/500/wsh.png","home",78,FALSE,16,3,24,"6",0.394,28,71,0,17,92.9,13,14,"7",7,"32",8,2,0,0.3,9,30,31,0,10,"11",8,8,"s:40~l:59~t:8","minnesota-lynx","Minnesota","Lynx","MIN","Minnesota Lynx","Lynx","266092","79bc43","https://a.espncdn.com/i/teamlogos/wnba/500/min.png",80,"L",2023,2,2023-06-03,2023-06-03 19:00:00,8,"s:40~l:59~t:8","minnesota-lynx","Minnesota","Lynx","MIN","Minnesota Lynx","Lynx","266092","79bc43","https://a.espncdn.com/i/teamlogos/wnba/500/min.png","away",80,19,0,32,"9",0.444,28,63,0,14,88.2,15,17,"12",7,"36",4,1,1,0.375,9,24,39,1,17,"30",16,16,"s:40~l:59~t:16","washington-mystics","Washington","Mystics","WSH","Washington Mystics","Mystics","e03a3e","002b5c","https://a.espncdn.com/i/teamlogos/wnba/500/wsh.png",78,-2,2
2023,401507160,2023,2,2023-06-03,2023-06-03 22:00:00,6,"s:40~l:59~t:6","los-angeles-sparks","Los Angeles","Sparks","LA","Los Angeles Sparks","Sparks","552583","fdb927","https://a.espncdn.com/i/teamlogos/wnba/500/la.png","home",92,TRUE,24,1,27,"8",0.456,31,68,0,14,85.2,23,27,"11",7,"44",13,2,0,0.368,7,19,34,0,9,"8",7,14,"s:40~l:59~t:14","seattle-storm","Seattle","Storm","SEA","Seattle Storm","Storm","2c5235","fee11a","https://a.espncdn.com/i/teamlogos/wnba/500/sea.png",85,"W",2023,2,2023-06-03,2023-06-03 22:00:00,14,"s:40~l:59~t:14","seattle-storm","Seattle","Storm","SEA","Seattle Storm","Storm","2c5235","fee11a","https://a.espncdn.com/i/teamlogos/wnba/500/sea.png","away",85,18,9,31,"22",0.462,30,65,0,23,75,12,16,"4",6,"20",3,2,0,0.52,13,25,37,0,18,"17",16,6,"s:40~l:59~t:6","los-angeles-sparks","Los Angeles","Sparks","LA","Los Angeles Sparks","Sparks","552583","fdb927","https://a.espncdn.com/i/teamlogos/wnba/500/la.png",92,7,-7
2023,401507161,2023,2,2023-06-04,2023-06-04 13:00:00,18,"s:40~l:59~t:18","connecticut-sun","Connecticut","Sun","CONN","Connecticut Sun","Sun","f05023","0a2240","https://a.espncdn.com/i/teamlogos/wnba/500/conn.png","home",80,TRUE,21,1,28,"10",0.452,28,62,0,18,82.6,19,23,"17",6,"40",7,2,0,0.313,5,16,34,0,19,"16",17,3,"s:40~l:59~t:3","dallas-wings","Dallas","Wings","DAL","Dallas Wings","Wings","002b5c","c4d600","https://a.espncdn.com/i/teamlogos/wnba/500/dal.png",74,"W",2023,2,2023-06-04,2023-06-04 13:00:00,3,"s:40~l:59~t:3","dallas-wings","Dallas","Wings","DAL","Dallas Wings","Wings","002b5c","c4d600","https://a.espncdn.com/i/teamlogos/wnba/500/dal.png","away",74,17,2,22,"6",0.369,24,65,0,24,89.5,17,19,"1",11,"22",6,1,1,0.346,9,26,33,1,18,"19",17,18,"s:40~l:59~t:18","connecticut-sun","Connecticut","Sun","CONN","Connecticut Sun","Sun","f05023","0a2240","https://a.espncdn.com/i/teamlogos/wnba/500/conn.png",80,6,-6
2023,401507162,2023,2,2023-06-04,2023-06-04 14:00:00,9,"s:40~l:59~t:9","new-york-liberty","New York","Liberty","NY","New York Liberty","Liberty","86cebc","000000","https://a.espncdn.com/i/teamlogos/wnba/500/ny.png","home",82,FALSE,25,1,34,"19",0.446,33,74,0,24,71.4,10,14,"19",7,"52",7,1,0,0.24,6,25,41,0,17,"18",16,19,"s:40~l:59~t:19","chicago-sky","Chicago","Sky","CHI","Chicago Sky","Sky","5091cd","ffd520","https://a.espncdn.com/i/teamlogos/wnba/500/chi.png",86,"L",2023,2,2023-06-04,2023-06-04 14:00:00,19,"s:40~l:59~t:19","chicago-sky","Chicago","Sky","CHI","Chicago Sky","Sky","5091cd","ffd520","https://a.espncdn.com/i/teamlogos/wnba/500/chi.png","away",86,19,8,28,"21",0.448,30,67,1,13,63,17,27,"6",6,"32",4,2,1,0.391,9,23,34,1,14,"18",12,9,"s:40~l:59~t:9","new-york-liberty","New York","Liberty","NY","New York Liberty","Liberty","86cebc","000000","https://a.espncdn.com/i/teamlogos/wnba/500/ny.png",82,-4,4
2023,401507163,2023,2,2023-06-04,2023-06-04 16:00:00,5,"s:40~l:59~t:5","indiana-fever","Indiana","Fever","IND","Indiana Fever","Fever","002d62","e03a3e","https://a.espncdn.com/i/teamlogos/wnba/500/ind.png","home",80,FALSE,17,2,35,"11",0.437,31,71,0,23,70,7,10,"10",4,"28",3,0,0,0.579,11,19,39,0,11,"17",11,17,"s:40~l:59~t:17","las-vegas-aces","Las Vegas","Aces","LV","Las Vegas Aces","Aces","a7a8aa","000000","https://a.espncdn.com/i/teamlogos/wnba/500/lv.png",84,"L",2023,2,2023-06-04,2023-06-04 16:00:00,17,"s:40~l:59~t:17","las-vegas-aces","Las Vegas","Aces","LV","Las Vegas Aces","Aces","a7a8aa","000000","https://a.espncdn.com/i/teamlogos/wnba/500/lv.png","away",84,21,6,29,"17",0.444,32,72,0,15,72.7,16,22,"4",6,"44",6,0,0,0.19,4,21,35,0,5,"4",5,5,"s:40~l:59~t:5","indiana-fever","Indiana","Fever","IND","Indiana Fever","Fever","002d62","e03a3e","https://a.espncdn.com/i/teamlogos/wnba/500/ind.png",80,-4,4
2023,401507164,2023,2,2023-06-06,2023-06-06 19:00:00,18,"s:40~l:59~t:18","connecticut-sun","Connecticut","Sun","CONN","Connecticut Sun","Sun","f05023","0a2240","https://a.espncdn.com/i/teamlogos/wnba/500/conn.png","home",84,FALSE,22,2,24,"12",0.408,29,71,0,21,69.6,16,23,"0",10,"34",6,0,0,0.385,10,26,34,0,15,"17",15,17,"s:40~l:59~t:17","las-vegas-aces","Las Vegas","Aces","LV","Las Vegas Aces","Aces","a7a8aa","000000","https://a.espncdn.com/i/teamlogos/wnba/500/lv.png",90,"L",2023,2,2023-06-06,2023-06-06 19:00:00,17,"s:40~l:59~t:17","las-vegas-aces","Las Vegas","Aces","LV","Las Vegas Aces","Aces","a7a8aa","000000","https://a.espncdn.com/i/teamlogos/wnba/500/lv.png","away",90,25,6,26,"19",0.508,32,63,0,17,84.6,22,26,"19",5,"48",9,0,0,0.267,4,15,31,0,14,"20",14,18,"s:40~l:59~t:18","connecticut-sun","Connecticut","Sun","CONN","Connecticut Sun","Sun","f05023","0a2240","https://a.espncdn.com/i/teamlogos/wnba/500/conn.png",84,-6,6
2023,401507165,2023,2,2023-06-06,2023-06-06 20:00:00,19,"s:40~l:59~t:19","chicago-sky","Chicago","Sky","CHI","Chicago Sky","Sky","5091cd","ffd520","https://a.espncdn.com/i/teamlogos/wnba/500/chi.png","home",108,TRUE,26,2,21,"27",0.5,38,76,0,18,92,23,25,"7",4,"38",10,1,0,0.429,9,21,25,0,5,"2",4,5,"s:40~l:59~t:5","indiana-fever","Indiana","Fever","IND","Indiana Fever","Fever","002d62","e03a3e","https://a.espncdn.com/i/teamlogos/wnba/500/ind.png",103,"W",2023,2,2023-06-06,2023-06-06 20:00:00,5,"s:40~l:59~t:5","indiana-fever","Indiana","Fever","IND","Indiana Fever","Fever","002d62","e03a3e","https://a.espncdn.com/i/teamlogos/wnba/500/ind.png","away",103,24,2,25,"12",0.548,40,73,0,20,87.5,14,16,"10",10,"54",3,1,1,0.45,9,20,35,1,16,"25",15,19,"s:40~l:59~t:19","chicago-sky","Chicago","Sky","CHI","Chicago Sky","Sky","5091cd","ffd520","https://a.espncdn.com/i/teamlogos/wnba/500/chi.png",108,5,-5
2023,401507166,2023,2,2023-06-06,2023-06-06 22:00:00,14,"s:40~l:59~t:14","seattle-storm","Seattle","Storm","SEA","Seattle Storm","Storm","2c5235","fee11a","https://a.espncdn.com/i/teamlogos/wnba/500/sea.png","home",66,TRUE,10,5,28,"15",0.324,22,68,0,22,81.8,18,22,"6",9,"34",11,0,0,0.2,4,20,37,0,13,"17",13,6,"s:40~l:59~t:6","los-angeles-sparks","Los Angeles","Sparks","LA","Los Angeles Sparks","Sparks","552583","fdb927","https://a.espncdn.com/i/teamlogos/wnba/500/la.png",63,"W",2023,2,2023-06-06,2023-06-06 22:00:00,6,"s:40~l:59~t:6","los-angeles-sparks","Los Angeles","Sparks","LA","Los Angeles Sparks","Sparks","552583","fdb927","https://a.espncdn.com/i/teamlogos/wnba/500/la.png","away",63,19,3,30,"2",0.393,22,56,0,21,87.5,14,16,"21",3,"32",6,2,0,0.333,5,15,33,0,23,"14",21,14,"s:40~l:59~t:14","seattle-storm","Seattle","Storm","SEA","Seattle Storm","Storm","2c5235","fee11a","https://a.espncdn.com/i/teamlogos/wnba/500/sea.png",66,3,-3
2023,401507168,2023,2,2023-06-07,2023-06-07 20:00:00,3,"s:40~l:59~t:3","dallas-wings","Dallas","Wings","DAL","Dallas Wings","Wings","002b5c","c4d600","https://a.espncdn.com/i/teamlogos/wnba/500/dal.png","home",84,TRUE,13,6,35,"12",0.39,30,77,0,17,74.1,20,27,"5",15,"42",6,1,0,0.174,4,23,50,0,18,"11",17,11,"s:40~l:59~t:11","phoenix-mercury","Phoenix","Mercury","PHX","Phoenix Mercury","Mercury","3c286e","e56020","https://a.espncdn.com/i/teamlogos/wnba/500/phx.png",79,"W",2023,2,2023-06-07,2023-06-07 20:00:00,11,"s:40~l:59~t:11","phoenix-mercury","Phoenix","Mercury","PHX","Phoenix Mercury","Mercury","3c286e","e56020","https://a.espncdn.com/i/teamlogos/wnba/500/phx.png","away",79,25,6,22,"18",0.443,31,70,1,26,76.9,10,13,"10",4,"34",10,0,0,0.269,7,26,26,0,15,"8",15,3,"s:40~l:59~t:3","dallas-wings","Dallas","Wings","DAL","Dallas Wings","Wings","002b5c","c4d600","https://a.espncdn.com/i/teamlogos/wnba/500/dal.png",84,5,-5
2023,401507169,2023,2,2023-06-08,2023-06-08 19:00:00,18,"s:40~l:59~t:18","connecticut-sun","Connecticut","Sun","CONN","Connecticut Sun","Sun","f05023","0a2240","https://a.espncdn.com/i/teamlogos/wnba/500/conn.png","home",94,TRUE,28,2,24,"17",0.529,37,70,0,20,75,12,16,"23",10,"40",12,0,0,0.571,8,14,34,0,12,"16",12,17,"s:40~l:59~t:17","las-vegas-aces","Las Vegas","Aces","LV","Las Vegas Aces","Aces","a7a8aa","000000","https://a.espncdn.com/i/teamlogos/wnba/500/lv.png",77,"W",2023,2,2023-06-08,2023-06-08 19:00:00,17,"s:40~l:59~t:17","las-vegas-aces","Las Vegas","Aces","LV","Las Vegas Aces","Aces","a7a8aa","000000","https://a.espncdn.com/i/teamlogos/wnba/500/lv.png","away",77,18,5,21,"5",0.467,28,60,0,18,70.6,12,17,"2",5,"24",8,2,0,0.429,9,21,26,0,18,"21",16,18,"s:40~l:59~t:18","connecticut-sun","Connecticut","Sun","CONN","Connecticut Sun","Sun","f05023","0a2240","https://a.espncdn.com/i/teamlogos/wnba/500/conn.png",94,17,-17
2023,401507170,2023,2,2023-06-09,2023-06-09 19:30:00,20,"s:40~l:59~t:20","atlanta-dream","Atlanta","Dream","ATL","Atlanta Dream","Dream","e31837","5091cc","https://a.espncdn.com/i/teamlogos/wnba/500/atl.png","home",83,FALSE,17,3,29,"9",0.448,30,67,1,21,63.6,14,22,"4",5,"40",3,0,1,0.45,9,20,34,1,17,"21",17,9,"s:40~l:59~t:9","new-york-liberty","New York","Liberty","NY","New York Liberty","Liberty","86cebc","000000","https://a.espncdn.com/i/teamlogos/wnba/500/ny.png",106,"L",2023,2,2023-06-09,2023-06-09 19:30:00,9,"s:40~l:59~t:9","new-york-liberty","New York","Liberty","NY","New York Liberty","Liberty","86cebc","000000","https://a.espncdn.com/i/teamlogos/wnba/500/ny.png","away",106,23,9,28,"17",0.453,34,75,0,21,92.3,24,26,"28",9,"28",9,1,0,0.467,14,30,37,0,11,"13",10,20,"s:40~l:59~t:20","atlanta-dream","Atlanta","Dream","ATL","Atlanta Dream","Dream","e31837","5091cc","https://a.espncdn.com/i/teamlogos/wnba/500/atl.png",83,-23,23
2023,401507171,2023,2,2023-06-09,2023-06-09 20:00:00,3,"s:40~l:59~t:3","dallas-wings","Dallas","Wings","DAL","Dallas Wings","Wings","002b5c","c4d600","https://a.espncdn.com/i/teamlogos/wnba/500/dal.png","home",90,TRUE,22,9,24,"19",0.39,32,82,0,19,94.7,18,19,"22",17,"40",7,1,0,0.276,8,29,41,0,15,"13",14,11,"s:40~l:59~t:11","phoenix-mercury","Phoenix","Mercury","PHX","Phoenix Mercury","Mercury","3c286e","e56020","https://a.espncdn.com/i/teamlogos/wnba/500/phx.png",77,"W",2023,2,2023-06-09,2023-06-09 20:00:00,11,"s:40~l:59~t:11","phoenix-mercury","Phoenix","Mercury","PHX","Phoenix Mercury","Mercury","3c286e","e56020","https://a.espncdn.com/i/teamlogos/wnba/500/phx.png","away",77,23,10,23,"8",0.441,30,68,0,17,76.5,13,17,"7",8,"44",8,2,1,0.2,4,20,31,1,18,"23",16,3,"s:40~l:59~t:3","dallas-wings","Dallas","Wings","DAL","Dallas Wings","Wings","002b5c","c4d600","https://a.espncdn.com/i/teamlogos/wnba/500/dal.png",90,13,-13
2023,401507172,2023,2,2023-06-09,2023-06-09 20:00:00,8,"s:40~l:59~t:8","minnesota-lynx","Minnesota","Lynx","MIN","Minnesota Lynx","Lynx","266092","79bc43","https://a.espncdn.com/i/teamlogos/wnba/500/min.png","home",69,FALSE,17,3,32,"4",0.381,24,63,0,14,80,16,20,"6",6,"32",5,1,0,0.313,5,16,38,0,14,"20",13,5,"s:40~l:59~t:5","indiana-fever","Indiana","Fever","IND","Indiana Fever","Fever","002d62","e03a3e","https://a.espncdn.com/i/teamlogos/wnba/500/ind.png",71,"L",2023,2,2023-06-09,2023-06-09 20:00:00,5,"s:40~l:59~t:5","indiana-fever","Indiana","Fever","IND","Indiana Fever","Fever","002d62","e03a3e","https://a.espncdn.com/i/teamlogos/wnba/500/ind.png","away",71,18,2,28,"19",0.406,28,69,0,20,69.2,9,13,"5",6,"30",4,0,0,0.3,6,20,34,0,11,"7",11,8,"s:40~l:59~t:8","minnesota-lynx","Minnesota","Lynx","MIN","Minnesota Lynx","Lynx","266092","79bc43","https://a.espncdn.com/i/teamlogos/wnba/500/min.png",69,-2,2
2023,401507173,2023,2,2023-06-09,2023-06-09 22:00:00,6,"s:40~l:59~t:6","los-angeles-sparks","Los Angeles","Sparks","LA","Los Angeles Sparks","Sparks","552583","fdb927","https://a.espncdn.com/i/teamlogos/wnba/500/la.png","home",77,TRUE,16,1,32,"13",0.384,28,73,0,9,81.8,18,22,"15",10,"46",10,1,1,0.15,3,20,42,1,11,"12",10,19,"s:40~l:59~t:19","chicago-sky","Chicago","Sky","CHI","Chicago Sky","Sky","5091cd","ffd520","https://a.espncdn.com/i/teamlogos/wnba/500/chi.png",62,"W",2023,2,2023-06-09,2023-06-09 22:00:00,19,"s:40~l:59~t:19","chicago-sky","Chicago","Sky","CHI","Chicago Sky","Sky","5091cd","ffd520","https://a.espncdn.com/i/teamlogos/wnba/500/chi.png","away",62,15,10,27,"18",0.403,27,67,0,19,50,4,8,"1",7,"44",10,1,0,0.174,4,23,34,0,17,"20",16,6,"s:40~l:59~t:6","los-angeles-sparks","Los Angeles","Sparks","LA","Los Angeles Sparks","Sparks","552583","fdb927","https://a.espncdn.com/i/teamlogos/wnba/500/la.png",77,15,-15
2023,401507174,2023,2,2023-06-09,2023-06-09 22:00:00,14,"s:40~l:59~t:14","seattle-storm","Seattle","Storm","SEA","Seattle Storm","Storm","2c5235","fee11a","https://a.espncdn.com/i/teamlogos/wnba/500/sea.png","home",66,FALSE,17,6,28,"9",0.41,25,61,0,15,71.4,10,14,"0",2,"32",5,1,1,0.286,6,21,30,1,17,"14",16,16,"s:40~l:59~t:16","washington-mystics","Washington","Mystics","WSH","Washington Mystics","Mystics","e03a3e","002b5c","https://a.espncdn.com/i/teamlogos/wnba/500/wsh.png",73,"L",2023,2,2023-06-09,2023-06-09 22:00:00,16,"s:40~l:59~t:16","washington-mystics","Washington","Mystics","WSH","Washington Mystics","Mystics","e03a3e","002b5c","https://a.espncdn.com/i/teamlogos/wnba/500/wsh.png","away",73,19,3,28,"0",0.382,26,68,0,16,83.3,15,18,"14",13,"36",8,0,1,0.273,6,22,41,1,14,"11",14,14,"s:40~l:59~t:14","seattle-storm","Seattle","Storm","SEA","Seattle Storm","Storm","2c5235","fee11a","https://a.espncdn.com/i/teamlogos/wnba/500/sea.png",66,-7,7
2023,401507175,2023,2,2023-06-11,2023-06-11 13:00:00,9,"s:40~l:59~t:9","new-york-liberty","New York","Liberty","NY","New York Liberty","Liberty","86cebc","000000","https://a.espncdn.com/i/teamlogos/wnba/500/ny.png","home",102,TRUE,31,3,33,"19",0.557,39,70,0,19,78.6,11,14,"14",5,"40",3,0,0,0.464,13,28,38,0,11,"6",11,3,"s:40~l:59~t:3","dallas-wings","Dallas","Wings","DAL","Dallas Wings","Wings","002b5c","c4d600","https://a.espncdn.com/i/teamlogos/wnba/500/dal.png",93,"W",2023,2,2023-06-11,2023-06-11 13:00:00,3,"s:40~l:59~t:3","dallas-wings","Dallas","Wings","DAL","Dallas Wings","Wings","002b5c","c4d600","https://a.espncdn.com/i/teamlogos/wnba/500/dal.png","away",93,20,3,23,"10",0.39,32,82,0,19,82.1,23,28,"9",14,"50",6,1,0,0.261,6,23,37,0,5,"7",4,9,"s:40~l:59~t:9","new-york-liberty","New York","Liberty","NY","New York Liberty","Liberty","86cebc","000000","https://a.espncdn.com/i/teamlogos/wnba/500/ny.png",102,9,-9
2023,401507176,2023,2,2023-06-11,2023-06-11 15:00:00,17,"s:40~l:59~t:17","las-vegas-aces","Las Vegas","Aces","LV","Las Vegas Aces","Aces","a7a8aa","000000","https://a.espncdn.com/i/teamlogos/wnba/500/lv.png","home",93,TRUE,21,3,26,"16",0.585,38,65,0,18,84.6,11,13,"29",7,"50",10,2,0,0.375,6,16,33,0,16,"19",14,19,"s:40~l:59~t:19","chicago-sky","Chicago","Sky","CHI","Chicago Sky","Sky","5091cd","ffd520","https://a.espncdn.com/i/teamlogos/wnba/500/chi.png",80,"W",2023,2,2023-06-11,2023-06-11 15:00:00,19,"s:40~l:59~t:19","chicago-sky","Chicago","Sky","CHI","Chicago Sky","Sky","5091cd","ffd520","https://a.espncdn.com/i/teamlogos/wnba/500/chi.png","away",80,19,2,17,"5",0.429,30,70,0,13,86.7,13,15,"0",10,"28",3,0,1,0.333,7,21,27,1,13,"23",13,17,"s:40~l:59~t:17","las-vegas-aces","Las Vegas","Aces","LV","Las Vegas Aces","Aces","a7a8aa","000000","https://a.espncdn.com/i/teamlogos/wnba/500/lv.png",93,13,-13
2023,401507179,2023,2,2023-06-11,2023-06-11 15:00:00,14,"s:40~l:59~t:14","seattle-storm","Seattle","Storm","SEA","Seattle Storm","Storm","2c5235","fee11a","https://a.espncdn.com/i/teamlogos/wnba/500/sea.png","home",65,FALSE,18,7,25,"13",0.375,24,64,0,20,75,12,16,"2",5,"24",10,2,1,0.227,5,22,30,1,15,"14",13,16,"s:40~l:59~t:16","washington-mystics","Washington","Mystics","WSH","Washington Mystics","Mystics","e03a3e","002b5c","https://a.espncdn.com/i/teamlogos/wnba/500/wsh.png",71,"L",2023,2,2023-06-11,2023-06-11 15:00:00,16,"s:40~l:59~t:16","washington-mystics","Washington","Mystics","WSH","Washington Mystics","Mystics","e03a3e","002b5c","https://a.espncdn.com/i/teamlogos/wnba/500/wsh.png","away",71,14,4,32,"4",0.356,21,59,1,20,81.8,18,22,"28",8,"16",8,3,0,0.44,11,25,40,0,21,"10",18,14,"s:40~l:59~t:14","seattle-storm","Seattle","Storm","SEA","Seattle Storm","Storm","2c5235","fee11a","https://a.espncdn.com/i/teamlogos/wnba/500/sea.png",65,-6,6
2023,401507177,2023,2,2023-06-11,2023-06-11 16:00:00,20,"s:40~l:59~t:20","atlanta-dream","Atlanta","Dream","ATL","Atlanta Dream","Dream","e31837","5091cc","https://a.espncdn.com/i/teamlogos/wnba/500/atl.png","home",77,FALSE,15,6,27,"7",0.419,26,62,0,27,83.3,20,24,"10",10,"42",6,0,1,0.263,5,19,37,1,26,"42",26,18,"s:40~l:59~t:18","connecticut-sun","Connecticut","Sun","CONN","Connecticut Sun","Sun","f05023","0a2240","https://a.espncdn.com/i/teamlogos/wnba/500/conn.png",89,"L",2023,2,2023-06-11,2023-06-11 16:00:00,18,"s:40~l:59~t:18","connecticut-sun","Connecticut","Sun","CONN","Connecticut Sun","Sun","f05023","0a2240","https://a.espncdn.com/i/teamlogos/wnba/500/conn.png","away",89,21,4,24,"16",0.438,32,73,0,22,70,21,30,"15",10,"42",12,0,0,0.267,4,15,34,0,16,"12",16,20,"s:40~l:59~t:20","atlanta-dream","Atlanta","Dream","ATL","Atlanta Dream","Dream","e31837","5091cc","https://a.espncdn.com/i/teamlogos/wnba/500/atl.png",77,-12,12
2023,401507178,2023,2,2023-06-11,2023-06-11 17:00:00,5,"s:40~l:59~t:5","indiana-fever","Indiana","Fever","IND","Indiana Fever","Fever","002d62","e03a3e","https://a.espncdn.com/i/teamlogos/wnba/500/ind.png","home",82,FALSE,22,4,20,"6",0.485,33,68,0,20,75,12,16,"10",11,"34",1,1,0,0.2,4,20,31,0,12,"12",11,11,"s:40~l:59~t:11","phoenix-mercury","Phoenix","Mercury","PHX","Phoenix Mercury","Mercury","3c286e","e56020","https://a.espncdn.com/i/teamlogos/wnba/500/phx.png",85,"L",2023,2,2023-06-11,2023-06-11 17:00:00,11,"s:40~l:59~t:11","phoenix-mercury","Phoenix","Mercury","PHX","Phoenix Mercury","Mercury","3c286e","e56020","https://a.espncdn.com/i/teamlogos/wnba/500/phx.png","away",85,20,2,22,"13",0.453,29,64,0,17,85.7,18,21,"9",7,"28",7,1,1,0.375,9,24,29,1,11,"8",10,5,"s:40~l:59~t:5","indiana-fever","Indiana","Fever","IND","Indiana Fever","Fever","002d62","e03a3e","https://a.espncdn.com/i/teamlogos/wnba/500/ind.png",82,-3,3
2023,401507180,2023,2,2023-06-11,2023-06-11 19:00:00,8,"s:40~l:59~t:8","minnesota-lynx","Minnesota","Lynx","MIN","Minnesota Lynx","Lynx","266092","79bc43","https://a.espncdn.com/i/teamlogos/wnba/500/min.png","home",91,TRUE,20,1,30,"13",0.448,30,67,0,15,96,24,25,"9",8,"28",7,0,0,0.269,7,26,38,0,12,"17",12,6,"s:40~l:59~t:6","los-angeles-sparks","Los Angeles","Sparks","LA","Los Angeles Sparks","Sparks","552583","fdb927","https://a.espncdn.com/i/teamlogos/wnba/500/la.png",86,"W",2023,2,2023-06-11,2023-06-11 19:00:00,6,"s:40~l:59~t:6","los-angeles-sparks","Los Angeles","Sparks","LA","Los Angeles Sparks","Sparks","552583","fdb927","https://a.espncdn.com/i/teamlogos/wnba/500/la.png","away",86,26,6,24,"9",0.478,32,67,0,21,86.7,13,15,"11",2,"38",7,0,0,0.321,9,28,26,0,10,"14",10,8,"s:40~l:59~t:8","minnesota-lynx","Minnesota","Lynx","MIN","Minnesota Lynx","Lynx","266092","79bc43","https://a.espncdn.com/i/teamlogos/wnba/500/min.png",91,5,-5
2023,401507181,2023,2,2023-06-13,2023-06-13 19:00:00,5,"s:40~l:59~t:5","indiana-fever","Indiana","Fever","IND","Indiana Fever","Fever","002d62","e03a3e","https://a.espncdn.com/i/teamlogos/wnba/500/ind.png","home",87,TRUE,17,2,32,"9",0.471,32,68,0,21,79.2,19,24,"21",14,"40",5,1,0,0.235,4,17,46,0,13,"12",12,16,"s:40~l:59~t:16","washington-mystics","Washington","Mystics","WSH","Washington Mystics","Mystics","e03a3e","002b5c","https://a.espncdn.com/i/teamlogos/wnba/500/wsh.png",66,"W",2023,2,2023-06-13,2023-06-13 19:00:00,16,"s:40~l:59~t:16","washington-mystics","Washington","Mystics","WSH","Washington Mystics","Mystics","e03a3e","002b5c","https://a.espncdn.com/i/teamlogos/wnba/500/wsh.png","away",66,16,4,21,"4",0.333,22,66,0,19,78.9,15,19,"4",6,"18",3,1,2,0.28,7,25,27,2,13,"16",12,5,"s:40~l:59~t:5","indiana-fever","Indiana","Fever","IND","Indiana Fever","Fever","002d62","e03a3e","https://a.espncdn.com/i/teamlogos/wnba/500/ind.png",87,21,-21
2023,401507182,2023,2,2023-06-13,2023-06-13 20:00:00,9,"s:40~l:59~t:9","new-york-liberty","New York","Liberty","NY","New York Liberty","Liberty","86cebc","000000","https://a.espncdn.com/i/teamlogos/wnba/500/ny.png","home",79,FALSE,19,7,25,"17",0.394,26,66,0,20,86.4,19,22,"7",8,"26",8,1,0,0.296,8,27,33,0,14,"21",13,20,"s:40~l:59~t:20","atlanta-dream","Atlanta","Dream","ATL","Atlanta Dream","Dream","e31837","5091cc","https://a.espncdn.com/i/teamlogos/wnba/500/atl.png",86,"L",2023,2,2023-06-13,2023-06-13 20:00:00,20,"s:40~l:59~t:20","atlanta-dream","Atlanta","Dream","ATL","Atlanta Dream","Dream","e31837","5091cc","https://a.espncdn.com/i/teamlogos/wnba/500/atl.png","away",86,15,2,29,"15",0.437,31,71,0,18,88.9,16,18,"11",13,"36",7,3,0,0.333,8,24,42,0,17,"11",14,9,"s:40~l:59~t:9","new-york-liberty","New York","Liberty","NY","New York Liberty","Liberty","86cebc","000000","https://a.espncdn.com/i/teamlogos/wnba/500/ny.png",79,-7,7
2023,401507183,2023,2,2023-06-13,2023-06-13 22:00:00,11,"s:40~l:59~t:11","phoenix-mercury","Phoenix","Mercury","PHX","Phoenix Mercury","Mercury","3c286e","e56020","https://a.espncdn.com/i/teamlogos/wnba/500/phx.png","home",69,FALSE,19,3,29,"19",0.417,25,60,0,18,86.7,13,15,"0",3,"32",5,1,1,0.316,6,19,32,1,17,"19",16,14,"s:40~l:59~t:14","seattle-storm","Seattle","Storm","SEA","Seattle Storm","Storm","2c5235","fee11a","https://a.espncdn.com/i/teamlogos/wnba/500/sea.png",83,"L",2023,2,2023-06-13,2023-06-13 22:00:00,14,"s:40~l:59~t:14","seattle-storm","Seattle","Storm","SEA","Seattle Storm","Storm","2c5235","fee11a","https://a.espncdn.com/i/teamlogos/wnba/500/sea.png","away",83,21,5,28,"15",0.408,29,71,0,15,68.4,13,19,"21",10,"30",12,2,0,0.4,12,30,38,0,11,"13",9,11,"s:40~l:59~t:11","phoenix-mercury","Phoenix","Mercury","PHX","Phoenix Mercury","Mercury","3c286e","e56020","https://a.espncdn.com/i/teamlogos/wnba/500/phx.png",69,-14,14
2023,401507184,2023,2,2023-06-14,2023-06-14 13:00:00,3,"s:40~l:59~t:3","dallas-wings","Dallas","Wings","DAL","Dallas Wings","Wings","002b5c","c4d600","https://a.espncdn.com/i/teamlogos/wnba/500/dal.png","home",61,FALSE,14,3,26,"3",0.362,25,69,0,19,100,7,7,"2",12,"38",3,1,1,0.19,4,21,38,1,18,"22",17,6,"s:40~l:59~t:6","los-angeles-sparks","Los Angeles","Sparks","LA","Los Angeles Sparks","Sparks","552583","fdb927","https://a.espncdn.com/i/teamlogos/wnba/500/la.png",79,"L",2023,2,2023-06-14,2023-06-14 13:00:00,6,"s:40~l:59~t:6","los-angeles-sparks","Los Angeles","Sparks","LA","Los Angeles Sparks","Sparks","552583","fdb927","https://a.espncdn.com/i/teamlogos/wnba/500/la.png","away",79,16,2,26,"14",0.516,32,62,0,18,56.3,9,16,"18",3,"42",7,2,1,0.429,6,14,29,1,11,"8",9,3,"s:40~l:59~t:3","dallas-wings","Dallas","Wings","DAL","Dallas Wings","Wings","002b5c","c4d600","https://a.espncdn.com/i/teamlogos/wnba/500/dal.png",61,-18,18
2023,401507185,2023,2,2023-06-15,2023-06-15 19:00:00,18,"s:40~l:59~t:18","connecticut-sun","Connecticut","Sun","CONN","Connecticut Sun","Sun","f05023","0a2240","https://a.espncdn.com/i/teamlogos/wnba/500/conn.png","home",88,FALSE,22,1,21,"21",0.429,33,77,0,20,78.3,18,23,"10",9,"52",11,2,1,0.25,4,16,30,1,12,"8",10,20,"s:40~l:59~t:20","atlanta-dream","Atlanta","Dream","ATL","Atlanta Dream","Dream","e31837","5091cc","https://a.espncdn.com/i/teamlogos/wnba/500/atl.png",92,"L",2023,2,2023-06-15,2023-06-15 19:00:00,20,"s:40~l:59~t:20","atlanta-dream","Atlanta","Dream","ATL","Atlanta Dream","Dream","e31837","5091cc","https://a.espncdn.com/i/teamlogos/wnba/500/atl.png","away",92,23,4,32,"2",0.514,36,70,0,24,80,16,20,"5",6,"48",4,1,0,0.286,4,14,38,0,19,"25",18,18,"s:40~l:59~t:18","connecticut-sun","Connecticut","Sun","CONN","Connecticut Sun","Sun","f05023","0a2240","https://a.espncdn.com/i/teamlogos/wnba/500/conn.png",88,-4,4
2023,401507186,2023,2,2023-06-15,2023-06-15 20:00:00,19,"s:40~l:59~t:19","chicago-sky","Chicago","Sky","CHI","Chicago Sky","Sky","5091cd","ffd520","https://a.espncdn.com/i/teamlogos/wnba/500/chi.png","home",90,FALSE,22,8,19,"15",0.515,35,68,0,19,72.7,8,11,"11",9,"36",4,0,1,0.462,12,26,28,1,10,"12",10,5,"s:40~l:59~t:5","indiana-fever","Indiana","Fever","IND","Indiana Fever","Fever","002d62","e03a3e","https://a.espncdn.com/i/teamlogos/wnba/500/ind.png",92,"L",2023,2,2023-06-15,2023-06-15 20:00:00,5,"s:40~l:59~t:5","indiana-fever","Indiana","Fever","IND","Indiana Fever","Fever","002d62","e03a3e","https://a.espncdn.com/i/teamlogos/wnba/500/ind.png","away",92,17,1,19,"6",0.516,33,64,0,19,87.5,21,24,"5",7,"42",4,1,0,0.357,5,14,26,0,10,"10",9,19,"s:40~l:59~t:19","chicago-sky","Chicago","Sky","CHI","Chicago Sky","Sky","5091cd","ffd520","https://a.espncdn.com/i/teamlogos/wnba/500/chi.png",90,-2,2
2023,401507187,2023,2,2023-06-15,2023-06-15 22:00:00,17,"s:40~l:59~t:17","las-vegas-aces","Las Vegas","Aces","LV","Las Vegas Aces","Aces","a7a8aa","000000","https://a.espncdn.com/i/teamlogos/wnba/500/lv.png","home",96,TRUE,25,3,33,"14",0.557,39,70,0,14,75,6,8,"33",4,"50",10,2,0,0.462,12,26,37,0,13,"10",11,14,"s:40~l:59~t:14","seattle-storm","Seattle","Storm","SEA","Seattle Storm","Storm","2c5235","fee11a","https://a.espncdn.com/i/teamlogos/wnba/500/sea.png",63,"W",2023,2,2023-06-15,2023-06-15 22:00:00,14,"s:40~l:59~t:14","seattle-storm","Seattle","Storm","SEA","Seattle Storm","Storm","2c5235","fee11a","https://a.espncdn.com/i/teamlogos/wnba/500/sea.png","away",63,12,4,24,"17",0.375,24,64,0,16,62.5,10,16,"2",4,"30",3,1,0,0.217,5,23,28,0,17,"17",16,17,"s:40~l:59~t:17","las-vegas-aces","Las Vegas","Aces","LV","Las Vegas Aces","Aces","a7a8aa","000000","https://a.espncdn.com/i/teamlogos/wnba/500/lv.png",96,33,-33
2023,401507188,2023,2,2023-06-16,2023-06-16 20:00:00,16,"s:40~l:59~t:16","washington-mystics","Washington","Mystics","WSH","Washington Mystics","Mystics","e03a3e","002b5c","https://a.espncdn.com/i/teamlogos/wnba/500/wsh.png","home",88,TRUE,22,4,28,"16",0.5,32,64,1,18,81.3,13,16,"24",6,"26",8,1,1,0.423,11,26,34,1,15,"15",14,11,"s:40~l:59~t:11","phoenix-mercury","Phoenix","Mercury","PHX","Phoenix Mercury","Mercury","3c286e","e56020","https://a.espncdn.com/i/teamlogos/wnba/500/phx.png",69,"W",2023,2,2023-06-16,2023-06-16 20:00:00,11,"s:40~l:59~t:11","phoenix-mercury","Phoenix","Mercury","PHX","Phoenix Mercury","Mercury","3c286e","e56020","https://a.espncdn.com/i/teamlogos/wnba/500/phx.png","away",69,20,5,22,"6",0.39,23,59,0,20,80,16,20,"0",5,"30",8,2,1,0.318,7,22,27,1,19,"20",17,16,"s:40~l:59~t:16","washington-mystics","Washington","Mystics","WSH","Washington Mystics","Mystics","e03a3e","002b5c","https://a.espncdn.com/i/teamlogos/wnba/500/wsh.png",88,19,-19
2023,401507189,2023,2,2023-06-16,2023-06-16 22:00:00,6,"s:40~l:59~t:6","los-angeles-sparks","Los Angeles","Sparks","LA","Los Angeles Sparks","Sparks","552583","fdb927","https://a.espncdn.com/i/teamlogos/wnba/500/la.png","home",72,FALSE,18,1,23,"4",0.433,26,60,0,24,68.8,11,16,"10",5,"30",6,2,0,0.346,9,26,28,0,14,"18",12,8,"s:40~l:59~t:8","minnesota-lynx","Minnesota","Lynx","MIN","Minnesota Lynx","Lynx","266092","79bc43","https://a.espncdn.com/i/teamlogos/wnba/500/min.png",77,"L",2023,2,2023-06-16,2023-06-16 22:00:00,8,"s:40~l:59~t:8","minnesota-lynx","Minnesota","Lynx","MIN","Minnesota Lynx","Lynx","266092","79bc43","https://a.espncdn.com/i/teamlogos/wnba/500/min.png","away",77,19,4,25,"8",0.509,27,53,0,17,68,17,25,"6",4,"32",6,0,1,0.316,6,19,29,1,14,"17",14,6,"s:40~l:59~t:6","los-angeles-sparks","Los Angeles","Sparks","LA","Los Angeles Sparks","Sparks","552583","fdb927","https://a.espncdn.com/i/teamlogos/wnba/500/la.png",72,-5,5
2023,401507190,2023,2,2023-06-17,2023-06-17 14:00:00,3,"s:40~l:59~t:3","dallas-wings","Dallas","Wings","DAL","Dallas Wings","Wings","002b5c","c4d600","https://a.espncdn.com/i/teamlogos/wnba/500/dal.png","home",103,FALSE,23,6,23,"11",0.5,38,76,2,26,85,17,20,"1",8,"50",7,3,0,0.385,10,26,31,0,13,"19",10,14,"s:40~l:59~t:14","seattle-storm","Seattle","Storm","SEA","Seattle Storm","Storm","2c5235","fee11a","https://a.espncdn.com/i/teamlogos/wnba/500/sea.png",109,"L",2023,2,2023-06-17,2023-06-17 14:00:00,14,"s:40~l:59~t:14","seattle-storm","Seattle","Storm","SEA","Seattle Storm","Storm","2c5235","fee11a","https://a.espncdn.com/i/teamlogos/wnba/500/sea.png","away",109,22,6,21,"7",0.5,33,66,0,20,81.3,26,32,"15",8,"22",4,0,0,0.486,17,35,29,0,14,"27",14,3,"s:40~l:59~t:3","dallas-wings","Dallas","Wings","DAL","Dallas Wings","Wings","002b5c","c4d600","https://a.espncdn.com/i/teamlogos/wnba/500/dal.png",103,-6,6
2023,401507191,2023,2,2023-06-18,2023-06-18 12:00:00,9,"s:40~l:59~t:9","new-york-liberty","New York","Liberty","NY","New York Liberty","Liberty","86cebc","000000","https://a.espncdn.com/i/teamlogos/wnba/500/ny.png","home",89,TRUE,25,4,27,"8",0.484,30,62,0,13,83.3,20,24,"22",12,"32",6,0,2,0.346,9,26,39,2,16,"23",16,11,"s:40~l:59~t:11","phoenix-mercury","Phoenix","Mercury","PHX","Phoenix Mercury","Mercury","3c286e","e56020","https://a.espncdn.com/i/teamlogos/wnba/500/phx.png",71,"W",2023,2,2023-06-18,2023-06-18 12:00:00,11,"s:40~l:59~t:11","phoenix-mercury","Phoenix","Mercury","PHX","Phoenix Mercury","Mercury","3c286e","e56020","https://a.espncdn.com/i/teamlogos/wnba/500/phx.png","away",71,16,0,19,"10",0.422,27,64,0,24,76.9,10,13,"0",8,"36",8,4,0,0.318,7,22,27,0,16,"22",12,9,"s:40~l:59~t:9","new-york-liberty","New York","Liberty","NY","New York Liberty","Liberty","86cebc","000000","https://a.espncdn.com/i/teamlogos/wnba/500/ny.png",89,18,-18
2023,401507192,2023,2,2023-06-18,2023-06-18 15:00:00,16,"s:40~l:59~t:16","washington-mystics","Washington","Mystics","WSH","Washington Mystics","Mystics","e03a3e","002b5c","https://a.espncdn.com/i/teamlogos/wnba/500/wsh.png","home",77,TRUE,16,1,19,"8",0.391,25,64,0,15,84.6,22,26,"17",6,"28",9,2,0,0.333,5,15,25,0,7,"9",5,19,"s:40~l:59~t:19","chicago-sky","Chicago","Sky","CHI","Chicago Sky","Sky","5091cd","ffd520","https://a.espncdn.com/i/teamlogos/wnba/500/chi.png",69,"W",2023,2,2023-06-18,2023-06-18 15:00:00,19,"s:40~l:59~t:19","chicago-sky","Chicago","Sky","CHI","Chicago Sky","Sky","5091cd","ffd520","https://a.espncdn.com/i/teamlogos/wnba/500/chi.png","away",69,19,3,32,"3",0.443,27,61,0,20,64.3,9,14,"0",8,"30",1,1,0,0.3,6,20,40,0,21,"26",20,16,"s:40~l:59~t:16","washington-mystics","Washington","Mystics","WSH","Washington Mystics","Mystics","e03a3e","002b5c","https://a.espncdn.com/i/teamlogos/wnba/500/wsh.png",77,8,-8
2023,401507193,2023,2,2023-06-18,2023-06-18 16:00:00,5,"s:40~l:59~t:5","indiana-fever","Indiana","Fever","IND","Indiana Fever","Fever","002d62","e03a3e","https://a.espncdn.com/i/teamlogos/wnba/500/ind.png","home",94,FALSE,19,4,23,"16",0.452,33,73,0,20,82.8,24,29,"0",11,"48",9,0,1,0.211,4,19,34,1,15,"13",15,20,"s:40~l:59~t:20","atlanta-dream","Atlanta","Dream","ATL","Atlanta Dream","Dream","e31837","5091cc","https://a.espncdn.com/i/teamlogos/wnba/500/atl.png",100,"L",2023,2,2023-06-18,2023-06-18 16:00:00,20,"s:40~l:59~t:20","atlanta-dream","Atlanta","Dream","ATL","Atlanta Dream","Dream","e31837","5091cc","https://a.espncdn.com/i/teamlogos/wnba/500/atl.png","away",100,19,3,28,"8",0.561,37,66,0,20,79.2,19,24,"18",3,"38",7,1,1,0.467,7,15,31,1,17,"21",16,5,"s:40~l:59~t:5","indiana-fever","Indiana","Fever","IND","Indiana Fever","Fever","002d62","e03a3e","https://a.espncdn.com/i/teamlogos/wnba/500/ind.png",94,-6,6
2023,401507194,2023,2,2023-06-18,2023-06-18 19:30:00,6,"s:40~l:59~t:6","los-angeles-sparks","Los Angeles","Sparks","LA","Los Angeles Sparks","Sparks","552583","fdb927","https://a.espncdn.com/i/teamlogos/wnba/500/la.png","home",74,FALSE,18,2,24,"11",0.412,28,68,0,14,93.3,14,15,"8",10,"44",5,1,2,0.211,4,19,34,2,16,"19",15,18,"s:40~l:59~t:18","connecticut-sun","Connecticut","Sun","CONN","Connecticut Sun","Sun","f05023","0a2240","https://a.espncdn.com/i/teamlogos/wnba/500/conn.png",83,"L",2023,2,2023-06-18,2023-06-18 19:30:00,18,"s:40~l:59~t:18","connecticut-sun","Connecticut","Sun","CONN","Connecticut Sun","Sun","f05023","0a2240","https://a.espncdn.com/i/teamlogos/wnba/500/conn.png","away",83,24,4,27,"21",0.531,34,64,0,18,81.8,9,11,"9",2,"48",11,3,0,0.4,6,15,29,0,15,"12",12,6,"s:40~l:59~t:6","los-angeles-sparks","Los Angeles","Sparks","LA","Los Angeles Sparks","Sparks","552583","fdb927","https://a.espncdn.com/i/teamlogos/wnba/500/la.png",74,-9,9
2023,401507195,2023,2,2023-06-18,2023-06-18 21:00:00,17,"s:40~l:59~t:17","las-vegas-aces","Las Vegas","Aces","LV","Las Vegas Aces","Aces","a7a8aa","000000","https://a.espncdn.com/i/teamlogos/wnba/500/lv.png","home",93,TRUE,18,9,32,"8",0.473,35,74,0,13,86.7,13,15,"37",7,"34",7,1,0,0.333,10,30,39,0,6,"10",5,8,"s:40~l:59~t:8","minnesota-lynx","Minnesota","Lynx","MIN","Minnesota Lynx","Lynx","266092","79bc43","https://a.espncdn.com/i/teamlogos/wnba/500/min.png",62,"W",2023,2,2023-06-18,2023-06-18 21:00:00,8,"s:40~l:59~t:8","minnesota-lynx","Minnesota","Lynx","MIN","Minnesota Lynx","Lynx","266092","79bc43","https://a.espncdn.com/i/teamlogos/wnba/500/min.png","away",62,12,4,32,"10",0.333,25,75,0,15,88.9,8,9,"5",10,"34",3,2,0,0.167,4,24,42,0,12,"19",10,17,"s:40~l:59~t:17","las-vegas-aces","Las Vegas","Aces","LV","Las Vegas Aces","Aces","a7a8aa","000000","https://a.espncdn.com/i/teamlogos/wnba/500/lv.png",93,31,-31
2023,401507196,2023,2,2023-06-20,2023-06-20 20:00:00,3,"s:40~l:59~t:3","dallas-wings","Dallas","Wings","DAL","Dallas Wings","Wings","002b5c","c4d600","https://a.espncdn.com/i/teamlogos/wnba/500/dal.png","home",85,TRUE,19,5,30,"6",0.409,27,66,0,20,73.5,25,34,"25",16,"32",6,0,6,0.353,6,17,46,6,16,"15",16,20,"s:40~l:59~t:20","atlanta-dream","Atlanta","Dream","ATL","Atlanta Dream","Dream","e31837","5091cc","https://a.espncdn.com/i/teamlogos/wnba/500/atl.png",73,"W",2023,2,2023-06-20,2023-06-20 20:00:00,20,"s:40~l:59~t:20","atlanta-dream","Atlanta","Dream","ATL","Atlanta Dream","Dream","e31837","5091cc","https://a.espncdn.com/i/teamlogos/wnba/500/atl.png","away",73,15,8,22,"13",0.328,22,67,0,20,75.8,25,33,"4",11,"28",5,1,4,0.222,4,18,33,4,14,"15",13,3,"s:40~l:59~t:3","dallas-wings","Dallas","Wings","DAL","Dallas Wings","Wings","002b5c","c4d600","https://a.espncdn.com/i/teamlogos/wnba/500/dal.png",85,12,-12
2023,401507197,2023,2,2023-06-20,2023-06-20 22:00:00,6,"s:40~l:59~t:6","los-angeles-sparks","Los Angeles","Sparks","LA","Los Angeles Sparks","Sparks","552583","fdb927","https://a.espncdn.com/i/teamlogos/wnba/500/la.png","home",61,FALSE,14,3,33,"9",0.371,23,62,0,20,70,7,10,"8",4,"28",4,1,1,0.308,8,26,37,1,18,"15",17,8,"s:40~l:59~t:8","minnesota-lynx","Minnesota","Lynx","MIN","Minnesota Lynx","Lynx","266092","79bc43","https://a.espncdn.com/i/teamlogos/wnba/500/min.png",67,"L",2023,2,2023-06-20,2023-06-20 22:00:00,8,"s:40~l:59~t:8","minnesota-lynx","Minnesota","Lynx","MIN","Minnesota Lynx","Lynx","266092","79bc43","https://a.espncdn.com/i/teamlogos/wnba/500/min.png","away",67,20,1,29,"10",0.388,26,67,0,14,64.3,9,14,"6",6,"34",12,2,0,0.24,6,25,35,0,12,"8",10,6,"s:40~l:59~t:6","los-angeles-sparks","Los Angeles","Sparks","LA","Los Angeles Sparks","Sparks","552583","fdb927","https://a.espncdn.com/i/teamlogos/wnba/500/la.png",61,-6,6
2023,401507198,2023,2,2023-06-20,2023-06-20 22:00:00,14,"s:40~l:59~t:14","seattle-storm","Seattle","Storm","SEA","Seattle Storm","Storm","2c5235","fee11a","https://a.espncdn.com/i/teamlogos/wnba/500/sea.png","home",79,FALSE,18,5,27,"13",0.375,24,64,0,19,79.3,23,29,"5",7,"30",6,1,2,0.32,8,25,34,2,16,"20",15,18,"s:40~l:59~t:18","connecticut-sun","Connecticut","Sun","CONN","Connecticut Sun","Sun","f05023","0a2240","https://a.espncdn.com/i/teamlogos/wnba/500/conn.png",85,"L",2023,2,2023-06-20,2023-06-20 22:00:00,18,"s:40~l:59~t:18","connecticut-sun","Connecticut","Sun","CONN","Connecticut Sun","Sun","f05023","0a2240","https://a.espncdn.com/i/teamlogos/wnba/500/conn.png","away",85,25,3,30,"15",0.464,32,69,0,23,76.2,16,21,"18",8,"52",8,2,1,0.278,5,18,38,1,14,"12",12,14,"s:40~l:59~t:14","seattle-storm","Seattle","Storm","SEA","Seattle Storm","Storm","2c5235","fee11a","https://a.espncdn.com/i/teamlogos/wnba/500/sea.png",79,-6,6
2023,401507199,2023,2,2023-06-21,2023-06-21 15:30:00,11,"s:40~l:59~t:11","phoenix-mercury","Phoenix","Mercury","PHX","Phoenix Mercury","Mercury","3c286e","e56020","https://a.espncdn.com/i/teamlogos/wnba/500/phx.png","home",79,FALSE,16,2,18,"7",0.429,30,70,0,22,93.3,14,15,"2",8,"38",3,3,0,0.25,5,20,26,0,13,"17",10,17,"s:40~l:59~t:17","las-vegas-aces","Las Vegas","Aces","LV","Las Vegas Aces","Aces","a7a8aa","000000","https://a.espncdn.com/i/teamlogos/wnba/500/lv.png",99,"L",2023,2,2023-06-21,2023-06-21 15:30:00,17,"s:40~l:59~t:17","las-vegas-aces","Las Vegas","Aces","LV","Las Vegas Aces","Aces","a7a8aa","000000","https://a.espncdn.com/i/teamlogos/wnba/500/lv.png","away",99,29,3,24,"12",0.554,36,65,0,16,69.6,16,23,"29",8,"40",4,1,0,0.478,11,23,32,0,10,"8",9,11,"s:40~l:59~t:11","phoenix-mercury","Phoenix","Mercury","PHX","Phoenix Mercury","Mercury","3c286e","e56020","https://a.espncdn.com/i/teamlogos/wnba/500/phx.png",79,-20,20
2023,401507200,2023,2,2023-06-22,2023-06-22 20:00:00,19,"s:40~l:59~t:19","chicago-sky","Chicago","Sky","CHI","Chicago Sky","Sky","5091cd","ffd520","https://a.espncdn.com/i/teamlogos/wnba/500/chi.png","home",59,FALSE,14,2,24,"9",0.295,18,61,0,15,90.5,19,21,"2",6,"24",7,1,1,0.235,4,17,30,1,19,"20",18,16,"s:40~l:59~t:16","washington-mystics","Washington","Mystics","WSH","Washington Mystics","Mystics","e03a3e","002b5c","https://a.espncdn.com/i/teamlogos/wnba/500/wsh.png",80,"L",2023,2,2023-06-22,2023-06-22 20:00:00,16,"s:40~l:59~t:16","washington-mystics","Washington","Mystics","WSH","Washington Mystics","Mystics","e03a3e","002b5c","https://a.espncdn.com/i/teamlogos/wnba/500/wsh.png","away",80,20,6,34,"12",0.478,33,69,0,22,80,8,10,"24",7,"32",6,2,1,0.316,6,19,41,1,15,"13",13,19,"s:40~l:59~t:19","chicago-sky","Chicago","Sky","CHI","Chicago Sky","Sky","5091cd","ffd520","https://a.espncdn.com/i/teamlogos/wnba/500/chi.png",59,-21,21
2023,401507201,2023,2,2023-06-22,2023-06-22 20:00:00,8,"s:40~l:59~t:8","minnesota-lynx","Minnesota","Lynx","MIN","Minnesota Lynx","Lynx","266092","79bc43","https://a.espncdn.com/i/teamlogos/wnba/500/min.png","home",68,FALSE,20,3,25,"2",0.316,24,76,0,24,84.2,16,19,"0",12,"38",4,0,1,0.182,4,22,37,1,9,"8",9,18,"s:40~l:59~t:18","connecticut-sun","Connecticut","Sun","CONN","Connecticut Sun","Sun","f05023","0a2240","https://a.espncdn.com/i/teamlogos/wnba/500/conn.png",89,"L",2023,2,2023-06-22,2023-06-22 20:00:00,18,"s:40~l:59~t:18","connecticut-sun","Connecticut","Sun","CONN","Connecticut Sun","Sun","f05023","0a2240","https://a.espncdn.com/i/teamlogos/wnba/500/conn.png","away",89,14,6,32,"11",0.45,27,60,0,22,79.3,23,29,"27",8,"26",5,1,1,0.48,12,25,40,1,15,"12",14,8,"s:40~l:59~t:8","minnesota-lynx","Minnesota","Lynx","MIN","Minnesota Lynx","Lynx","266092","79bc43","https://a.espncdn.com/i/teamlogos/wnba/500/min.png",68,-21,21
2023,401507202,2023,2,2023-06-22,2023-06-22 22:00:00,14,"s:40~l:59~t:14","seattle-storm","Seattle","Storm","SEA","Seattle Storm","Storm","2c5235","fee11a","https://a.espncdn.com/i/teamlogos/wnba/500/sea.png","home",68,FALSE,15,2,24,"18",0.297,22,74,1,15,81.3,13,16,"3",5,"22",8,0,1,0.379,11,29,29,1,10,"7",10,5,"s:40~l:59~t:5","indiana-fever","Indiana","Fever","IND","Indiana Fever","Fever","002d62","e03a3e","https://a.espncdn.com/i/teamlogos/wnba/500/ind.png",80,"L",2023,2,2023-06-22,2023-06-22 22:00:00,5,"s:40~l:59~t:5","indiana-fever","Indiana","Fever","IND","Indiana Fever","Fever","002d62","e03a3e","https://a.espncdn.com/i/teamlogos/wnba/500/ind.png","away",80,19,5,38,"15",0.435,30,69,0,22,76.9,10,13,"16",9,"32",4,3,1,0.455,10,22,47,1,20,"16",17,14,"s:40~l:59~t:14","seattle-storm","Seattle","Storm","SEA","Seattle Storm","Storm","2c5235","fee11a","https://a.espncdn.com/i/teamlogos/wnba/500/sea.png",68,-12,12
2023,401507203,2023,2,2023-06-23,2023-06-23 19:30:00,20,"s:40~l:59~t:20","atlanta-dream","Atlanta","Dream","ATL","Atlanta Dream","Dream","e31837","5091cc","https://a.espncdn.com/i/teamlogos/wnba/500/atl.png","home",80,FALSE,15,5,29,"13",0.382,26,68,0,20,85.2,23,27,"0",8,"30",7,0,2,0.417,5,12,37,2,20,"27",20,9,"s:40~l:59~t:9","new-york-liberty","New York","Liberty","NY","New York Liberty","Liberty","86cebc","000000","https://a.espncdn.com/i/teamlogos/wnba/500/ny.png",110,"L",2023,2,2023-06-23,2023-06-23 19:30:00,9,"s:40~l:59~t:9","new-york-liberty","New York","Liberty","NY","New York Liberty","Liberty","86cebc","000000","https://a.espncdn.com/i/teamlogos/wnba/500/ny.png","away",110,29,3,35,"14",0.486,36,74,1,20,77.8,21,27,"30",7,"34",13,0,0,0.486,17,35,42,0,15,"16",15,20,"s:40~l:59~t:20","atlanta-dream","Atlanta","Dream","ATL","Atlanta Dream","Dream","e31837","5091cc","https://a.espncdn.com/i/teamlogos/wnba/500/atl.png",80,-30,30
2023,401507204,2023,2,2023-06-23,2023-06-23 22:00:00,6,"s:40~l:59~t:6","los-angeles-sparks","Los Angeles","Sparks","LA","Los Angeles Sparks","Sparks","552583","fdb927","https://a.espncdn.com/i/teamlogos/wnba/500/la.png","home",76,TRUE,16,1,21,"8",0.351,26,74,0,15,88,22,25,"2",11,"40",13,1,0,0.111,2,18,32,0,14,"20",13,3,"s:40~l:59~t:3","dallas-wings","Dallas","Wings","DAL","Dallas Wings","Wings","002b5c","c4d600","https://a.espncdn.com/i/teamlogos/wnba/500/dal.png",74,"W",2023,2,2023-06-23,2023-06-23 22:00:00,3,"s:40~l:59~t:3","dallas-wings","Dallas","Wings","DAL","Dallas Wings","Wings","002b5c","c4d600","https://a.espncdn.com/i/teamlogos/wnba/500/dal.png","away",74,11,3,35,"18",0.4,28,70,0,23,76.5,13,17,"17",13,"36",8,2,1,0.208,5,24,48,1,20,"22",18,6,"s:40~l:59~t:6","los-angeles-sparks","Los Angeles","Sparks","LA","Los Angeles Sparks","Sparks","552583","fdb927","https://a.espncdn.com/i/teamlogos/wnba/500/la.png",76,2,-2
2023,401507205,2023,2,2023-06-24,2023-06-24 21:00:00,17,"s:40~l:59~t:17","las-vegas-aces","Las Vegas","Aces","LV","Las Vegas Aces","Aces","a7a8aa","000000","https://a.espncdn.com/i/teamlogos/wnba/500/lv.png","home",101,TRUE,27,7,26,"12",0.531,34,64,1,14,81.5,22,27,"20",5,"40",6,1,0,0.478,11,23,31,0,13,"15",12,5,"s:40~l:59~t:5","indiana-fever","Indiana","Fever","IND","Indiana Fever","Fever","002d62","e03a3e","https://a.espncdn.com/i/teamlogos/wnba/500/ind.png",88,"W",2023,2,2023-06-24,2023-06-24 21:00:00,5,"s:40~l:59~t:5","indiana-fever","Indiana","Fever","IND","Indiana Fever","Fever","002d62","e03a3e","https://a.espncdn.com/i/teamlogos/wnba/500/ind.png","away",88,22,1,26,"9",0.5,34,68,0,22,93.3,14,15,"2",5,"44",8,0,0,0.375,6,16,31,0,15,"17",15,17,"s:40~l:59~t:17","las-vegas-aces","Las Vegas","Aces","LV","Las Vegas Aces","Aces","a7a8aa","000000","https://a.espncdn.com/i/teamlogos/wnba/500/lv.png",101,13,-13
2023,401507206,2023,2,2023-06-24,2023-06-24 21:00:00,14,"s:40~l:59~t:14","seattle-storm","Seattle","Storm","SEA","Seattle Storm","Storm","2c5235","fee11a","https://a.espncdn.com/i/teamlogos/wnba/500/sea.png","home",97,TRUE,23,3,23,"12",0.471,32,68,0,21,90.9,20,22,"24",10,"28",9,0,0,0.406,13,32,33,0,11,"6",11,11,"s:40~l:59~t:11","phoenix-mercury","Phoenix","Mercury","PHX","Phoenix Mercury","Mercury","3c286e","e56020","https://a.espncdn.com/i/teamlogos/wnba/500/phx.png",74,"W",2023,2,2023-06-24,2023-06-24 21:00:00,11,"s:40~l:59~t:11","phoenix-mercury","Phoenix","Mercury","PHX","Phoenix Mercury","Mercury","3c286e","e56020","https://a.espncdn.com/i/teamlogos/wnba/500/phx.png","away",74,15,2,23,"4",0.464,26,56,0,19,75,18,24,"3",5,"38",3,1,1,0.235,4,17,28,1,21,"25",20,14,"s:40~l:59~t:14","seattle-storm","Seattle","Storm","SEA","Seattle Storm","Storm","2c5235","fee11a","https://a.espncdn.com/i/teamlogos/wnba/500/sea.png",97,23,-23
2023,401507207,2023,2,2023-06-25,2023-06-25 13:00:00,18,"s:40~l:59~t:18","connecticut-sun","Connecticut","Sun","CONN","Connecticut Sun","Sun","f05023","0a2240","https://a.espncdn.com/i/teamlogos/wnba/500/conn.png","home",96,TRUE,30,2,27,"23",0.5,40,80,0,16,88.9,8,9,"26",11,"54",12,1,1,0.381,8,21,38,1,15,"8",14,19,"s:40~l:59~t:19","chicago-sky","Chicago","Sky","CHI","Chicago Sky","Sky","5091cd","ffd520","https://a.espncdn.com/i/teamlogos/wnba/500/chi.png",72,"W",2023,2,2023-06-25,2023-06-25 13:00:00,19,"s:40~l:59~t:19","chicago-sky","Chicago","Sky","CHI","Chicago Sky","Sky","5091cd","ffd520","https://a.espncdn.com/i/teamlogos/wnba/500/chi.png","away",72,23,4,22,"11",0.446,29,65,0,15,58.8,10,17,"5",8,"38",7,0,1,0.222,4,18,30,1,19,"27",19,18,"s:40~l:59~t:18","connecticut-sun","Connecticut","Sun","CONN","Connecticut Sun","Sun","f05023","0a2240","https://a.espncdn.com/i/teamlogos/wnba/500/conn.png",96,24,-24
2023,401507208,2023,2,2023-06-25,2023-06-25 13:00:00,9,"s:40~l:59~t:9","new-york-liberty","New York","Liberty","NY","New York Liberty","Liberty","86cebc","000000","https://a.espncdn.com/i/teamlogos/wnba/500/ny.png","home",89,TRUE,19,2,31,"9",0.37,27,73,0,24,79.3,23,29,"1",14,"24",9,2,0,0.343,12,35,45,0,19,"23",17,16,"s:40~l:59~t:16","washington-mystics","Washington","Mystics","WSH","Washington Mystics","Mystics","e03a3e","002b5c","https://a.espncdn.com/i/teamlogos/wnba/500/wsh.png",88,"W",2023,2,2023-06-25,2023-06-25 13:00:00,16,"s:40~l:59~t:16","washington-mystics","Washington","Mystics","WSH","Washington Mystics","Mystics","e03a3e","002b5c","https://a.espncdn.com/i/teamlogos/wnba/500/wsh.png","away",88,19,3,27,"7",0.478,33,69,0,26,72.2,13,18,"17",2,"36",7,2,0,0.429,9,21,29,0,15,"16",13,9,"s:40~l:59~t:9","new-york-liberty","New York","Liberty","NY","New York Liberty","Liberty","86cebc","000000","https://a.espncdn.com/i/teamlogos/wnba/500/ny.png",89,1,-1
2023,401507209,2023,2,2023-06-25,2023-06-25 15:00:00,6,"s:40~l:59~t:6","los-angeles-sparks","Los Angeles","Sparks","LA","Los Angeles Sparks","Sparks","552583","fdb927","https://a.espncdn.com/i/teamlogos/wnba/500/la.png","home",93,TRUE,25,3,28,"13",0.5,31,62,0,14,79.3,23,29,"12",4,"38",6,1,0,0.421,8,19,32,0,14,"23",13,3,"s:40~l:59~t:3","dallas-wings","Dallas","Wings","DAL","Dallas Wings","Wings","002b5c","c4d600","https://a.espncdn.com/i/teamlogos/wnba/500/dal.png",83,"W",2023,2,2023-06-25,2023-06-25 15:00:00,3,"s:40~l:59~t:3","dallas-wings","Dallas","Wings","DAL","Dallas Wings","Wings","002b5c","c4d600","https://a.espncdn.com/i/teamlogos/wnba/500/dal.png","away",83,20,7,26,"22",0.431,31,72,0,17,93.8,15,16,"11",9,"48",12,0,1,0.273,6,22,35,1,13,"16",13,6,"s:40~l:59~t:6","los-angeles-sparks","Los Angeles","Sparks","LA","Los Angeles Sparks","Sparks","552583","fdb927","https://a.espncdn.com/i/teamlogos/wnba/500/la.png",93,10,-10
2023,401507210,2023,2,2023-06-26,2023-06-26 22:00:00,17,"s:40~l:59~t:17","las-vegas-aces","Las Vegas","Aces","LV","Las Vegas Aces","Aces","a7a8aa","000000","https://a.espncdn.com/i/teamlogos/wnba/500/lv.png","home",88,TRUE,15,6,29,"11",0.409,27,66,0,20,96.4,27,28,"10",10,"28",4,1,1,0.292,7,24,39,1,16,"18",15,5,"s:40~l:59~t:5","indiana-fever","Indiana","Fever","IND","Indiana Fever","Fever","002d62","e03a3e","https://a.espncdn.com/i/teamlogos/wnba/500/ind.png",80,"W",2023,2,2023-06-26,2023-06-26 22:00:00,5,"s:40~l:59~t:5","indiana-fever","Indiana","Fever","IND","Indiana Fever","Fever","002d62","e03a3e","https://a.espncdn.com/i/teamlogos/wnba/500/ind.png","away",80,12,4,23,"9",0.359,28,78,1,21,85.7,18,21,"6",16,"40",8,0,2,0.273,6,22,39,2,8,"11",8,17,"s:40~l:59~t:17","las-vegas-aces","Las Vegas","Aces","LV","Las Vegas Aces","Aces","a7a8aa","000000","https://a.espncdn.com/i/teamlogos/wnba/500/lv.png",88,8,-8
2023,401507211,2023,2,2023-06-27,2023-06-27 19:00:00,18,"s:40~l:59~t:18","connecticut-sun","Connecticut","Sun","CONN","Connecticut Sun","Sun","f05023","0a2240","https://a.espncdn.com/i/teamlogos/wnba/500/conn.png","home",81,FALSE,18,8,26,"15",0.392,31,79,0,11,92.9,13,14,"4",8,"50",7,0,0,0.316,6,19,34,0,5,"11",5,9,"s:40~l:59~t:9","new-york-liberty","New York","Liberty","NY","New York Liberty","Liberty","86cebc","000000","https://a.espncdn.com/i/teamlogos/wnba/500/ny.png",89,"L",2023,2,2023-06-27,2023-06-27 19:00:00,9,"s:40~l:59~t:9","new-york-liberty","New York","Liberty","NY","New York Liberty","Liberty","86cebc","000000","https://a.espncdn.com/i/teamlogos/wnba/500/ny.png","away",89,24,9,32,"2",0.486,34,70,0,12,85.7,12,14,"16",6,"46",4,0,0,0.45,9,20,38,0,9,"11",9,18,"s:40~l:59~t:18","connecticut-sun","Connecticut","Sun","CONN","Connecticut Sun","Sun","f05023","0a2240","https://a.espncdn.com/i/teamlogos/wnba/500/conn.png",81,-8,8
2023,401507212,2023,2,2023-06-27,2023-06-27 20:00:00,8,"s:40~l:59~t:8","minnesota-lynx","Minnesota","Lynx","MIN","Minnesota Lynx","Lynx","266092","79bc43","https://a.espncdn.com/i/teamlogos/wnba/500/min.png","home",104,TRUE,25,2,32,"6",0.532,41,77,0,15,93.3,14,15,"17",6,"54",3,0,0,0.4,8,20,38,0,8,"12",8,14,"s:40~l:59~t:14","seattle-storm","Seattle","Storm","SEA","Seattle Storm","Storm","2c5235","fee11a","https://a.espncdn.com/i/teamlogos/wnba/500/sea.png",93,"W",2023,2,2023-06-27,2023-06-27 20:00:00,14,"s:40~l:59~t:14","seattle-storm","Seattle","Storm","SEA","Seattle Storm","Storm","2c5235","fee11a","https://a.espncdn.com/i/teamlogos/wnba/500/sea.png","away",93,21,5,25,"5",0.459,34,74,0,17,85.7,12,14,"2",8,"32",5,0,0,0.419,13,31,33,0,7,"7",7,8,"s:40~l:59~t:8","minnesota-lynx","Minnesota","Lynx","MIN","Minnesota Lynx","Lynx","266092","79bc43","https://a.espncdn.com/i/teamlogos/wnba/500/min.png",104,11,-11
2023,401507213,2023,2,2023-06-27,2023-06-27 22:00:00,11,"s:40~l:59~t:11","phoenix-mercury","Phoenix","Mercury","PHX","Phoenix Mercury","Mercury","3c286e","e56020","https://a.espncdn.com/i/teamlogos/wnba/500/phx.png","home",62,FALSE,18,7,21,"2",0.404,23,57,0,16,72.2,13,18,"2",4,"26",7,2,0,0.15,3,20,25,0,18,"8",16,3,"s:40~l:59~t:3","dallas-wings","Dallas","Wings","DAL","Dallas Wings","Wings","002b5c","c4d600","https://a.espncdn.com/i/teamlogos/wnba/500/dal.png",77,"L",2023,2,2023-06-27,2023-06-27 22:00:00,3,"s:40~l:59~t:3","dallas-wings","Dallas","Wings","DAL","Dallas Wings","Wings","002b5c","c4d600","https://a.espncdn.com/i/teamlogos/wnba/500/dal.png","away",77,20,3,27,"12",0.469,30,64,0,18,85.7,12,14,"17",10,"40",8,0,2,0.313,5,16,37,2,17,"21",17,11,"s:40~l:59~t:11","phoenix-mercury","Phoenix","Mercury","PHX","Phoenix Mercury","Mercury","3c286e","e56020","https://a.espncdn.com/i/teamlogos/wnba/500/phx.png",62,-15,15
2023,401507214,2023,2,2023-06-28,2023-06-28 12:00:00,19,"s:40~l:59~t:19","chicago-sky","Chicago","Sky","CHI","Chicago Sky","Sky","5091cd","ffd520","https://a.espncdn.com/i/teamlogos/wnba/500/chi.png","home",80,TRUE,16,7,26,"13",0.455,30,66,0,17,52.4,11,21,"17",9,"32",6,1,1,0.429,9,21,35,1,13,"19",12,6,"s:40~l:59~t:6","los-angeles-sparks","Los Angeles","Sparks","LA","Los Angeles Sparks","Sparks","552583","fdb927","https://a.espncdn.com/i/teamlogos/wnba/500/la.png",63,"W",2023,2,2023-06-28,2023-06-28 12:00:00,6,"s:40~l:59~t:6","los-angeles-sparks","Los Angeles","Sparks","LA","Los Angeles Sparks","Sparks","552583","fdb927","https://a.espncdn.com/i/teamlogos/wnba/500/la.png","away",63,17,5,26,"13",0.349,22,63,0,23,78.9,15,19,"8",8,"22",10,2,1,0.308,4,13,34,1,18,"17",16,19,"s:40~l:59~t:19","chicago-sky","Chicago","Sky","CHI","Chicago Sky","Sky","5091cd","ffd520","https://a.espncdn.com/i/teamlogos/wnba/500/chi.png",80,17,-17
2023,401507215,2023,2,2023-06-28,2023-06-28 19:00:00,16,"s:40~l:59~t:16","washington-mystics","Washington","Mystics","WSH","Washington Mystics","Mystics","e03a3e","002b5c","https://a.espncdn.com/i/teamlogos/wnba/500/wsh.png","home",109,TRUE,26,8,35,"13",0.534,39,73,0,22,95.2,20,21,"32",6,"36",6,0,1,0.5,11,22,41,1,14,"15",14,20,"s:40~l:59~t:20","atlanta-dream","Atlanta","Dream","ATL","Atlanta Dream","Dream","e31837","5091cc","https://a.espncdn.com/i/teamlogos/wnba/500/atl.png",86,"W",2023,2,2023-06-28,2023-06-28 19:00:00,20,"s:40~l:59~t:20","atlanta-dream","Atlanta","Dream","ATL","Atlanta Dream","Dream","e31837","5091cc","https://a.espncdn.com/i/teamlogos/wnba/500/atl.png","away",86,21,7,21,"7",0.378,28,74,0,20,71.4,25,35,"2",11,"38",9,1,0,0.333,5,15,32,0,11,"11",10,16,"s:40~l:59~t:16","washington-mystics","Washington","Mystics","WSH","Washington Mystics","Mystics","e03a3e","002b5c","https://a.espncdn.com/i/teamlogos/wnba/500/wsh.png",109,23,-23
2023,401507216,2023,2,2023-06-29,2023-06-29 22:00:00,17,"s:40~l:59~t:17","las-vegas-aces","Las Vegas","Aces","LV","Las Vegas Aces","Aces","a7a8aa","000000","https://a.espncdn.com/i/teamlogos/wnba/500/lv.png","home",98,TRUE,32,1,23,"11",0.58,40,69,0,15,90,9,10,"27",4,"50",10,1,2,0.429,9,21,27,2,8,"9",7,9,"s:40~l:59~t:9","new-york-liberty","New York","Liberty","NY","New York Liberty","Liberty","86cebc","000000","https://a.espncdn.com/i/teamlogos/wnba/500/ny.png",81,"W",2023,2,2023-06-29,2023-06-29 22:00:00,9,"s:40~l:59~t:9","new-york-liberty","New York","Liberty","NY","New York Liberty","Liberty","86cebc","000000","https://a.espncdn.com/i/teamlogos/wnba/500/ny.png","away",81,21,3,23,"5",0.477,31,65,0,14,73.3,11,15,"0",8,"42",3,2,0,0.4,8,20,31,0,17,"22",15,17,"s:40~l:59~t:17","las-vegas-aces","Las Vegas","Aces","LV","Las Vegas Aces","Aces","a7a8aa","000000","https://a.espncdn.com/i/teamlogos/wnba/500/lv.png",98,17,-17
2023,401507217,2023,2,2023-06-29,2023-06-29 22:00:00,11,"s:40~l:59~t:11","phoenix-mercury","Phoenix","Mercury","PHX","Phoenix Mercury","Mercury","3c286e","e56020","https://a.espncdn.com/i/teamlogos/wnba/500/phx.png","home",85,TRUE,28,8,25,"14",0.531,34,64,0,17,68.8,11,16,"25",5,"38",6,2,0,0.316,6,19,30,0,16,"9",14,5,"s:40~l:59~t:5","indiana-fever","Indiana","Fever","IND","Indiana Fever","Fever","002d62","e03a3e","https://a.espncdn.com/i/teamlogos/wnba/500/ind.png",63,"W",2023,2,2023-06-29,2023-06-29 22:00:00,5,"s:40~l:59~t:5","indiana-fever","Indiana","Fever","IND","Indiana Fever","Fever","002d62","e03a3e","https://a.espncdn.com/i/teamlogos/wnba/500/ind.png","away",63,17,1,20,"2",0.333,24,72,2,18,90,9,10,"0",13,"28",4,1,0,0.353,6,17,33,0,17,"20",16,11,"s:40~l:59~t:11","phoenix-mercury","Phoenix","Mercury","PHX","Phoenix Mercury","Mercury","3c286e","e56020","https://a.espncdn.com/i/teamlogos/wnba/500/phx.png",85,22,-22
2023,401507218,2023,2,2023-06-29,2023-06-29 22:00:00,14,"s:40~l:59~t:14","seattle-storm","Seattle","Storm","SEA","Seattle Storm","Storm","2c5235","fee11a","https://a.espncdn.com/i/teamlogos/wnba/500/sea.png","home",97,FALSE,21,3,35,"16",0.405,34,84,0,20,84.2,16,19,"4",13,"34",8,1,1,0.5,13,26,48,1,19,"27",18,8,"s:40~l:59~t:8","minnesota-lynx","Minnesota","Lynx","MIN","Minnesota Lynx","Lynx","266092","79bc43","https://a.espncdn.com/i/teamlogos/wnba/500/min.png",99,"L",2023,2,2023-06-29,2023-06-29 22:00:00,8,"s:40~l:59~t:8","minnesota-lynx","Minnesota","Lynx","MIN","Minnesota Lynx","Lynx","266092","79bc43","https://a.espncdn.com/i/teamlogos/wnba/500/min.png","away",99,25,10,29,"16",0.461,35,76,0,19,80,20,25,"13",7,"42",11,0,1,0.346,9,26,36,1,10,"15",10,14,"s:40~l:59~t:14","seattle-storm","Seattle","Storm","SEA","Seattle Storm","Storm","2c5235","fee11a","https://a.espncdn.com/i/teamlogos/wnba/500/sea.png",97,-2,2
2023,401507219,2023,2,2023-06-30,2023-06-30 19:30:00,20,"s:40~l:59~t:20","atlanta-dream","Atlanta","Dream","ATL","Atlanta Dream","Dream","e31837","5091cc","https://a.espncdn.com/i/teamlogos/wnba/500/atl.png","home",94,TRUE,19,3,24,"6",0.478,33,69,0,25,77.8,21,27,"10",7,"48",7,0,0,0.538,7,13,31,0,10,"10",10,16,"s:40~l:59~t:16","washington-mystics","Washington","Mystics","WSH","Washington Mystics","Mystics","e03a3e","002b5c","https://a.espncdn.com/i/teamlogos/wnba/500/wsh.png",89,"W",2023,2,2023-06-30,2023-06-30 19:30:00,16,"s:40~l:59~t:16","washington-mystics","Washington","Mystics","WSH","Washington Mystics","Mystics","e03a3e","002b5c","https://a.espncdn.com/i/teamlogos/wnba/500/wsh.png","away",89,14,3,26,"4",0.492,32,65,0,26,84.6,22,26,"5",8,"44",6,1,0,0.167,3,18,34,0,15,"21",14,20,"s:40~l:59~t:20","atlanta-dream","Atlanta","Dream","ATL","Atlanta Dream","Dream","e31837","5091cc","https://a.espncdn.com/i/teamlogos/wnba/500/atl.png",94,5,-5
2023,401507220,2023,2,2023-06-30,2023-06-30 20:00:00,19,"s:40~l:59~t:19","chicago-sky","Chicago","Sky","CHI","Chicago Sky","Sky","5091cd","ffd520","https://a.espncdn.com/i/teamlogos/wnba/500/chi.png","home",86,TRUE,28,5,23,"10",0.569,37,65,1,18,55.6,5,9,"17",8,"44",8,1,0,0.467,7,15,31,0,16,"17",15,6,"s:40~l:59~t:6","los-angeles-sparks","Los Angeles","Sparks","LA","Los Angeles Sparks","Sparks","552583","fdb927","https://a.espncdn.com/i/teamlogos/wnba/500/la.png",78,"W",2023,2,2023-06-30,2023-06-30 20:00:00,6,"s:40~l:59~t:6","los-angeles-sparks","Los Angeles","Sparks","LA","Los Angeles Sparks","Sparks","552583","fdb927","https://a.espncdn.com/i/teamlogos/wnba/500/la.png","away",78,16,3,20,"4",0.418,28,67,0,13,78.3,18,23,"3",10,"44",9,2,1,0.308,4,13,30,1,15,"20",13,19,"s:40~l:59~t:19","chicago-sky","Chicago","Sky","CHI","Chicago Sky","Sky","5091cd","ffd520","https://a.espncdn.com/i/teamlogos/wnba/500/chi.png",86,8,-8
2023,401507221,2023,2,2023-07-01,2023-07-01 15:00:00,17,"s:40~l:59~t:17","las-vegas-aces","Las Vegas","Aces","LV","Las Vegas Aces","Aces","a7a8aa","000000","https://a.espncdn.com/i/teamlogos/wnba/500/lv.png","home",102,TRUE,25,5,31,"15",0.5,36,72,0,22,88.5,23,26,"29",11,"52",8,1,0,0.304,7,23,42,0,13,"20",12,18,"s:40~l:59~t:18","connecticut-sun","Connecticut","Sun","CONN","Connecticut Sun","Sun","f05023","0a2240","https://a.espncdn.com/i/teamlogos/wnba/500/conn.png",84,"W",2023,2,2023-07-01,2023-07-01 15:00:00,18,"s:40~l:59~t:18","connecticut-sun","Connecticut","Sun","CONN","Connecticut Sun","Sun","f05023","0a2240","https://a.espncdn.com/i/teamlogos/wnba/500/conn.png","away",84,22,3,20,"14",0.471,33,70,0,19,63.2,12,19,"2",4,"44",7,3,2,0.3,6,20,24,2,14,"17",11,17,"s:40~l:59~t:17","las-vegas-aces","Las Vegas","Aces","LV","Las Vegas Aces","Aces","a7a8aa","000000","https://a.espncdn.com/i/teamlogos/wnba/500/lv.png",102,18,-18
2023,401507222,2023,2,2023-07-01,2023-07-01 22:00:00,11,"s:40~l:59~t:11","phoenix-mercury","Phoenix","Mercury","PHX","Phoenix Mercury","Mercury","3c286e","e56020","https://a.espncdn.com/i/teamlogos/wnba/500/phx.png","home",76,FALSE,19,4,26,"8",0.508,30,59,1,20,55.6,10,18,"10",9,"44",4,2,2,0.316,6,19,35,2,24,"18",22,8,"s:40~l:59~t:8","minnesota-lynx","Minnesota","Lynx","MIN","Minnesota Lynx","Lynx","266092","79bc43","https://a.espncdn.com/i/teamlogos/wnba/500/min.png",86,"L",2023,2,2023-07-01,2023-07-01 22:00:00,8,"s:40~l:59~t:8","minnesota-lynx","Minnesota","Lynx","MIN","Minnesota Lynx","Lynx","266092","79bc43","https://a.espncdn.com/i/teamlogos/wnba/500/min.png","away",86,16,1,23,"7",0.456,31,68,0,18,81.8,18,22,"13",7,"40",13,1,0,0.333,6,18,30,0,13,"12",12,11,"s:40~l:59~t:11","phoenix-mercury","Phoenix","Mercury","PHX","Phoenix Mercury","Mercury","3c286e","e56020","https://a.espncdn.com/i/teamlogos/wnba/500/phx.png",76,-10,10
2023,401507223,2023,2,2023-07-02,2023-07-02 15:00:00,20,"s:40~l:59~t:20","atlanta-dream","Atlanta","Dream","ATL","Atlanta Dream","Dream","e31837","5091cc","https://a.espncdn.com/i/teamlogos/wnba/500/atl.png","home",112,TRUE,18,7,34,"18",0.544,37,68,0,19,85.3,29,34,"28",6,"46",11,0,1,0.429,9,21,40,1,13,"14",13,6,"s:40~l:59~t:6","los-angeles-sparks","Los Angeles","Sparks","LA","Los Angeles Sparks","Sparks","552583","fdb927","https://a.espncdn.com/i/teamlogos/wnba/500/la.png",84,"W",2023,2,2023-07-02,2023-07-02 15:00:00,6,"s:40~l:59~t:6","los-angeles-sparks","Los Angeles","Sparks","LA","Los Angeles Sparks","Sparks","552583","fdb927","https://a.espncdn.com/i/teamlogos/wnba/500/la.png","away",84,17,3,27,"4",0.418,28,67,1,22,76.7,23,30,"4",6,"38",10,1,0,0.278,5,18,33,0,14,"15",13,20,"s:40~l:59~t:20","atlanta-dream","Atlanta","Dream","ATL","Atlanta Dream","Dream","e31837","5091cc","https://a.espncdn.com/i/teamlogos/wnba/500/atl.png",112,28,-28
2023,401507225,2023,2,2023-07-02,2023-07-02 15:00:00,3,"s:40~l:59~t:3","dallas-wings","Dallas","Wings","DAL","Dallas Wings","Wings","002b5c","c4d600","https://a.espncdn.com/i/teamlogos/wnba/500/dal.png","home",89,TRUE,25,2,39,"23",0.446,33,74,1,24,73.9,17,23,"18",15,"42",4,1,0,0.273,6,22,54,0,19,"18",18,16,"s:40~l:59~t:16","washington-mystics","Washington","Mystics","WSH","Washington Mystics","Mystics","e03a3e","002b5c","https://a.espncdn.com/i/teamlogos/wnba/500/wsh.png",72,"W",2023,2,2023-07-02,2023-07-02 15:00:00,16,"s:40~l:59~t:16","washington-mystics","Washington","Mystics","WSH","Washington Mystics","Mystics","e03a3e","002b5c","https://a.espncdn.com/i/teamlogos/wnba/500/wsh.png","away",72,19,6,19,"13",0.343,24,70,0,18,80,20,25,"7",5,"26",9,1,1,0.16,4,25,24,1,10,"4",9,3,"s:40~l:59~t:3","dallas-wings","Dallas","Wings","DAL","Dallas Wings","Wings","002b5c","c4d600","https://a.espncdn.com/i/teamlogos/wnba/500/dal.png",89,17,-17
2023,401507224,2023,2,2023-07-02,2023-07-02 16:00:00,5,"s:40~l:59~t:5","indiana-fever","Indiana","Fever","IND","Indiana Fever","Fever","002d62","e03a3e","https://a.espncdn.com/i/teamlogos/wnba/500/ind.png","home",87,FALSE,21,1,26,"13",0.515,35,68,0,18,66.7,12,18,"3",9,"54",6,0,1,0.294,5,17,35,1,15,"12",15,19,"s:40~l:59~t:19","chicago-sky","Chicago","Sky","CHI","Chicago Sky","Sky","5091cd","ffd520","https://a.espncdn.com/i/teamlogos/wnba/500/chi.png",89,"L",2023,2,2023-07-02,2023-07-02 16:00:00,19,"s:40~l:59~t:19","chicago-sky","Chicago","Sky","CHI","Chicago Sky","Sky","5091cd","ffd520","https://a.espncdn.com/i/teamlogos/wnba/500/chi.png","away",89,22,3,22,"16",0.5,34,68,0,21,56.3,9,16,"14",9,"30",8,0,1,0.429,12,28,31,1,13,"11",13,5,"s:40~l:59~t:5","indiana-fever","Indiana","Fever","IND","Indiana Fever","Fever","002d62","e03a3e","https://a.espncdn.com/i/teamlogos/wnba/500/ind.png",87,-2,2
2023,401507226,2023,2,2023-07-02,2023-07-02 18:00:00,14,"s:40~l:59~t:14","seattle-storm","Seattle","Storm","SEA","Seattle Storm","Storm","2c5235","fee11a","https://a.espncdn.com/i/teamlogos/wnba/500/sea.png","home",66,FALSE,16,4,25,"7",0.354,23,65,0,15,78.6,11,14,"0",8,"28",5,1,1,0.36,9,25,33,1,20,"19",19,9,"s:40~l:59~t:9","new-york-liberty","New York","Liberty","NY","New York Liberty","Liberty","86cebc","000000","https://a.espncdn.com/i/teamlogos/wnba/500/ny.png",81,"L",2023,2,2023-07-02,2023-07-02 18:00:00,9,"s:40~l:59~t:9","new-york-liberty","New York","Liberty","NY","New York Liberty","Liberty","86cebc","000000","https://a.espncdn.com/i/teamlogos/wnba/500/ny.png","away",81,30,7,29,"19",0.465,33,71,0,20,87.5,7,8,"22",8,"42",16,0,0,0.32,8,25,37,0,14,"12",14,14,"s:40~l:59~t:14","seattle-storm","Seattle","Storm","SEA","Seattle Storm","Storm","2c5235","fee11a","https://a.espncdn.com/i/teamlogos/wnba/500/sea.png",66,-15,15
2023,401507227,2023,2,2023-07-05,2023-07-05 19:00:00,9,"s:40~l:59~t:9","new-york-liberty","New York","Liberty","NY","New York Liberty","Liberty","86cebc","000000","https://a.espncdn.com/i/teamlogos/wnba/500/ny.png","home",99,TRUE,27,3,24,"14",0.492,32,65,2,20,85.7,24,28,"20",6,"32",6,2,0,0.44,11,25,30,0,17,"20",15,11,"s:40~l:59~t:11","phoenix-mercury","Phoenix","Mercury","PHX","Phoenix Mercury","Mercury","3c286e","e56020","https://a.espncdn.com/i/teamlogos/wnba/500/phx.png",95,"W",2023,2,2023-07-05,2023-07-05 19:00:00,11,"s:40~l:59~t:11","phoenix-mercury","Phoenix","Mercury","PHX","Phoenix Mercury","Mercury","3c286e","e56020","https://a.espncdn.com/i/teamlogos/wnba/500/phx.png","away",95,23,5,22,"13",0.507,34,67,0,25,81.8,18,22,"3",3,"42",7,0,1,0.45,9,20,25,1,15,"22",15,9,"s:40~l:59~t:9","new-york-liberty","New York","Liberty","NY","New York Liberty","Liberty","86cebc","000000","https://a.espncdn.com/i/teamlogos/wnba/500/ny.png",99,4,-4
2023,401507228,2023,2,2023-07-05,2023-07-05 20:00:00,8,"s:40~l:59~t:8","minnesota-lynx","Minnesota","Lynx","MIN","Minnesota Lynx","Lynx","266092","79bc43","https://a.espncdn.com/i/teamlogos/wnba/500/min.png","home",90,TRUE,20,2,18,"3",0.466,27,58,0,16,85.3,29,34,"12",8,"30",5,0,2,0.35,7,20,26,2,18,"21",18,5,"s:40~l:59~t:5","indiana-fever","Indiana","Fever","IND","Indiana Fever","Fever","002d62","e03a3e","https://a.espncdn.com/i/teamlogos/wnba/500/ind.png",83,"W",2023,2,2023-07-05,2023-07-05 20:00:00,5,"s:40~l:59~t:5","indiana-fever","Indiana","Fever","IND","Indiana Fever","Fever","002d62","e03a3e","https://a.espncdn.com/i/teamlogos/wnba/500/ind.png","away",83,15,4,20,"6",0.471,33,70,0,25,92.9,13,14,"2",10,"46",10,1,2,0.25,4,16,30,2,17,"18",16,8,"s:40~l:59~t:8","minnesota-lynx","Minnesota","Lynx","MIN","Minnesota Lynx","Lynx","266092","79bc43","https://a.espncdn.com/i/teamlogos/wnba/500/min.png",90,7,-7
2023,401507229,2023,2,2023-07-05,2023-07-05 22:00:00,17,"s:40~l:59~t:17","las-vegas-aces","Las Vegas","Aces","LV","Las Vegas Aces","Aces","a7a8aa","000000","https://a.espncdn.com/i/teamlogos/wnba/500/lv.png","home",89,TRUE,17,4,32,"8",0.462,30,65,0,12,83.3,20,24,"7",7,"34",1,0,1,0.45,9,20,39,1,13,"19",13,3,"s:40~l:59~t:3","dallas-wings","Dallas","Wings","DAL","Dallas Wings","Wings","002b5c","c4d600","https://a.espncdn.com/i/teamlogos/wnba/500/dal.png",82,"W",2023,2,2023-07-05,2023-07-05 22:00:00,3,"s:40~l:59~t:3","dallas-wings","Dallas","Wings","DAL","Dallas Wings","Wings","002b5c","c4d600","https://a.espncdn.com/i/teamlogos/wnba/500/dal.png","away",82,18,1,26,"16",0.402,33,82,0,19,83.3,10,12,"14",13,"44",8,1,0,0.25,6,24,39,0,9,"9",8,17,"s:40~l:59~t:17","las-vegas-aces","Las Vegas","Aces","LV","Las Vegas Aces","Aces","a7a8aa","000000","https://a.espncdn.com/i/teamlogos/wnba/500/lv.png",89,7,-7
2023,401507230,2023,2,2023-07-05,2023-07-05 22:00:00,6,"s:40~l:59~t:6","los-angeles-sparks","Los Angeles","Sparks","LA","Los Angeles Sparks","Sparks","552583","fdb927","https://a.espncdn.com/i/teamlogos/wnba/500/la.png","home",79,FALSE,20,5,29,"2",0.426,29,68,0,20,68.2,15,22,"2",4,"36",3,1,0,0.273,6,22,33,0,12,"15",11,20,"s:40~l:59~t:20","atlanta-dream","Atlanta","Dream","ATL","Atlanta Dream","Dream","e31837","5091cc","https://a.espncdn.com/i/teamlogos/wnba/500/atl.png",90,"L",2023,2,2023-07-05,2023-07-05 22:00:00,20,"s:40~l:59~t:20","atlanta-dream","Atlanta","Dream","ATL","Atlanta Dream","Dream","e31837","5091cc","https://a.espncdn.com/i/teamlogos/wnba/500/atl.png","away",90,30,5,36,"11",0.493,33,67,0,19,60.9,14,23,"21",3,"42",6,3,0,0.417,10,24,39,0,11,"15",8,6,"s:40~l:59~t:6","los-angeles-sparks","Los Angeles","Sparks","LA","Los Angeles Sparks","Sparks","552583","fdb927","https://a.espncdn.com/i/teamlogos/wnba/500/la.png",79,-11,11
2023,401507231,2023,2,2023-07-06,2023-07-06 19:00:00,18,"s:40~l:59~t:18","connecticut-sun","Connecticut","Sun","CONN","Connecticut Sun","Sun","f05023","0a2240","https://a.espncdn.com/i/teamlogos/wnba/500/conn.png","home",93,TRUE,24,7,24,"19",0.54,34,63,0,18,94.1,16,17,"37",6,"40",10,0,1,0.692,9,13,30,1,17,"15",17,14,"s:40~l:59~t:14","seattle-storm","Seattle","Storm","SEA","Seattle Storm","Storm","2c5235","fee11a","https://a.espncdn.com/i/teamlogos/wnba/500/sea.png",73,"W",2023,2,2023-07-06,2023-07-06 19:00:00,14,"s:40~l:59~t:14","seattle-storm","Seattle","Storm","SEA","Seattle Storm","Storm","2c5235","fee11a","https://a.espncdn.com/i/teamlogos/wnba/500/sea.png","away",73,17,3,22,"13",0.388,26,67,0,16,76.5,13,17,"0",9,"36",8,3,0,0.333,8,24,31,0,23,"25",20,18,"s:40~l:59~t:18","connecticut-sun","Connecticut","Sun","CONN","Connecticut Sun","Sun","f05023","0a2240","https://a.espncdn.com/i/teamlogos/wnba/500/conn.png",93,20,-20
2023,401507232,2023,2,2023-07-07,2023-07-07 19:00:00,16,"s:40~l:59~t:16","washington-mystics","Washington","Mystics","WSH","Washington Mystics","Mystics","e03a3e","002b5c","https://a.espncdn.com/i/teamlogos/wnba/500/wsh.png","home",96,TRUE,14,0,21,"4",0.46,29,63,0,20,83.8,31,37,"17",10,"30",6,1,1,0.333,7,21,31,1,8,"3",7,5,"s:40~l:59~t:5","indiana-fever","Indiana","Fever","IND","Indiana Fever","Fever","002d62","e03a3e","https://a.espncdn.com/i/teamlogos/wnba/500/ind.png",88,"W",2023,2,2023-07-07,2023-07-07 19:00:00,5,"s:40~l:59~t:5","indiana-fever","Indiana","Fever","IND","Indiana Fever","Fever","002d62","e03a3e","https://a.espncdn.com/i/teamlogos/wnba/500/ind.png","away",88,24,2,23,"4",0.55,33,60,1,29,68.4,13,19,"2",5,"44",3,0,0,0.5,9,18,28,0,13,"19",13,16,"s:40~l:59~t:16","washington-mystics","Washington","Mystics","WSH","Washington Mystics","Mystics","e03a3e","002b5c","https://a.espncdn.com/i/teamlogos/wnba/500/wsh.png",96,8,-8
2023,401507233,2023,2,2023-07-07,2023-07-07 20:00:00,19,"s:40~l:59~t:19","chicago-sky","Chicago","Sky","CHI","Chicago Sky","Sky","5091cd","ffd520","https://a.espncdn.com/i/teamlogos/wnba/500/chi.png","home",68,FALSE,18,2,25,"14",0.368,25,68,0,15,73.3,11,15,"5",6,"32",9,3,1,0.292,7,24,31,1,15,"18",12,20,"s:40~l:59~t:20","atlanta-dream","Atlanta","Dream","ATL","Atlanta Dream","Dream","e31837","5091cc","https://a.espncdn.com/i/teamlogos/wnba/500/atl.png",82,"L",2023,2,2023-07-07,2023-07-07 20:00:00,20,"s:40~l:59~t:20","atlanta-dream","Atlanta","Dream","ATL","Atlanta Dream","Dream","e31837","5091cc","https://a.espncdn.com/i/teamlogos/wnba/500/atl.png","away",82,17,7,32,"12",0.478,33,69,0,16,76.9,10,13,"15",10,"44",9,2,0,0.353,6,17,42,0,18,"16",16,19,"s:40~l:59~t:19","chicago-sky","Chicago","Sky","CHI","Chicago Sky","Sky","5091cd","ffd520","https://a.espncdn.com/i/teamlogos/wnba/500/chi.png",68,-14,14
2023,401507234,2023,2,2023-07-07,2023-07-07 20:00:00,3,"s:40~l:59~t:3","dallas-wings","Dallas","Wings","DAL","Dallas Wings","Wings","002b5c","c4d600","https://a.espncdn.com/i/teamlogos/wnba/500/dal.png","home",80,TRUE,21,4,26,"14",0.471,32,68,0,16,72.2,13,18,"7",10,"46",13,1,0,0.214,3,14,36,0,17,"22",16,17,"s:40~l:59~t:17","las-vegas-aces","Las Vegas","Aces","LV","Las Vegas Aces","Aces","a7a8aa","000000","https://a.espncdn.com/i/teamlogos/wnba/500/lv.png",78,"W",2023,2,2023-07-07,2023-07-07 20:00:00,17,"s:40~l:59~t:17","las-vegas-aces","Las Vegas","Aces","LV","Las Vegas Aces","Aces","a7a8aa","000000","https://a.espncdn.com/i/teamlogos/wnba/500/lv.png","away",78,14,4,20,"13",0.45,27,60,0,14,82.4,14,17,"11",5,"22",7,1,0,0.385,10,26,25,0,18,"17",17,3,"s:40~l:59~t:3","dallas-wings","Dallas","Wings","DAL","Dallas Wings","Wings","002b5c","c4d600","https://a.espncdn.com/i/teamlogos/wnba/500/dal.png",80,2,-2
2023,401507235,2023,2,2023-07-07,2023-07-07 20:00:00,8,"s:40~l:59~t:8","minnesota-lynx","Minnesota","Lynx","MIN","Minnesota Lynx","Lynx","266092","79bc43","https://a.espncdn.com/i/teamlogos/wnba/500/min.png","home",75,TRUE,20,4,28,"11",0.431,28,65,0,15,80,12,15,"24",10,"34",12,0,0,0.368,7,19,38,0,15,"10",15,11,"s:40~l:59~t:11","phoenix-mercury","Phoenix","Mercury","PHX","Phoenix Mercury","Mercury","3c286e","e56020","https://a.espncdn.com/i/teamlogos/wnba/500/phx.png",64,"W",2023,2,2023-07-07,2023-07-07 20:00:00,11,"s:40~l:59~t:11","phoenix-mercury","Phoenix","Mercury","PHX","Phoenix Mercury","Mercury","3c286e","e56020","https://a.espncdn.com/i/teamlogos/wnba/500/phx.png","away",64,17,3,25,"7",0.377,23,61,0,18,85.7,12,14,"4",5,"30",5,0,0,0.3,6,20,30,0,19,"19",19,8,"s:40~l:59~t:8","minnesota-lynx","Minnesota","Lynx","MIN","Minnesota Lynx","Lynx","266092","79bc43","https://a.espncdn.com/i/teamlogos/wnba/500/min.png",75,11,-11
2023,401507236,2023,2,2023-07-08,2023-07-08 14:00:00,9,"s:40~l:59~t:9","new-york-liberty","New York","Liberty","NY","New York Liberty","Liberty","86cebc","000000","https://a.espncdn.com/i/teamlogos/wnba/500/ny.png","home",80,TRUE,23,2,26,"10",0.409,27,66,0,15,86.7,13,15,"10",4,"26",5,0,2,0.433,13,30,30,2,13,"15",13,14,"s:40~l:59~t:14","seattle-storm","Seattle","Storm","SEA","Seattle Storm","Storm","2c5235","fee11a","https://a.espncdn.com/i/teamlogos/wnba/500/sea.png",76,"W",2023,2,2023-07-08,2023-07-08 14:00:00,14,"s:40~l:59~t:14","seattle-storm","Seattle","Storm","SEA","Seattle Storm","Storm","2c5235","fee11a","https://a.espncdn.com/i/teamlogos/wnba/500/sea.png","away",76,19,6,33,"11",0.387,29,75,0,17,85.7,12,14,"7",15,"34",7,3,0,0.188,6,32,48,0,18,"18",15,9,"s:40~l:59~t:9","new-york-liberty","New York","Liberty","NY","New York Liberty","Liberty","86cebc","000000","https://a.espncdn.com/i/teamlogos/wnba/500/ny.png",80,4,-4
2023,401507237,2023,2,2023-07-09,2023-07-09 15:00:00,18,"s:40~l:59~t:18","connecticut-sun","Connecticut","Sun","CONN","Connecticut Sun","Sun","f05023","0a2240","https://a.espncdn.com/i/teamlogos/wnba/500/conn.png","home",92,TRUE,18,1,20,"4",0.508,33,65,0,17,61.9,13,21,"11",4,"24",6,1,1,0.52,13,25,24,1,12,"15",11,16,"s:40~l:59~t:16","washington-mystics","Washington","Mystics","WSH","Washington Mystics","Mystics","e03a3e","002b5c","https://a.espncdn.com/i/teamlogos/wnba/500/wsh.png",84,"W",2023,2,2023-07-09,2023-07-09 15:00:00,16,"s:40~l:59~t:16","washington-mystics","Washington","Mystics","WSH","Washington Mystics","Mystics","e03a3e","002b5c","https://a.espncdn.com/i/teamlogos/wnba/500/wsh.png","away",84,24,4,26,"12",0.541,33,61,0,21,73.3,11,15,"6",5,"46",8,1,1,0.412,7,17,31,1,18,"17",17,18,"s:40~l:59~t:18","connecticut-sun","Connecticut","Sun","CONN","Connecticut Sun","Sun","f05023","0a2240","https://a.espncdn.com/i/teamlogos/wnba/500/conn.png",92,8,-8
2023,401507238,2023,2,2023-07-09,2023-07-09 16:00:00,5,"s:40~l:59~t:5","indiana-fever","Indiana","Fever","IND","Indiana Fever","Fever","002d62","e03a3e","https://a.espncdn.com/i/teamlogos/wnba/500/ind.png","home",76,FALSE,18,2,24,"10",0.448,30,67,0,21,76.5,13,17,"8",11,"36",5,1,0,0.214,3,14,35,0,18,"16",17,3,"s:40~l:59~t:3","dallas-wings","Dallas","Wings","DAL","Dallas Wings","Wings","002b5c","c4d600","https://a.espncdn.com/i/teamlogos/wnba/500/dal.png",77,"L",2023,2,2023-07-09,2023-07-09 16:00:00,3,"s:40~l:59~t:3","dallas-wings","Dallas","Wings","DAL","Dallas Wings","Wings","002b5c","c4d600","https://a.espncdn.com/i/teamlogos/wnba/500/dal.png","away",77,18,4,24,"19",0.435,27,62,0,18,80.8,21,26,"13",9,"34",9,1,0,0.154,2,13,33,0,14,"18",13,5,"s:40~l:59~t:5","indiana-fever","Indiana","Fever","IND","Indiana Fever","Fever","002d62","e03a3e","https://a.espncdn.com/i/teamlogos/wnba/500/ind.png",76,-1,1
2023,401507239,2023,2,2023-07-09,2023-07-09 18:00:00,11,"s:40~l:59~t:11","phoenix-mercury","Phoenix","Mercury","PHX","Phoenix Mercury","Mercury","3c286e","e56020","https://a.espncdn.com/i/teamlogos/wnba/500/phx.png","home",78,TRUE,22,6,27,"2",0.476,30,63,0,19,86.7,13,15,"13",10,"40",7,1,0,0.294,5,17,37,0,18,"21",17,6,"s:40~l:59~t:6","los-angeles-sparks","Los Angeles","Sparks","LA","Los Angeles Sparks","Sparks","552583","fdb927","https://a.espncdn.com/i/teamlogos/wnba/500/la.png",72,"W",2023,2,2023-07-09,2023-07-09 18:00:00,6,"s:40~l:59~t:6","los-angeles-sparks","Los Angeles","Sparks","LA","Los Angeles Sparks","Sparks","552583","fdb927","https://a.espncdn.com/i/teamlogos/wnba/500/la.png","away",72,15,2,22,"2",0.371,26,70,0,19,85.7,12,14,"3",8,"28",9,2,0,0.381,8,21,30,0,13,"9",11,11,"s:40~l:59~t:11","phoenix-mercury","Phoenix","Mercury","PHX","Phoenix Mercury","Mercury","3c286e","e56020","https://a.espncdn.com/i/teamlogos/wnba/500/phx.png",78,6,-6
2023,401507240,2023,2,2023-07-09,2023-07-09 19:00:00,8,"s:40~l:59~t:8","minnesota-lynx","Minnesota","Lynx","MIN","Minnesota Lynx","Lynx","266092","79bc43","https://a.espncdn.com/i/teamlogos/wnba/500/min.png","home",89,FALSE,24,2,21,"11",0.5,36,72,0,14,53.3,8,15,"3",5,"42",6,1,0,0.563,9,16,26,0,14,"20",13,17,"s:40~l:59~t:17","las-vegas-aces","Las Vegas","Aces","LV","Las Vegas Aces","Aces","a7a8aa","000000","https://a.espncdn.com/i/teamlogos/wnba/500/lv.png",113,"L",2023,2,2023-07-09,2023-07-09 19:00:00,17,"s:40~l:59~t:17","las-vegas-aces","Las Vegas","Aces","LV","Las Vegas Aces","Aces","a7a8aa","000000","https://a.espncdn.com/i/teamlogos/wnba/500/lv.png","away",113,31,11,27,"18",0.597,43,72,0,11,71.4,10,14,"26",7,"40",9,1,0,0.436,17,39,34,0,12,"23",11,8,"s:40~l:59~t:8","minnesota-lynx","Minnesota","Lynx","MIN","Minnesota Lynx","Lynx","266092","79bc43","https://a.espncdn.com/i/teamlogos/wnba/500/min.png",89,-24,24
2023,401507241,2023,2,2023-07-09,2023-07-09 20:00:00,19,"s:40~l:59~t:19","chicago-sky","Chicago","Sky","CHI","Chicago Sky","Sky","5091cd","ffd520","https://a.espncdn.com/i/teamlogos/wnba/500/chi.png","home",77,FALSE,20,6,22,"11",0.411,30,73,0,16,68.8,11,16,"3",8,"32",2,0,0,0.273,6,22,30,0,10,"13",10,20,"s:40~l:59~t:20","atlanta-dream","Atlanta","Dream","ATL","Atlanta Dream","Dream","e31837","5091cc","https://a.espncdn.com/i/teamlogos/wnba/500/atl.png",88,"L",2023,2,2023-07-09,2023-07-09 20:00:00,20,"s:40~l:59~t:20","atlanta-dream","Atlanta","Dream","ATL","Atlanta Dream","Dream","e31837","5091cc","https://a.espncdn.com/i/teamlogos/wnba/500/atl.png","away",88,24,5,29,"11",0.467,35,75,1,17,80,12,15,"12",13,"44",8,2,0,0.375,6,16,42,0,12,"12",10,19,"s:40~l:59~t:19","chicago-sky","Chicago","Sky","CHI","Chicago Sky","Sky","5091cd","ffd520","https://a.espncdn.com/i/teamlogos/wnba/500/chi.png",77,-11,11
2023,401507242,2023,2,2023-07-11,2023-07-11 19:00:00,16,"s:40~l:59~t:16","washington-mystics","Washington","Mystics","WSH","Washington Mystics","Mystics","e03a3e","002b5c","https://a.espncdn.com/i/teamlogos/wnba/500/wsh.png","home",93,TRUE,19,2,25,"10",0.537,36,67,0,13,75,12,16,"25",6,"32",8,2,1,0.375,9,24,31,1,14,"16",12,14,"s:40~l:59~t:14","seattle-storm","Seattle","Storm","SEA","Seattle Storm","Storm","2c5235","fee11a","https://a.espncdn.com/i/teamlogos/wnba/500/sea.png",86,"W",2023,2,2023-07-11,2023-07-11 19:00:00,14,"s:40~l:59~t:14","seattle-storm","Seattle","Storm","SEA","Seattle Storm","Storm","2c5235","fee11a","https://a.espncdn.com/i/teamlogos/wnba/500/sea.png","away",86,18,2,23,"10",0.448,30,67,0,16,82.4,14,17,"6",8,"32",9,0,0,0.4,12,30,31,0,15,"20",15,16,"s:40~l:59~t:16","washington-mystics","Washington","Mystics","WSH","Washington Mystics","Mystics","e03a3e","002b5c","https://a.espncdn.com/i/teamlogos/wnba/500/wsh.png",93,7,-7
2023,401507243,2023,2,2023-07-11,2023-07-11 22:00:00,17,"s:40~l:59~t:17","las-vegas-aces","Las Vegas","Aces","LV","Las Vegas Aces","Aces","a7a8aa","000000","https://a.espncdn.com/i/teamlogos/wnba/500/lv.png","home",98,TRUE,24,3,32,"7",0.5,36,72,0,15,77.3,17,22,"36",3,"50",3,1,0,0.36,9,25,35,0,4,"9",3,11,"s:40~l:59~t:11","phoenix-mercury","Phoenix","Mercury","PHX","Phoenix Mercury","Mercury","3c286e","e56020","https://a.espncdn.com/i/teamlogos/wnba/500/phx.png",72,"W",2023,2,2023-07-11,2023-07-11 22:00:00,11,"s:40~l:59~t:11","phoenix-mercury","Phoenix","Mercury","PHX","Phoenix Mercury","Mercury","3c286e","e56020","https://a.espncdn.com/i/teamlogos/wnba/500/phx.png","away",72,15,2,30,"1",0.386,27,70,2,19,85.7,12,14,"3",8,"32",3,1,1,0.316,6,19,38,1,10,"14",9,17,"s:40~l:59~t:17","las-vegas-aces","Las Vegas","Aces","LV","Las Vegas Aces","Aces","a7a8aa","000000","https://a.espncdn.com/i/teamlogos/wnba/500/lv.png",98,26,-26
2023,401507244,2023,2,2023-07-12,2023-07-12 12:00:00,5,"s:40~l:59~t:5","indiana-fever","Indiana","Fever","IND","Indiana Fever","Fever","002d62","e03a3e","https://a.espncdn.com/i/teamlogos/wnba/500/ind.png","home",87,FALSE,20,0,32,"7",0.39,32,82,0,22,81,17,21,"6",8,"44",7,1,0,0.286,6,21,40,0,14,"16",13,9,"s:40~l:59~t:9","new-york-liberty","New York","Liberty","NY","New York Liberty","Liberty","86cebc","000000","https://a.espncdn.com/i/teamlogos/wnba/500/ny.png",95,"L",2023,2,2023-07-12,2023-07-12 12:00:00,9,"s:40~l:59~t:9","new-york-liberty","New York","Liberty","NY","New York Liberty","Liberty","86cebc","000000","https://a.espncdn.com/i/teamlogos/wnba/500/ny.png","away",95,27,4,39,"9",0.419,31,74,0,22,87.5,21,24,"20",8,"28",7,3,0,0.333,12,36,47,0,22,"15",19,5,"s:40~l:59~t:5","indiana-fever","Indiana","Fever","IND","Indiana Fever","Fever","002d62","e03a3e","https://a.espncdn.com/i/teamlogos/wnba/500/ind.png",87,-8,8
2023,401507245,2023,2,2023-07-12,2023-07-12 12:00:00,19,"s:40~l:59~t:19","chicago-sky","Chicago","Sky","CHI","Chicago Sky","Sky","5091cd","ffd520","https://a.espncdn.com/i/teamlogos/wnba/500/chi.png","home",72,FALSE,19,7,24,"16",0.403,25,62,0,17,77.8,14,18,"6",7,"30",6,2,0,0.4,8,20,31,0,18,"26",16,18,"s:40~l:59~t:18","connecticut-sun","Connecticut","Sun","CONN","Connecticut Sun","Sun","f05023","0a2240","https://a.espncdn.com/i/teamlogos/wnba/500/conn.png",84,"L",2023,2,2023-07-12,2023-07-12 12:00:00,18,"s:40~l:59~t:18","connecticut-sun","Connecticut","Sun","CONN","Connecticut Sun","Sun","f05023","0a2240","https://a.espncdn.com/i/teamlogos/wnba/500/conn.png","away",84,26,1,22,"14",0.493,34,69,0,14,58.8,10,17,"18",8,"46",7,1,0,0.3,6,20,30,0,11,"13",10,19,"s:40~l:59~t:19","chicago-sky","Chicago","Sky","CHI","Chicago Sky","Sky","5091cd","ffd520","https://a.espncdn.com/i/teamlogos/wnba/500/chi.png",72,-12,12
2023,401507246,2023,2,2023-07-12,2023-07-12 13:00:00,8,"s:40~l:59~t:8","minnesota-lynx","Minnesota","Lynx","MIN","Minnesota Lynx","Lynx","266092","79bc43","https://a.espncdn.com/i/teamlogos/wnba/500/min.png","home",67,FALSE,16,3,18,"3",0.4,28,70,0,16,62.5,5,8,"1",10,"26",4,0,0,0.261,6,23,28,0,15,"25",15,3,"s:40~l:59~t:3","dallas-wings","Dallas","Wings","DAL","Dallas Wings","Wings","002b5c","c4d600","https://a.espncdn.com/i/teamlogos/wnba/500/dal.png",107,"L",2023,2,2023-07-12,2023-07-12 13:00:00,3,"s:40~l:59~t:3","dallas-wings","Dallas","Wings","DAL","Dallas Wings","Wings","002b5c","c4d600","https://a.espncdn.com/i/teamlogos/wnba/500/dal.png","away",107,31,4,31,"14",0.519,41,79,0,13,78.9,15,19,"42",12,"52",9,0,1,0.385,10,26,43,1,7,"3",7,8,"s:40~l:59~t:8","minnesota-lynx","Minnesota","Lynx","MIN","Minnesota Lynx","Lynx","266092","79bc43","https://a.espncdn.com/i/teamlogos/wnba/500/min.png",67,-40,40
2023,401507247,2023,2,2023-07-12,2023-07-12 19:00:00,20,"s:40~l:59~t:20","atlanta-dream","Atlanta","Dream","ATL","Atlanta Dream","Dream","e31837","5091cc","https://a.espncdn.com/i/teamlogos/wnba/500/atl.png","home",85,TRUE,18,2,36,"10",0.464,32,69,0,21,81,17,21,"24",9,"44",8,1,1,0.211,4,19,45,1,17,"12",16,14,"s:40~l:59~t:14","seattle-storm","Seattle","Storm","SEA","Seattle Storm","Storm","2c5235","fee11a","https://a.espncdn.com/i/teamlogos/wnba/500/sea.png",75,"W",2023,2,2023-07-12,2023-07-12 19:00:00,14,"s:40~l:59~t:14","seattle-storm","Seattle","Storm","SEA","Seattle Storm","Storm","2c5235","fee11a","https://a.espncdn.com/i/teamlogos/wnba/500/sea.png","away",75,21,3,27,"17",0.373,25,67,0,20,69.2,18,26,"2",5,"32",8,0,0,0.333,7,21,32,0,13,"9",13,20,"s:40~l:59~t:20","atlanta-dream","Atlanta","Dream","ATL","Atlanta Dream","Dream","e31837","5091cc","https://a.espncdn.com/i/teamlogos/wnba/500/atl.png",85,10,-10
2023,401507248,2023,2,2023-07-12,2023-07-12 22:00:00,6,"s:40~l:59~t:6","los-angeles-sparks","Los Angeles","Sparks","LA","Los Angeles Sparks","Sparks","552583","fdb927","https://a.espncdn.com/i/teamlogos/wnba/500/la.png","home",78,FALSE,22,3,24,"9",0.436,34,78,0,13,75,6,8,"0",12,"48",9,0,0,0.19,4,21,36,0,16,"21",16,17,"s:40~l:59~t:17","las-vegas-aces","Las Vegas","Aces","LV","Las Vegas Aces","Aces","a7a8aa","000000","https://a.espncdn.com/i/teamlogos/wnba/500/lv.png",97,"L",2023,2,2023-07-12,2023-07-12 22:00:00,17,"s:40~l:59~t:17","las-vegas-aces","Las Vegas","Aces","LV","Las Vegas Aces","Aces","a7a8aa","000000","https://a.espncdn.com/i/teamlogos/wnba/500/lv.png","away",97,20,5,29,"14",0.544,37,68,1,14,87.5,14,16,"29",5,"52",12,0,0,0.409,9,22,34,0,15,"18",15,6,"s:40~l:59~t:6","los-angeles-sparks","Los Angeles","Sparks","LA","Los Angeles Sparks","Sparks","552583","fdb927","https://a.espncdn.com/i/teamlogos/wnba/500/la.png",78,-19,19
2023,401507249,2023,2,2023-07-18,2023-07-18 19:00:00,20,"s:40~l:59~t:20","atlanta-dream","Atlanta","Dream","ATL","Atlanta Dream","Dream","e31837","5091cc","https://a.espncdn.com/i/teamlogos/wnba/500/atl.png","home",82,TRUE,24,4,29,"9",0.403,29,72,0,21,73.3,11,15,"22",8,"24",5,2,1,0.394,13,33,37,1,14,"15",12,8,"s:40~l:59~t:8","minnesota-lynx","Minnesota","Lynx","MIN","Minnesota Lynx","Lynx","266092","79bc43","https://a.espncdn.com/i/teamlogos/wnba/500/min.png",73,"W",2023,2,2023-07-18,2023-07-18 19:00:00,8,"s:40~l:59~t:8","minnesota-lynx","Minnesota","Lynx","MIN","Minnesota Lynx","Lynx","266092","79bc43","https://a.espncdn.com/i/teamlogos/wnba/500/min.png","away",73,12,4,30,"15",0.379,25,66,1,17,81,17,21,"0",7,"32",5,1,0,0.273,6,22,37,0,14,"13",13,20,"s:40~l:59~t:20","atlanta-dream","Atlanta","Dream","ATL","Atlanta Dream","Dream","e31837","5091cc","https://a.espncdn.com/i/teamlogos/wnba/500/atl.png",82,9,-9
2023,401507250,2023,2,2023-07-18,2023-07-18 22:00:00,11,"s:40~l:59~t:11","phoenix-mercury","Phoenix","Mercury","PHX","Phoenix Mercury","Mercury","3c286e","e56020","https://a.espncdn.com/i/teamlogos/wnba/500/phx.png","home",72,TRUE,19,6,28,"5",0.419,26,62,0,24,90,9,10,"14",5,"18",5,1,0,0.423,11,26,33,0,14,"13",13,18,"s:40~l:59~t:18","connecticut-sun","Connecticut","Sun","CONN","Connecticut Sun","Sun","f05023","0a2240","https://a.espncdn.com/i/teamlogos/wnba/500/conn.png",66,"W",2023,2,2023-07-18,2023-07-18 22:00:00,18,"s:40~l:59~t:18","connecticut-sun","Connecticut","Sun","CONN","Connecticut Sun","Sun","f05023","0a2240","https://a.espncdn.com/i/teamlogos/wnba/500/conn.png","away",66,14,4,26,"14",0.361,22,61,0,15,76.2,16,21,"2",6,"26",7,2,2,0.375,6,16,32,2,12,"18",10,11,"s:40~l:59~t:11","phoenix-mercury","Phoenix","Mercury","PHX","Phoenix Mercury","Mercury","3c286e","e56020","https://a.espncdn.com/i/teamlogos/wnba/500/phx.png",72,6,-6
2023,401507251,2023,2,2023-07-19,2023-07-19 11:30:00,16,"s:40~l:59~t:16","washington-mystics","Washington","Mystics","WSH","Washington Mystics","Mystics","e03a3e","002b5c","https://a.espncdn.com/i/teamlogos/wnba/500/wsh.png","home",76,FALSE,22,6,26,"13",0.446,29,65,0,20,71.4,10,14,"5",6,"34",7,1,0,0.32,8,25,32,0,16,"12",15,5,"s:40~l:59~t:5","indiana-fever","Indiana","Fever","IND","Indiana Fever","Fever","002d62","e03a3e","https://a.espncdn.com/i/teamlogos/wnba/500/ind.png",82,"L",2023,2,2023-07-19,2023-07-19 11:30:00,5,"s:40~l:59~t:5","indiana-fever","Indiana","Fever","IND","Indiana Fever","Fever","002d62","e03a3e","https://a.espncdn.com/i/teamlogos/wnba/500/ind.png","away",82,22,0,26,"7",0.438,28,64,0,20,85.7,18,21,"11",6,"28",7,1,0,0.333,8,24,32,0,15,"22",14,16,"s:40~l:59~t:16","washington-mystics","Washington","Mystics","WSH","Washington Mystics","Mystics","e03a3e","002b5c","https://a.espncdn.com/i/teamlogos/wnba/500/wsh.png",76,-6,6
2023,401507252,2023,2,2023-07-19,2023-07-19 13:00:00,9,"s:40~l:59~t:9","new-york-liberty","New York","Liberty","NY","New York Liberty","Liberty","86cebc","000000","https://a.espncdn.com/i/teamlogos/wnba/500/ny.png","home",88,FALSE,21,3,28,"5",0.457,32,70,0,17,91.7,11,12,"5",8,"36",0,0,1,0.433,13,30,36,1,13,"20",13,3,"s:40~l:59~t:3","dallas-wings","Dallas","Wings","DAL","Dallas Wings","Wings","002b5c","c4d600","https://a.espncdn.com/i/teamlogos/wnba/500/dal.png",98,"L",2023,2,2023-07-19,2023-07-19 13:00:00,3,"s:40~l:59~t:3","dallas-wings","Dallas","Wings","DAL","Dallas Wings","Wings","002b5c","c4d600","https://a.espncdn.com/i/teamlogos/wnba/500/dal.png","away",98,25,3,28,"13",0.475,38,80,0,16,65.2,15,23,"16",12,"50",6,0,0,0.438,7,16,40,0,2,"0",2,9,"s:40~l:59~t:9","new-york-liberty","New York","Liberty","NY","New York Liberty","Liberty","86cebc","000000","https://a.espncdn.com/i/teamlogos/wnba/500/ny.png",88,-10,10
2023,401507253,2023,2,2023-07-20,2023-07-20 11:30:00,18,"s:40~l:59~t:18","connecticut-sun","Connecticut","Sun","CONN","Connecticut Sun","Sun","f05023","0a2240","https://a.espncdn.com/i/teamlogos/wnba/500/conn.png","home",82,TRUE,20,9,26,"12",0.426,29,68,0,21,72.2,13,18,"14",7,"34",13,1,0,0.478,11,23,33,0,16,"16",15,20,"s:40~l:59~t:20","atlanta-dream","Atlanta","Dream","ATL","Atlanta Dream","Dream","e31837","5091cc","https://a.espncdn.com/i/teamlogos/wnba/500/atl.png",71,"W",2023,2,2023-07-20,2023-07-20 11:30:00,20,"s:40~l:59~t:20","atlanta-dream","Atlanta","Dream","ATL","Atlanta Dream","Dream","e31837","5091cc","https://a.espncdn.com/i/teamlogos/wnba/500/atl.png","away",71,15,5,29,"4",0.391,25,64,0,20,73.7,14,19,"8",10,"30",9,2,1,0.389,7,18,39,1,23,"17",21,18,"s:40~l:59~t:18","connecticut-sun","Connecticut","Sun","CONN","Connecticut Sun","Sun","f05023","0a2240","https://a.espncdn.com/i/teamlogos/wnba/500/conn.png",82,11,-11
2023,401507254,2023,2,2023-07-20,2023-07-20 20:00:00,8,"s:40~l:59~t:8","minnesota-lynx","Minnesota","Lynx","MIN","Minnesota Lynx","Lynx","266092","79bc43","https://a.espncdn.com/i/teamlogos/wnba/500/min.png","home",73,TRUE,19,2,30,"14",0.441,30,68,0,14,58.3,7,12,"20",6,"44",8,1,1,0.261,6,23,36,1,14,"12",13,6,"s:40~l:59~t:6","los-angeles-sparks","Los Angeles","Sparks","LA","Los Angeles Sparks","Sparks","552583","fdb927","https://a.espncdn.com/i/teamlogos/wnba/500/la.png",70,"W",2023,2,2023-07-20,2023-07-20 20:00:00,6,"s:40~l:59~t:6","los-angeles-sparks","Los Angeles","Sparks","LA","Los Angeles Sparks","Sparks","552583","fdb927","https://a.espncdn.com/i/teamlogos/wnba/500/la.png","away",70,17,1,32,"7",0.403,25,62,0,20,81.3,13,16,"7",7,"28",9,1,0,0.333,7,21,39,0,19,"18",18,8,"s:40~l:59~t:8","minnesota-lynx","Minnesota","Lynx","MIN","Minnesota Lynx","Lynx","266092","79bc43","https://a.espncdn.com/i/teamlogos/wnba/500/min.png",73,3,-3
2023,401507255,2023,2,2023-07-20,2023-07-20 22:00:00,11,"s:40~l:59~t:11","phoenix-mercury","Phoenix","Mercury","PHX","Phoenix Mercury","Mercury","3c286e","e56020","https://a.espncdn.com/i/teamlogos/wnba/500/phx.png","home",80,TRUE,19,4,29,"7",0.456,31,68,1,15,90,9,10,"20",11,"40",5,1,0,0.45,9,20,40,0,18,"24",17,19,"s:40~l:59~t:19","chicago-sky","Chicago","Sky","CHI","Chicago Sky","Sky","5091cd","ffd520","https://a.espncdn.com/i/teamlogos/wnba/500/chi.png",62,"W",2023,2,2023-07-20,2023-07-20 22:00:00,19,"s:40~l:59~t:19","chicago-sky","Chicago","Sky","CHI","Chicago Sky","Sky","5091cd","ffd520","https://a.espncdn.com/i/teamlogos/wnba/500/chi.png","away",62,15,6,22,"14",0.342,26,76,0,13,61.5,8,13,"0",15,"32",13,1,0,0.095,2,21,37,0,14,"13",13,11,"s:40~l:59~t:11","phoenix-mercury","Phoenix","Mercury","PHX","Phoenix Mercury","Mercury","3c286e","e56020","https://a.espncdn.com/i/teamlogos/wnba/500/phx.png",80,18,-18
2023,401507256,2023,2,2023-07-20,2023-07-20 22:00:00,14,"s:40~l:59~t:14","seattle-storm","Seattle","Storm","SEA","Seattle Storm","Storm","2c5235","fee11a","https://a.espncdn.com/i/teamlogos/wnba/500/sea.png","home",63,FALSE,16,4,27,"11",0.387,24,62,0,16,44.4,8,18,"2",6,"32",10,0,0,0.269,7,26,33,0,18,"21",18,17,"s:40~l:59~t:17","las-vegas-aces","Las Vegas","Aces","LV","Las Vegas Aces","Aces","a7a8aa","000000","https://a.espncdn.com/i/teamlogos/wnba/500/lv.png",79,"L",2023,2,2023-07-20,2023-07-20 22:00:00,17,"s:40~l:59~t:17","las-vegas-aces","Las Vegas","Aces","LV","Las Vegas Aces","Aces","a7a8aa","000000","https://a.espncdn.com/i/teamlogos/wnba/500/lv.png","away",79,19,4,33,"10",0.439,29,66,0,19,73.7,14,19,"24",7,"38",16,0,0,0.389,7,18,40,0,14,"12",14,14,"s:40~l:59~t:14","seattle-storm","Seattle","Storm","SEA","Seattle Storm","Storm","2c5235","fee11a","https://a.espncdn.com/i/teamlogos/wnba/500/sea.png",63,-16,16
2023,401507257,2023,2,2023-07-21,2023-07-21 19:00:00,16,"s:40~l:59~t:16","washington-mystics","Washington","Mystics","WSH","Washington Mystics","Mystics","e03a3e","002b5c","https://a.espncdn.com/i/teamlogos/wnba/500/wsh.png","home",87,FALSE,19,5,20,"7",0.39,30,77,0,18,94.4,17,18,"8",8,"36",6,0,0,0.435,10,23,28,0,10,"12",10,9,"s:40~l:59~t:9","new-york-liberty","New York","Liberty","NY","New York Liberty","Liberty","86cebc","000000","https://a.espncdn.com/i/teamlogos/wnba/500/ny.png",96,"L",2023,2,2023-07-21,2023-07-21 19:00:00,9,"s:40~l:59~t:9","new-york-liberty","New York","Liberty","NY","New York Liberty","Liberty","86cebc","000000","https://a.espncdn.com/i/teamlogos/wnba/500/ny.png","away",96,22,5,36,"14",0.473,35,74,1,16,88.2,15,17,"17",12,"46",3,0,0,0.355,11,31,48,0,18,"24",18,16,"s:40~l:59~t:16","washington-mystics","Washington","Mystics","WSH","Washington Mystics","Mystics","e03a3e","002b5c","https://a.espncdn.com/i/teamlogos/wnba/500/wsh.png",87,-9,9
2023,401507258,2023,2,2023-07-22,2023-07-22 13:00:00,20,"s:40~l:59~t:20","atlanta-dream","Atlanta","Dream","ATL","Atlanta Dream","Dream","e31837","5091cc","https://a.espncdn.com/i/teamlogos/wnba/500/atl.png","home",78,FALSE,7,7,28,"11",0.304,21,69,0,20,81.1,30,37,"0",10,"22",6,1,0,0.231,6,26,38,0,10,"11",9,18,"s:40~l:59~t:18","connecticut-sun","Connecticut","Sun","CONN","Connecticut Sun","Sun","f05023","0a2240","https://a.espncdn.com/i/teamlogos/wnba/500/conn.png",86,"L",2023,2,2023-07-22,2023-07-22 13:00:00,18,"s:40~l:59~t:18","connecticut-sun","Connecticut","Sun","CONN","Connecticut Sun","Sun","f05023","0a2240","https://a.espncdn.com/i/teamlogos/wnba/500/conn.png","away",86,22,5,33,"8",0.439,29,66,0,21,75,21,28,"20",6,"38",8,0,0,0.292,7,24,39,0,13,"20",13,20,"s:40~l:59~t:20","atlanta-dream","Atlanta","Dream","ATL","Atlanta Dream","Dream","e31837","5091cc","https://a.espncdn.com/i/teamlogos/wnba/500/atl.png",78,-8,8
2023,401507261,2023,2,2023-07-22,2023-07-22 15:00:00,8,"s:40~l:59~t:8","minnesota-lynx","Minnesota","Lynx","MIN","Minnesota Lynx","Lynx","266092","79bc43","https://a.espncdn.com/i/teamlogos/wnba/500/min.png","home",81,FALSE,17,5,28,"6",0.427,32,75,0,20,90,9,10,"0",8,"40",5,0,3,0.296,8,27,36,3,15,"25",15,17,"s:40~l:59~t:17","las-vegas-aces","Las Vegas","Aces","LV","Las Vegas Aces","Aces","a7a8aa","000000","https://a.espncdn.com/i/teamlogos/wnba/500/lv.png",98,"L",2023,2,2023-07-22,2023-07-22 15:00:00,17,"s:40~l:59~t:17","las-vegas-aces","Las Vegas","Aces","LV","Las Vegas Aces","Aces","a7a8aa","000000","https://a.espncdn.com/i/teamlogos/wnba/500/lv.png","away",98,25,1,30,"7",0.522,36,69,0,12,75,18,24,"26",4,"46",8,1,1,0.308,8,26,34,1,14,"11",13,8,"s:40~l:59~t:8","minnesota-lynx","Minnesota","Lynx","MIN","Minnesota Lynx","Lynx","266092","79bc43","https://a.espncdn.com/i/teamlogos/wnba/500/min.png",81,-17,17
2023,401507260,2023,2,2023-07-22,2023-07-22 20:00:00,3,"s:40~l:59~t:3","dallas-wings","Dallas","Wings","DAL","Dallas Wings","Wings","002b5c","c4d600","https://a.espncdn.com/i/teamlogos/wnba/500/dal.png","home",98,TRUE,26,6,25,"20",0.539,41,76,0,14,66.7,10,15,"17",13,"54",9,0,1,0.316,6,19,38,1,11,"15",11,6,"s:40~l:59~t:6","los-angeles-sparks","Los Angeles","Sparks","LA","Los Angeles Sparks","Sparks","552583","fdb927","https://a.espncdn.com/i/teamlogos/wnba/500/la.png",84,"W",2023,2,2023-07-22,2023-07-22 20:00:00,6,"s:40~l:59~t:6","los-angeles-sparks","Los Angeles","Sparks","LA","Los Angeles Sparks","Sparks","552583","fdb927","https://a.espncdn.com/i/teamlogos/wnba/500/la.png","away",84,20,1,21,"8",0.508,32,63,1,12,85.7,12,14,"4",3,"32",4,3,1,0.444,8,18,24,1,15,"26",12,3,"s:40~l:59~t:3","dallas-wings","Dallas","Wings","DAL","Dallas Wings","Wings","002b5c","c4d600","https://a.espncdn.com/i/teamlogos/wnba/500/dal.png",98,14,-14
2023,401507259,2023,2,2023-07-22,2023-07-22 21:00:00,14,"s:40~l:59~t:14","seattle-storm","Seattle","Storm","SEA","Seattle Storm","Storm","2c5235","fee11a","https://a.espncdn.com/i/teamlogos/wnba/500/sea.png","home",75,FALSE,13,2,20,"13",0.467,28,60,1,23,80,16,20,"0",4,"46",12,1,2,0.25,3,12,24,2,20,"18",19,19,"s:40~l:59~t:19","chicago-sky","Chicago","Sky","CHI","Chicago Sky","Sky","5091cd","ffd520","https://a.espncdn.com/i/teamlogos/wnba/500/chi.png",90,"L",2023,2,2023-07-22,2023-07-22 21:00:00,19,"s:40~l:59~t:19","chicago-sky","Chicago","Sky","CHI","Chicago Sky","Sky","5091cd","ffd520","https://a.espncdn.com/i/teamlogos/wnba/500/chi.png","away",90,17,3,26,"10",0.42,29,69,0,20,77.4,24,31,"23",18,"38",10,0,1,0.381,8,21,44,1,20,"23",20,14,"s:40~l:59~t:14","seattle-storm","Seattle","Storm","SEA","Seattle Storm","Storm","2c5235","fee11a","https://a.espncdn.com/i/teamlogos/wnba/500/sea.png",75,-15,15
2023,401507263,2023,2,2023-07-23,2023-07-23 13:00:00,16,"s:40~l:59~t:16","washington-mystics","Washington","Mystics","WSH","Washington Mystics","Mystics","e03a3e","002b5c","https://a.espncdn.com/i/teamlogos/wnba/500/wsh.png","home",84,TRUE,18,3,29,"10",0.462,30,65,1,14,81,17,21,"26",6,"32",12,0,0,0.318,7,22,35,0,15,"13",15,11,"s:40~l:59~t:11","phoenix-mercury","Phoenix","Mercury","PHX","Phoenix Mercury","Mercury","3c286e","e56020","https://a.espncdn.com/i/teamlogos/wnba/500/phx.png",69,"W",2023,2,2023-07-23,2023-07-23 13:00:00,11,"s:40~l:59~t:11","phoenix-mercury","Phoenix","Mercury","PHX","Phoenix Mercury","Mercury","3c286e","e56020","https://a.espncdn.com/i/teamlogos/wnba/500/phx.png","away",69,20,3,25,"3",0.426,26,61,0,18,75,9,12,"5",5,"26",10,0,1,0.381,8,21,30,1,19,"22",19,16,"s:40~l:59~t:16","washington-mystics","Washington","Mystics","WSH","Washington Mystics","Mystics","e03a3e","002b5c","https://a.espncdn.com/i/teamlogos/wnba/500/wsh.png",84,15,-15
2023,401507262,2023,2,2023-07-23,2023-07-23 15:00:00,9,"s:40~l:59~t:9","new-york-liberty","New York","Liberty","NY","New York Liberty","Liberty","86cebc","000000","https://a.espncdn.com/i/teamlogos/wnba/500/ny.png","home",101,TRUE,29,3,24,"9",0.544,37,68,0,15,71.4,10,14,"34",11,"34",8,0,1,0.5,17,34,35,1,16,"14",16,5,"s:40~l:59~t:5","indiana-fever","Indiana","Fever","IND","Indiana Fever","Fever","002d62","e03a3e","https://a.espncdn.com/i/teamlogos/wnba/500/ind.png",83,"W",2023,2,2023-07-23,2023-07-23 15:00:00,5,"s:40~l:59~t:5","indiana-fever","Indiana","Fever","IND","Indiana Fever","Fever","002d62","e03a3e","https://a.espncdn.com/i/teamlogos/wnba/500/ind.png","away",83,19,4,17,"12",0.462,30,65,1,17,88.2,15,17,"0",8,"38",10,1,0,0.471,8,17,25,0,16,"25",15,9,"s:40~l:59~t:9","new-york-liberty","New York","Liberty","NY","New York Liberty","Liberty","86cebc","000000","https://a.espncdn.com/i/teamlogos/wnba/500/ny.png",101,18,-18
2023,401507264,2023,2,2023-07-25,2023-07-25 19:00:00,20,"s:40~l:59~t:20","atlanta-dream","Atlanta","Dream","ATL","Atlanta Dream","Dream","e31837","5091cc","https://a.espncdn.com/i/teamlogos/wnba/500/atl.png","home",78,TRUE,22,8,29,"8",0.463,31,67,0,19,66.7,8,12,"22",6,"30",5,0,1,0.471,8,17,35,1,17,"18",17,11,"s:40~l:59~t:11","phoenix-mercury","Phoenix","Mercury","PHX","Phoenix Mercury","Mercury","3c286e","e56020","https://a.espncdn.com/i/teamlogos/wnba/500/phx.png",65,"W",2023,2,2023-07-25,2023-07-25 19:00:00,11,"s:40~l:59~t:11","phoenix-mercury","Phoenix","Mercury","PHX","Phoenix Mercury","Mercury","3c286e","e56020","https://a.espncdn.com/i/teamlogos/wnba/500/phx.png","away",65,11,8,25,"7",0.358,24,67,0,17,80,12,15,"0",8,"30",9,3,1,0.208,5,24,33,1,16,"15",13,20,"s:40~l:59~t:20","atlanta-dream","Atlanta","Dream","ATL","Atlanta Dream","Dream","e31837","5091cc","https://a.espncdn.com/i/teamlogos/wnba/500/atl.png",78,13,-13
2023,401507265,2023,2,2023-07-25,2023-07-25 19:00:00,9,"s:40~l:59~t:9","new-york-liberty","New York","Liberty","NY","New York Liberty","Liberty","86cebc","000000","https://a.espncdn.com/i/teamlogos/wnba/500/ny.png","home",86,TRUE,26,5,34,"11",0.4,32,80,0,11,85.7,12,14,"7",13,"36",10,1,2,0.286,10,35,47,2,13,"5",12,14,"s:40~l:59~t:14","seattle-storm","Seattle","Storm","SEA","Seattle Storm","Storm","2c5235","fee11a","https://a.espncdn.com/i/teamlogos/wnba/500/sea.png",82,"W",2023,2,2023-07-25,2023-07-25 19:00:00,14,"s:40~l:59~t:14","seattle-storm","Seattle","Storm","SEA","Seattle Storm","Storm","2c5235","fee11a","https://a.espncdn.com/i/teamlogos/wnba/500/sea.png","away",82,22,5,28,"13",0.429,30,70,0,15,78.6,11,14,"18",7,"34",10,0,0,0.367,11,30,35,0,14,"14",14,9,"s:40~l:59~t:9","new-york-liberty","New York","Liberty","NY","New York Liberty","Liberty","86cebc","000000","https://a.espncdn.com/i/teamlogos/wnba/500/ny.png",86,4,-4
2023,401507266,2023,2,2023-07-25,2023-07-25 19:00:00,19,"s:40~l:59~t:19","chicago-sky","Chicago","Sky","CHI","Chicago Sky","Sky","5091cd","ffd520","https://a.espncdn.com/i/teamlogos/wnba/500/chi.png","home",95,FALSE,23,3,25,"10",0.471,33,70,1,22,84.2,16,19,"4",9,"24",3,1,0,0.542,13,24,34,0,13,"17",12,17,"s:40~l:59~t:17","las-vegas-aces","Las Vegas","Aces","LV","Las Vegas Aces","Aces","a7a8aa","000000","https://a.espncdn.com/i/teamlogos/wnba/500/lv.png",107,"L",2023,2,2023-07-25,2023-07-25 19:00:00,17,"s:40~l:59~t:17","las-vegas-aces","Las Vegas","Aces","LV","Las Vegas Aces","Aces","a7a8aa","000000","https://a.espncdn.com/i/teamlogos/wnba/500/lv.png","away",107,24,6,26,"22",0.5,38,76,0,13,88.9,24,27,"16",9,"50",7,1,0,0.318,7,22,35,0,5,"5",4,19,"s:40~l:59~t:19","chicago-sky","Chicago","Sky","CHI","Chicago Sky","Sky","5091cd","ffd520","https://a.espncdn.com/i/teamlogos/wnba/500/chi.png",95,-12,12
2023,401507267,2023,2,2023-07-25,2023-07-25 20:00:00,3,"s:40~l:59~t:3","dallas-wings","Dallas","Wings","DAL","Dallas Wings","Wings","002b5c","c4d600","https://a.espncdn.com/i/teamlogos/wnba/500/dal.png","home",83,FALSE,15,5,26,"19",0.408,31,76,0,21,70,14,20,"9",18,"40",5,1,1,0.333,7,21,44,1,10,"10",9,18,"s:40~l:59~t:18","connecticut-sun","Connecticut","Sun","CONN","Connecticut Sun","Sun","f05023","0a2240","https://a.espncdn.com/i/teamlogos/wnba/500/conn.png",88,"L",2023,2,2023-07-25,2023-07-25 20:00:00,18,"s:40~l:59~t:18","connecticut-sun","Connecticut","Sun","CONN","Connecticut Sun","Sun","f05023","0a2240","https://a.espncdn.com/i/teamlogos/wnba/500/conn.png","away",88,19,4,23,"12",0.439,29,66,0,15,88.5,23,26,"12",8,"36",6,2,0,0.292,7,24,31,0,9,"10",7,3,"s:40~l:59~t:3","dallas-wings","Dallas","Wings","DAL","Dallas Wings","Wings","002b5c","c4d600","https://a.espncdn.com/i/teamlogos/wnba/500/dal.png",83,-5,5
2023,401507268,2023,2,2023-07-25,2023-07-25 22:00:00,6,"s:40~l:59~t:6","los-angeles-sparks","Los Angeles","Sparks","LA","Los Angeles Sparks","Sparks","552583","fdb927","https://a.espncdn.com/i/teamlogos/wnba/500/la.png","home",79,TRUE,17,5,19,"5",0.437,31,71,0,13,91.7,11,12,"11",6,"38",9,0,0,0.375,6,16,25,0,11,"13",11,5,"s:40~l:59~t:5","indiana-fever","Indiana","Fever","IND","Indiana Fever","Fever","002d62","e03a3e","https://a.espncdn.com/i/teamlogos/wnba/500/ind.png",78,"W",2023,2,2023-07-25,2023-07-25 22:00:00,5,"s:40~l:59~t:5","indiana-fever","Indiana","Fever","IND","Indiana Fever","Fever","002d62","e03a3e","https://a.espncdn.com/i/teamlogos/wnba/500/ind.png","away",78,20,4,27,"8",0.438,28,64,0,15,88.9,16,18,"5",8,"36",4,2,1,0.273,6,22,35,1,17,"21",15,6,"s:40~l:59~t:6","los-angeles-sparks","Los Angeles","Sparks","LA","Los Angeles Sparks","Sparks","552583","fdb927","https://a.espncdn.com/i/teamlogos/wnba/500/la.png",79,1,-1
2023,401507269,2023,2,2023-07-26,2023-07-26 20:00:00,8,"s:40~l:59~t:8","minnesota-lynx","Minnesota","Lynx","MIN","Minnesota Lynx","Lynx","266092","79bc43","https://a.espncdn.com/i/teamlogos/wnba/500/min.png","home",97,TRUE,21,0,24,"17",0.507,37,73,1,8,82.6,19,23,"9",9,"46",10,0,0,0.308,4,13,33,0,11,"12",11,16,"s:40~l:59~t:16","washington-mystics","Washington","Mystics","WSH","Washington Mystics","Mystics","e03a3e","002b5c","https://a.espncdn.com/i/teamlogos/wnba/500/wsh.png",92,"W",2023,2,2023-07-26,2023-07-26 20:00:00,16,"s:40~l:59~t:16","washington-mystics","Washington","Mystics","WSH","Washington Mystics","Mystics","e03a3e","002b5c","https://a.espncdn.com/i/teamlogos/wnba/500/wsh.png","away",92,18,4,21,"13",0.513,40,78,0,18,100,4,4,"8",8,"42",7,1,2,0.381,8,21,29,2,14,"13",13,8,"s:40~l:59~t:8","minnesota-lynx","Minnesota","Lynx","MIN","Minnesota Lynx","Lynx","266092","79bc43","https://a.espncdn.com/i/teamlogos/wnba/500/min.png",97,5,-5
2023,401507270,2023,2,2023-07-27,2023-07-27 15:30:00,6,"s:40~l:59~t:6","los-angeles-sparks","Los Angeles","Sparks","LA","Los Angeles Sparks","Sparks","552583","fdb927","https://a.espncdn.com/i/teamlogos/wnba/500/la.png","home",81,TRUE,17,4,26,"12",0.444,28,63,0,9,87,20,23,"16",4,"42",7,0,0,0.25,5,20,30,0,12,"15",12,5,"s:40~l:59~t:5","indiana-fever","Indiana","Fever","IND","Indiana Fever","Fever","002d62","e03a3e","https://a.espncdn.com/i/teamlogos/wnba/500/ind.png",68,"W",2023,2,2023-07-27,2023-07-27 15:30:00,5,"s:40~l:59~t:5","indiana-fever","Indiana","Fever","IND","Indiana Fever","Fever","002d62","e03a3e","https://a.espncdn.com/i/teamlogos/wnba/500/ind.png","away",68,19,3,27,"6",0.453,29,64,0,19,66.7,2,3,"4",3,"32",8,4,0,0.32,8,25,30,0,17,"19",13,6,"s:40~l:59~t:6","los-angeles-sparks","Los Angeles","Sparks","LA","Los Angeles Sparks","Sparks","552583","fdb927","https://a.espncdn.com/i/teamlogos/wnba/500/la.png",81,13,-13
2023,401507271,2023,2,2023-07-27,2023-07-27 19:00:00,9,"s:40~l:59~t:9","new-york-liberty","New York","Liberty","NY","New York Liberty","Liberty","86cebc","000000","https://a.espncdn.com/i/teamlogos/wnba/500/ny.png","home",95,TRUE,23,2,34,"9",0.485,32,66,0,21,90.9,20,22,"18",5,"32",3,0,0,0.355,11,31,39,0,13,"19",13,20,"s:40~l:59~t:20","atlanta-dream","Atlanta","Dream","ATL","Atlanta Dream","Dream","e31837","5091cc","https://a.espncdn.com/i/teamlogos/wnba/500/atl.png",84,"W",2023,2,2023-07-27,2023-07-27 19:00:00,20,"s:40~l:59~t:20","atlanta-dream","Atlanta","Dream","ATL","Atlanta Dream","Dream","e31837","5091cc","https://a.espncdn.com/i/teamlogos/wnba/500/atl.png","away",84,18,5,24,"7",0.425,31,73,0,17,60.9,14,23,"0",8,"34",1,0,1,0.308,8,26,32,1,7,"10",7,9,"s:40~l:59~t:9","new-york-liberty","New York","Liberty","NY","New York Liberty","Liberty","86cebc","000000","https://a.espncdn.com/i/teamlogos/wnba/500/ny.png",95,11,-11
2023,401507272,2023,2,2023-07-28,2023-07-28 20:00:00,19,"s:40~l:59~t:19","chicago-sky","Chicago","Sky","CHI","Chicago Sky","Sky","5091cd","ffd520","https://a.espncdn.com/i/teamlogos/wnba/500/chi.png","home",74,FALSE,18,12,20,"6",0.409,27,66,0,12,68.2,15,22,"5",6,"32",8,0,0,0.25,5,20,26,0,10,"12",10,14,"s:40~l:59~t:14","seattle-storm","Seattle","Storm","SEA","Seattle Storm","Storm","2c5235","fee11a","https://a.espncdn.com/i/teamlogos/wnba/500/sea.png",83,"L",2023,2,2023-07-28,2023-07-28 20:00:00,14,"s:40~l:59~t:14","seattle-storm","Seattle","Storm","SEA","Seattle Storm","Storm","2c5235","fee11a","https://a.espncdn.com/i/teamlogos/wnba/500/sea.png","away",83,22,4,30,"6",0.418,33,79,0,18,83.3,10,12,"18",16,"42",5,2,0,0.269,7,26,46,0,15,"8",13,19,"s:40~l:59~t:19","chicago-sky","Chicago","Sky","CHI","Chicago Sky","Sky","5091cd","ffd520","https://a.espncdn.com/i/teamlogos/wnba/500/chi.png",74,-9,9
2023,401507273,2023,2,2023-07-28,2023-07-28 20:00:00,3,"s:40~l:59~t:3","dallas-wings","Dallas","Wings","DAL","Dallas Wings","Wings","002b5c","c4d600","https://a.espncdn.com/i/teamlogos/wnba/500/dal.png","home",90,TRUE,29,6,42,"14",0.587,37,63,0,15,91.7,11,12,"31",6,"60",5,0,0,0.313,5,16,48,0,20,"22",20,16,"s:40~l:59~t:16","washington-mystics","Washington","Mystics","WSH","Washington Mystics","Mystics","e03a3e","002b5c","https://a.espncdn.com/i/teamlogos/wnba/500/wsh.png",62,"W",2023,2,2023-07-28,2023-07-28 20:00:00,16,"s:40~l:59~t:16","washington-mystics","Washington","Mystics","WSH","Washington Mystics","Mystics","e03a3e","002b5c","https://a.espncdn.com/i/teamlogos/wnba/500/wsh.png","away",62,19,2,14,"9",0.342,25,73,0,16,58.3,7,12,"0",7,"28",11,0,0,0.192,5,26,21,0,8,"8",8,3,"s:40~l:59~t:3","dallas-wings","Dallas","Wings","DAL","Dallas Wings","Wings","002b5c","c4d600","https://a.espncdn.com/i/teamlogos/wnba/500/dal.png",90,28,-28
2023,401558197,2023,2,2023-07-28,2023-07-28 20:00:00,9,"s:40~l:59~t:9","new-york-liberty","New York","Liberty","NY","New York Liberty","Liberty","86cebc","000000","https://a.espncdn.com/i/teamlogos/wnba/500/ny.png","home",83,FALSE,20,3,26,"12",0.361,26,72,1,21,84,21,25,"10",11,"24",6,1,0,0.286,10,35,37,0,11,"7",10,8,"s:40~l:59~t:8","minnesota-lynx","Minnesota","Lynx","MIN","Minnesota Lynx","Lynx","266092","79bc43","https://a.espncdn.com/i/teamlogos/wnba/500/min.png",88,"L",2023,2,2023-07-28,2023-07-28 20:00:00,8,"s:40~l:59~t:8","minnesota-lynx","Minnesota","Lynx","MIN","Minnesota Lynx","Lynx","266092","79bc43","https://a.espncdn.com/i/teamlogos/wnba/500/min.png","away",88,20,0,28,"10",0.465,33,71,1,18,59.1,13,22,"17",12,"40",5,0,1,0.409,9,22,40,1,14,"18",14,9,"s:40~l:59~t:9","new-york-liberty","New York","Liberty","NY","New York Liberty","Liberty","86cebc","000000","https://a.espncdn.com/i/teamlogos/wnba/500/ny.png",83,-5,5
2023,401507274,2023,2,2023-07-30,2023-07-30 13:00:00,18,"s:40~l:59~t:18","connecticut-sun","Connecticut","Sun","CONN","Connecticut Sun","Sun","f05023","0a2240","https://a.espncdn.com/i/teamlogos/wnba/500/conn.png","home",83,FALSE,22,5,23,"6",0.389,28,72,0,14,88.9,24,27,"2",11,"42",10,0,0,0.176,3,17,34,0,10,"10",10,8,"s:40~l:59~t:8","minnesota-lynx","Minnesota","Lynx","MIN","Minnesota Lynx","Lynx","266092","79bc43","https://a.espncdn.com/i/teamlogos/wnba/500/min.png",87,"L",2023,2,2023-07-30,2023-07-30 13:00:00,8,"s:40~l:59~t:8","minnesota-lynx","Minnesota","Lynx","MIN","Minnesota Lynx","Lynx","266092","79bc43","https://a.espncdn.com/i/teamlogos/wnba/500/min.png","away",87,23,4,28,"8",0.574,35,61,0,20,68.8,11,16,"9",3,"52",6,1,1,0.316,6,19,31,1,20,"18",19,18,"s:40~l:59~t:18","connecticut-sun","Connecticut","Sun","CONN","Connecticut Sun","Sun","f05023","0a2240","https://a.espncdn.com/i/teamlogos/wnba/500/conn.png",83,-4,4
2023,401507275,2023,2,2023-07-30,2023-07-30 15:00:00,20,"s:40~l:59~t:20","atlanta-dream","Atlanta","Dream","ATL","Atlanta Dream","Dream","e31837","5091cc","https://a.espncdn.com/i/teamlogos/wnba/500/atl.png","home",80,TRUE,21,7,31,"19",0.466,27,58,0,19,84.2,16,19,"9",2,"32",7,0,0,0.435,10,23,33,0,20,"15",20,16,"s:40~l:59~t:16","washington-mystics","Washington","Mystics","WSH","Washington Mystics","Mystics","e03a3e","002b5c","https://a.espncdn.com/i/teamlogos/wnba/500/wsh.png",73,"W",2023,2,2023-07-30,2023-07-30 15:00:00,16,"s:40~l:59~t:16","washington-mystics","Washington","Mystics","WSH","Washington Mystics","Mystics","e03a3e","002b5c","https://a.espncdn.com/i/teamlogos/wnba/500/wsh.png","away",73,13,1,22,"11",0.319,23,72,0,22,84,21,25,"6",11,"32",13,2,0,0.286,6,21,33,0,16,"10",14,20,"s:40~l:59~t:20","atlanta-dream","Atlanta","Dream","ATL","Atlanta Dream","Dream","e31837","5091cc","https://a.espncdn.com/i/teamlogos/wnba/500/atl.png",80,7,-7
2023,401507276,2023,2,2023-07-30,2023-07-30 16:00:00,5,"s:40~l:59~t:5","indiana-fever","Indiana","Fever","IND","Indiana Fever","Fever","002d62","e03a3e","https://a.espncdn.com/i/teamlogos/wnba/500/ind.png","home",62,FALSE,17,2,17,"9",0.379,25,66,0,11,66.7,8,12,"4",10,"34",8,1,0,0.25,4,16,27,0,18,"21",17,14,"s:40~l:59~t:14","seattle-storm","Seattle","Storm","SEA","Seattle Storm","Storm","2c5235","fee11a","https://a.espncdn.com/i/teamlogos/wnba/500/sea.png",85,"L",2023,2,2023-07-30,2023-07-30 16:00:00,14,"s:40~l:59~t:14","seattle-storm","Seattle","Storm","SEA","Seattle Storm","Storm","2c5235","fee11a","https://a.espncdn.com/i/teamlogos/wnba/500/sea.png","away",85,23,5,23,"4",0.534,31,58,0,19,84.6,11,13,"25",5,"24",11,1,0,0.5,12,24,28,0,18,"15",17,5,"s:40~l:59~t:5","indiana-fever","Indiana","Fever","IND","Indiana Fever","Fever","002d62","e03a3e","https://a.espncdn.com/i/teamlogos/wnba/500/ind.png",62,-23,23
2023,401507277,2023,2,2023-07-30,2023-07-30 16:00:00,19,"s:40~l:59~t:19","chicago-sky","Chicago","Sky","CHI","Chicago Sky","Sky","5091cd","ffd520","https://a.espncdn.com/i/teamlogos/wnba/500/chi.png","home",104,TRUE,27,8,19,"10",0.527,39,74,0,13,87.5,14,16,"19",8,"32",6,0,0,0.571,12,21,27,0,7,"5",7,11,"s:40~l:59~t:11","phoenix-mercury","Phoenix","Mercury","PHX","Phoenix Mercury","Mercury","3c286e","e56020","https://a.espncdn.com/i/teamlogos/wnba/500/phx.png",85,"W",2023,2,2023-07-30,2023-07-30 16:00:00,11,"s:40~l:59~t:11","phoenix-mercury","Phoenix","Mercury","PHX","Phoenix Mercury","Mercury","3c286e","e56020","https://a.espncdn.com/i/teamlogos/wnba/500/phx.png","away",85,24,5,21,"6",0.476,30,63,0,15,92.9,13,14,"1",8,"34",4,2,0,0.444,12,27,29,0,18,"32",16,19,"s:40~l:59~t:19","chicago-sky","Chicago","Sky","CHI","Chicago Sky","Sky","5091cd","ffd520","https://a.espncdn.com/i/teamlogos/wnba/500/chi.png",104,19,-19
2023,401507279,2023,2,2023-07-30,2023-07-30 16:00:00,6,"s:40~l:59~t:6","los-angeles-sparks","Los Angeles","Sparks","LA","Los Angeles Sparks","Sparks","552583","fdb927","https://a.espncdn.com/i/teamlogos/wnba/500/la.png","home",79,FALSE,17,3,21,"16",0.431,31,72,0,13,66.7,12,18,"0",4,"46",10,0,1,0.227,5,22,25,1,8,"8",8,9,"s:40~l:59~t:9","new-york-liberty","New York","Liberty","NY","New York Liberty","Liberty","86cebc","000000","https://a.espncdn.com/i/teamlogos/wnba/500/ny.png",87,"L",2023,2,2023-07-30,2023-07-30 16:00:00,9,"s:40~l:59~t:9","new-york-liberty","New York","Liberty","NY","New York Liberty","Liberty","86cebc","000000","https://a.espncdn.com/i/teamlogos/wnba/500/ny.png","away",87,26,6,32,"6",0.457,32,70,0,18,72.7,8,11,"27",10,"24",5,0,2,0.441,15,34,42,2,17,"17",17,6,"s:40~l:59~t:6","los-angeles-sparks","Los Angeles","Sparks","LA","Los Angeles Sparks","Sparks","552583","fdb927","https://a.espncdn.com/i/teamlogos/wnba/500/la.png",79,-8,8
2023,401507278,2023,2,2023-07-30,2023-07-30 18:00:00,17,"s:40~l:59~t:17","las-vegas-aces","Las Vegas","Aces","LV","Las Vegas Aces","Aces","a7a8aa","000000","https://a.espncdn.com/i/teamlogos/wnba/500/lv.png","home",104,TRUE,17,7,27,"9",0.5,32,64,0,18,96.4,27,28,"20",3,"36",5,0,2,0.52,13,25,30,2,8,"7",8,3,"s:40~l:59~t:3","dallas-wings","Dallas","Wings","DAL","Dallas Wings","Wings","002b5c","c4d600","https://a.espncdn.com/i/teamlogos/wnba/500/dal.png",91,"W",2023,2,2023-07-30,2023-07-30 18:00:00,3,"s:40~l:59~t:3","dallas-wings","Dallas","Wings","DAL","Dallas Wings","Wings","002b5c","c4d600","https://a.espncdn.com/i/teamlogos/wnba/500/dal.png","away",91,18,3,26,"11",0.462,36,78,0,23,57.1,12,21,"0",15,"44",8,0,2,0.389,7,18,41,2,16,"19",16,17,"s:40~l:59~t:17","las-vegas-aces","Las Vegas","Aces","LV","Las Vegas Aces","Aces","a7a8aa","000000","https://a.espncdn.com/i/teamlogos/wnba/500/lv.png",104,13,-13
2023,401507280,2023,2,2023-08-01,2023-08-01 19:00:00,18,"s:40~l:59~t:18","connecticut-sun","Connecticut","Sun","CONN","Connecticut Sun","Sun","f05023","0a2240","https://a.espncdn.com/i/teamlogos/wnba/500/conn.png","home",79,TRUE,25,7,25,"8",0.507,36,71,0,18,50,3,6,"14",7,"54",7,2,1,0.2,4,20,32,1,11,"7",9,8,"s:40~l:59~t:8","minnesota-lynx","Minnesota","Lynx","MIN","Minnesota Lynx","Lynx","266092","79bc43","https://a.espncdn.com/i/teamlogos/wnba/500/min.png",69,"W",2023,2,2023-08-01,2023-08-01 19:00:00,8,"s:40~l:59~t:8","minnesota-lynx","Minnesota","Lynx","MIN","Minnesota Lynx","Lynx","266092","79bc43","https://a.espncdn.com/i/teamlogos/wnba/500/min.png","away",69,14,1,25,"7",0.39,23,59,0,13,75,18,24,"3",5,"30",5,3,0,0.278,5,18,30,0,19,"22",16,18,"s:40~l:59~t:18","connecticut-sun","Connecticut","Sun","CONN","Connecticut Sun","Sun","f05023","0a2240","https://a.espncdn.com/i/teamlogos/wnba/500/conn.png",79,10,-10
2023,401507281,2023,2,2023-08-01,2023-08-01 19:00:00,5,"s:40~l:59~t:5","indiana-fever","Indiana","Fever","IND","Indiana Fever","Fever","002d62","e03a3e","https://a.espncdn.com/i/teamlogos/wnba/500/ind.png","home",72,TRUE,12,3,25,"8",0.397,25,63,0,20,81.8,18,22,"11",11,"38",8,1,0,0.267,4,15,36,0,21,"19",20,11,"s:40~l:59~t:11","phoenix-mercury","Phoenix","Mercury","PHX","Phoenix Mercury","Mercury","3c286e","e56020","https://a.espncdn.com/i/teamlogos/wnba/500/phx.png",71,"W",2023,2,2023-08-01,2023-08-01 19:00:00,11,"s:40~l:59~t:11","phoenix-mercury","Phoenix","Mercury","PHX","Phoenix Mercury","Mercury","3c286e","e56020","https://a.espncdn.com/i/teamlogos/wnba/500/phx.png","away",71,18,4,23,"15",0.391,25,64,0,23,85.7,12,14,"5",6,"18",7,0,2,0.391,9,23,29,2,18,"18",18,5,"s:40~l:59~t:5","indiana-fever","Indiana","Fever","IND","Indiana Fever","Fever","002d62","e03a3e","https://a.espncdn.com/i/teamlogos/wnba/500/ind.png",72,1,-1
2023,401507282,2023,2,2023-08-01,2023-08-01 22:00:00,17,"s:40~l:59~t:17","las-vegas-aces","Las Vegas","Aces","LV","Las Vegas Aces","Aces","a7a8aa","000000","https://a.espncdn.com/i/teamlogos/wnba/500/lv.png","home",93,TRUE,17,5,32,"18",0.523,34,65,0,20,82.4,14,17,"22",3,"36",12,1,0,0.478,11,23,35,0,14,"3",13,20,"s:40~l:59~t:20","atlanta-dream","Atlanta","Dream","ATL","Atlanta Dream","Dream","e31837","5091cc","https://a.espncdn.com/i/teamlogos/wnba/500/atl.png",72,"W",2023,2,2023-08-01,2023-08-01 22:00:00,20,"s:40~l:59~t:20","atlanta-dream","Atlanta","Dream","ATL","Atlanta Dream","Dream","e31837","5091cc","https://a.espncdn.com/i/teamlogos/wnba/500/atl.png","away",72,21,5,22,"12",0.433,29,67,0,16,66.7,10,15,"6",6,"28",5,2,0,0.2,4,20,28,0,17,"32",15,17,"s:40~l:59~t:17","las-vegas-aces","Las Vegas","Aces","LV","Las Vegas Aces","Aces","a7a8aa","000000","https://a.espncdn.com/i/teamlogos/wnba/500/lv.png",93,21,-21
2023,401507283,2023,2,2023-08-01,2023-08-01 22:00:00,6,"s:40~l:59~t:6","los-angeles-sparks","Los Angeles","Sparks","LA","Los Angeles Sparks","Sparks","552583","fdb927","https://a.espncdn.com/i/teamlogos/wnba/500/la.png","home",69,FALSE,18,1,23,"8",0.343,24,70,0,17,93.8,15,16,"8",12,"32",7,1,0,0.3,6,20,35,0,13,"12",12,9,"s:40~l:59~t:9","new-york-liberty","New York","Liberty","NY","New York Liberty","Liberty","86cebc","000000","https://a.espncdn.com/i/teamlogos/wnba/500/ny.png",76,"L",2023,2,2023-08-01,2023-08-01 22:00:00,9,"s:40~l:59~t:9","new-york-liberty","New York","Liberty","NY","New York Liberty","Liberty","86cebc","000000","https://a.espncdn.com/i/teamlogos/wnba/500/ny.png","away",76,20,6,27,"3",0.424,28,66,0,16,80,12,15,"7",13,"34",6,3,0,0.242,8,33,40,0,15,"13",12,6,"s:40~l:59~t:6","los-angeles-sparks","Los Angeles","Sparks","LA","Los Angeles Sparks","Sparks","552583","fdb927","https://a.espncdn.com/i/teamlogos/wnba/500/la.png",69,-7,7
2023,401507284,2023,2,2023-08-02,2023-08-02 22:30:00,14,"s:40~l:59~t:14","seattle-storm","Seattle","Storm","SEA","Seattle Storm","Storm","2c5235","fee11a","https://a.espncdn.com/i/teamlogos/wnba/500/sea.png","home",65,FALSE,15,2,25,"15",0.406,26,64,0,16,70,7,10,"0",5,"32",2,0,0,0.3,6,20,30,0,18,"15",18,3,"s:40~l:59~t:3","dallas-wings","Dallas","Wings","DAL","Dallas Wings","Wings","002b5c","c4d600","https://a.espncdn.com/i/teamlogos/wnba/500/dal.png",76,"L",2023,2,2023-08-02,2023-08-02 22:30:00,3,"s:40~l:59~t:3","dallas-wings","Dallas","Wings","DAL","Dallas Wings","Wings","002b5c","c4d600","https://a.espncdn.com/i/teamlogos/wnba/500/dal.png","away",76,17,2,27,"12",0.364,28,77,0,15,100,12,12,"17",17,"36",11,3,0,0.364,8,22,44,0,16,"7",13,14,"s:40~l:59~t:14","seattle-storm","Seattle","Storm","SEA","Seattle Storm","Storm","2c5235","fee11a","https://a.espncdn.com/i/teamlogos/wnba/500/sea.png",65,-11,11
2023,401507285,2023,2,2023-08-03,2023-08-03 22:00:00,11,"s:40~l:59~t:11","phoenix-mercury","Phoenix","Mercury","PHX","Phoenix Mercury","Mercury","3c286e","e56020","https://a.espncdn.com/i/teamlogos/wnba/500/phx.png","home",91,TRUE,17,3,28,"2",0.408,29,71,0,24,95.8,23,24,"21",12,"34",5,1,0,0.323,10,31,40,0,14,"12",13,20,"s:40~l:59~t:20","atlanta-dream","Atlanta","Dream","ATL","Atlanta Dream","Dream","e31837","5091cc","https://a.espncdn.com/i/teamlogos/wnba/500/atl.png",71,"W",2023,2,2023-08-03,2023-08-03 22:00:00,20,"s:40~l:59~t:20","atlanta-dream","Atlanta","Dream","ATL","Atlanta Dream","Dream","e31837","5091cc","https://a.espncdn.com/i/teamlogos/wnba/500/atl.png","away",71,16,4,23,"6",0.397,25,63,0,25,76,19,25,"7",8,"34",8,0,1,0.154,2,13,31,1,15,"12",15,11,"s:40~l:59~t:11","phoenix-mercury","Phoenix","Mercury","PHX","Phoenix Mercury","Mercury","3c286e","e56020","https://a.espncdn.com/i/teamlogos/wnba/500/phx.png",91,20,-20
2023,401507286,2023,2,2023-08-04,2023-08-04 19:00:00,5,"s:40~l:59~t:5","indiana-fever","Indiana","Fever","IND","Indiana Fever","Fever","002d62","e03a3e","https://a.espncdn.com/i/teamlogos/wnba/500/ind.png","home",72,FALSE,15,4,15,"7",0.386,22,57,0,21,87.5,21,24,"3",10,"20",10,0,0,0.304,7,23,25,0,19,"16",19,18,"s:40~l:59~t:18","connecticut-sun","Connecticut","Sun","CONN","Connecticut Sun","Sun","f05023","0a2240","https://a.espncdn.com/i/teamlogos/wnba/500/conn.png",88,"L",2023,2,2023-08-04,2023-08-04 19:00:00,18,"s:40~l:59~t:18","connecticut-sun","Connecticut","Sun","CONN","Connecticut Sun","Sun","f05023","0a2240","https://a.espncdn.com/i/teamlogos/wnba/500/conn.png","away",88,21,3,22,"14",0.492,31,63,1,21,89.5,17,19,"26",10,"40",8,1,1,0.409,9,22,32,1,17,"26",16,5,"s:40~l:59~t:5","indiana-fever","Indiana","Fever","IND","Indiana Fever","Fever","002d62","e03a3e","https://a.espncdn.com/i/teamlogos/wnba/500/ind.png",72,-16,16
2023,401507287,2023,2,2023-08-04,2023-08-04 19:00:00,16,"s:40~l:59~t:16","washington-mystics","Washington","Mystics","WSH","Washington Mystics","Mystics","e03a3e","002b5c","https://a.espncdn.com/i/teamlogos/wnba/500/wsh.png","home",79,TRUE,22,0,29,"4",0.437,31,71,0,20,92.3,12,13,"13",3,"38",10,0,1,0.227,5,22,32,1,10,"13",10,6,"s:40~l:59~t:6","los-angeles-sparks","Los Angeles","Sparks","LA","Los Angeles Sparks","Sparks","552583","fdb927","https://a.espncdn.com/i/teamlogos/wnba/500/la.png",77,"W",2023,2,2023-08-04,2023-08-04 19:00:00,6,"s:40~l:59~t:6","los-angeles-sparks","Los Angeles","Sparks","LA","Los Angeles Sparks","Sparks","552583","fdb927","https://a.espncdn.com/i/teamlogos/wnba/500/la.png","away",77,17,2,32,"0",0.418,28,67,0,21,77.8,14,18,"3",11,"38",3,1,0,0.412,7,17,43,0,17,"20",16,16,"s:40~l:59~t:16","washington-mystics","Washington","Mystics","WSH","Washington Mystics","Mystics","e03a3e","002b5c","https://a.espncdn.com/i/teamlogos/wnba/500/wsh.png",79,2,-2
2023,401507288,2023,2,2023-08-04,2023-08-04 20:00:00,3,"s:40~l:59~t:3","dallas-wings","Dallas","Wings","DAL","Dallas Wings","Wings","002b5c","c4d600","https://a.espncdn.com/i/teamlogos/wnba/500/dal.png","home",89,FALSE,26,3,21,"12",0.479,35,73,0,15,63.2,12,19,"1",7,"48",9,0,0,0.35,7,20,28,0,12,"11",12,19,"s:40~l:59~t:19","chicago-sky","Chicago","Sky","CHI","Chicago Sky","Sky","5091cd","ffd520","https://a.espncdn.com/i/teamlogos/wnba/500/chi.png",104,"L",2023,2,2023-08-04,2023-08-04 20:00:00,19,"s:40~l:59~t:19","chicago-sky","Chicago","Sky","CHI","Chicago Sky","Sky","5091cd","ffd520","https://a.espncdn.com/i/teamlogos/wnba/500/chi.png","away",104,24,4,24,"13",0.551,38,69,0,18,93.3,14,15,"19",5,"34",4,0,0,0.583,14,24,29,0,11,"13",11,3,"s:40~l:59~t:3","dallas-wings","Dallas","Wings","DAL","Dallas Wings","Wings","002b5c","c4d600","https://a.espncdn.com/i/teamlogos/wnba/500/dal.png",89,-15,15
2023,401507289,2023,2,2023-08-04,2023-08-04 20:00:00,8,"s:40~l:59~t:8","minnesota-lynx","Minnesota","Lynx","MIN","Minnesota Lynx","Lynx","266092","79bc43","https://a.espncdn.com/i/teamlogos/wnba/500/min.png","home",66,FALSE,21,2,23,"9",0.413,26,63,0,16,78.6,11,14,"4",9,"40",8,1,0,0.188,3,16,32,0,11,"11",10,9,"s:40~l:59~t:9","new-york-liberty","New York","Liberty","NY","New York Liberty","Liberty","86cebc","000000","https://a.espncdn.com/i/teamlogos/wnba/500/ny.png",76,"L",2023,2,2023-08-04,2023-08-04 20:00:00,9,"s:40~l:59~t:9","new-york-liberty","New York","Liberty","NY","New York Liberty","Liberty","86cebc","000000","https://a.espncdn.com/i/teamlogos/wnba/500/ny.png","away",76,20,4,27,"7",0.4,30,75,0,15,87.5,7,8,"10",16,"38",5,1,0,0.3,9,30,43,0,13,"11",12,8,"s:40~l:59~t:8","minnesota-lynx","Minnesota","Lynx","MIN","Minnesota Lynx","Lynx","266092","79bc43","https://a.espncdn.com/i/teamlogos/wnba/500/min.png",66,-10,10
2023,401507290,2023,2,2023-08-05,2023-08-05 22:00:00,11,"s:40~l:59~t:11","phoenix-mercury","Phoenix","Mercury","PHX","Phoenix Mercury","Mercury","3c286e","e56020","https://a.espncdn.com/i/teamlogos/wnba/500/phx.png","home",91,FALSE,27,1,23,"8",0.507,36,71,0,20,86.7,13,15,"10",4,"52",8,1,1,0.261,6,23,27,1,11,"19",10,14,"s:40~l:59~t:14","seattle-storm","Seattle","Storm","SEA","Seattle Storm","Storm","2c5235","fee11a","https://a.espncdn.com/i/teamlogos/wnba/500/sea.png",97,"L",2023,2,2023-08-05,2023-08-05 22:00:00,14,"s:40~l:59~t:14","seattle-storm","Seattle","Storm","SEA","Seattle Storm","Storm","2c5235","fee11a","https://a.espncdn.com/i/teamlogos/wnba/500/sea.png","away",97,18,4,24,"8",0.472,34,72,1,18,91.3,21,23,"7",12,"46",6,0,0,0.364,8,22,36,0,12,"14",12,11,"s:40~l:59~t:11","phoenix-mercury","Phoenix","Mercury","PHX","Phoenix Mercury","Mercury","3c286e","e56020","https://a.espncdn.com/i/teamlogos/wnba/500/phx.png",91,-6,6
2023,401507291,2023,2,2023-08-06,2023-08-06 15:00:00,20,"s:40~l:59~t:20","atlanta-dream","Atlanta","Dream","ATL","Atlanta Dream","Dream","e31837","5091cc","https://a.espncdn.com/i/teamlogos/wnba/500/atl.png","home",82,TRUE,23,7,24,"11",0.484,30,62,0,16,61.9,13,21,"14",4,"20",6,0,1,0.45,9,20,28,1,10,"8",10,5,"s:40~l:59~t:5","indiana-fever","Indiana","Fever","IND","Indiana Fever","Fever","002d62","e03a3e","https://a.espncdn.com/i/teamlogos/wnba/500/ind.png",73,"W",2023,2,2023-08-06,2023-08-06 15:00:00,5,"s:40~l:59~t:5","indiana-fever","Indiana","Fever","IND","Indiana Fever","Fever","002d62","e03a3e","https://a.espncdn.com/i/teamlogos/wnba/500/ind.png","away",73,12,4,25,"12",0.453,29,64,0,23,55,11,20,"2",8,"34",8,2,1,0.308,4,13,33,1,16,"21",14,20,"s:40~l:59~t:20","atlanta-dream","Atlanta","Dream","ATL","Atlanta Dream","Dream","e31837","5091cc","https://a.espncdn.com/i/teamlogos/wnba/500/atl.png",82,9,-9
2023,401507292,2023,2,2023-08-06,2023-08-06 15:00:00,9,"s:40~l:59~t:9","new-york-liberty","New York","Liberty","NY","New York Liberty","Liberty","86cebc","000000","https://a.espncdn.com/i/teamlogos/wnba/500/ny.png","home",99,TRUE,28,4,37,"21",0.5,38,76,1,6,100,6,6,"42",11,"36",7,0,0,0.447,17,38,48,0,13,"12",13,17,"s:40~l:59~t:17","las-vegas-aces","Las Vegas","Aces","LV","Las Vegas Aces","Aces","a7a8aa","000000","https://a.espncdn.com/i/teamlogos/wnba/500/lv.png",61,"W",2023,2,2023-08-06,2023-08-06 15:00:00,17,"s:40~l:59~t:17","las-vegas-aces","Las Vegas","Aces","LV","Las Vegas Aces","Aces","a7a8aa","000000","https://a.espncdn.com/i/teamlogos/wnba/500/lv.png","away",61,14,4,22,"14",0.329,23,70,0,9,90,9,10,"5",2,"26",7,0,0,0.261,6,23,24,0,10,"9",10,9,"s:40~l:59~t:9","new-york-liberty","New York","Liberty","NY","New York Liberty","Liberty","86cebc","000000","https://a.espncdn.com/i/teamlogos/wnba/500/ny.png",99,38,-38
2023,401507293,2023,2,2023-08-06,2023-08-06 15:00:00,16,"s:40~l:59~t:16","washington-mystics","Washington","Mystics","WSH","Washington Mystics","Mystics","e03a3e","002b5c","https://a.espncdn.com/i/teamlogos/wnba/500/wsh.png","home",83,FALSE,19,1,20,"11",0.468,29,62,0,23,66.7,18,27,"10",4,"38",7,0,2,0.5,7,14,24,2,16,"17",16,6,"s:40~l:59~t:6","los-angeles-sparks","Los Angeles","Sparks","LA","Los Angeles Sparks","Sparks","552583","fdb927","https://a.espncdn.com/i/teamlogos/wnba/500/la.png",91,"L",2023,2,2023-08-06,2023-08-06 15:00:00,6,"s:40~l:59~t:6","los-angeles-sparks","Los Angeles","Sparks","LA","Los Angeles Sparks","Sparks","552583","fdb927","https://a.espncdn.com/i/teamlogos/wnba/500/la.png","away",91,21,3,26,"6",0.458,27,59,0,23,87.1,27,31,"10",6,"26",11,1,1,0.476,10,21,32,1,16,"17",15,16,"s:40~l:59~t:16","washington-mystics","Washington","Mystics","WSH","Washington Mystics","Mystics","e03a3e","002b5c","https://a.espncdn.com/i/teamlogos/wnba/500/wsh.png",83,-8,8
2023,401507294,2023,2,2023-08-06,2023-08-06 16:00:00,3,"s:40~l:59~t:3","dallas-wings","Dallas","Wings","DAL","Dallas Wings","Wings","002b5c","c4d600","https://a.espncdn.com/i/teamlogos/wnba/500/dal.png","home",96,FALSE,20,4,21,"12",0.457,32,70,0,26,80,28,35,"4",13,"44",8,0,3,0.25,4,16,34,3,17,"18",17,19,"s:40~l:59~t:19","chicago-sky","Chicago","Sky","CHI","Chicago Sky","Sky","5091cd","ffd520","https://a.espncdn.com/i/teamlogos/wnba/500/chi.png",104,"L",2023,2,2023-08-06,2023-08-06 16:00:00,19,"s:40~l:59~t:19","chicago-sky","Chicago","Sky","CHI","Chicago Sky","Sky","5091cd","ffd520","https://a.espncdn.com/i/teamlogos/wnba/500/chi.png","away",104,19,1,19,"6",0.484,31,64,0,28,85.7,30,35,"12",12,"28",7,1,2,0.462,12,26,31,2,19,"18",18,3,"s:40~l:59~t:3","dallas-wings","Dallas","Wings","DAL","Dallas Wings","Wings","002b5c","c4d600","https://a.espncdn.com/i/teamlogos/wnba/500/dal.png",96,-8,8
2023,401507295,2023,2,2023-08-08,2023-08-08 15:00:00,14,"s:40~l:59~t:14","seattle-storm","Seattle","Storm","SEA","Seattle Storm","Storm","2c5235","fee11a","https://a.espncdn.com/i/teamlogos/wnba/500/sea.png","home",69,FALSE,19,6,27,"5",0.414,29,70,0,13,60,6,10,"7",13,"48",6,1,1,0.208,5,24,40,1,17,"23",16,18,"s:40~l:59~t:18","connecticut-sun","Connecticut","Sun","CONN","Connecticut Sun","Sun","f05023","0a2240","https://a.espncdn.com/i/teamlogos/wnba/500/conn.png",81,"L",2023,2,2023-08-08,2023-08-08 15:00:00,18,"s:40~l:59~t:18","connecticut-sun","Connecticut","Sun","CONN","Connecticut Sun","Sun","f05023","0a2240","https://a.espncdn.com/i/teamlogos/wnba/500/conn.png","away",81,21,5,23,"16",0.457,32,70,0,17,90.9,10,11,"24",11,"46",11,1,0,0.467,7,15,34,0,12,"13",11,14,"s:40~l:59~t:14","seattle-storm","Seattle","Storm","SEA","Seattle Storm","Storm","2c5235","fee11a","https://a.espncdn.com/i/teamlogos/wnba/500/sea.png",69,-12,12
2023,401507296,2023,2,2023-08-08,2023-08-08 19:00:00,5,"s:40~l:59~t:5","indiana-fever","Indiana","Fever","IND","Indiana Fever","Fever","002d62","e03a3e","https://a.espncdn.com/i/teamlogos/wnba/500/ind.png","home",80,FALSE,20,5,33,"10",0.469,30,64,0,21,82.4,14,17,"9",6,"40",7,1,1,0.3,6,20,39,1,21,"24",20,6,"s:40~l:59~t:6","los-angeles-sparks","Los Angeles","Sparks","LA","Los Angeles Sparks","Sparks","552583","fdb927","https://a.espncdn.com/i/teamlogos/wnba/500/la.png",87,"L",2023,2,2023-08-08,2023-08-08 19:00:00,6,"s:40~l:59~t:6","los-angeles-sparks","Los Angeles","Sparks","LA","Los Angeles Sparks","Sparks","552583","fdb927","https://a.espncdn.com/i/teamlogos/wnba/500/la.png","away",87,19,6,25,"12",0.403,29,72,0,14,87.5,21,24,"8",6,"30",8,2,0,0.421,8,19,31,0,10,"11",8,5,"s:40~l:59~t:5","indiana-fever","Indiana","Fever","IND","Indiana Fever","Fever","002d62","e03a3e","https://a.espncdn.com/i/teamlogos/wnba/500/ind.png",80,-7,7
2023,401507297,2023,2,2023-08-08,2023-08-08 20:00:00,19,"s:40~l:59~t:19","chicago-sky","Chicago","Sky","CHI","Chicago Sky","Sky","5091cd","ffd520","https://a.espncdn.com/i/teamlogos/wnba/500/chi.png","home",79,FALSE,20,2,22,"12",0.421,32,76,0,18,80,4,5,"0",6,"36",7,0,0,0.393,11,28,28,0,11,"18",11,8,"s:40~l:59~t:8","minnesota-lynx","Minnesota","Lynx","MIN","Minnesota Lynx","Lynx","266092","79bc43","https://a.espncdn.com/i/teamlogos/wnba/500/min.png",88,"L",2023,2,2023-08-08,2023-08-08 20:00:00,8,"s:40~l:59~t:8","minnesota-lynx","Minnesota","Lynx","MIN","Minnesota Lynx","Lynx","266092","79bc43","https://a.espncdn.com/i/teamlogos/wnba/500/min.png","away",88,26,3,31,"9",0.517,30,58,0,12,80.8,21,26,"12",6,"40",5,2,0,0.467,7,15,37,0,18,"13",16,19,"s:40~l:59~t:19","chicago-sky","Chicago","Sky","CHI","Chicago Sky","Sky","5091cd","ffd520","https://a.espncdn.com/i/teamlogos/wnba/500/chi.png",79,-9,9
2023,401507298,2023,2,2023-08-08,2023-08-08 20:00:00,3,"s:40~l:59~t:3","dallas-wings","Dallas","Wings","DAL","Dallas Wings","Wings","002b5c","c4d600","https://a.espncdn.com/i/teamlogos/wnba/500/dal.png","home",84,FALSE,23,4,22,"9",0.375,27,72,0,17,75,21,28,"0",8,"28",4,1,0,0.346,9,26,30,0,7,"12",6,17,"s:40~l:59~t:17","las-vegas-aces","Las Vegas","Aces","LV","Las Vegas Aces","Aces","a7a8aa","000000","https://a.espncdn.com/i/teamlogos/wnba/500/lv.png",104,"L",2023,2,2023-08-08,2023-08-08 20:00:00,17,"s:40~l:59~t:17","las-vegas-aces","Las Vegas","Aces","LV","Las Vegas Aces","Aces","a7a8aa","000000","https://a.espncdn.com/i/teamlogos/wnba/500/lv.png","away",104,27,2,34,"13",0.5,37,74,0,21,87.5,14,16,"41",11,"30",4,0,1,0.5,16,32,45,1,13,"11",13,3,"s:40~l:59~t:3","dallas-wings","Dallas","Wings","DAL","Dallas Wings","Wings","002b5c","c4d600","https://a.espncdn.com/i/teamlogos/wnba/500/dal.png",84,-20,20
2023,401507299,2023,2,2023-08-08,2023-08-08 22:00:00,11,"s:40~l:59~t:11","phoenix-mercury","Phoenix","Mercury","PHX","Phoenix Mercury","Mercury","3c286e","e56020","https://a.espncdn.com/i/teamlogos/wnba/500/phx.png","home",91,TRUE,24,3,29,"3",0.557,34,61,0,13,66.7,10,15,"21",4,"34",5,4,0,0.448,13,29,33,0,18,"24",14,16,"s:40~l:59~t:16","washington-mystics","Washington","Mystics","WSH","Washington Mystics","Mystics","e03a3e","002b5c","https://a.espncdn.com/i/teamlogos/wnba/500/wsh.png",72,"W",2023,2,2023-08-08,2023-08-08 22:00:00,16,"s:40~l:59~t:16","washington-mystics","Washington","Mystics","WSH","Washington Mystics","Mystics","e03a3e","002b5c","https://a.espncdn.com/i/teamlogos/wnba/500/wsh.png","away",72,19,2,17,"13",0.366,26,71,0,18,80,12,15,"0",9,"28",8,1,0,0.286,8,28,26,0,12,"8",11,11,"s:40~l:59~t:11","phoenix-mercury","Phoenix","Mercury","PHX","Phoenix Mercury","Mercury","3c286e","e56020","https://a.espncdn.com/i/teamlogos/wnba/500/phx.png",91,19,-19
2023,401507300,2023,2,2023-08-10,2023-08-10 19:00:00,5,"s:40~l:59~t:5","indiana-fever","Indiana","Fever","IND","Indiana Fever","Fever","002d62","e03a3e","https://a.espncdn.com/i/teamlogos/wnba/500/ind.png","home",91,TRUE,23,5,26,"3",0.5,34,68,0,16,92.9,13,14,"18",13,"34",8,0,0,0.37,10,27,39,0,12,"17",12,8,"s:40~l:59~t:8","minnesota-lynx","Minnesota","Lynx","MIN","Minnesota Lynx","Lynx","266092","79bc43","https://a.espncdn.com/i/teamlogos/wnba/500/min.png",73,"W",2023,2,2023-08-10,2023-08-10 19:00:00,8,"s:40~l:59~t:8","minnesota-lynx","Minnesota","Lynx","MIN","Minnesota Lynx","Lynx","266092","79bc43","https://a.espncdn.com/i/teamlogos/wnba/500/min.png","away",73,17,1,19,"7",0.397,25,63,1,17,86.7,13,15,"4",7,"18",6,0,0,0.526,10,19,26,0,13,"18",13,5,"s:40~l:59~t:5","indiana-fever","Indiana","Fever","IND","Indiana Fever","Fever","002d62","e03a3e","https://a.espncdn.com/i/teamlogos/wnba/500/ind.png",91,18,-18
2023,401507301,2023,2,2023-08-10,2023-08-10 22:00:00,11,"s:40~l:59~t:11","phoenix-mercury","Phoenix","Mercury","PHX","Phoenix Mercury","Mercury","3c286e","e56020","https://a.espncdn.com/i/teamlogos/wnba/500/phx.png","home",90,TRUE,21,8,24,"6",0.554,31,56,1,23,90.5,19,21,"21",2,"38",8,0,2,0.5,9,18,26,2,19,"24",19,18,"s:40~l:59~t:18","connecticut-sun","Connecticut","Sun","CONN","Connecticut Sun","Sun","f05023","0a2240","https://a.espncdn.com/i/teamlogos/wnba/500/conn.png",84,"W",2023,2,2023-08-10,2023-08-10 22:00:00,18,"s:40~l:59~t:18","connecticut-sun","Connecticut","Sun","CONN","Connecticut Sun","Sun","f05023","0a2240","https://a.espncdn.com/i/teamlogos/wnba/500/conn.png","away",84,17,3,21,"15",0.423,30,71,0,23,68,17,25,"0",10,"34",7,3,0,0.538,7,13,31,0,16,"21",13,11,"s:40~l:59~t:11","phoenix-mercury","Phoenix","Mercury","PHX","Phoenix Mercury","Mercury","3c286e","e56020","https://a.espncdn.com/i/teamlogos/wnba/500/phx.png",90,6,-6
2023,401507302,2023,2,2023-08-10,2023-08-10 22:00:00,14,"s:40~l:59~t:14","seattle-storm","Seattle","Storm","SEA","Seattle Storm","Storm","2c5235","fee11a","https://a.espncdn.com/i/teamlogos/wnba/500/sea.png","home",68,TRUE,14,5,37,"5",0.333,21,63,0,20,71,22,31,"4",8,"32",10,1,0,0.286,4,14,45,0,18,"12",17,20,"s:40~l:59~t:20","atlanta-dream","Atlanta","Dream","ATL","Atlanta Dream","Dream","e31837","5091cc","https://a.espncdn.com/i/teamlogos/wnba/500/atl.png",67,"W",2023,2,2023-08-10,2023-08-10 22:00:00,20,"s:40~l:59~t:20","atlanta-dream","Atlanta","Dream","ATL","Atlanta Dream","Dream","e31837","5091cc","https://a.espncdn.com/i/teamlogos/wnba/500/atl.png","away",67,12,4,34,"6",0.315,23,73,0,23,68.4,13,19,"16",11,"24",12,1,0,0.381,8,21,45,0,15,"10",14,14,"s:40~l:59~t:14","seattle-storm","Seattle","Storm","SEA","Seattle Storm","Storm","2c5235","fee11a","https://a.espncdn.com/i/teamlogos/wnba/500/sea.png",68,1,-1
2023,401507303,2023,2,2023-08-11,2023-08-11 20:00:00,9,"s:40~l:59~t:9","new-york-liberty","New York","Liberty","NY","New York Liberty","Liberty","86cebc","000000","https://a.espncdn.com/i/teamlogos/wnba/500/ny.png","home",89,TRUE,28,4,29,"14",0.515,34,66,0,13,66.7,8,12,"23",5,"40",9,0,0,0.52,13,25,34,0,14,"10",14,19,"s:40~l:59~t:19","chicago-sky","Chicago","Sky","CHI","Chicago Sky","Sky","5091cd","ffd520","https://a.espncdn.com/i/teamlogos/wnba/500/chi.png",73,"W",2023,2,2023-08-11,2023-08-11 20:00:00,19,"s:40~l:59~t:19","chicago-sky","Chicago","Sky","CHI","Chicago Sky","Sky","5091cd","ffd520","https://a.espncdn.com/i/teamlogos/wnba/500/chi.png","away",73,21,2,26,"16",0.414,29,70,0,12,88.9,8,9,"0",7,"36",7,2,0,0.292,7,24,33,0,19,"27",17,9,"s:40~l:59~t:9","new-york-liberty","New York","Liberty","NY","New York Liberty","Liberty","86cebc","000000","https://a.espncdn.com/i/teamlogos/wnba/500/ny.png",89,16,-16
2023,401507304,2023,2,2023-08-11,2023-08-11 22:00:00,17,"s:40~l:59~t:17","las-vegas-aces","Las Vegas","Aces","LV","Las Vegas Aces","Aces","a7a8aa","000000","https://a.espncdn.com/i/teamlogos/wnba/500/lv.png","home",113,TRUE,29,1,31,"11",0.545,42,77,0,10,93.8,15,16,"27",3,"46",9,0,1,0.5,14,28,34,1,7,"8",7,16,"s:40~l:59~t:16","washington-mystics","Washington","Mystics","WSH","Washington Mystics","Mystics","e03a3e","002b5c","https://a.espncdn.com/i/teamlogos/wnba/500/wsh.png",89,"W",2023,2,2023-08-11,2023-08-11 22:00:00,16,"s:40~l:59~t:16","washington-mystics","Washington","Mystics","WSH","Washington Mystics","Mystics","e03a3e","002b5c","https://a.espncdn.com/i/teamlogos/wnba/500/wsh.png","away",89,27,4,28,"14",0.43,34,79,0,16,81.8,9,11,"0",7,"36",4,0,1,0.387,12,31,35,1,12,"20",12,17,"s:40~l:59~t:17","las-vegas-aces","Las Vegas","Aces","LV","Las Vegas Aces","Aces","a7a8aa","000000","https://a.espncdn.com/i/teamlogos/wnba/500/lv.png",113,24,-24
2023,401507305,2023,2,2023-08-12,2023-08-12 19:30:00,6,"s:40~l:59~t:6","los-angeles-sparks","Los Angeles","Sparks","LA","Los Angeles Sparks","Sparks","552583","fdb927","https://a.espncdn.com/i/teamlogos/wnba/500/la.png","home",85,TRUE,20,2,26,"10",0.452,28,62,0,21,85.7,24,28,"11",4,"40",8,2,1,0.333,5,15,30,1,14,"15",12,20,"s:40~l:59~t:20","atlanta-dream","Atlanta","Dream","ATL","Atlanta Dream","Dream","e31837","5091cc","https://a.espncdn.com/i/teamlogos/wnba/500/atl.png",74,"W",2023,2,2023-08-12,2023-08-12 19:30:00,20,"s:40~l:59~t:20","atlanta-dream","Atlanta","Dream","ATL","Atlanta Dream","Dream","e31837","5091cc","https://a.espncdn.com/i/teamlogos/wnba/500/atl.png","away",74,16,5,27,"17",0.4,24,60,0,28,91.7,22,24,"11",4,"38",5,1,0,0.174,4,23,31,0,15,"16",14,6,"s:40~l:59~t:6","los-angeles-sparks","Los Angeles","Sparks","LA","Los Angeles Sparks","Sparks","552583","fdb927","https://a.espncdn.com/i/teamlogos/wnba/500/la.png",85,11,-11
2023,401507306,2023,2,2023-08-12,2023-08-12 20:00:00,3,"s:40~l:59~t:3","dallas-wings","Dallas","Wings","DAL","Dallas Wings","Wings","002b5c","c4d600","https://a.espncdn.com/i/teamlogos/wnba/500/dal.png","home",91,TRUE,22,5,27,"10",0.469,30,64,0,18,92.6,25,27,"13",7,"44",8,1,1,0.4,6,15,34,1,13,"16",12,18,"s:40~l:59~t:18","connecticut-sun","Connecticut","Sun","CONN","Connecticut Sun","Sun","f05023","0a2240","https://a.espncdn.com/i/teamlogos/wnba/500/conn.png",81,"W",2023,2,2023-08-12,2023-08-12 20:00:00,18,"s:40~l:59~t:18","connecticut-sun","Connecticut","Sun","CONN","Connecticut Sun","Sun","f05023","0a2240","https://a.espncdn.com/i/teamlogos/wnba/500/conn.png","away",81,18,2,25,"14",0.452,33,73,1,20,50,7,14,"4",9,"46",7,1,2,0.444,8,18,34,2,13,"12",12,3,"s:40~l:59~t:3","dallas-wings","Dallas","Wings","DAL","Dallas Wings","Wings","002b5c","c4d600","https://a.espncdn.com/i/teamlogos/wnba/500/dal.png",91,10,-10
2023,401507307,2023,2,2023-08-13,2023-08-13 15:00:00,16,"s:40~l:59~t:16","washington-mystics","Washington","Mystics","WSH","Washington Mystics","Mystics","e03a3e","002b5c","https://a.espncdn.com/i/teamlogos/wnba/500/wsh.png","home",83,TRUE,21,2,24,"13",0.492,30,61,0,14,83.3,20,24,"12",8,"46",14,0,2,0.167,3,18,32,2,17,"22",17,19,"s:40~l:59~t:19","chicago-sky","Chicago","Sky","CHI","Chicago Sky","Sky","5091cd","ffd520","https://a.espncdn.com/i/teamlogos/wnba/500/chi.png",76,"W",2023,2,2023-08-13,2023-08-13 15:00:00,19,"s:40~l:59~t:19","chicago-sky","Chicago","Sky","CHI","Chicago Sky","Sky","5091cd","ffd520","https://a.espncdn.com/i/teamlogos/wnba/500/chi.png","away",76,17,3,22,"9",0.418,28,67,0,18,75,12,16,"2",12,"30",8,1,2,0.32,8,25,34,2,17,"20",16,16,"s:40~l:59~t:16","washington-mystics","Washington","Mystics","WSH","Washington Mystics","Mystics","e03a3e","002b5c","https://a.espncdn.com/i/teamlogos/wnba/500/wsh.png",83,7,-7
2023,401507309,2023,2,2023-08-13,2023-08-13 15:00:00,5,"s:40~l:59~t:5","indiana-fever","Indiana","Fever","IND","Indiana Fever","Fever","002d62","e03a3e","https://a.espncdn.com/i/teamlogos/wnba/500/ind.png","home",89,FALSE,18,4,24,"9",0.465,33,71,0,17,84.2,16,19,"6",8,"42",2,0,0,0.389,7,18,32,0,11,"13",11,9,"s:40~l:59~t:9","new-york-liberty","New York","Liberty","NY","New York Liberty","Liberty","86cebc","000000","https://a.espncdn.com/i/teamlogos/wnba/500/ny.png",100,"L",2023,2,2023-08-13,2023-08-13 15:00:00,9,"s:40~l:59~t:9","new-york-liberty","New York","Liberty","NY","New York Liberty","Liberty","86cebc","000000","https://a.espncdn.com/i/teamlogos/wnba/500/ny.png","away",100,32,5,25,"15",0.514,37,72,0,17,73.7,14,19,"18",10,"38",7,1,0,0.414,12,29,35,0,9,"13",8,5,"s:40~l:59~t:5","indiana-fever","Indiana","Fever","IND","Indiana Fever","Fever","002d62","e03a3e","https://a.espncdn.com/i/teamlogos/wnba/500/ind.png",89,-11,11
2023,401507308,2023,2,2023-08-13,2023-08-13 18:00:00,14,"s:40~l:59~t:14","seattle-storm","Seattle","Storm","SEA","Seattle Storm","Storm","2c5235","fee11a","https://a.espncdn.com/i/teamlogos/wnba/500/sea.png","home",81,TRUE,16,5,31,"14",0.516,32,62,0,10,90.9,10,11,"16",7,"44",4,0,0,0.467,7,15,38,0,16,"21",16,11,"s:40~l:59~t:11","phoenix-mercury","Phoenix","Mercury","PHX","Phoenix Mercury","Mercury","3c286e","e56020","https://a.espncdn.com/i/teamlogos/wnba/500/phx.png",71,"W",2023,2,2023-08-13,2023-08-13 18:00:00,11,"s:40~l:59~t:11","phoenix-mercury","Phoenix","Mercury","PHX","Phoenix Mercury","Mercury","3c286e","e56020","https://a.espncdn.com/i/teamlogos/wnba/500/phx.png","away",71,19,4,20,"10",0.413,31,75,0,14,57.1,4,7,"7",11,"38",10,0,0,0.217,5,23,31,0,8,"7",8,14,"s:40~l:59~t:14","seattle-storm","Seattle","Storm","SEA","Seattle Storm","Storm","2c5235","fee11a","https://a.espncdn.com/i/teamlogos/wnba/500/sea.png",81,10,-10
2023,401507310,2023,2,2023-08-13,2023-08-13 21:00:00,17,"s:40~l:59~t:17","las-vegas-aces","Las Vegas","Aces","LV","Las Vegas Aces","Aces","a7a8aa","000000","https://a.espncdn.com/i/teamlogos/wnba/500/lv.png","home",86,TRUE,16,6,30,"9",0.416,32,77,0,19,78.9,15,19,"23",8,"30",13,0,0,0.304,7,23,38,0,9,"7",9,20,"s:40~l:59~t:20","atlanta-dream","Atlanta","Dream","ATL","Atlanta Dream","Dream","e31837","5091cc","https://a.espncdn.com/i/teamlogos/wnba/500/atl.png",65,"W",2023,2,2023-08-13,2023-08-13 21:00:00,20,"s:40~l:59~t:20","atlanta-dream","Atlanta","Dream","ATL","Atlanta Dream","Dream","e31837","5091cc","https://a.espncdn.com/i/teamlogos/wnba/500/atl.png","away",65,13,2,38,"5",0.371,23,62,0,19,78.9,15,19,"7",5,"28",3,1,0,0.25,4,16,43,0,17,"13",16,17,"s:40~l:59~t:17","las-vegas-aces","Las Vegas","Aces","LV","Las Vegas Aces","Aces","a7a8aa","000000","https://a.espncdn.com/i/teamlogos/wnba/500/lv.png",86,21,-21
2023,401507376,2023,2,2023-08-15,2023-08-15 21:00:00,17,"s:40~l:59~t:17","las-vegas-aces","Las Vegas","Aces","LV","Las Vegas Aces","Aces","a7a8aa","000000","https://a.espncdn.com/i/teamlogos/wnba/500/lv.png","home",63,FALSE,14,3,24,"8",0.333,23,69,0,16,85.7,12,14,"7",4,"28",9,0,0,0.192,5,26,28,0,9,"5",9,9,"s:40~l:59~t:9","new-york-liberty","New York","Liberty","NY","New York Liberty","Liberty","86cebc","000000","https://a.espncdn.com/i/teamlogos/wnba/500/ny.png",82,"L",2023,2,2023-08-15,2023-08-15 21:00:00,9,"s:40~l:59~t:9","new-york-liberty","New York","Liberty","NY","New York Liberty","Liberty","86cebc","000000","https://a.espncdn.com/i/teamlogos/wnba/500/ny.png","away",82,20,6,37,"6",0.406,28,69,0,17,64.7,11,17,"20",12,"18",3,2,1,0.429,15,35,49,1,18,"17",16,17,"s:40~l:59~t:17","las-vegas-aces","Las Vegas","Aces","LV","Las Vegas Aces","Aces","a7a8aa","000000","https://a.espncdn.com/i/teamlogos/wnba/500/lv.png",63,-19,19
2023,401507311,2023,2,2023-08-17,2023-08-17 22:00:00,17,"s:40~l:59~t:17","las-vegas-aces","Las Vegas","Aces","LV","Las Vegas Aces","Aces","a7a8aa","000000","https://a.espncdn.com/i/teamlogos/wnba/500/lv.png","home",88,TRUE,21,1,28,"9",0.444,32,72,0,20,93.8,15,16,"14",7,"32",9,0,0,0.36,9,25,35,0,8,"8",8,9,"s:40~l:59~t:9","new-york-liberty","New York","Liberty","NY","New York Liberty","Liberty","86cebc","000000","https://a.espncdn.com/i/teamlogos/wnba/500/ny.png",75,"W",2023,2,2023-08-17,2023-08-17 22:00:00,9,"s:40~l:59~t:9","new-york-liberty","New York","Liberty","NY","New York Liberty","Liberty","86cebc","000000","https://a.espncdn.com/i/teamlogos/wnba/500/ny.png","away",75,23,7,24,"6",0.391,25,64,0,13,76.9,10,13,"8",4,"18",2,1,0,0.385,15,39,28,0,16,"21",15,17,"s:40~l:59~t:17","las-vegas-aces","Las Vegas","Aces","LV","Las Vegas Aces","Aces","a7a8aa","000000","https://a.espncdn.com/i/teamlogos/wnba/500/lv.png",88,13,-13
2023,401507312,2023,2,2023-08-18,2023-08-18 19:00:00,18,"s:40~l:59~t:18","connecticut-sun","Connecticut","Sun","CONN","Connecticut Sun","Sun","f05023","0a2240","https://a.espncdn.com/i/teamlogos/wnba/500/conn.png","home",75,FALSE,14,3,21,"8",0.38,27,71,1,20,78.3,18,23,"8",16,"46",5,2,1,0.214,3,14,37,1,14,"21",12,3,"s:40~l:59~t:3","dallas-wings","Dallas","Wings","DAL","Dallas Wings","Wings","002b5c","c4d600","https://a.espncdn.com/i/teamlogos/wnba/500/dal.png",95,"L",2023,2,2023-08-18,2023-08-18 19:00:00,3,"s:40~l:59~t:3","dallas-wings","Dallas","Wings","DAL","Dallas Wings","Wings","002b5c","c4d600","https://a.espncdn.com/i/teamlogos/wnba/500/dal.png","away",95,19,10,24,"7",0.486,36,74,0,18,65.2,15,23,"22",16,"52",8,0,0,0.421,8,19,40,0,12,"18",12,18,"s:40~l:59~t:18","connecticut-sun","Connecticut","Sun","CONN","Connecticut Sun","Sun","f05023","0a2240","https://a.espncdn.com/i/teamlogos/wnba/500/conn.png",75,-20,20
2023,401507313,2023,2,2023-08-18,2023-08-18 19:00:00,5,"s:40~l:59~t:5","indiana-fever","Indiana","Fever","IND","Indiana Fever","Fever","002d62","e03a3e","https://a.espncdn.com/i/teamlogos/wnba/500/ind.png","home",79,FALSE,16,2,29,"15",0.47,31,66,0,21,90,9,10,"7",7,"38",4,0,0,0.4,8,20,36,0,17,"14",17,16,"s:40~l:59~t:16","washington-mystics","Washington","Mystics","WSH","Washington Mystics","Mystics","e03a3e","002b5c","https://a.espncdn.com/i/teamlogos/wnba/500/wsh.png",83,"L",2023,2,2023-08-18,2023-08-18 19:00:00,16,"s:40~l:59~t:16","washington-mystics","Washington","Mystics","WSH","Washington Mystics","Mystics","e03a3e","002b5c","https://a.espncdn.com/i/teamlogos/wnba/500/wsh.png","away",83,16,4,24,"8",0.426,26,61,0,18,76,19,25,"7",3,"24",7,1,0,0.48,12,25,27,0,10,"6",9,5,"s:40~l:59~t:5","indiana-fever","Indiana","Fever","IND","Indiana Fever","Fever","002d62","e03a3e","https://a.espncdn.com/i/teamlogos/wnba/500/ind.png",79,-4,4
2023,401507314,2023,2,2023-08-18,2023-08-18 19:30:00,20,"s:40~l:59~t:20","atlanta-dream","Atlanta","Dream","ATL","Atlanta Dream","Dream","e31837","5091cc","https://a.espncdn.com/i/teamlogos/wnba/500/atl.png","home",78,TRUE,23,2,24,"8",0.406,28,69,0,12,90,18,20,"11",7,"44",3,1,2,0.286,4,14,31,2,7,"6",6,19,"s:40~l:59~t:19","chicago-sky","Chicago","Sky","CHI","Chicago Sky","Sky","5091cd","ffd520","https://a.espncdn.com/i/teamlogos/wnba/500/chi.png",67,"W",2023,2,2023-08-18,2023-08-18 19:30:00,19,"s:40~l:59~t:19","chicago-sky","Chicago","Sky","CHI","Chicago Sky","Sky","5091cd","ffd520","https://a.espncdn.com/i/teamlogos/wnba/500/chi.png","away",67,14,6,25,"6",0.397,27,68,0,20,66.7,8,12,"10",14,"30",3,1,0,0.25,5,20,39,0,17,"27",16,20,"s:40~l:59~t:20","atlanta-dream","Atlanta","Dream","ATL","Atlanta Dream","Dream","e31837","5091cc","https://a.espncdn.com/i/teamlogos/wnba/500/atl.png",78,11,-11
2023,401507315,2023,2,2023-08-18,2023-08-18 22:00:00,11,"s:40~l:59~t:11","phoenix-mercury","Phoenix","Mercury","PHX","Phoenix Mercury","Mercury","3c286e","e56020","https://a.espncdn.com/i/teamlogos/wnba/500/phx.png","home",63,FALSE,16,4,25,"6",0.352,25,71,0,11,81.8,9,11,"6",11,"38",4,1,1,0.174,4,23,36,1,15,"23",14,9,"s:40~l:59~t:9","new-york-liberty","New York","Liberty","NY","New York Liberty","Liberty","86cebc","000000","https://a.espncdn.com/i/teamlogos/wnba/500/ny.png",85,"L",2023,2,2023-08-18,2023-08-18 22:00:00,9,"s:40~l:59~t:9","new-york-liberty","New York","Liberty","NY","New York Liberty","Liberty","86cebc","000000","https://a.espncdn.com/i/teamlogos/wnba/500/ny.png","away",85,17,4,32,"17",0.452,33,73,0,10,81.8,9,11,"22",8,"34",10,1,0,0.345,10,29,40,0,13,"17",12,11,"s:40~l:59~t:11","phoenix-mercury","Phoenix","Mercury","PHX","Phoenix Mercury","Mercury","3c286e","e56020","https://a.espncdn.com/i/teamlogos/wnba/500/phx.png",63,-22,22
2023,401507316,2023,2,2023-08-18,2023-08-18 22:00:00,14,"s:40~l:59~t:14","seattle-storm","Seattle","Storm","SEA","Seattle Storm","Storm","2c5235","fee11a","https://a.espncdn.com/i/teamlogos/wnba/500/sea.png","home",70,FALSE,16,6,22,"7",0.368,25,68,0,17,70.6,12,17,"5",11,"26",8,1,0,0.296,8,27,33,0,16,"19",15,8,"s:40~l:59~t:8","minnesota-lynx","Minnesota","Lynx","MIN","Minnesota Lynx","Lynx","266092","79bc43","https://a.espncdn.com/i/teamlogos/wnba/500/min.png",78,"L",2023,2,2023-08-18,2023-08-18 22:00:00,8,"s:40~l:59~t:8","minnesota-lynx","Minnesota","Lynx","MIN","Minnesota Lynx","Lynx","266092","79bc43","https://a.espncdn.com/i/teamlogos/wnba/500/min.png","away",78,17,0,27,"14",0.438,28,64,1,18,88.9,16,18,"15",9,"36",6,2,0,0.286,6,21,36,0,15,"14",13,14,"s:40~l:59~t:14","seattle-storm","Seattle","Storm","SEA","Seattle Storm","Storm","2c5235","fee11a","https://a.espncdn.com/i/teamlogos/wnba/500/sea.png",70,-8,8
2023,401507317,2023,2,2023-08-19,2023-08-19 15:00:00,17,"s:40~l:59~t:17","las-vegas-aces","Las Vegas","Aces","LV","Las Vegas Aces","Aces","a7a8aa","000000","https://a.espncdn.com/i/teamlogos/wnba/500/lv.png","home",72,FALSE,17,2,19,"9",0.36,27,75,1,19,90.9,10,11,"4",13,"36",12,0,0,0.25,8,32,32,0,15,"16",15,6,"s:40~l:59~t:6","los-angeles-sparks","Los Angeles","Sparks","LA","Los Angeles Sparks","Sparks","552583","fdb927","https://a.espncdn.com/i/teamlogos/wnba/500/la.png",78,"L",2023,2,2023-08-19,2023-08-19 15:00:00,6,"s:40~l:59~t:6","los-angeles-sparks","Los Angeles","Sparks","LA","Los Angeles Sparks","Sparks","552583","fdb927","https://a.espncdn.com/i/teamlogos/wnba/500/la.png","away",78,17,2,27,"18",0.528,28,53,0,10,94.1,16,17,"12",2,"42",10,3,1,0.5,6,12,29,1,25,"20",22,17,"s:40~l:59~t:17","las-vegas-aces","Las Vegas","Aces","LV","Las Vegas Aces","Aces","a7a8aa","000000","https://a.espncdn.com/i/teamlogos/wnba/500/lv.png",72,-6,6
2023,401507318,2023,2,2023-08-20,2023-08-20 15:00:00,16,"s:40~l:59~t:16","washington-mystics","Washington","Mystics","WSH","Washington Mystics","Mystics","e03a3e","002b5c","https://a.espncdn.com/i/teamlogos/wnba/500/wsh.png","home",84,FALSE,21,1,24,"7",0.423,30,71,0,16,70.6,12,17,"3",7,"26",12,0,0,0.414,12,29,31,0,15,"12",15,3,"s:40~l:59~t:3","dallas-wings","Dallas","Wings","DAL","Dallas Wings","Wings","002b5c","c4d600","https://a.espncdn.com/i/teamlogos/wnba/500/dal.png",97,"L",2023,2,2023-08-20,2023-08-20 15:00:00,3,"s:40~l:59~t:3","dallas-wings","Dallas","Wings","DAL","Dallas Wings","Wings","002b5c","c4d600","https://a.espncdn.com/i/teamlogos/wnba/500/dal.png","away",97,23,1,32,"4",0.493,34,69,0,16,87,20,23,"20",8,"44",11,0,0,0.429,9,21,40,0,18,"16",18,16,"s:40~l:59~t:16","washington-mystics","Washington","Mystics","WSH","Washington Mystics","Mystics","e03a3e","002b5c","https://a.espncdn.com/i/teamlogos/wnba/500/wsh.png",84,-13,13
2023,401507319,2023,2,2023-08-20,2023-08-20 17:00:00,19,"s:40~l:59~t:19","chicago-sky","Chicago","Sky","CHI","Chicago Sky","Sky","5091cd","ffd520","https://a.espncdn.com/i/teamlogos/wnba/500/chi.png","home",73,FALSE,21,3,18,"8",0.413,26,63,0,18,72,18,25,"5",7,"34",5,2,2,0.143,3,21,25,2,12,"11",10,18,"s:40~l:59~t:18","connecticut-sun","Connecticut","Sun","CONN","Connecticut Sun","Sun","f05023","0a2240","https://a.espncdn.com/i/teamlogos/wnba/500/conn.png",79,"L",2023,2,2023-08-20,2023-08-20 17:00:00,18,"s:40~l:59~t:18","connecticut-sun","Connecticut","Sun","CONN","Connecticut Sun","Sun","f05023","0a2240","https://a.espncdn.com/i/teamlogos/wnba/500/conn.png","away",79,21,5,28,"17",0.474,27,57,2,18,78.3,18,23,"13",5,"28",8,5,0,0.333,7,21,33,0,16,"17",11,19,"s:40~l:59~t:19","chicago-sky","Chicago","Sky","CHI","Chicago Sky","Sky","5091cd","ffd520","https://a.espncdn.com/i/teamlogos/wnba/500/chi.png",73,-6,6
2023,401507320,2023,2,2023-08-20,2023-08-20 18:00:00,11,"s:40~l:59~t:11","phoenix-mercury","Phoenix","Mercury","PHX","Phoenix Mercury","Mercury","3c286e","e56020","https://a.espncdn.com/i/teamlogos/wnba/500/phx.png","home",73,FALSE,9,3,24,"4",0.403,27,67,0,20,69.6,16,23,"4",12,"38",3,1,0,0.136,3,22,36,0,14,"20",13,5,"s:40~l:59~t:5","indiana-fever","Indiana","Fever","IND","Indiana Fever","Fever","002d62","e03a3e","https://a.espncdn.com/i/teamlogos/wnba/500/ind.png",83,"L",2023,2,2023-08-20,2023-08-20 18:00:00,5,"s:40~l:59~t:5","indiana-fever","Indiana","Fever","IND","Indiana Fever","Fever","002d62","e03a3e","https://a.espncdn.com/i/teamlogos/wnba/500/ind.png","away",83,16,3,21,"10",0.446,29,65,0,18,69.2,18,26,"13",8,"40",10,2,1,0.389,7,18,29,1,10,"7",8,11,"s:40~l:59~t:11","phoenix-mercury","Phoenix","Mercury","PHX","Phoenix Mercury","Mercury","3c286e","e56020","https://a.espncdn.com/i/teamlogos/wnba/500/phx.png",73,-10,10
2023,401507321,2023,2,2023-08-20,2023-08-20 19:00:00,8,"s:40~l:59~t:8","minnesota-lynx","Minnesota","Lynx","MIN","Minnesota Lynx","Lynx","266092","79bc43","https://a.espncdn.com/i/teamlogos/wnba/500/min.png","home",74,FALSE,15,2,28,"4",0.353,24,68,0,18,91.7,22,24,"3",9,"30",6,1,0,0.222,4,18,37,0,12,"21",11,14,"s:40~l:59~t:14","seattle-storm","Seattle","Storm","SEA","Seattle Storm","Storm","2c5235","fee11a","https://a.espncdn.com/i/teamlogos/wnba/500/sea.png",88,"L",2023,2,2023-08-20,2023-08-20 19:00:00,14,"s:40~l:59~t:14","seattle-storm","Seattle","Storm","SEA","Seattle Storm","Storm","2c5235","fee11a","https://a.espncdn.com/i/teamlogos/wnba/500/sea.png","away",88,16,5,31,"2",0.421,32,76,0,19,77.8,14,18,"19",10,"34",4,0,0,0.385,10,26,41,0,9,"6",9,8,"s:40~l:59~t:8","minnesota-lynx","Minnesota","Lynx","MIN","Minnesota Lynx","Lynx","266092","79bc43","https://a.espncdn.com/i/teamlogos/wnba/500/min.png",74,-14,14
2023,401507322,2023,2,2023-08-22,2023-08-22 19:00:00,20,"s:40~l:59~t:20","atlanta-dream","Atlanta","Dream","ATL","Atlanta Dream","Dream","e31837","5091cc","https://a.espncdn.com/i/teamlogos/wnba/500/atl.png","home",100,FALSE,17,3,25,"18",0.493,33,67,1,24,84.8,28,33,"4",5,"38",7,0,2,0.353,6,17,30,2,10,"11",10,17,"s:40~l:59~t:17","las-vegas-aces","Las Vegas","Aces","LV","Las Vegas Aces","Aces","a7a8aa","000000","https://a.espncdn.com/i/teamlogos/wnba/500/lv.png",112,"L",2023,2,2023-08-22,2023-08-22 19:00:00,17,"s:40~l:59~t:17","las-vegas-aces","Las Vegas","Aces","LV","Las Vegas Aces","Aces","a7a8aa","000000","https://a.espncdn.com/i/teamlogos/wnba/500/lv.png","away",112,25,7,29,"11",0.507,35,69,0,22,94.4,34,36,"22",5,"30",4,0,0,0.421,8,19,34,0,9,"14",9,20,"s:40~l:59~t:20","atlanta-dream","Atlanta","Dream","ATL","Atlanta Dream","Dream","e31837","5091cc","https://a.espncdn.com/i/teamlogos/wnba/500/atl.png",100,-12,12
2023,401507323,2023,2,2023-08-22,2023-08-22 19:00:00,16,"s:40~l:59~t:16","washington-mystics","Washington","Mystics","WSH","Washington Mystics","Mystics","e03a3e","002b5c","https://a.espncdn.com/i/teamlogos/wnba/500/wsh.png","home",64,FALSE,16,7,29,"2",0.355,22,62,0,16,86.7,13,15,"7",9,"22",6,0,1,0.318,7,22,38,1,20,"18",20,18,"s:40~l:59~t:18","connecticut-sun","Connecticut","Sun","CONN","Connecticut Sun","Sun","f05023","0a2240","https://a.espncdn.com/i/teamlogos/wnba/500/conn.png",68,"L",2023,2,2023-08-22,2023-08-22 19:00:00,18,"s:40~l:59~t:18","connecticut-sun","Connecticut","Sun","CONN","Connecticut Sun","Sun","f05023","0a2240","https://a.espncdn.com/i/teamlogos/wnba/500/conn.png","away",68,17,2,24,"6",0.393,24,61,0,19,92.3,12,13,"14",4,"30",9,1,1,0.32,8,25,28,1,14,"21",13,16,"s:40~l:59~t:16","washington-mystics","Washington","Mystics","WSH","Washington Mystics","Mystics","e03a3e","002b5c","https://a.espncdn.com/i/teamlogos/wnba/500/wsh.png",64,-4,4
2023,401507324,2023,2,2023-08-22,2023-08-22 20:00:00,19,"s:40~l:59~t:19","chicago-sky","Chicago","Sky","CHI","Chicago Sky","Sky","5091cd","ffd520","https://a.espncdn.com/i/teamlogos/wnba/500/chi.png","home",102,TRUE,20,4,25,"18",0.506,39,77,0,21,78.9,15,19,"31",11,"42",11,1,0,0.36,9,25,36,0,5,"1",4,14,"s:40~l:59~t:14","seattle-storm","Seattle","Storm","SEA","Seattle Storm","Storm","2c5235","fee11a","https://a.espncdn.com/i/teamlogos/wnba/500/sea.png",79,"W",2023,2,2023-08-22,2023-08-22 20:00:00,14,"s:40~l:59~t:14","seattle-storm","Seattle","Storm","SEA","Seattle Storm","Storm","2c5235","fee11a","https://a.espncdn.com/i/teamlogos/wnba/500/sea.png","away",79,22,2,25,"9",0.38,27,71,1,16,72,18,25,"2",15,"36",2,3,1,0.35,7,20,40,1,15,"18",12,19,"s:40~l:59~t:19","chicago-sky","Chicago","Sky","CHI","Chicago Sky","Sky","5091cd","ffd520","https://a.espncdn.com/i/teamlogos/wnba/500/chi.png",102,23,-23
2023,401507325,2023,2,2023-08-22,2023-08-22 20:00:00,8,"s:40~l:59~t:8","minnesota-lynx","Minnesota","Lynx","MIN","Minnesota Lynx","Lynx","266092","79bc43","https://a.espncdn.com/i/teamlogos/wnba/500/min.png","home",91,TRUE,26,2,20,"6",0.486,34,70,2,19,80,12,15,"12",8,"34",9,1,0,0.44,11,25,28,0,15,"23",14,3,"s:40~l:59~t:3","dallas-wings","Dallas","Wings","DAL","Dallas Wings","Wings","002b5c","c4d600","https://a.espncdn.com/i/teamlogos/wnba/500/dal.png",86,"W",2023,2,2023-08-22,2023-08-22 20:00:00,3,"s:40~l:59~t:3","dallas-wings","Dallas","Wings","DAL","Dallas Wings","Wings","002b5c","c4d600","https://a.espncdn.com/i/teamlogos/wnba/500/dal.png","away",86,18,2,24,"12",0.429,33,77,0,18,75,12,16,"5",17,"40",8,0,1,0.348,8,23,41,1,20,"28",20,8,"s:40~l:59~t:8","minnesota-lynx","Minnesota","Lynx","MIN","Minnesota Lynx","Lynx","266092","79bc43","https://a.espncdn.com/i/teamlogos/wnba/500/min.png",91,5,-5
2023,401507326,2023,2,2023-08-23,2023-08-23 22:00:00,6,"s:40~l:59~t:6","los-angeles-sparks","Los Angeles","Sparks","LA","Los Angeles Sparks","Sparks","552583","fdb927","https://a.espncdn.com/i/teamlogos/wnba/500/la.png","home",91,TRUE,24,5,22,"12",0.54,34,63,0,18,68.4,13,19,"31",8,"38",8,0,0,0.588,10,17,30,0,7,"7",7,11,"s:40~l:59~t:11","phoenix-mercury","Phoenix","Mercury","PHX","Phoenix Mercury","Mercury","3c286e","e56020","https://a.espncdn.com/i/teamlogos/wnba/500/phx.png",62,"W",2023,2,2023-08-23,2023-08-23 22:00:00,11,"s:40~l:59~t:11","phoenix-mercury","Phoenix","Mercury","PHX","Phoenix Mercury","Mercury","3c286e","e56020","https://a.espncdn.com/i/teamlogos/wnba/500/phx.png","away",62,19,6,20,"5",0.407,24,59,0,18,78.6,11,14,"2",8,"34",4,3,0,0.188,3,16,28,0,16,"14",13,6,"s:40~l:59~t:6","los-angeles-sparks","Los Angeles","Sparks","LA","Los Angeles Sparks","Sparks","552583","fdb927","https://a.espncdn.com/i/teamlogos/wnba/500/la.png",91,29,-29
2023,401507327,2023,2,2023-08-24,2023-08-24 19:00:00,18,"s:40~l:59~t:18","connecticut-sun","Connecticut","Sun","CONN","Connecticut Sun","Sun","f05023","0a2240","https://a.espncdn.com/i/teamlogos/wnba/500/conn.png","home",90,FALSE,27,1,29,"7",0.474,36,76,2,24,87.5,7,8,"20",6,"38",4,1,0,0.344,11,32,35,0,12,"20",11,9,"s:40~l:59~t:9","new-york-liberty","New York","Liberty","NY","New York Liberty","Liberty","86cebc","000000","https://a.espncdn.com/i/teamlogos/wnba/500/ny.png",95,"L",2023,2,2023-08-24,2023-08-24 19:00:00,9,"s:40~l:59~t:9","new-york-liberty","New York","Liberty","NY","New York Liberty","Liberty","86cebc","000000","https://a.espncdn.com/i/teamlogos/wnba/500/ny.png","away",95,23,3,31,"8",0.44,33,75,0,16,80.8,21,26,"7",12,"40",5,1,0,0.258,8,31,43,0,12,"16",11,18,"s:40~l:59~t:18","connecticut-sun","Connecticut","Sun","CONN","Connecticut Sun","Sun","f05023","0a2240","https://a.espncdn.com/i/teamlogos/wnba/500/conn.png",90,-5,5
2023,401507328,2023,2,2023-08-24,2023-08-24 19:00:00,5,"s:40~l:59~t:5","indiana-fever","Indiana","Fever","IND","Indiana Fever","Fever","002d62","e03a3e","https://a.espncdn.com/i/teamlogos/wnba/500/ind.png","home",90,TRUE,18,6,26,"6",0.431,28,65,0,17,78.1,25,32,"9",9,"26",6,0,2,0.409,9,22,35,2,13,"16",13,14,"s:40~l:59~t:14","seattle-storm","Seattle","Storm","SEA","Seattle Storm","Storm","2c5235","fee11a","https://a.espncdn.com/i/teamlogos/wnba/500/sea.png",86,"W",2023,2,2023-08-24,2023-08-24 19:00:00,14,"s:40~l:59~t:14","seattle-storm","Seattle","Storm","SEA","Seattle Storm","Storm","2c5235","fee11a","https://a.espncdn.com/i/teamlogos/wnba/500/sea.png","away",86,15,6,23,"8",0.418,28,67,1,25,76,19,25,"4",8,"32",9,2,1,0.393,11,28,31,1,13,"22",11,5,"s:40~l:59~t:5","indiana-fever","Indiana","Fever","IND","Indiana Fever","Fever","002d62","e03a3e","https://a.espncdn.com/i/teamlogos/wnba/500/ind.png",90,4,-4
2023,401507329,2023,2,2023-08-24,2023-08-24 20:00:00,19,"s:40~l:59~t:19","chicago-sky","Chicago","Sky","CHI","Chicago Sky","Sky","5091cd","ffd520","https://a.espncdn.com/i/teamlogos/wnba/500/chi.png","home",87,FALSE,23,0,23,"15",0.455,35,77,0,15,80,8,10,"16",10,"38",8,0,0,0.333,9,27,33,0,16,"13",16,17,"s:40~l:59~t:17","las-vegas-aces","Las Vegas","Aces","LV","Las Vegas Aces","Aces","a7a8aa","000000","https://a.espncdn.com/i/teamlogos/wnba/500/lv.png",94,"L",2023,2,2023-08-24,2023-08-24 20:00:00,17,"s:40~l:59~t:17","las-vegas-aces","Las Vegas","Aces","LV","Las Vegas Aces","Aces","a7a8aa","000000","https://a.espncdn.com/i/teamlogos/wnba/500/lv.png","away",94,21,5,28,"16",0.479,34,71,0,15,100,18,18,"8",6,"42",6,0,0,0.333,8,24,34,0,14,"19",14,19,"s:40~l:59~t:19","chicago-sky","Chicago","Sky","CHI","Chicago Sky","Sky","5091cd","ffd520","https://a.espncdn.com/i/teamlogos/wnba/500/chi.png",87,-7,7
2023,401507330,2023,2,2023-08-24,2023-08-24 20:00:00,3,"s:40~l:59~t:3","dallas-wings","Dallas","Wings","DAL","Dallas Wings","Wings","002b5c","c4d600","https://a.espncdn.com/i/teamlogos/wnba/500/dal.png","home",81,FALSE,21,7,23,"14",0.455,30,66,0,18,76,19,25,"6",11,"50",7,0,0,0.154,2,13,34,0,18,"16",18,8,"s:40~l:59~t:8","minnesota-lynx","Minnesota","Lynx","MIN","Minnesota Lynx","Lynx","266092","79bc43","https://a.espncdn.com/i/teamlogos/wnba/500/min.png",90,"L",2023,2,2023-08-24,2023-08-24 20:00:00,8,"s:40~l:59~t:8","minnesota-lynx","Minnesota","Lynx","MIN","Minnesota Lynx","Lynx","266092","79bc43","https://a.espncdn.com/i/teamlogos/wnba/500/min.png","away",90,21,4,23,"4",0.456,31,68,0,20,84,21,25,"16",10,"36",8,1,1,0.292,7,24,33,1,15,"15",14,3,"s:40~l:59~t:3","dallas-wings","Dallas","Wings","DAL","Dallas Wings","Wings","002b5c","c4d600","https://a.espncdn.com/i/teamlogos/wnba/500/dal.png",81,-9,9
2023,401507331,2023,2,2023-08-25,2023-08-25 20:00:00,20,"s:40~l:59~t:20","atlanta-dream","Atlanta","Dream","ATL","Atlanta Dream","Dream","e31837","5091cc","https://a.espncdn.com/i/teamlogos/wnba/500/atl.png","home",78,FALSE,17,4,23,"6",0.484,30,62,0,17,81.3,13,16,"16",6,"38",6,1,0,0.5,5,10,29,0,16,"18",15,6,"s:40~l:59~t:6","los-angeles-sparks","Los Angeles","Sparks","LA","Los Angeles Sparks","Sparks","552583","fdb927","https://a.espncdn.com/i/teamlogos/wnba/500/la.png",83,"L",2023,2,2023-08-25,2023-08-25 20:00:00,6,"s:40~l:59~t:6","los-angeles-sparks","Los Angeles","Sparks","LA","Los Angeles Sparks","Sparks","552583","fdb927","https://a.espncdn.com/i/teamlogos/wnba/500/la.png","away",83,19,3,22,"6",0.477,31,65,0,19,88.2,15,17,"6",5,"48",9,3,0,0.333,6,18,27,0,12,"8",9,20,"s:40~l:59~t:20","atlanta-dream","Atlanta","Dream","ATL","Atlanta Dream","Dream","e31837","5091cc","https://a.espncdn.com/i/teamlogos/wnba/500/atl.png",78,-5,5
2023,401507332,2023,2,2023-08-26,2023-08-26 19:00:00,16,"s:40~l:59~t:16","washington-mystics","Washington","Mystics","WSH","Washington Mystics","Mystics","e03a3e","002b5c","https://a.espncdn.com/i/teamlogos/wnba/500/wsh.png","home",78,TRUE,22,2,33,"6",0.4,28,70,0,19,83.3,15,18,"16",6,"30",8,2,2,0.269,7,26,39,2,10,"7",8,17,"s:40~l:59~t:17","las-vegas-aces","Las Vegas","Aces","LV","Las Vegas Aces","Aces","a7a8aa","000000","https://a.espncdn.com/i/teamlogos/wnba/500/lv.png",62,"W",2023,2,2023-08-26,2023-08-26 19:00:00,17,"s:40~l:59~t:17","las-vegas-aces","Las Vegas","Aces","LV","Las Vegas Aces","Aces","a7a8aa","000000","https://a.espncdn.com/i/teamlogos/wnba/500/lv.png","away",62,14,3,34,"0",0.308,20,65,1,13,76.2,16,21,"5",6,"14",6,2,0,0.207,6,29,40,0,19,"22",17,16,"s:40~l:59~t:16","washington-mystics","Washington","Mystics","WSH","Washington Mystics","Mystics","e03a3e","002b5c","https://a.espncdn.com/i/teamlogos/wnba/500/wsh.png",78,16,-16
2023,401507333,2023,2,2023-08-26,2023-08-26 20:00:00,8,"s:40~l:59~t:8","minnesota-lynx","Minnesota","Lynx","MIN","Minnesota Lynx","Lynx","266092","79bc43","https://a.espncdn.com/i/teamlogos/wnba/500/min.png","home",76,FALSE,19,2,24,"4",0.437,31,71,0,14,85.7,6,7,"2",5,"36",1,1,0,0.381,8,21,29,0,14,"25",13,9,"s:40~l:59~t:9","new-york-liberty","New York","Liberty","NY","New York Liberty","Liberty","86cebc","000000","https://a.espncdn.com/i/teamlogos/wnba/500/ny.png",111,"L",2023,2,2023-08-26,2023-08-26 20:00:00,9,"s:40~l:59~t:9","new-york-liberty","New York","Liberty","NY","New York Liberty","Liberty","86cebc","000000","https://a.espncdn.com/i/teamlogos/wnba/500/ny.png","away",111,22,4,30,"28",0.554,41,74,0,9,100,17,17,"43",5,"50",7,0,0,0.444,12,27,35,0,6,"9",6,8,"s:40~l:59~t:8","minnesota-lynx","Minnesota","Lynx","MIN","Minnesota Lynx","Lynx","266092","79bc43","https://a.espncdn.com/i/teamlogos/wnba/500/min.png",76,-35,35
2023,401507334,2023,2,2023-08-27,2023-08-27 13:00:00,18,"s:40~l:59~t:18","connecticut-sun","Connecticut","Sun","CONN","Connecticut Sun","Sun","f05023","0a2240","https://a.espncdn.com/i/teamlogos/wnba/500/conn.png","home",83,TRUE,24,4,31,"8",0.492,32,65,0,17,68.8,11,16,"19",7,"40",11,0,0,0.308,8,26,38,0,19,"13",19,6,"s:40~l:59~t:6","los-angeles-sparks","Los Angeles","Sparks","LA","Los Angeles Sparks","Sparks","552583","fdb927","https://a.espncdn.com/i/teamlogos/wnba/500/la.png",68,"W",2023,2,2023-08-27,2023-08-27 13:00:00,6,"s:40~l:59~t:6","los-angeles-sparks","Los Angeles","Sparks","LA","Los Angeles Sparks","Sparks","552583","fdb927","https://a.espncdn.com/i/teamlogos/wnba/500/la.png","away",68,21,1,25,"10",0.419,26,62,0,16,66.7,10,15,"7",1,"32",13,2,2,0.286,6,21,26,2,16,"17",14,18,"s:40~l:59~t:18","connecticut-sun","Connecticut","Sun","CONN","Connecticut Sun","Sun","f05023","0a2240","https://a.espncdn.com/i/teamlogos/wnba/500/conn.png",83,15,-15
2023,401507335,2023,2,2023-08-27,2023-08-27 16:00:00,5,"s:40~l:59~t:5","indiana-fever","Indiana","Fever","IND","Indiana Fever","Fever","002d62","e03a3e","https://a.espncdn.com/i/teamlogos/wnba/500/ind.png","home",83,TRUE,18,2,24,"11",0.457,32,70,1,18,76.9,10,13,"16",7,"36",8,1,0,0.474,9,19,31,0,14,"20",13,20,"s:40~l:59~t:20","atlanta-dream","Atlanta","Dream","ATL","Atlanta Dream","Dream","e31837","5091cc","https://a.espncdn.com/i/teamlogos/wnba/500/atl.png",80,"W",2023,2,2023-08-27,2023-08-27 16:00:00,20,"s:40~l:59~t:20","atlanta-dream","Atlanta","Dream","ATL","Atlanta Dream","Dream","e31837","5091cc","https://a.espncdn.com/i/teamlogos/wnba/500/atl.png","away",80,15,2,25,"16",0.377,26,69,0,14,88.9,24,27,"12",12,"28",7,1,1,0.25,4,16,37,1,14,"20",13,5,"s:40~l:59~t:5","indiana-fever","Indiana","Fever","IND","Indiana Fever","Fever","002d62","e03a3e","https://a.espncdn.com/i/teamlogos/wnba/500/ind.png",83,3,-3
2023,401507336,2023,2,2023-08-27,2023-08-27 18:00:00,11,"s:40~l:59~t:11","phoenix-mercury","Phoenix","Mercury","PHX","Phoenix Mercury","Mercury","3c286e","e56020","https://a.espncdn.com/i/teamlogos/wnba/500/phx.png","home",74,FALSE,16,4,26,"10",0.516,32,62,0,20,80,8,10,"12",4,"44",3,1,0,0.133,2,15,30,0,14,"20",13,3,"s:40~l:59~t:3","dallas-wings","Dallas","Wings","DAL","Dallas Wings","Wings","002b5c","c4d600","https://a.espncdn.com/i/teamlogos/wnba/500/dal.png",77,"L",2023,2,2023-08-27,2023-08-27 18:00:00,3,"s:40~l:59~t:3","dallas-wings","Dallas","Wings","DAL","Dallas Wings","Wings","002b5c","c4d600","https://a.espncdn.com/i/teamlogos/wnba/500/dal.png","away",77,10,3,20,"5",0.361,26,72,0,15,95,19,20,"5",14,"30",6,1,0,0.375,6,16,34,0,12,"6",11,11,"s:40~l:59~t:11","phoenix-mercury","Phoenix","Mercury","PHX","Phoenix Mercury","Mercury","3c286e","e56020","https://a.espncdn.com/i/teamlogos/wnba/500/phx.png",74,-3,3
2023,401507337,2023,2,2023-08-27,2023-08-27 18:00:00,14,"s:40~l:59~t:14","seattle-storm","Seattle","Storm","SEA","Seattle Storm","Storm","2c5235","fee11a","https://a.espncdn.com/i/teamlogos/wnba/500/sea.png","home",85,FALSE,17,4,35,"2",0.431,31,72,0,20,88.2,15,17,"14",9,"34",9,0,0,0.308,8,26,44,0,14,"17",14,19,"s:40~l:59~t:19","chicago-sky","Chicago","Sky","CHI","Chicago Sky","Sky","5091cd","ffd520","https://a.espncdn.com/i/teamlogos/wnba/500/chi.png",90,"L",2023,2,2023-08-27,2023-08-27 18:00:00,19,"s:40~l:59~t:19","chicago-sky","Chicago","Sky","CHI","Chicago Sky","Sky","5091cd","ffd520","https://a.espncdn.com/i/teamlogos/wnba/500/chi.png","away",90,24,4,27,"19",0.425,31,73,0,15,78.3,18,23,"5",6,"32",10,0,1,0.455,10,22,33,1,10,"11",10,14,"s:40~l:59~t:14","seattle-storm","Seattle","Storm","SEA","Seattle Storm","Storm","2c5235","fee11a","https://a.espncdn.com/i/teamlogos/wnba/500/sea.png",85,-5,5
2023,401507338,2023,2,2023-08-28,2023-08-28 19:00:00,9,"s:40~l:59~t:9","new-york-liberty","New York","Liberty","NY","New York Liberty","Liberty","86cebc","000000","https://a.espncdn.com/i/teamlogos/wnba/500/ny.png","home",94,TRUE,24,3,31,"17",0.453,34,75,1,15,84.2,16,19,"19",12,"44",8,0,0,0.303,10,33,43,0,13,"12",13,17,"s:40~l:59~t:17","las-vegas-aces","Las Vegas","Aces","LV","Las Vegas Aces","Aces","a7a8aa","000000","https://a.espncdn.com/i/teamlogos/wnba/500/lv.png",85,"W",2023,2,2023-08-28,2023-08-28 19:00:00,17,"s:40~l:59~t:17","las-vegas-aces","Las Vegas","Aces","LV","Las Vegas Aces","Aces","a7a8aa","000000","https://a.espncdn.com/i/teamlogos/wnba/500/lv.png","away",85,21,6,26,"13",0.449,31,69,0,23,70,14,20,"9",5,"36",5,0,0,0.391,9,23,31,0,11,"15",11,9,"s:40~l:59~t:9","new-york-liberty","New York","Liberty","NY","New York Liberty","Liberty","86cebc","000000","https://a.espncdn.com/i/teamlogos/wnba/500/ny.png",94,9,-9
2023,401507339,2023,2,2023-08-29,2023-08-29 19:00:00,20,"s:40~l:59~t:20","atlanta-dream","Atlanta","Dream","ATL","Atlanta Dream","Dream","e31837","5091cc","https://a.espncdn.com/i/teamlogos/wnba/500/atl.png","home",94,TRUE,27,4,22,"18",0.52,39,75,0,18,100,9,9,"30",10,"52",11,0,0,0.368,7,19,32,0,10,"10",10,11,"s:40~l:59~t:11","phoenix-mercury","Phoenix","Mercury","PHX","Phoenix Mercury","Mercury","3c286e","e56020","https://a.espncdn.com/i/teamlogos/wnba/500/phx.png",76,"W",2023,2,2023-08-29,2023-08-29 19:00:00,11,"s:40~l:59~t:11","phoenix-mercury","Phoenix","Mercury","PHX","Phoenix Mercury","Mercury","3c286e","e56020","https://a.espncdn.com/i/teamlogos/wnba/500/phx.png","away",76,22,5,22,"4",0.552,32,58,0,12,72.7,8,11,"0",1,"40",4,0,1,0.5,4,8,23,1,16,"19",16,20,"s:40~l:59~t:20","atlanta-dream","Atlanta","Dream","ATL","Atlanta Dream","Dream","e31837","5091cc","https://a.espncdn.com/i/teamlogos/wnba/500/atl.png",94,18,-18
2023,401507340,2023,2,2023-08-29,2023-08-29 19:00:00,16,"s:40~l:59~t:16","washington-mystics","Washington","Mystics","WSH","Washington Mystics","Mystics","e03a3e","002b5c","https://a.espncdn.com/i/teamlogos/wnba/500/wsh.png","home",83,TRUE,21,2,24,"5",0.453,29,64,0,15,86.7,13,15,"14",8,"22",8,1,0,0.48,12,25,32,0,15,"19",14,8,"s:40~l:59~t:8","minnesota-lynx","Minnesota","Lynx","MIN","Minnesota Lynx","Lynx","266092","79bc43","https://a.espncdn.com/i/teamlogos/wnba/500/min.png",72,"W",2023,2,2023-08-29,2023-08-29 19:00:00,8,"s:40~l:59~t:8","minnesota-lynx","Minnesota","Lynx","MIN","Minnesota Lynx","Lynx","266092","79bc43","https://a.espncdn.com/i/teamlogos/wnba/500/min.png","away",72,19,2,25,"4",0.418,28,67,0,20,100,7,7,"2",9,"30",7,2,0,0.346,9,26,34,0,16,"14",14,16,"s:40~l:59~t:16","washington-mystics","Washington","Mystics","WSH","Washington Mystics","Mystics","e03a3e","002b5c","https://a.espncdn.com/i/teamlogos/wnba/500/wsh.png",83,11,-11
2023,401507341,2023,2,2023-08-29,2023-08-29 22:30:00,6,"s:40~l:59~t:6","los-angeles-sparks","Los Angeles","Sparks","LA","Los Angeles Sparks","Sparks","552583","fdb927","https://a.espncdn.com/i/teamlogos/wnba/500/la.png","home",75,FALSE,23,1,27,"15",0.367,29,79,0,15,83.3,10,12,"11",14,"34",10,3,0,0.304,7,23,41,0,12,"5",9,19,"s:40~l:59~t:19","chicago-sky","Chicago","Sky","CHI","Chicago Sky","Sky","5091cd","ffd520","https://a.espncdn.com/i/teamlogos/wnba/500/chi.png",76,"L",2023,2,2023-08-29,2023-08-29 22:30:00,19,"s:40~l:59~t:19","chicago-sky","Chicago","Sky","CHI","Chicago Sky","Sky","5091cd","ffd520","https://a.espncdn.com/i/teamlogos/wnba/500/chi.png","away",76,20,6,31,"9",0.462,30,65,0,15,53.8,7,13,"10",8,"34",7,1,2,0.409,9,22,39,2,15,"12",14,6,"s:40~l:59~t:6","los-angeles-sparks","Los Angeles","Sparks","LA","Los Angeles Sparks","Sparks","552583","fdb927","https://a.espncdn.com/i/teamlogos/wnba/500/la.png",75,-1,1
2023,401507342,2023,2,2023-08-31,2023-08-31 19:00:00,18,"s:40~l:59~t:18","connecticut-sun","Connecticut","Sun","CONN","Connecticut Sun","Sun","f05023","0a2240","https://a.espncdn.com/i/teamlogos/wnba/500/conn.png","home",84,TRUE,18,4,24,"8",0.436,24,55,0,16,80,24,30,"12",6,"20",8,1,0,0.667,12,18,30,0,12,"16",11,11,"s:40~l:59~t:11","phoenix-mercury","Phoenix","Mercury","PHX","Phoenix Mercury","Mercury","3c286e","e56020","https://a.espncdn.com/i/teamlogos/wnba/500/phx.png",74,"W",2023,2,2023-08-31,2023-08-31 19:00:00,11,"s:40~l:59~t:11","phoenix-mercury","Phoenix","Mercury","PHX","Phoenix Mercury","Mercury","3c286e","e56020","https://a.espncdn.com/i/teamlogos/wnba/500/phx.png","away",74,18,3,20,"4",0.517,30,58,0,23,63.6,7,11,"10",5,"40",5,5,0,0.636,7,11,25,0,15,"20",10,18,"s:40~l:59~t:18","connecticut-sun","Connecticut","Sun","CONN","Connecticut Sun","Sun","f05023","0a2240","https://a.espncdn.com/i/teamlogos/wnba/500/conn.png",84,10,-10
2023,401507343,2023,2,2023-08-31,2023-08-31 22:00:00,17,"s:40~l:59~t:17","las-vegas-aces","Las Vegas","Aces","LV","Las Vegas Aces","Aces","a7a8aa","000000","https://a.espncdn.com/i/teamlogos/wnba/500/lv.png","home",84,TRUE,19,5,29,"11",0.468,29,62,0,17,84.2,16,19,"13",4,"26",7,2,1,0.357,10,28,33,1,12,"10",10,16,"s:40~l:59~t:16","washington-mystics","Washington","Mystics","WSH","Washington Mystics","Mystics","e03a3e","002b5c","https://a.espncdn.com/i/teamlogos/wnba/500/wsh.png",75,"W",2023,2,2023-08-31,2023-08-31 22:00:00,16,"s:40~l:59~t:16","washington-mystics","Washington","Mystics","WSH","Washington Mystics","Mystics","e03a3e","002b5c","https://a.espncdn.com/i/teamlogos/wnba/500/wsh.png","away",75,16,0,27,"10",0.394,28,71,0,21,76.5,13,17,"2",10,"32",6,2,2,0.286,6,21,37,2,12,"14",10,17,"s:40~l:59~t:17","las-vegas-aces","Las Vegas","Aces","LV","Las Vegas Aces","Aces","a7a8aa","000000","https://a.espncdn.com/i/teamlogos/wnba/500/lv.png",84,9,-9
2023,401507344,2023,2,2023-08-31,2023-08-31 22:00:00,6,"s:40~l:59~t:6","los-angeles-sparks","Los Angeles","Sparks","LA","Los Angeles Sparks","Sparks","552583","fdb927","https://a.espncdn.com/i/teamlogos/wnba/500/la.png","home",61,FALSE,17,1,22,"9",0.303,20,66,0,18,93.8,15,16,"3",4,"26",12,0,0,0.286,6,21,26,0,13,"15",13,14,"s:40~l:59~t:14","seattle-storm","Seattle","Storm","SEA","Seattle Storm","Storm","2c5235","fee11a","https://a.espncdn.com/i/teamlogos/wnba/500/sea.png",72,"L",2023,2,2023-08-31,2023-08-31 22:00:00,14,"s:40~l:59~t:14","seattle-storm","Seattle","Storm","SEA","Seattle Storm","Storm","2c5235","fee11a","https://a.espncdn.com/i/teamlogos/wnba/500/sea.png","away",72,14,6,39,"6",0.389,21,54,0,19,89.3,25,28,"13",6,"26",9,2,0,0.217,5,23,45,0,22,"20",20,6,"s:40~l:59~t:6","los-angeles-sparks","Los Angeles","Sparks","LA","Los Angeles Sparks","Sparks","552583","fdb927","https://a.espncdn.com/i/teamlogos/wnba/500/la.png",61,-11,11
2023,401507345,2023,2,2023-09-01,2023-09-01 19:00:00,5,"s:40~l:59~t:5","indiana-fever","Indiana","Fever","IND","Indiana Fever","Fever","002d62","e03a3e","https://a.espncdn.com/i/teamlogos/wnba/500/ind.png","home",100,FALSE,27,5,17,"4",0.493,35,71,0,15,87,20,23,"8",12,"32",4,0,0,0.435,10,23,29,0,12,"21",12,3,"s:40~l:59~t:3","dallas-wings","Dallas","Wings","DAL","Dallas Wings","Wings","002b5c","c4d600","https://a.espncdn.com/i/teamlogos/wnba/500/dal.png",110,"L",2023,2,2023-09-01,2023-09-01 19:00:00,3,"s:40~l:59~t:3","dallas-wings","Dallas","Wings","DAL","Dallas Wings","Wings","002b5c","c4d600","https://a.espncdn.com/i/teamlogos/wnba/500/dal.png","away",110,25,4,21,"12",0.506,40,79,0,19,88.9,16,18,"15",14,"34",7,1,1,0.583,14,24,35,1,11,"12",10,5,"s:40~l:59~t:5","indiana-fever","Indiana","Fever","IND","Indiana Fever","Fever","002d62","e03a3e","https://a.espncdn.com/i/teamlogos/wnba/500/ind.png",100,-10,10
2023,401507346,2023,2,2023-09-01,2023-09-01 20:00:00,9,"s:40~l:59~t:9","new-york-liberty","New York","Liberty","NY","New York Liberty","Liberty","86cebc","000000","https://a.espncdn.com/i/teamlogos/wnba/500/ny.png","home",89,TRUE,21,5,32,"15",0.548,34,62,0,16,72.2,13,18,"31",8,"42",8,1,0,0.32,8,25,40,0,16,"13",15,18,"s:40~l:59~t:18","connecticut-sun","Connecticut","Sun","CONN","Connecticut Sun","Sun","f05023","0a2240","https://a.espncdn.com/i/teamlogos/wnba/500/conn.png",58,"W",2023,2,2023-09-01,2023-09-01 20:00:00,18,"s:40~l:59~t:18","connecticut-sun","Connecticut","Sun","CONN","Connecticut Sun","Sun","f05023","0a2240","https://a.espncdn.com/i/teamlogos/wnba/500/conn.png","away",58,14,3,21,"2",0.333,21,63,0,19,71.4,10,14,"3",6,"28",6,4,0,0.3,6,20,27,0,17,"17",13,9,"s:40~l:59~t:9","new-york-liberty","New York","Liberty","NY","New York Liberty","Liberty","86cebc","000000","https://a.espncdn.com/i/teamlogos/wnba/500/ny.png",89,31,-31
2023,401507347,2023,2,2023-09-01,2023-09-01 20:00:00,8,"s:40~l:59~t:8","minnesota-lynx","Minnesota","Lynx","MIN","Minnesota Lynx","Lynx","266092","79bc43","https://a.espncdn.com/i/teamlogos/wnba/500/min.png","home",91,TRUE,23,5,36,"4",0.434,36,83,0,19,73.3,11,15,"9",14,"44",3,0,1,0.32,8,25,50,1,13,"8",13,20,"s:40~l:59~t:20","atlanta-dream","Atlanta","Dream","ATL","Atlanta Dream","Dream","e31837","5091cc","https://a.espncdn.com/i/teamlogos/wnba/500/atl.png",85,"W",2023,2,2023-09-01,2023-09-01 20:00:00,20,"s:40~l:59~t:20","atlanta-dream","Atlanta","Dream","ATL","Atlanta Dream","Dream","e31837","5091cc","https://a.espncdn.com/i/teamlogos/wnba/500/atl.png","away",85,20,6,32,"12",0.364,32,88,0,17,80,16,20,"7",13,"46",8,2,0,0.263,5,19,45,0,12,"18",10,8,"s:40~l:59~t:8","minnesota-lynx","Minnesota","Lynx","MIN","Minnesota Lynx","Lynx","266092","79bc43","https://a.espncdn.com/i/teamlogos/wnba/500/min.png",91,6,-6
2023,401507348,2023,2,2023-09-02,2023-09-02 21:00:00,17,"s:40~l:59~t:17","las-vegas-aces","Las Vegas","Aces","LV","Las Vegas Aces","Aces","a7a8aa","000000","https://a.espncdn.com/i/teamlogos/wnba/500/lv.png","home",103,TRUE,26,3,29,"23",0.467,35,75,0,15,92,23,25,"28",9,"44",10,0,0,0.333,10,30,38,0,8,"8",8,14,"s:40~l:59~t:14","seattle-storm","Seattle","Storm","SEA","Seattle Storm","Storm","2c5235","fee11a","https://a.espncdn.com/i/teamlogos/wnba/500/sea.png",77,"W",2023,2,2023-09-02,2023-09-02 21:00:00,14,"s:40~l:59~t:14","seattle-storm","Seattle","Storm","SEA","Seattle Storm","Storm","2c5235","fee11a","https://a.espncdn.com/i/teamlogos/wnba/500/sea.png","away",77,20,2,29,"5",0.397,27,68,0,18,82.4,14,17,"5",9,"26",5,1,0,0.409,9,22,38,0,17,"20",16,17,"s:40~l:59~t:17","las-vegas-aces","Las Vegas","Aces","LV","Las Vegas Aces","Aces","a7a8aa","000000","https://a.espncdn.com/i/teamlogos/wnba/500/lv.png",103,26,-26
2023,401507349,2023,2,2023-09-03,2023-09-03 15:00:00,19,"s:40~l:59~t:19","chicago-sky","Chicago","Sky","CHI","Chicago Sky","Sky","5091cd","ffd520","https://a.espncdn.com/i/teamlogos/wnba/500/chi.png","home",69,FALSE,15,3,24,"11",0.375,27,72,0,10,87.5,7,8,"2",7,"32",7,2,0,0.348,8,23,31,0,17,"20",15,9,"s:40~l:59~t:9","new-york-liberty","New York","Liberty","NY","New York Liberty","Liberty","86cebc","000000","https://a.espncdn.com/i/teamlogos/wnba/500/ny.png",86,"L",2023,2,2023-09-03,2023-09-03 15:00:00,9,"s:40~l:59~t:9","new-york-liberty","New York","Liberty","NY","New York Liberty","Liberty","86cebc","000000","https://a.espncdn.com/i/teamlogos/wnba/500/ny.png","away",86,23,5,30,"21",0.472,34,72,0,9,72.7,8,11,"21",10,"42",12,0,0,0.37,10,27,40,0,14,"10",14,19,"s:40~l:59~t:19","chicago-sky","Chicago","Sky","CHI","Chicago Sky","Sky","5091cd","ffd520","https://a.espncdn.com/i/teamlogos/wnba/500/chi.png",69,-17,17
2023,401507350,2023,2,2023-09-03,2023-09-03 16:00:00,3,"s:40~l:59~t:3","dallas-wings","Dallas","Wings","DAL","Dallas Wings","Wings","002b5c","c4d600","https://a.espncdn.com/i/teamlogos/wnba/500/dal.png","home",84,FALSE,16,6,29,"17",0.386,32,83,0,18,68.4,13,19,"5",10,"38",8,2,2,0.241,7,29,39,2,12,"18",10,5,"s:40~l:59~t:5","indiana-fever","Indiana","Fever","IND","Indiana Fever","Fever","002d62","e03a3e","https://a.espncdn.com/i/teamlogos/wnba/500/ind.png",97,"L",2023,2,2023-09-03,2023-09-03 16:00:00,5,"s:40~l:59~t:5","indiana-fever","Indiana","Fever","IND","Indiana Fever","Fever","002d62","e03a3e","https://a.espncdn.com/i/teamlogos/wnba/500/ind.png","away",97,23,4,31,"17",0.444,36,81,0,25,70.6,12,17,"13",10,"36",6,1,1,0.448,13,29,41,1,16,"15",15,3,"s:40~l:59~t:3","dallas-wings","Dallas","Wings","DAL","Dallas Wings","Wings","002b5c","c4d600","https://a.espncdn.com/i/teamlogos/wnba/500/dal.png",84,-13,13
2023,401507351,2023,2,2023-09-03,2023-09-03 19:00:00,8,"s:40~l:59~t:8","minnesota-lynx","Minnesota","Lynx","MIN","Minnesota Lynx","Lynx","266092","79bc43","https://a.espncdn.com/i/teamlogos/wnba/500/min.png","home",86,TRUE,28,5,31,"6",0.431,31,72,0,23,68.2,15,22,"18",10,"36",6,0,0,0.429,9,21,41,0,12,"11",12,11,"s:40~l:59~t:11","phoenix-mercury","Phoenix","Mercury","PHX","Phoenix Mercury","Mercury","3c286e","e56020","https://a.espncdn.com/i/teamlogos/wnba/500/phx.png",73,"W",2023,2,2023-09-03,2023-09-03 19:00:00,11,"s:40~l:59~t:11","phoenix-mercury","Phoenix","Mercury","PHX","Phoenix Mercury","Mercury","3c286e","e56020","https://a.espncdn.com/i/teamlogos/wnba/500/phx.png","away",73,13,1,28,"5",0.368,25,68,0,21,72.7,16,22,"8",9,"30",5,0,1,0.5,7,14,37,1,12,"11",12,8,"s:40~l:59~t:8","minnesota-lynx","Minnesota","Lynx","MIN","Minnesota Lynx","Lynx","266092","79bc43","https://a.espncdn.com/i/teamlogos/wnba/500/min.png",86,13,-13
2023,401507352,2023,2,2023-09-03,2023-09-03 19:30:00,6,"s:40~l:59~t:6","los-angeles-sparks","Los Angeles","Sparks","LA","Los Angeles Sparks","Sparks","552583","fdb927","https://a.espncdn.com/i/teamlogos/wnba/500/la.png","home",72,TRUE,16,4,29,"10",0.397,23,58,0,11,87.5,21,24,"8",2,"30",8,2,0,0.25,5,20,31,0,13,"9",11,16,"s:40~l:59~t:16","washington-mystics","Washington","Mystics","WSH","Washington Mystics","Mystics","e03a3e","002b5c","https://a.espncdn.com/i/teamlogos/wnba/500/wsh.png",64,"W",2023,2,2023-09-03,2023-09-03 19:30:00,16,"s:40~l:59~t:16","washington-mystics","Washington","Mystics","WSH","Washington Mystics","Mystics","e03a3e","002b5c","https://a.espncdn.com/i/teamlogos/wnba/500/wsh.png","away",64,16,7,25,"15",0.4,26,65,0,21,85.7,6,7,"2",6,"36",6,2,0,0.231,6,26,31,0,15,"19",13,6,"s:40~l:59~t:6","los-angeles-sparks","Los Angeles","Sparks","LA","Los Angeles Sparks","Sparks","552583","fdb927","https://a.espncdn.com/i/teamlogos/wnba/500/la.png",72,8,-8
2023,401507353,2023,2,2023-09-05,2023-09-05 19:00:00,18,"s:40~l:59~t:18","connecticut-sun","Connecticut","Sun","CONN","Connecticut Sun","Sun","f05023","0a2240","https://a.espncdn.com/i/teamlogos/wnba/500/conn.png","home",90,TRUE,22,5,24,"17",0.507,34,67,0,16,87.5,14,16,"16",8,"46",10,1,0,0.381,8,21,32,0,16,"20",15,6,"s:40~l:59~t:6","los-angeles-sparks","Los Angeles","Sparks","LA","Los Angeles Sparks","Sparks","552583","fdb927","https://a.espncdn.com/i/teamlogos/wnba/500/la.png",76,"W",2023,2,2023-09-05,2023-09-05 19:00:00,6,"s:40~l:59~t:6","los-angeles-sparks","Los Angeles","Sparks","LA","Los Angeles Sparks","Sparks","552583","fdb927","https://a.espncdn.com/i/teamlogos/wnba/500/la.png","away",76,17,5,17,"7",0.417,25,60,0,20,85.7,18,21,"7",8,"28",6,1,0,0.421,8,19,25,0,14,"25",13,18,"s:40~l:59~t:18","connecticut-sun","Connecticut","Sun","CONN","Connecticut Sun","Sun","f05023","0a2240","https://a.espncdn.com/i/teamlogos/wnba/500/conn.png",90,14,-14
2023,401507354,2023,2,2023-09-05,2023-09-05 19:00:00,5,"s:40~l:59~t:5","indiana-fever","Indiana","Fever","IND","Indiana Fever","Fever","002d62","e03a3e","https://a.espncdn.com/i/teamlogos/wnba/500/ind.png","home",69,FALSE,17,2,26,"12",0.4,24,60,0,11,72.7,16,22,"2",5,"22",6,2,1,0.313,5,16,31,1,19,"21",17,19,"s:40~l:59~t:19","chicago-sky","Chicago","Sky","CHI","Chicago Sky","Sky","5091cd","ffd520","https://a.espncdn.com/i/teamlogos/wnba/500/chi.png",96,"L",2023,2,2023-09-05,2023-09-05 19:00:00,19,"s:40~l:59~t:19","chicago-sky","Chicago","Sky","CHI","Chicago Sky","Sky","5091cd","ffd520","https://a.espncdn.com/i/teamlogos/wnba/500/chi.png","away",96,25,5,30,"17",0.494,38,77,0,20,85.7,6,7,"30",5,"30",7,0,0,0.438,14,32,35,0,8,"8",8,5,"s:40~l:59~t:5","indiana-fever","Indiana","Fever","IND","Indiana Fever","Fever","002d62","e03a3e","https://a.espncdn.com/i/teamlogos/wnba/500/ind.png",69,-27,27
2023,401507355,2023,2,2023-09-05,2023-09-05 20:00:00,3,"s:40~l:59~t:3","dallas-wings","Dallas","Wings","DAL","Dallas Wings","Wings","002b5c","c4d600","https://a.espncdn.com/i/teamlogos/wnba/500/dal.png","home",93,FALSE,24,5,24,"13",0.487,37,76,0,21,83.3,15,18,"8",13,"60",9,1,1,0.211,4,19,37,1,13,"15",12,9,"s:40~l:59~t:9","new-york-liberty","New York","Liberty","NY","New York Liberty","Liberty","86cebc","000000","https://a.espncdn.com/i/teamlogos/wnba/500/ny.png",94,"L",2023,2,2023-09-05,2023-09-05 20:00:00,9,"s:40~l:59~t:9","new-york-liberty","New York","Liberty","NY","New York Liberty","Liberty","86cebc","000000","https://a.espncdn.com/i/teamlogos/wnba/500/ny.png","away",94,26,3,21,"7",0.472,34,72,0,13,78.3,18,23,"8",11,"46",4,1,0,0.308,8,26,32,0,13,"13",12,3,"s:40~l:59~t:3","dallas-wings","Dallas","Wings","DAL","Dallas Wings","Wings","002b5c","c4d600","https://a.espncdn.com/i/teamlogos/wnba/500/dal.png",93,-1,1
2023,401507356,2023,2,2023-09-05,2023-09-05 22:00:00,11,"s:40~l:59~t:11","phoenix-mercury","Phoenix","Mercury","PHX","Phoenix Mercury","Mercury","3c286e","e56020","https://a.espncdn.com/i/teamlogos/wnba/500/phx.png","home",77,FALSE,22,1,24,"2",0.446,29,65,0,12,72.2,13,18,"0",7,"24",4,1,0,0.353,6,17,31,0,13,"15",12,16,"s:40~l:59~t:16","washington-mystics","Washington","Mystics","WSH","Washington Mystics","Mystics","e03a3e","002b5c","https://a.espncdn.com/i/teamlogos/wnba/500/wsh.png",100,"L",2023,2,2023-09-05,2023-09-05 22:00:00,16,"s:40~l:59~t:16","washington-mystics","Washington","Mystics","WSH","Washington Mystics","Mystics","e03a3e","002b5c","https://a.espncdn.com/i/teamlogos/wnba/500/wsh.png","away",100,26,4,28,"12",0.567,38,67,0,15,100,11,11,"29",1,"40",6,0,0,0.565,13,23,29,0,7,"8",7,11,"s:40~l:59~t:11","phoenix-mercury","Phoenix","Mercury","PHX","Phoenix Mercury","Mercury","3c286e","e56020","https://a.espncdn.com/i/teamlogos/wnba/500/phx.png",77,-23,23
2023,401507357,2023,2,2023-09-06,2023-09-06 19:00:00,20,"s:40~l:59~t:20","atlanta-dream","Atlanta","Dream","ATL","Atlanta Dream","Dream","e31837","5091cc","https://a.espncdn.com/i/teamlogos/wnba/500/atl.png","home",79,TRUE,24,3,29,"4",0.458,33,72,0,19,83.3,10,12,"14",8,"44",3,2,0,0.214,3,14,37,0,12,"14",10,14,"s:40~l:59~t:14","seattle-storm","Seattle","Storm","SEA","Seattle Storm","Storm","2c5235","fee11a","https://a.espncdn.com/i/teamlogos/wnba/500/sea.png",68,"W",2023,2,2023-09-06,2023-09-06 19:00:00,14,"s:40~l:59~t:14","seattle-storm","Seattle","Storm","SEA","Seattle Storm","Storm","2c5235","fee11a","https://a.espncdn.com/i/teamlogos/wnba/500/sea.png","away",68,12,6,24,"6",0.361,22,61,0,14,90,18,20,"7",6,"22",4,2,0,0.3,6,20,30,0,14,"16",12,20,"s:40~l:59~t:20","atlanta-dream","Atlanta","Dream","ATL","Atlanta Dream","Dream","e31837","5091cc","https://a.espncdn.com/i/teamlogos/wnba/500/atl.png",79,11,-11
2023,401507358,2023,2,2023-09-07,2023-09-07 19:00:00,9,"s:40~l:59~t:9","new-york-liberty","New York","Liberty","NY","New York Liberty","Liberty","86cebc","000000","https://a.espncdn.com/i/teamlogos/wnba/500/ny.png","home",96,TRUE,32,5,24,"5",0.507,35,69,0,15,90,9,10,"12",7,"32",7,0,0,0.5,17,34,31,0,17,"19",17,6,"s:40~l:59~t:6","los-angeles-sparks","Los Angeles","Sparks","LA","Los Angeles Sparks","Sparks","552583","fdb927","https://a.espncdn.com/i/teamlogos/wnba/500/la.png",89,"W",2023,2,2023-09-07,2023-09-07 19:00:00,6,"s:40~l:59~t:6","los-angeles-sparks","Los Angeles","Sparks","LA","Los Angeles Sparks","Sparks","552583","fdb927","https://a.espncdn.com/i/teamlogos/wnba/500/la.png","away",89,16,7,18,"13",0.479,34,71,0,12,84.6,11,13,"14",7,"40",8,2,0,0.435,10,23,25,0,13,"17",11,9,"s:40~l:59~t:9","new-york-liberty","New York","Liberty","NY","New York Liberty","Liberty","86cebc","000000","https://a.espncdn.com/i/teamlogos/wnba/500/ny.png",96,7,-7
2023,401507359,2023,2,2023-09-08,2023-09-08 19:00:00,18,"s:40~l:59~t:18","connecticut-sun","Connecticut","Sun","CONN","Connecticut Sun","Sun","f05023","0a2240","https://a.espncdn.com/i/teamlogos/wnba/500/conn.png","home",76,TRUE,19,5,31,"13",0.5,29,58,0,17,64.7,11,17,"21",6,"36",6,2,0,0.368,7,19,37,0,19,"9",17,5,"s:40~l:59~t:5","indiana-fever","Indiana","Fever","IND","Indiana Fever","Fever","002d62","e03a3e","https://a.espncdn.com/i/teamlogos/wnba/500/ind.png",59,"W",2023,2,2023-09-08,2023-09-08 19:00:00,5,"s:40~l:59~t:5","indiana-fever","Indiana","Fever","IND","Indiana Fever","Fever","002d62","e03a3e","https://a.espncdn.com/i/teamlogos/wnba/500/ind.png","away",59,11,3,21,"5",0.349,22,63,0,21,68.8,11,16,"0",6,"34",10,0,1,0.222,4,18,27,1,13,"13",13,18,"s:40~l:59~t:18","connecticut-sun","Connecticut","Sun","CONN","Connecticut Sun","Sun","f05023","0a2240","https://a.espncdn.com/i/teamlogos/wnba/500/conn.png",76,17,-17
2023,401507360,2023,2,2023-09-08,2023-09-08 19:00:00,16,"s:40~l:59~t:16","washington-mystics","Washington","Mystics","WSH","Washington Mystics","Mystics","e03a3e","002b5c","https://a.espncdn.com/i/teamlogos/wnba/500/wsh.png","home",75,FALSE,24,2,28,"12",0.386,27,70,0,21,83.3,10,12,"1",4,"24",6,0,0,0.355,11,31,32,0,7,"6",7,20,"s:40~l:59~t:20","atlanta-dream","Atlanta","Dream","ATL","Atlanta Dream","Dream","e31837","5091cc","https://a.espncdn.com/i/teamlogos/wnba/500/atl.png",80,"L",2023,2,2023-09-08,2023-09-08 19:00:00,20,"s:40~l:59~t:20","atlanta-dream","Atlanta","Dream","ATL","Atlanta Dream","Dream","e31837","5091cc","https://a.espncdn.com/i/teamlogos/wnba/500/atl.png","away",80,13,1,38,"8",0.379,25,66,0,15,82.8,24,29,"13",9,"28",4,3,1,0.25,6,24,47,1,13,"15",10,16,"s:40~l:59~t:16","washington-mystics","Washington","Mystics","WSH","Washington Mystics","Mystics","e03a3e","002b5c","https://a.espncdn.com/i/teamlogos/wnba/500/wsh.png",75,-5,5
2023,401507361,2023,2,2023-09-08,2023-09-08 20:00:00,19,"s:40~l:59~t:19","chicago-sky","Chicago","Sky","CHI","Chicago Sky","Sky","5091cd","ffd520","https://a.espncdn.com/i/teamlogos/wnba/500/chi.png","home",92,TRUE,25,2,23,"2",0.467,35,75,0,17,78.6,11,14,"12",9,"34",8,0,1,0.5,11,22,32,1,15,"12",15,8,"s:40~l:59~t:8","minnesota-lynx","Minnesota","Lynx","MIN","Minnesota Lynx","Lynx","266092","79bc43","https://a.espncdn.com/i/teamlogos/wnba/500/min.png",87,"W",2023,2,2023-09-08,2023-09-08 20:00:00,8,"s:40~l:59~t:8","minnesota-lynx","Minnesota","Lynx","MIN","Minnesota Lynx","Lynx","266092","79bc43","https://a.espncdn.com/i/teamlogos/wnba/500/min.png","away",87,24,1,24,"11",0.508,33,65,1,14,77.8,14,18,"9",7,"38",11,1,1,0.368,7,19,31,1,17,"13",16,19,"s:40~l:59~t:19","chicago-sky","Chicago","Sky","CHI","Chicago Sky","Sky","5091cd","ffd520","https://a.espncdn.com/i/teamlogos/wnba/500/chi.png",92,5,-5
2023,401507362,2023,2,2023-09-08,2023-09-08 20:00:00,3,"s:40~l:59~t:3","dallas-wings","Dallas","Wings","DAL","Dallas Wings","Wings","002b5c","c4d600","https://a.espncdn.com/i/teamlogos/wnba/500/dal.png","home",106,TRUE,30,5,27,"22",0.594,41,69,0,22,76.2,16,21,"18",9,"60",7,1,1,0.4,8,20,36,1,16,"16",15,14,"s:40~l:59~t:14","seattle-storm","Seattle","Storm","SEA","Seattle Storm","Storm","2c5235","fee11a","https://a.espncdn.com/i/teamlogos/wnba/500/sea.png",91,"W",2023,2,2023-09-08,2023-09-08 20:00:00,14,"s:40~l:59~t:14","seattle-storm","Seattle","Storm","SEA","Seattle Storm","Storm","2c5235","fee11a","https://a.espncdn.com/i/teamlogos/wnba/500/sea.png","away",91,22,2,16,"16",0.449,31,69,0,19,85.7,18,21,"1",8,"32",5,0,0,0.44,11,25,24,0,16,"21",16,3,"s:40~l:59~t:3","dallas-wings","Dallas","Wings","DAL","Dallas Wings","Wings","002b5c","c4d600","https://a.espncdn.com/i/teamlogos/wnba/500/dal.png",106,15,-15
2023,401507363,2023,2,2023-09-08,2023-09-08 22:00:00,11,"s:40~l:59~t:11","phoenix-mercury","Phoenix","Mercury","PHX","Phoenix Mercury","Mercury","3c286e","e56020","https://a.espncdn.com/i/teamlogos/wnba/500/phx.png","home",73,FALSE,13,0,27,"2",0.347,26,75,0,14,88.9,16,18,"4",8,"34",6,0,0,0.278,5,18,35,0,10,"9",10,17,"s:40~l:59~t:17","las-vegas-aces","Las Vegas","Aces","LV","Las Vegas Aces","Aces","a7a8aa","000000","https://a.espncdn.com/i/teamlogos/wnba/500/lv.png",94,"L",2023,2,2023-09-08,2023-09-08 22:00:00,17,"s:40~l:59~t:17","las-vegas-aces","Las Vegas","Aces","LV","Las Vegas Aces","Aces","a7a8aa","000000","https://a.espncdn.com/i/teamlogos/wnba/500/lv.png","away",94,25,6,35,"20",0.543,38,70,0,15,85.7,12,14,"30",3,"50",8,0,0,0.24,6,25,38,0,10,"9",10,11,"s:40~l:59~t:11","phoenix-mercury","Phoenix","Mercury","PHX","Phoenix Mercury","Mercury","3c286e","e56020","https://a.espncdn.com/i/teamlogos/wnba/500/phx.png",73,-21,21
2023,401507364,2023,2,2023-09-10,2023-09-10 13:00:00,20,"s:40~l:59~t:20","atlanta-dream","Atlanta","Dream","ATL","Atlanta Dream","Dream","e31837","5091cc","https://a.espncdn.com/i/teamlogos/wnba/500/atl.png","home",77,FALSE,17,3,22,"13",0.382,26,68,0,18,73.1,19,26,"1",7,"28",6,0,0,0.333,6,18,29,0,13,"14",13,3,"s:40~l:59~t:3","dallas-wings","Dallas","Wings","DAL","Dallas Wings","Wings","002b5c","c4d600","https://a.espncdn.com/i/teamlogos/wnba/500/dal.png",94,"L",2023,2,2023-09-10,2023-09-10 13:00:00,3,"s:40~l:59~t:3","dallas-wings","Dallas","Wings","DAL","Dallas Wings","Wings","002b5c","c4d600","https://a.espncdn.com/i/teamlogos/wnba/500/dal.png","away",94,26,4,38,"8",0.5,33,66,0,20,100,23,23,"21",6,"46",6,0,1,0.278,5,18,44,1,16,"19",16,20,"s:40~l:59~t:20","atlanta-dream","Atlanta","Dream","ATL","Atlanta Dream","Dream","e31837","5091cc","https://a.espncdn.com/i/teamlogos/wnba/500/atl.png",77,-17,17
2023,401507365,2023,2,2023-09-10,2023-09-10 13:00:00,18,"s:40~l:59~t:18","connecticut-sun","Connecticut","Sun","CONN","Connecticut Sun","Sun","f05023","0a2240","https://a.espncdn.com/i/teamlogos/wnba/500/conn.png","home",91,FALSE,21,3,26,"23",0.41,34,83,0,13,84.2,16,19,"10",10,"42",9,0,1,0.304,7,23,36,1,10,"8",10,19,"s:40~l:59~t:19","chicago-sky","Chicago","Sky","CHI","Chicago Sky","Sky","5091cd","ffd520","https://a.espncdn.com/i/teamlogos/wnba/500/chi.png",102,"L",2023,2,2023-09-10,2023-09-10 13:00:00,19,"s:40~l:59~t:19","chicago-sky","Chicago","Sky","CHI","Chicago Sky","Sky","5091cd","ffd520","https://a.espncdn.com/i/teamlogos/wnba/500/chi.png","away",102,28,4,32,"23",0.542,39,72,0,20,85.7,12,14,"13",6,"44",6,0,0,0.522,12,23,38,0,17,"19",17,18,"s:40~l:59~t:18","connecticut-sun","Connecticut","Sun","CONN","Connecticut Sun","Sun","f05023","0a2240","https://a.espncdn.com/i/teamlogos/wnba/500/conn.png",91,-11,11
2023,401507366,2023,2,2023-09-10,2023-09-10 13:00:00,5,"s:40~l:59~t:5","indiana-fever","Indiana","Fever","IND","Indiana Fever","Fever","002d62","e03a3e","https://a.espncdn.com/i/teamlogos/wnba/500/ind.png","home",87,TRUE,13,0,25,"5",0.479,34,71,1,16,57.9,11,19,"15",11,"48",13,0,1,0.4,8,20,36,1,15,"13",15,8,"s:40~l:59~t:8","minnesota-lynx","Minnesota","Lynx","MIN","Minnesota Lynx","Lynx","266092","79bc43","https://a.espncdn.com/i/teamlogos/wnba/500/min.png",72,"W",2023,2,2023-09-10,2023-09-10 13:00:00,8,"s:40~l:59~t:8","minnesota-lynx","Minnesota","Lynx","MIN","Minnesota Lynx","Lynx","266092","79bc43","https://a.espncdn.com/i/teamlogos/wnba/500/min.png","away",72,13,2,21,"9",0.403,27,67,0,15,76.5,13,17,"3",8,"28",5,1,2,0.25,5,20,29,2,15,"14",14,5,"s:40~l:59~t:5","indiana-fever","Indiana","Fever","IND","Indiana Fever","Fever","002d62","e03a3e","https://a.espncdn.com/i/teamlogos/wnba/500/ind.png",87,15,-15
2023,401507367,2023,2,2023-09-10,2023-09-10 13:00:00,9,"s:40~l:59~t:9","new-york-liberty","New York","Liberty","NY","New York Liberty","Liberty","86cebc","000000","https://a.espncdn.com/i/teamlogos/wnba/500/ny.png","home",88,FALSE,19,2,25,"7",0.405,30,74,0,14,100,16,16,"8",11,"28",5,0,0,0.324,12,37,36,0,10,"15",10,16,"s:40~l:59~t:16","washington-mystics","Washington","Mystics","WSH","Washington Mystics","Mystics","e03a3e","002b5c","https://a.espncdn.com/i/teamlogos/wnba/500/wsh.png",90,"L",2023,2,2023-09-10,2023-09-10 13:00:00,16,"s:40~l:59~t:16","washington-mystics","Washington","Mystics","WSH","Washington Mystics","Mystics","e03a3e","002b5c","https://a.espncdn.com/i/teamlogos/wnba/500/wsh.png","away",90,21,3,25,"6",0.5,33,66,1,15,84.2,16,19,"12",7,"40",6,4,1,0.364,8,22,32,1,12,"15",8,9,"s:40~l:59~t:9","new-york-liberty","New York","Liberty","NY","New York Liberty","Liberty","86cebc","000000","https://a.espncdn.com/i/teamlogos/wnba/500/ny.png",88,-2,2
2023,401507368,2023,2,2023-09-10,2023-09-10 15:00:00,17,"s:40~l:59~t:17","las-vegas-aces","Las Vegas","Aces","LV","Las Vegas Aces","Aces","a7a8aa","000000","https://a.espncdn.com/i/teamlogos/wnba/500/lv.png","home",100,TRUE,22,3,22,"13",0.529,37,70,0,11,75,12,16,"24",10,"36",12,0,0,0.424,14,33,32,0,9,"13",9,11,"s:40~l:59~t:11","phoenix-mercury","Phoenix","Mercury","PHX","Phoenix Mercury","Mercury","3c286e","e56020","https://a.espncdn.com/i/teamlogos/wnba/500/phx.png",85,"W",2023,2,2023-09-10,2023-09-10 15:00:00,11,"s:40~l:59~t:11","phoenix-mercury","Phoenix","Mercury","PHX","Phoenix Mercury","Mercury","3c286e","e56020","https://a.espncdn.com/i/teamlogos/wnba/500/phx.png","away",85,21,3,22,"6",0.479,34,71,0,12,100,6,6,"2",10,"36",6,1,0,0.423,11,26,32,0,15,"22",14,17,"s:40~l:59~t:17","las-vegas-aces","Las Vegas","Aces","LV","Las Vegas Aces","Aces","a7a8aa","000000","https://a.espncdn.com/i/teamlogos/wnba/500/lv.png",100,15,-15
2023,401507369,2023,2,2023-09-10,2023-09-10 15:00:00,14,"s:40~l:59~t:14","seattle-storm","Seattle","Storm","SEA","Seattle Storm","Storm","2c5235","fee11a","https://a.espncdn.com/i/teamlogos/wnba/500/sea.png","home",89,FALSE,25,3,28,"13",0.492,32,65,0,19,86.7,13,15,"19",5,"38",5,1,1,0.545,12,22,33,1,21,"27",20,6,"s:40~l:59~t:6","los-angeles-sparks","Los Angeles","Sparks","LA","Los Angeles Sparks","Sparks","552583","fdb927","https://a.espncdn.com/i/teamlogos/wnba/500/la.png",91,"L",2023,2,2023-09-10,2023-09-10 15:00:00,6,"s:40~l:59~t:6","los-angeles-sparks","Los Angeles","Sparks","LA","Los Angeles Sparks","Sparks","552583","fdb927","https://a.espncdn.com/i/teamlogos/wnba/500/la.png","away",91,25,2,24,"14",0.442,34,77,0,16,75,18,24,"4",14,"54",16,0,1,0.278,5,18,38,1,12,"13",12,14,"s:40~l:59~t:14","seattle-storm","Seattle","Storm","SEA","Seattle Storm","Storm","2c5235","fee11a","https://a.espncdn.com/i/teamlogos/wnba/500/sea.png",89,-2,2
2023,401578549,2023,3,2023-09-13,2023-09-13 20:00:00,18,"s:40~l:59~t:18","connecticut-sun","Connecticut","Sun","CONN","Connecticut Sun","Sun","f05023","0a2240","https://a.espncdn.com/i/teamlogos/wnba/500/conn.png","home",90,TRUE,28,2,29,"16",0.471,33,70,0,14,66.7,8,12,"33",7,"26",13,2,0,0.533,16,30,36,0,13,"9",11,8,"s:40~l:59~t:8","minnesota-lynx","Minnesota","Lynx","MIN","Minnesota Lynx","Lynx","266092","79bc43","https://a.espncdn.com/i/teamlogos/wnba/500/min.png",60,"W",2023,3,2023-09-13,2023-09-13 20:00:00,8,"s:40~l:59~t:8","minnesota-lynx","Minnesota","Lynx","MIN","Minnesota Lynx","Lynx","266092","79bc43","https://a.espncdn.com/i/teamlogos/wnba/500/min.png","away",60,13,2,25,"3",0.35,21,60,0,13,81.3,13,16,"2",7,"22",5,0,1,0.2,5,25,32,1,19,"30",19,18,"s:40~l:59~t:18","connecticut-sun","Connecticut","Sun","CONN","Connecticut Sun","Sun","f05023","0a2240","https://a.espncdn.com/i/teamlogos/wnba/500/conn.png",90,30,-30
2023,401578550,2023,3,2023-09-13,2023-09-13 22:00:00,17,"s:40~l:59~t:17","las-vegas-aces","Las Vegas","Aces","LV","Las Vegas Aces","Aces","a7a8aa","000000","https://a.espncdn.com/i/teamlogos/wnba/500/lv.png","home",87,TRUE,20,7,34,"27",0.432,32,74,0,8,94.1,16,17,"32",5,"44",10,1,0,0.318,7,22,39,0,8,"6",7,19,"s:40~l:59~t:19","chicago-sky","Chicago","Sky","CHI","Chicago Sky","Sky","5091cd","ffd520","https://a.espncdn.com/i/teamlogos/wnba/500/chi.png",59,"W",2023,3,2023-09-13,2023-09-13 22:00:00,19,"s:40~l:59~t:19","chicago-sky","Chicago","Sky","CHI","Chicago Sky","Sky","5091cd","ffd520","https://a.espncdn.com/i/teamlogos/wnba/500/chi.png","away",59,14,5,34,"15",0.333,24,72,1,17,75,6,8,"0",9,"28",4,1,0,0.227,5,22,43,0,14,"16",13,17,"s:40~l:59~t:17","las-vegas-aces","Las Vegas","Aces","LV","Las Vegas Aces","Aces","a7a8aa","000000","https://a.espncdn.com/i/teamlogos/wnba/500/lv.png",87,28,-28
2023,401578551,2023,3,2023-09-15,2023-09-15 19:30:00,9,"s:40~l:59~t:9","new-york-liberty","New York","Liberty","NY","New York Liberty","Liberty","86cebc","000000","https://a.espncdn.com/i/teamlogos/wnba/500/ny.png","home",90,TRUE,18,9,29,"9",0.44,33,75,0,12,85.7,12,14,"15",14,"40",6,0,0,0.353,12,34,43,0,10,"11",10,16,"s:40~l:59~t:16","washington-mystics","Washington","Mystics","WSH","Washington Mystics","Mystics","e03a3e","002b5c","https://a.espncdn.com/i/teamlogos/wnba/500/wsh.png",75,"W",2023,3,2023-09-15,2023-09-15 19:30:00,16,"s:40~l:59~t:16","washington-mystics","Washington","Mystics","WSH","Washington Mystics","Mystics","e03a3e","002b5c","https://a.espncdn.com/i/teamlogos/wnba/500/wsh.png","away",75,24,2,24,"12",0.413,31,75,0,15,66.7,8,12,"6",13,"42",8,0,0,0.227,5,22,37,0,7,"9",7,9,"s:40~l:59~t:9","new-york-liberty","New York","Liberty","NY","New York Liberty","Liberty","86cebc","000000","https://a.espncdn.com/i/teamlogos/wnba/500/ny.png",90,15,-15
2023,401578552,2023,3,2023-09-15,2023-09-15 21:30:00,3,"s:40~l:59~t:3","dallas-wings","Dallas","Wings","DAL","Dallas Wings","Wings","002b5c","c4d600","https://a.espncdn.com/i/teamlogos/wnba/500/dal.png","home",94,TRUE,21,5,33,"20",0.486,34,70,0,17,70.4,19,27,"12",11,"48",12,1,0,0.412,7,17,44,0,19,"24",18,20,"s:40~l:59~t:20","atlanta-dream","Atlanta","Dream","ATL","Atlanta Dream","Dream","e31837","5091cc","https://a.espncdn.com/i/teamlogos/wnba/500/atl.png",82,"W",2023,3,2023-09-15,2023-09-15 21:30:00,20,"s:40~l:59~t:20","atlanta-dream","Atlanta","Dream","ATL","Atlanta Dream","Dream","e31837","5091cc","https://a.espncdn.com/i/teamlogos/wnba/500/atl.png","away",82,18,3,23,"14",0.368,28,76,0,19,76.5,13,17,"20",9,"24",10,0,0,0.481,13,27,32,0,16,"20",16,3,"s:40~l:59~t:3","dallas-wings","Dallas","Wings","DAL","Dallas Wings","Wings","002b5c","c4d600","https://a.espncdn.com/i/teamlogos/wnba/500/dal.png",94,12,-12
2023,401578553,2023,3,2023-09-17,2023-09-17 13:00:00,18,"s:40~l:59~t:18","connecticut-sun","Connecticut","Sun","CONN","Connecticut Sun","Sun","f05023","0a2240","https://a.espncdn.com/i/teamlogos/wnba/500/conn.png","home",75,FALSE,18,4,24,"5",0.438,28,64,0,10,85.7,12,14,"1",6,"32",3,1,0,0.35,7,20,30,0,11,"20",10,8,"s:40~l:59~t:8","minnesota-lynx","Minnesota","Lynx","MIN","Minnesota Lynx","Lynx","266092","79bc43","https://a.espncdn.com/i/teamlogos/wnba/500/min.png",82,"L",2023,3,2023-09-17,2023-09-17 13:00:00,8,"s:40~l:59~t:8","minnesota-lynx","Minnesota","Lynx","MIN","Minnesota Lynx","Lynx","266092","79bc43","https://a.espncdn.com/i/teamlogos/wnba/500/min.png","away",82,22,1,27,"2",0.478,33,69,0,16,70,7,10,"16",8,"42",7,2,0,0.375,9,24,35,0,9,"6",7,18,"s:40~l:59~t:18","connecticut-sun","Connecticut","Sun","CONN","Connecticut Sun","Sun","f05023","0a2240","https://a.espncdn.com/i/teamlogos/wnba/500/conn.png",75,-7,7
2023,401578554,2023,3,2023-09-17,2023-09-17 15:00:00,17,"s:40~l:59~t:17","las-vegas-aces","Las Vegas","Aces","LV","Las Vegas Aces","Aces","a7a8aa","000000","https://a.espncdn.com/i/teamlogos/wnba/500/lv.png","home",92,TRUE,20,4,31,"16",0.416,32,77,0,14,91.3,21,23,"28",15,"42",12,2,0,0.333,7,21,46,0,10,"9",8,19,"s:40~l:59~t:19","chicago-sky","Chicago","Sky","CHI","Chicago Sky","Sky","5091cd","ffd520","https://a.espncdn.com/i/teamlogos/wnba/500/chi.png",70,"W",2023,3,2023-09-17,2023-09-17 15:00:00,19,"s:40~l:59~t:19","chicago-sky","Chicago","Sky","CHI","Chicago Sky","Sky","5091cd","ffd520","https://a.espncdn.com/i/teamlogos/wnba/500/chi.png","away",70,15,7,25,"9",0.385,25,65,0,19,86.7,13,15,"0",7,"24",4,3,0,0.333,7,21,32,0,18,"15",15,17,"s:40~l:59~t:17","las-vegas-aces","Las Vegas","Aces","LV","Las Vegas Aces","Aces","a7a8aa","000000","https://a.espncdn.com/i/teamlogos/wnba/500/lv.png",92,22,-22
2023,401578555,2023,3,2023-09-19,2023-09-19 19:00:00,9,"s:40~l:59~t:9","new-york-liberty","New York","Liberty","NY","New York Liberty","Liberty","86cebc","000000","https://a.espncdn.com/i/teamlogos/wnba/500/ny.png","home",90,TRUE,21,7,30,"7",0.42,34,81,0,17,85.7,18,21,"11",11,"52",8,2,1,0.174,4,23,41,1,15,"16",13,16,"s:40~l:59~t:16","washington-mystics","Washington","Mystics","WSH","Washington Mystics","Mystics","e03a3e","002b5c","https://a.espncdn.com/i/teamlogos/wnba/500/wsh.png",85,"W",2023,3,2023-09-19,2023-09-19 19:00:00,16,"s:40~l:59~t:16","washington-mystics","Washington","Mystics","WSH","Washington Mystics","Mystics","e03a3e","002b5c","https://a.espncdn.com/i/teamlogos/wnba/500/wsh.png","away",85,20,7,29,"8",0.4,32,80,0,25,81.3,13,16,"7",9,"42",8,1,1,0.308,8,26,38,1,15,"18",14,9,"s:40~l:59~t:9","new-york-liberty","New York","Liberty","NY","New York Liberty","Liberty","86cebc","000000","https://a.espncdn.com/i/teamlogos/wnba/500/ny.png",90,5,-5
2023,401578556,2023,3,2023-09-19,2023-09-19 21:00:00,3,"s:40~l:59~t:3","dallas-wings","Dallas","Wings","DAL","Dallas Wings","Wings","002b5c","c4d600","https://a.espncdn.com/i/teamlogos/wnba/500/dal.png","home",101,TRUE,22,7,29,"14",0.526,41,78,0,14,85.7,12,14,"27",12,"54",9,0,0,0.333,7,21,41,0,13,"5",13,20,"s:40~l:59~t:20","atlanta-dream","Atlanta","Dream","ATL","Atlanta Dream","Dream","e31837","5091cc","https://a.espncdn.com/i/teamlogos/wnba/500/atl.png",74,"W",2023,3,2023-09-19,2023-09-19 21:00:00,20,"s:40~l:59~t:20","atlanta-dream","Atlanta","Dream","ATL","Atlanta Dream","Dream","e31837","5091cc","https://a.espncdn.com/i/teamlogos/wnba/500/atl.png","away",74,14,4,23,"4",0.412,28,68,0,13,61.1,11,18,"3",5,"34",5,2,0,0.35,7,20,28,0,18,"25",16,3,"s:40~l:59~t:3","dallas-wings","Dallas","Wings","DAL","Dallas Wings","Wings","002b5c","c4d600","https://a.espncdn.com/i/teamlogos/wnba/500/dal.png",101,27,-27
2023,401578557,2023,3,2023-09-20,2023-09-20 20:00:00,8,"s:40~l:59~t:8","minnesota-lynx","Minnesota","Lynx","MIN","Minnesota Lynx","Lynx","266092","79bc43","https://a.espncdn.com/i/teamlogos/wnba/500/min.png","home",75,FALSE,16,3,21,"7",0.433,26,60,0,16,78.9,15,19,"0",6,"28",6,0,0,0.364,8,22,27,0,10,"14",10,18,"s:40~l:59~t:18","connecticut-sun","Connecticut","Sun","CONN","Connecticut Sun","Sun","f05023","0a2240","https://a.espncdn.com/i/teamlogos/wnba/500/conn.png",90,"L",2023,3,2023-09-20,2023-09-20 20:00:00,18,"s:40~l:59~t:18","connecticut-sun","Connecticut","Sun","CONN","Connecticut Sun","Sun","f05023","0a2240","https://a.espncdn.com/i/teamlogos/wnba/500/conn.png","away",90,24,5,28,"16",0.554,36,65,0,14,64.3,9,14,"19",7,"40",7,2,0,0.45,9,20,35,0,10,"7",8,8,"s:40~l:59~t:8","minnesota-lynx","Minnesota","Lynx","MIN","Minnesota Lynx","Lynx","266092","79bc43","https://a.espncdn.com/i/teamlogos/wnba/500/min.png",75,-15,15
2023,401578561,2023,3,2023-09-24,2023-09-24 13:00:00,9,"s:40~l:59~t:9","new-york-liberty","New York","Liberty","NY","New York Liberty","Liberty","86cebc","000000","https://a.espncdn.com/i/teamlogos/wnba/500/ny.png","home",63,FALSE,17,6,18,"0",0.338,23,68,0,10,75,9,12,"3",12,"22",4,0,0,0.296,8,27,30,0,14,"13",14,18,"s:40~l:59~t:18","connecticut-sun","Connecticut","Sun","CONN","Connecticut Sun","Sun","f05023","0a2240","https://a.espncdn.com/i/teamlogos/wnba/500/conn.png",78,"L",2023,3,2023-09-24,2023-09-24 13:00:00,18,"s:40~l:59~t:18","connecticut-sun","Connecticut","Sun","CONN","Connecticut Sun","Sun","f05023","0a2240","https://a.espncdn.com/i/teamlogos/wnba/500/conn.png","away",78,20,7,23,"7",0.449,31,69,0,14,80,8,10,"16",12,"34",7,5,1,0.333,8,24,35,1,13,"6",8,9,"s:40~l:59~t:9","new-york-liberty","New York","Liberty","NY","New York Liberty","Liberty","86cebc","000000","https://a.espncdn.com/i/teamlogos/wnba/500/ny.png",63,-15,15
2023,401578562,2023,3,2023-09-24,2023-09-24 17:00:00,17,"s:40~l:59~t:17","las-vegas-aces","Las Vegas","Aces","LV","Las Vegas Aces","Aces","a7a8aa","000000","https://a.espncdn.com/i/teamlogos/wnba/500/lv.png","home",97,TRUE,18,7,26,"17",0.536,37,69,0,14,100,13,13,"20",10,"46",9,0,0,0.435,10,23,36,0,16,"14",16,3,"s:40~l:59~t:3","dallas-wings","Dallas","Wings","DAL","Dallas Wings","Wings","002b5c","c4d600","https://a.espncdn.com/i/teamlogos/wnba/500/dal.png",83,"W",2023,3,2023-09-24,2023-09-24 17:00:00,3,"s:40~l:59~t:3","dallas-wings","Dallas","Wings","DAL","Dallas Wings","Wings","002b5c","c4d600","https://a.espncdn.com/i/teamlogos/wnba/500/dal.png","away",83,21,3,19,"10",0.437,31,71,0,13,66.7,12,18,"1",10,"40",10,0,0,0.429,9,21,29,0,12,"21",12,17,"s:40~l:59~t:17","las-vegas-aces","Las Vegas","Aces","LV","Las Vegas Aces","Aces","a7a8aa","000000","https://a.espncdn.com/i/teamlogos/wnba/500/lv.png",97,14,-14
2023,401578563,2023,3,2023-09-26,2023-09-26 20:00:00,9,"s:40~l:59~t:9","new-york-liberty","New York","Liberty","NY","New York Liberty","Liberty","86cebc","000000","https://a.espncdn.com/i/teamlogos/wnba/500/ny.png","home",84,TRUE,19,9,29,"16",0.446,29,65,0,15,100,16,16,"10",8,"32",5,2,0,0.385,10,26,37,0,14,"11",12,18,"s:40~l:59~t:18","connecticut-sun","Connecticut","Sun","CONN","Connecticut Sun","Sun","f05023","0a2240","https://a.espncdn.com/i/teamlogos/wnba/500/conn.png",77,"W",2023,3,2023-09-26,2023-09-26 20:00:00,18,"s:40~l:59~t:18","connecticut-sun","Connecticut","Sun","CONN","Connecticut Sun","Sun","f05023","0a2240","https://a.espncdn.com/i/teamlogos/wnba/500/conn.png","away",77,21,2,25,"5",0.397,27,68,0,15,77.8,14,18,"12",6,"24",7,1,0,0.391,9,23,31,0,10,"17",9,9,"s:40~l:59~t:9","new-york-liberty","New York","Liberty","NY","New York Liberty","Liberty","86cebc","000000","https://a.espncdn.com/i/teamlogos/wnba/500/ny.png",84,7,-7
2023,401578564,2023,3,2023-09-26,2023-09-26 22:00:00,17,"s:40~l:59~t:17","las-vegas-aces","Las Vegas","Aces","LV","Las Vegas Aces","Aces","a7a8aa","000000","https://a.espncdn.com/i/teamlogos/wnba/500/lv.png","home",91,TRUE,17,6,31,"12",0.462,30,65,0,16,88,22,25,"14",8,"30",5,0,0,0.375,9,24,39,0,12,"4",12,3,"s:40~l:59~t:3","dallas-wings","Dallas","Wings","DAL","Dallas Wings","Wings","002b5c","c4d600","https://a.espncdn.com/i/teamlogos/wnba/500/dal.png",84,"W",2023,3,2023-09-26,2023-09-26 22:00:00,3,"s:40~l:59~t:3","dallas-wings","Dallas","Wings","DAL","Dallas Wings","Wings","002b5c","c4d600","https://a.espncdn.com/i/teamlogos/wnba/500/dal.png","away",84,19,6,19,"11",0.375,33,88,0,14,61.5,8,13,"0",21,"42",7,1,0,0.385,10,26,40,0,9,"8",8,17,"s:40~l:59~t:17","las-vegas-aces","Las Vegas","Aces","LV","Las Vegas Aces","Aces","a7a8aa","000000","https://a.espncdn.com/i/teamlogos/wnba/500/lv.png",91,7,-7
2023,401578565,2023,3,2023-09-29,2023-09-29 19:30:00,18,"s:40~l:59~t:18","connecticut-sun","Connecticut","Sun","CONN","Connecticut Sun","Sun","f05023","0a2240","https://a.espncdn.com/i/teamlogos/wnba/500/conn.png","home",81,FALSE,26,5,22,"8",0.471,33,70,0,15,90.9,10,11,"0",8,"48",5,2,0,0.313,5,16,30,0,12,"12",10,9,"s:40~l:59~t:9","new-york-liberty","New York","Liberty","NY","New York Liberty","Liberty","86cebc","000000","https://a.espncdn.com/i/teamlogos/wnba/500/ny.png",92,"L",2023,3,2023-09-29,2023-09-29 19:30:00,9,"s:40~l:59~t:9","new-york-liberty","New York","Liberty","NY","New York Liberty","Liberty","86cebc","000000","https://a.espncdn.com/i/teamlogos/wnba/500/ny.png","away",92,20,5,24,"15",0.5,38,76,0,13,100,7,7,"22",11,"50",4,1,0,0.346,9,26,35,0,13,"17",12,18,"s:40~l:59~t:18","connecticut-sun","Connecticut","Sun","CONN","Connecticut Sun","Sun","f05023","0a2240","https://a.espncdn.com/i/teamlogos/wnba/500/conn.png",81,-11,11
2023,401578566,2023,3,2023-09-29,2023-09-29 21:30:00,3,"s:40~l:59~t:3","dallas-wings","Dallas","Wings","DAL","Dallas Wings","Wings","002b5c","c4d600","https://a.espncdn.com/i/teamlogos/wnba/500/dal.png","home",61,FALSE,14,4,30,"12",0.316,24,76,0,15,46.7,7,15,"8",11,"30",9,1,0,0.214,6,28,41,0,13,"2",12,17,"s:40~l:59~t:17","las-vegas-aces","Las Vegas","Aces","LV","Las Vegas Aces","Aces","a7a8aa","000000","https://a.espncdn.com/i/teamlogos/wnba/500/lv.png",64,"L",2023,3,2023-09-29,2023-09-29 21:30:00,17,"s:40~l:59~t:17","las-vegas-aces","Las Vegas","Aces","LV","Las Vegas Aces","Aces","a7a8aa","000000","https://a.espncdn.com/i/teamlogos/wnba/500/lv.png","away",64,16,4,34,"7",0.407,24,59,0,12,71.4,10,14,"7",5,"24",6,1,0,0.316,6,19,39,0,20,"15",19,3,"s:40~l:59~t:3","dallas-wings","Dallas","Wings","DAL","Dallas Wings","Wings","002b5c","c4d600","https://a.espncdn.com/i/teamlogos/wnba/500/dal.png",61,-3,3
2023,401578567,2023,3,2023-10-01,2023-10-01 15:00:00,18,"s:40~l:59~t:18","connecticut-sun","Connecticut","Sun","CONN","Connecticut Sun","Sun","f05023","0a2240","https://a.espncdn.com/i/teamlogos/wnba/500/conn.png","home",84,FALSE,21,6,26,"11",0.455,35,77,0,23,37.5,3,8,"10",7,"42",7,0,0,0.44,11,25,33,0,10,"17",10,9,"s:40~l:59~t:9","new-york-liberty","New York","Liberty","NY","New York Liberty","Liberty","86cebc","000000","https://a.espncdn.com/i/teamlogos/wnba/500/ny.png",87,"L",2023,3,2023-10-01,2023-10-01 15:00:00,9,"s:40~l:59~t:9","new-york-liberty","New York","Liberty","NY","New York Liberty","Liberty","86cebc","000000","https://a.espncdn.com/i/teamlogos/wnba/500/ny.png","away",87,22,6,31,"5",0.412,28,68,0,11,84,21,25,"11",11,"34",5,1,0,0.455,10,22,42,0,13,"14",12,18,"s:40~l:59~t:18","connecticut-sun","Connecticut","Sun","CONN","Connecticut Sun","Sun","f05023","0a2240","https://a.espncdn.com/i/teamlogos/wnba/500/conn.png",84,-3,3
2023,401578571,2023,3,2023-10-08,2023-10-08 15:00:00,17,"s:40~l:59~t:17","las-vegas-aces","Las Vegas","Aces","LV","Las Vegas Aces","Aces","a7a8aa","000000","https://a.espncdn.com/i/teamlogos/wnba/500/lv.png","home",99,TRUE,21,5,30,"13",0.547,35,64,0,16,87,20,23,"22",4,"42",7,0,2,0.409,9,22,34,2,11,"6",11,9,"s:40~l:59~t:9","new-york-liberty","New York","Liberty","NY","New York Liberty","Liberty","86cebc","000000","https://a.espncdn.com/i/teamlogos/wnba/500/ny.png",82,"W",2023,3,2023-10-08,2023-10-08 15:00:00,9,"s:40~l:59~t:9","new-york-liberty","New York","Liberty","NY","New York Liberty","Liberty","86cebc","000000","https://a.espncdn.com/i/teamlogos/wnba/500/ny.png","away",82,17,3,24,"11",0.464,32,69,0,18,69.2,9,13,"8",6,"32",6,0,2,0.31,9,29,30,2,11,"16",11,17,"s:40~l:59~t:17","las-vegas-aces","Las Vegas","Aces","LV","Las Vegas Aces","Aces","a7a8aa","000000","https://a.espncdn.com/i/teamlogos/wnba/500/lv.png",99,17,-17
2023,401578572,2023,3,2023-10-11,2023-10-11 21:00:00,17,"s:40~l:59~t:17","las-vegas-aces","Las Vegas","Aces","LV","Las Vegas Aces","Aces","a7a8aa","000000","https://a.espncdn.com/i/teamlogos/wnba/500/lv.png","home",104,TRUE,31,1,32,"11",0.529,37,70,0,18,100,17,17,"32",8,"32",7,2,0,0.448,13,29,40,0,11,"14",9,9,"s:40~l:59~t:9","new-york-liberty","New York","Liberty","NY","New York Liberty","Liberty","86cebc","000000","https://a.espncdn.com/i/teamlogos/wnba/500/ny.png",76,"W",2023,3,2023-10-11,2023-10-11 21:00:00,9,"s:40~l:59~t:9","new-york-liberty","New York","Liberty","NY","New York Liberty","Liberty","86cebc","000000","https://a.espncdn.com/i/teamlogos/wnba/500/ny.png","away",76,19,4,22,"3",0.361,26,72,0,15,72.7,16,22,"0",13,"30",4,0,0,0.229,8,35,35,0,10,"13",10,17,"s:40~l:59~t:17","las-vegas-aces","Las Vegas","Aces","LV","Las Vegas Aces","Aces","a7a8aa","000000","https://a.espncdn.com/i/teamlogos/wnba/500/lv.png",104,28,-28
2023,401578573,2023,3,2023-10-15,2023-10-15 15:00:00,9,"s:40~l:59~t:9","new-york-liberty","New York","Liberty","NY","New York Liberty","Liberty","86cebc","000000","https://a.espncdn.com/i/teamlogos/wnba/500/ny.png","home",87,TRUE,28,8,31,"12",0.524,33,63,0,16,50,8,16,"17",4,"34",4,0,0,0.433,13,30,35,0,11,"13",11,17,"s:40~l:59~t:17","las-vegas-aces","Las Vegas","Aces","LV","Las Vegas Aces","Aces","a7a8aa","000000","https://a.espncdn.com/i/teamlogos/wnba/500/lv.png",73,"W",2023,3,2023-10-15,2023-10-15 15:00:00,17,"s:40~l:59~t:17","las-vegas-aces","Las Vegas","Aces","LV","Las Vegas Aces","Aces","a7a8aa","000000","https://a.espncdn.com/i/teamlogos/wnba/500/lv.png","away",73,13,0,26,"2",0.333,23,69,0,14,87,20,23,"1",8,"30",7,2,0,0.318,7,22,34,0,13,"14",11,9,"s:40~l:59~t:9","new-york-liberty","New York","Liberty","NY","New York Liberty","Liberty","86cebc","000000","https://a.espncdn.com/i/teamlogos/wnba/500/ny.png",87,14,-14
2023,401578574,2023,3,2023-10-18,2023-10-18 20:00:00,9,"s:40~l:59~t:9","new-york-liberty","New York","Liberty","NY","New York Liberty","Liberty","86cebc","000000","https://a.espncdn.com/i/teamlogos/wnba/500/ny.png","home",69,FALSE,19,5,30,"17",0.361,26,72,0,12,66.7,8,12,"12",9,"24",5,0,0,0.346,9,26,39,0,13,"15",13,17,"s:40~l:59~t:17","las-vegas-aces","Las Vegas","Aces","LV","Las Vegas Aces","Aces","a7a8aa","000000","https://a.espncdn.com/i/teamlogos/wnba/500/lv.png",70,"L",2023,3,2023-10-18,2023-10-18 20:00:00,17,"s:40~l:59~t:17","las-vegas-aces","Las Vegas","Aces","LV","Las Vegas Aces","Aces","a7a8aa","000000","https://a.espncdn.com/i/teamlogos/wnba/500/lv.png","away",70,18,1,32,"4",0.418,28,67,0,14,81.8,9,11,"7",6,"44",7,2,0,0.238,5,21,38,0,15,"14",13,9,"s:40~l:59~t:9","new-york-liberty","New York","Liberty","NY","New York Liberty","Liberty","86cebc","000000","https://a.espncdn.com/i/teamlogos/wnba/500/ny.png",69,-1,1
