"Season","game_id","HOME_season","HOME_season_type","HOME_game_date","HOME_game_date_time","HOME_team_id","HOME_team_uid","HOME_team_slug","HOME_team_location","HOME_team_name","HOME_team_abbreviation","HOME_TEAM_NAME","HOME_team_short_display_name","HOME_team_color","HOME_team_alternate_color","HOME_team_logo","HOME_team_home_away","HOME_PTS","HOME_team_winner","HOME_assists","HOME_blocks","HOME_defensive_rebounds","HOME_fast_break_points","HOME_FG_PCT","HOME_field_goals_made","HOME_field_goals_attempted","HOME_flagrant_fouls","HOME_fouls","HOME_free_throw_pct","HOME_free_throws_made","HOME_free_throws_attempted","HOME_largest_lead","HOME_offensive_rebounds","HOME_points_in_paint","HOME_steals","HOME_team_turnovers","HOME_technical_fouls","HOME_FG3_PCT","HOME_three_point_field_goals_made","HOME_three_point_field_goals_attempted","HOME_total_rebounds","HOME_total_technical_fouls","HOME_total_turnovers","HOME_turnover_points","HOME_turnovers","HOME_opponent_team_id","HOME_opponent_team_uid","HOME_opponent_team_slug","HOME_opponent_team_location","HOME_opponent_team_name","HOME_opponent_team_abbreviation","HOME_opponent_team_display_name","HOME_opponent_team_short_display_name","HOME_opponent_team_color","HOME_opponent_team_alternate_color","HOME_opponent_team_logo","HOME_opponent_team_score","HOME_HOME_WL","AWAY_season","AWAY_season_type","AWAY_game_date","AWAY_game_date_time","AWAY_team_id","AWAY_team_uid","AWAY_team_slug","AWAY_team_location","AWAY_team_name","AWAY_team_abbreviation","AWAY_TEAM_NAME","AWAY_team_short_display_name","AWAY_team_color","AWAY_team_alternate_color","AWAY_team_logo","AWAY_team_home_away","AWAY_PTS","AWAY_assists","AWAY_blocks","AWAY_defensive_rebounds","AWAY_fast_break_points","AWAY_FG_PCT","AWAY_field_goals_made","AWAY_field_goals_attempted","AWAY_flagrant_fouls","AWAY_fouls","AWAY_free_throw_pct","AWAY_free_throws_made","AWAY_free_throws_attempted","AWAY_largest_lead","AWAY_offensive_rebounds","AWAY_points_in_paint","AWAY_steals","AWAY_team_turnovers","AWAY_technical_fouls","AWAY_FG3_PCT","AWAY_three_point_field_goals_made","AWAY_three_point_field_goals_attempted","AWAY_total_rebounds","AWAY_total_technical_fouls","AWAY_total_turnovers","AWAY_turnover_points","AWAY_turnovers","AWAY_opponent_team_id","AWAY_opponent_team_uid","AWAY_opponent_team_slug","AWAY_opponent_team_location","AWAY_opponent_team_name","AWAY_opponent_team_abbreviation","AWAY_opponent_team_display_name","AWAY_opponent_team_short_display_name","AWAY_opponent_team_color","AWAY_opponent_team_alternate_color","AWAY_opponent_team_logo","AWAY_opponent_team_score","HOME_PLUS_MINUS","AWAY_PLUS_MINUS"
2024,401649378,2024,1,2024-05-03,2024-05-03 20:00:00,8,"s:40~l:59~t:8","minnesota-lynx","Minnesota","Lynx","MIN","Minnesota Lynx","Lynx","266092","79bc43","https://a.espncdn.com/i/teamlogos/wnba/500/min.png","home",92,TRUE,20,7,21,"7",0.529,37,70,0,22,64.7,11,17,"14",8,"40",12,1,1,0.318,7,22,29,1,14,"12",13,19,"s:40~l:59~t:19","chicago-sky","Chicago","Sky","CHI","Chicago Sky","Sky","5091cd","ffd520","https://a.espncdn.com/i/teamlogos/wnba/500/chi.png",81,"W",2024,1,2024-05-03,2024-05-03 20:00:00,19,"s:40~l:59~t:19","chicago-sky","Chicago","Sky","CHI","Chicago Sky","Sky","5091cd","ffd520","https://a.espncdn.com/i/teamlogos/wnba/500/chi.png","away",81,12,6,21,"6",0.435,27,62,0,18,88,22,25,"0",12,"36",8,2,1,0.294,5,17,33,1,22,"20",20,8,"s:40~l:59~t:8","minnesota-lynx","Minnesota","Lynx","MIN","Minnesota Lynx","Lynx","266092","79bc43","https://a.espncdn.com/i/teamlogos/wnba/500/min.png",92,11,-11
2024,401653060,2024,1,2024-05-03,2024-05-03 20:00:00,3,"s:40~l:59~t:3","dallas-wings","Dallas","Wings","DAL","Dallas Wings","Wings","002b5c","c4d600","https://a.espncdn.com/i/teamlogos/wnba/500/dal.png","home",79,TRUE,17,7,25,"7",0.397,29,73,0,20,81.3,13,16,"4",9,"28",8,0,0,0.308,8,26,34,0,10,"17",10,5,"s:40~l:59~t:5","indiana-fever","Indiana","Fever","IND","Indiana Fever","Fever","002d62","e03a3e","https://a.espncdn.com/i/teamlogos/wnba/500/ind.png",76,"W",2024,1,2024-05-03,2024-05-03 20:00:00,5,"s:40~l:59~t:5","indiana-fever","Indiana","Fever","IND","Indiana Fever","Fever","002d62","e03a3e","https://a.espncdn.com/i/teamlogos/wnba/500/ind.png","away",76,14,6,28,"15",0.419,26,62,0,19,81,17,21,"11",5,"30",5,2,0,0.35,7,20,33,0,16,"19",14,3,"s:40~l:59~t:3","dallas-wings","Dallas","Wings","DAL","Dallas Wings","Wings","002b5c","c4d600","https://a.espncdn.com/i/teamlogos/wnba/500/dal.png",79,3,-3
2024,401653631,2024,1,2024-05-04,2024-05-04 13:00:00,20,"s:40~l:59~t:20","atlanta-dream","Atlanta","Dream","ATL","Atlanta Dream","Dream","e31837","5091cc","https://a.espncdn.com/i/teamlogos/wnba/500/atl.png","home",87,TRUE,19,4,30,"5",0.508,31,61,0,20,78.9,15,19,"4",7,"26",4,1,0,0.455,10,22,37,0,24,"17",23,16,"s:40~l:59~t:16","washington-mystics","Washington","Mystics","WSH","Washington Mystics","Mystics","e03a3e","002b5c","https://a.espncdn.com/i/teamlogos/wnba/500/wsh.png",84,"W",2024,1,2024-05-04,2024-05-04 13:00:00,16,"s:40~l:59~t:16","washington-mystics","Washington","Mystics","WSH","Washington Mystics","Mystics","e03a3e","002b5c","https://a.espncdn.com/i/teamlogos/wnba/500/wsh.png","away",84,24,9,20,"4",0.354,29,82,0,20,78.3,18,23,"10",15,"30",13,0,0,0.216,8,37,35,0,11,"7",11,20,"s:40~l:59~t:20","atlanta-dream","Atlanta","Dream","ATL","Atlanta Dream","Dream","e31837","5091cc","https://a.espncdn.com/i/teamlogos/wnba/500/atl.png",87,3,-3
2024,401647556,2024,1,2024-05-04,2024-05-04 21:30:00,14,"s:40~l:59~t:14","seattle-storm","Seattle","Storm","SEA","Seattle Storm","Storm","2c5235","fee11a","https://a.espncdn.com/i/teamlogos/wnba/500/sea.png","home",79,FALSE,20,5,11,"8",0.389,28,72,0,16,82.4,14,17,"8",8,"28",13,0,1,0.321,9,28,19,1,10,"11",10,6,"s:40~l:59~t:6","los-angeles-sparks","Los Angeles","Sparks","LA","Los Angeles Sparks","Sparks","552583","fdb927","https://a.espncdn.com/i/teamlogos/wnba/500/la.png",84,"L",2024,1,2024-05-04,2024-05-04 21:30:00,6,"s:40~l:59~t:6","los-angeles-sparks","Los Angeles","Sparks","LA","Los Angeles Sparks","Sparks","552583","fdb927","https://a.espncdn.com/i/teamlogos/wnba/500/la.png","away",84,16,2,28,"6",0.446,29,65,0,15,90,18,20,"10",14,"40",10,1,0,0.32,8,25,42,0,24,"23",23,14,"s:40~l:59~t:14","seattle-storm","Seattle","Storm","SEA","Seattle Storm","Storm","2c5235","fee11a","https://a.espncdn.com/i/teamlogos/wnba/500/sea.png",79,-5,5
2024,401649379,2024,1,2024-05-07,2024-05-07 20:00:00,19,"s:40~l:59~t:19","chicago-sky","Chicago","Sky","CHI","Chicago Sky","Sky","5091cd","ffd520","https://a.espncdn.com/i/teamlogos/wnba/500/chi.png","home",101,TRUE,21,4,29,"30",0.527,39,74,0,18,75,12,16,"50",12,"44",13,3,1,0.44,11,25,41,1,17,"15",14,9,"s:40~l:59~t:9","new-york-liberty","New York","Liberty","NY","New York Liberty","Liberty","86cebc","000000","https://a.espncdn.com/i/teamlogos/wnba/500/ny.png",53,"W",2024,1,2024-05-07,2024-05-07 20:00:00,9,"s:40~l:59~t:9","new-york-liberty","New York","Liberty","NY","New York Liberty","Liberty","86cebc","000000","https://a.espncdn.com/i/teamlogos/wnba/500/ny.png","away",53,12,4,21,"8",0.317,20,63,0,18,71.4,10,14,"0",11,"30",11,2,0,0.176,3,17,32,0,26,"39",24,19,"s:40~l:59~t:19","chicago-sky","Chicago","Sky","CHI","Chicago Sky","Sky","5091cd","ffd520","https://a.espncdn.com/i/teamlogos/wnba/500/chi.png",101,48,-48
2024,401649380,2024,1,2024-05-07,2024-05-07 22:00:00,14,"s:40~l:59~t:14","seattle-storm","Seattle","Storm","SEA","Seattle Storm","Storm","2c5235","fee11a","https://a.espncdn.com/i/teamlogos/wnba/500/sea.png","home",85,TRUE,18,4,35,"4",0.42,29,69,0,17,80,16,20,"29",8,"18",7,0,0,0.367,11,30,43,0,13,"10",13,11,"s:40~l:59~t:11","phoenix-mercury","Phoenix","Mercury","PHX","Phoenix Mercury","Mercury","3c286e","e56020","https://a.espncdn.com/i/teamlogos/wnba/500/phx.png",59,"W",2024,1,2024-05-07,2024-05-07 22:00:00,11,"s:40~l:59~t:11","phoenix-mercury","Phoenix","Mercury","PHX","Phoenix Mercury","Mercury","3c286e","e56020","https://a.espncdn.com/i/teamlogos/wnba/500/phx.png","away",59,14,7,27,"3",0.319,22,69,0,22,66.7,10,15,"0",9,"28",5,1,2,0.2,5,25,36,2,12,"11",11,14,"s:40~l:59~t:14","seattle-storm","Seattle","Storm","SEA","Seattle Storm","Storm","2c5235","fee11a","https://a.espncdn.com/i/teamlogos/wnba/500/sea.png",85,26,-26
2024,401653632,2024,1,2024-05-08,2024-05-08 11:30:00,16,"s:40~l:59~t:16","washington-mystics","Washington","Mystics","WSH","Washington Mystics","Mystics","e03a3e","002b5c","https://a.espncdn.com/i/teamlogos/wnba/500/wsh.png","home",77,FALSE,20,1,20,"6",0.433,26,60,0,27,62.5,15,24,"17",8,"22",12,0,0,0.385,10,26,28,0,22,"31",22,8,"s:40~l:59~t:8","minnesota-lynx","Minnesota","Lynx","MIN","Minnesota Lynx","Lynx","266092","79bc43","https://a.espncdn.com/i/teamlogos/wnba/500/min.png",83,"L",2024,1,2024-05-08,2024-05-08 11:30:00,8,"s:40~l:59~t:8","minnesota-lynx","Minnesota","Lynx","MIN","Minnesota Lynx","Lynx","266092","79bc43","https://a.espncdn.com/i/teamlogos/wnba/500/min.png","away",83,18,5,26,"6",0.48,24,50,0,27,80.6,25,31,"7",2,"24",10,3,0,0.435,10,23,28,0,26,"26",23,16,"s:40~l:59~t:16","washington-mystics","Washington","Mystics","WSH","Washington Mystics","Mystics","e03a3e","002b5c","https://a.espncdn.com/i/teamlogos/wnba/500/wsh.png",77,-6,6
2024,401649560,2024,1,2024-05-09,2024-05-09 19:00:00,18,"s:40~l:59~t:18","connecticut-sun","Connecticut","Sun","CONN","Connecticut Sun","Sun","f05023","0a2240","https://a.espncdn.com/i/teamlogos/wnba/500/conn.png","home",79,FALSE,25,3,15,"11",0.405,32,79,0,17,75,3,4,"4",17,"32",11,1,0,0.429,12,28,32,0,13,"21",12,9,"s:40~l:59~t:9","new-york-liberty","New York","Liberty","NY","New York Liberty","Liberty","86cebc","000000","https://a.espncdn.com/i/teamlogos/wnba/500/ny.png",82,"L",2024,1,2024-05-09,2024-05-09 19:00:00,9,"s:40~l:59~t:9","new-york-liberty","New York","Liberty","NY","New York Liberty","Liberty","86cebc","000000","https://a.espncdn.com/i/teamlogos/wnba/500/ny.png","away",82,17,7,24,"10",0.534,31,58,0,14,83.3,10,12,"15",6,"32",6,3,0,0.4,10,25,30,0,20,"25",17,18,"s:40~l:59~t:18","connecticut-sun","Connecticut","Sun","CONN","Connecticut Sun","Sun","f05023","0a2240","https://a.espncdn.com/i/teamlogos/wnba/500/conn.png",79,-3,3
2024,401653633,2024,1,2024-05-09,2024-05-09 19:00:00,5,"s:40~l:59~t:5","indiana-fever","Indiana","Fever","IND","Indiana Fever","Fever","002d62","e03a3e","https://a.espncdn.com/i/teamlogos/wnba/500/ind.png","home",83,TRUE,21,11,29,"5",0.463,31,67,0,15,68.4,13,19,"9",7,"38",9,1,0,0.296,8,27,36,0,21,"19",20,20,"s:40~l:59~t:20","atlanta-dream","Atlanta","Dream","ATL","Atlanta Dream","Dream","e31837","5091cc","https://a.espncdn.com/i/teamlogos/wnba/500/atl.png",80,"W",2024,1,2024-05-09,2024-05-09 19:00:00,20,"s:40~l:59~t:20","atlanta-dream","Atlanta","Dream","ATL","Atlanta Dream","Dream","e31837","5091cc","https://a.espncdn.com/i/teamlogos/wnba/500/atl.png","away",80,22,4,20,"7",0.359,28,78,0,19,89.5,17,19,"15",14,"28",11,1,0,0.438,7,16,34,0,14,"7",13,5,"s:40~l:59~t:5","indiana-fever","Indiana","Fever","IND","Indiana Fever","Fever","002d62","e03a3e","https://a.espncdn.com/i/teamlogos/wnba/500/ind.png",83,3,-3
2024,401653634,2024,1,2024-05-10,2024-05-10 22:00:00,11,"s:40~l:59~t:11","phoenix-mercury","Phoenix","Mercury","PHX","Phoenix Mercury","Mercury","3c286e","e56020","https://a.espncdn.com/i/teamlogos/wnba/500/phx.png","home",85,FALSE,20,6,13,"8",0.415,27,65,0,30,83.3,15,18,"6",7,"18",14,0,0,0.5,16,32,20,0,16,"18",16,6,"s:40~l:59~t:6","los-angeles-sparks","Los Angeles","Sparks","LA","Los Angeles Sparks","Sparks","552583","fdb927","https://a.espncdn.com/i/teamlogos/wnba/500/la.png",98,"L",2024,1,2024-05-10,2024-05-10 22:00:00,6,"s:40~l:59~t:6","los-angeles-sparks","Los Angeles","Sparks","LA","Los Angeles Sparks","Sparks","552583","fdb927","https://a.espncdn.com/i/teamlogos/wnba/500/la.png","away",98,20,5,30,"16",0.5,29,58,0,17,90.3,28,31,"17",12,"32",10,3,0,0.522,12,23,42,0,24,"18",21,11,"s:40~l:59~t:11","phoenix-mercury","Phoenix","Mercury","PHX","Phoenix Mercury","Mercury","3c286e","e56020","https://a.espncdn.com/i/teamlogos/wnba/500/phx.png",85,-13,13
2024,401653736,2024,1,2024-05-11,2024-05-11 13:00:00,17,"s:40~l:59~t:17","las-vegas-aces","Las Vegas","Aces","LV","Las Vegas Aces","Aces","a7a8aa","000000","https://a.espncdn.com/i/teamlogos/wnba/500/lv.png","home",102,TRUE,18,3,35,"9",0.515,35,68,0,13,82.1,23,28,NA,11,"46",8,0,0,0.281,9,32,46,0,14,"7",14,104959,"s:40~l:59~t:104959","puerto-rico","Puerto Rico","Puerto Rico","PUERTORICO","Puerto Rico","Puerto Rico",NA,NA,NA,50,"W",2024,1,2024-05-11,2024-05-11 13:00:00,104959,"s:40~l:59~t:104959","puerto-rico","Puerto Rico","Puerto Rico","PUERTORICO","Puerto Rico","Puerto Rico",NA,NA,NA,"away",50,8,1,20,"3",0.281,18,64,0,23,66.7,8,12,NA,8,"16",7,0,0,0.231,6,26,28,0,17,"19",17,17,"s:40~l:59~t:17","las-vegas-aces","Las Vegas","Aces","LV","Las Vegas Aces","Aces","a7a8aa","000000","https://a.espncdn.com/i/teamlogos/wnba/500/lv.png",102,52,-52
2024,401620178,2024,2,2024-05-14,2024-05-14 19:00:00,16,"s:40~l:59~t:16","washington-mystics","Washington","Mystics","WSH","Washington Mystics","Mystics","e03a3e","002b5c","https://a.espncdn.com/i/teamlogos/wnba/500/wsh.png","home",80,FALSE,22,7,24,"8",0.397,31,78,0,20,72.7,8,11,"8",10,"30",9,2,0,0.313,10,32,34,0,14,"19",12,9,"s:40~l:59~t:9","new-york-liberty","New York","Liberty","NY","New York Liberty","Liberty","86cebc","000000","https://a.espncdn.com/i/teamlogos/wnba/500/ny.png",85,"L",2024,2,2024-05-14,2024-05-14 19:00:00,9,"s:40~l:59~t:9","new-york-liberty","New York","Liberty","NY","New York Liberty","Liberty","86cebc","000000","https://a.espncdn.com/i/teamlogos/wnba/500/ny.png","away",85,21,5,28,"8",0.471,32,68,0,20,86.7,13,15,"10",8,"34",8,2,0,0.286,8,28,36,0,20,"19",18,16,"s:40~l:59~t:16","washington-mystics","Washington","Mystics","WSH","Washington Mystics","Mystics","e03a3e","002b5c","https://a.espncdn.com/i/teamlogos/wnba/500/wsh.png",80,-5,5
2024,401620219,2024,2,2024-05-14,2024-05-14 19:30:00,18,"s:40~l:59~t:18","connecticut-sun","Connecticut","Sun","CONN","Connecticut Sun","Sun","f05023","0a2240","https://a.espncdn.com/i/teamlogos/wnba/500/conn.png","home",92,TRUE,20,1,22,"10",0.485,32,66,0,22,76,19,25,"23",8,"32",11,0,0,0.429,9,21,30,0,15,"14",15,5,"s:40~l:59~t:5","indiana-fever","Indiana","Fever","IND","Indiana Fever","Fever","002d62","e03a3e","https://a.espncdn.com/i/teamlogos/wnba/500/ind.png",71,"W",2024,2,2024-05-14,2024-05-14 19:30:00,5,"s:40~l:59~t:5","indiana-fever","Indiana","Fever","IND","Indiana Fever","Fever","002d62","e03a3e","https://a.espncdn.com/i/teamlogos/wnba/500/ind.png","away",71,16,5,24,"14",0.48,24,50,0,21,78.9,15,19,"4",4,"30",6,0,1,0.4,8,20,28,1,25,"29",25,18,"s:40~l:59~t:18","connecticut-sun","Connecticut","Sun","CONN","Connecticut Sun","Sun","f05023","0a2240","https://a.espncdn.com/i/teamlogos/wnba/500/conn.png",92,21,-21
2024,401620220,2024,2,2024-05-14,2024-05-14 22:00:00,17,"s:40~l:59~t:17","las-vegas-aces","Las Vegas","Aces","LV","Las Vegas Aces","Aces","a7a8aa","000000","https://a.espncdn.com/i/teamlogos/wnba/500/lv.png","home",89,TRUE,17,5,29,"14",0.408,29,71,0,12,86.2,25,29,"18",8,"36",7,2,0,0.207,6,29,37,0,11,"10",9,11,"s:40~l:59~t:11","phoenix-mercury","Phoenix","Mercury","PHX","Phoenix Mercury","Mercury","3c286e","e56020","https://a.espncdn.com/i/teamlogos/wnba/500/phx.png",80,"W",2024,2,2024-05-14,2024-05-14 22:00:00,11,"s:40~l:59~t:11","phoenix-mercury","Phoenix","Mercury","PHX","Phoenix Mercury","Mercury","3c286e","e56020","https://a.espncdn.com/i/teamlogos/wnba/500/phx.png","away",80,21,6,27,"8",0.382,29,76,1,23,70,7,10,"3",10,"24",6,2,0,0.417,15,36,37,0,17,"23",15,17,"s:40~l:59~t:17","las-vegas-aces","Las Vegas","Aces","LV","Las Vegas Aces","Aces","a7a8aa","000000","https://a.espncdn.com/i/teamlogos/wnba/500/lv.png",89,9,-9
2024,401620221,2024,2,2024-05-14,2024-05-14 22:00:00,14,"s:40~l:59~t:14","seattle-storm","Seattle","Storm","SEA","Seattle Storm","Storm","2c5235","fee11a","https://a.espncdn.com/i/teamlogos/wnba/500/sea.png","home",70,FALSE,14,5,29,"10",0.372,29,78,0,12,78.6,11,14,"8",14,"46",10,0,2,0.111,1,9,43,2,17,"22",17,8,"s:40~l:59~t:8","minnesota-lynx","Minnesota","Lynx","MIN","Minnesota Lynx","Lynx","266092","79bc43","https://a.espncdn.com/i/teamlogos/wnba/500/min.png",83,"L",2024,2,2024-05-14,2024-05-14 22:00:00,8,"s:40~l:59~t:8","minnesota-lynx","Minnesota","Lynx","MIN","Minnesota Lynx","Lynx","266092","79bc43","https://a.espncdn.com/i/teamlogos/wnba/500/min.png","away",83,23,8,32,"18",0.453,34,75,0,15,88.9,8,9,"16",7,"40",15,0,0,0.292,7,24,39,0,17,"19",17,14,"s:40~l:59~t:14","seattle-storm","Seattle","Storm","SEA","Seattle Storm","Storm","2c5235","fee11a","https://a.espncdn.com/i/teamlogos/wnba/500/sea.png",70,-13,13
2024,401620222,2024,2,2024-05-15,2024-05-15 20:00:00,3,"s:40~l:59~t:3","dallas-wings","Dallas","Wings","DAL","Dallas Wings","Wings","002b5c","c4d600","https://a.espncdn.com/i/teamlogos/wnba/500/dal.png","home",87,TRUE,18,12,27,"13",0.451,37,82,0,20,80,8,10,"12",15,"60",7,0,0,0.333,5,15,42,0,15,"14",15,19,"s:40~l:59~t:19","chicago-sky","Chicago","Sky","CHI","Chicago Sky","Sky","5091cd","ffd520","https://a.espncdn.com/i/teamlogos/wnba/500/chi.png",79,"W",2024,2,2024-05-15,2024-05-15 20:00:00,19,"s:40~l:59~t:19","chicago-sky","Chicago","Sky","CHI","Chicago Sky","Sky","5091cd","ffd520","https://a.espncdn.com/i/teamlogos/wnba/500/chi.png","away",79,14,3,21,"12",0.392,29,74,0,19,59.3,16,27,"10",16,"42",9,2,0,0.294,5,17,37,0,14,"24",12,3,"s:40~l:59~t:3","dallas-wings","Dallas","Wings","DAL","Dallas Wings","Wings","002b5c","c4d600","https://a.espncdn.com/i/teamlogos/wnba/500/dal.png",87,8,-8
2024,401620223,2024,2,2024-05-15,2024-05-15 22:00:00,6,"s:40~l:59~t:6","los-angeles-sparks","Los Angeles","Sparks","LA","Los Angeles Sparks","Sparks","552583","fdb927","https://a.espncdn.com/i/teamlogos/wnba/500/la.png","home",81,FALSE,24,2,27,"10",0.389,28,72,0,17,59.1,13,22,"7",8,"30",8,3,0,0.387,12,31,35,0,14,"21",11,20,"s:40~l:59~t:20","atlanta-dream","Atlanta","Dream","ATL","Atlanta Dream","Dream","e31837","5091cc","https://a.espncdn.com/i/teamlogos/wnba/500/atl.png",92,"L",2024,2,2024-05-15,2024-05-15 22:00:00,20,"s:40~l:59~t:20","atlanta-dream","Atlanta","Dream","ATL","Atlanta Dream","Dream","e31837","5091cc","https://a.espncdn.com/i/teamlogos/wnba/500/atl.png","away",92,20,9,27,"19",0.507,34,67,0,20,84.2,16,19,"12",7,"50",8,0,0,0.471,8,17,34,0,13,"20",13,6,"s:40~l:59~t:6","los-angeles-sparks","Los Angeles","Sparks","LA","Los Angeles Sparks","Sparks","552583","fdb927","https://a.espncdn.com/i/teamlogos/wnba/500/la.png",81,-11,11
2024,401620224,2024,2,2024-05-16,2024-05-16 19:00:00,5,"s:40~l:59~t:5","indiana-fever","Indiana","Fever","IND","Indiana Fever","Fever","002d62","e03a3e","https://a.espncdn.com/i/teamlogos/wnba/500/ind.png","home",66,FALSE,13,4,19,"2",0.367,22,60,0,20,77.3,17,22,"0",7,"28",5,3,0,0.263,5,19,26,0,16,"21",13,9,"s:40~l:59~t:9","new-york-liberty","New York","Liberty","NY","New York Liberty","Liberty","86cebc","000000","https://a.espncdn.com/i/teamlogos/wnba/500/ny.png",102,"L",2024,2,2024-05-16,2024-05-16 19:00:00,9,"s:40~l:59~t:9","new-york-liberty","New York","Liberty","NY","New York Liberty","Liberty","86cebc","000000","https://a.espncdn.com/i/teamlogos/wnba/500/ny.png","away",102,22,8,27,"16",0.462,36,78,0,17,95.7,22,23,"37",13,"48",8,0,0,0.296,8,27,40,0,10,"10",10,5,"s:40~l:59~t:5","indiana-fever","Indiana","Fever","IND","Indiana Fever","Fever","002d62","e03a3e","https://a.espncdn.com/i/teamlogos/wnba/500/ind.png",66,-36,36
2024,401620225,2024,2,2024-05-17,2024-05-17 19:30:00,18,"s:40~l:59~t:18","connecticut-sun","Connecticut","Sun","CONN","Connecticut Sun","Sun","f05023","0a2240","https://a.espncdn.com/i/teamlogos/wnba/500/conn.png","home",84,TRUE,16,3,21,"12",0.426,29,68,0,22,92.3,24,26,"9",8,"46",14,3,0,0.1,2,20,29,0,13,"12",10,16,"s:40~l:59~t:16","washington-mystics","Washington","Mystics","WSH","Washington Mystics","Mystics","e03a3e","002b5c","https://a.espncdn.com/i/teamlogos/wnba/500/wsh.png",77,"W",2024,2,2024-05-17,2024-05-17 19:30:00,16,"s:40~l:59~t:16","washington-mystics","Washington","Mystics","WSH","Washington Mystics","Mystics","e03a3e","002b5c","https://a.espncdn.com/i/teamlogos/wnba/500/wsh.png","away",77,22,4,24,"2",0.483,28,58,0,21,85.7,12,14,"7",4,"32",6,2,0,0.409,9,22,28,0,22,"26",20,18,"s:40~l:59~t:18","connecticut-sun","Connecticut","Sun","CONN","Connecticut Sun","Sun","f05023","0a2240","https://a.espncdn.com/i/teamlogos/wnba/500/conn.png",84,7,-7
2024,401620226,2024,2,2024-05-17,2024-05-17 21:30:00,8,"s:40~l:59~t:8","minnesota-lynx","Minnesota","Lynx","MIN","Minnesota Lynx","Lynx","266092","79bc43","https://a.espncdn.com/i/teamlogos/wnba/500/min.png","home",102,TRUE,27,10,32,"19",0.443,35,79,0,23,76,19,25,"16",10,"36",18,1,0,0.433,13,30,42,0,28,"22",27,14,"s:40~l:59~t:14","seattle-storm","Seattle","Storm","SEA","Seattle Storm","Storm","2c5235","fee11a","https://a.espncdn.com/i/teamlogos/wnba/500/sea.png",93,"W",2024,2,2024-05-17,2024-05-17 21:30:00,14,"s:40~l:59~t:14","seattle-storm","Seattle","Storm","SEA","Seattle Storm","Storm","2c5235","fee11a","https://a.espncdn.com/i/teamlogos/wnba/500/sea.png","away",93,19,8,33,"12",0.397,31,78,0,25,89.7,26,29,"2",9,"40",20,1,0,0.25,5,20,42,0,25,"35",24,8,"s:40~l:59~t:8","minnesota-lynx","Minnesota","Lynx","MIN","Minnesota Lynx","Lynx","266092","79bc43","https://a.espncdn.com/i/teamlogos/wnba/500/min.png",102,9,-9
2024,401620227,2024,2,2024-05-18,2024-05-18 13:00:00,9,"s:40~l:59~t:9","new-york-liberty","New York","Liberty","NY","New York Liberty","Liberty","86cebc","000000","https://a.espncdn.com/i/teamlogos/wnba/500/ny.png","home",91,TRUE,21,6,26,"28",0.484,31,64,0,14,87.5,14,16,"23",6,"32",9,0,0,0.469,15,32,32,0,20,"16",20,5,"s:40~l:59~t:5","indiana-fever","Indiana","Fever","IND","Indiana Fever","Fever","002d62","e03a3e","https://a.espncdn.com/i/teamlogos/wnba/500/ind.png",80,"W",2024,2,2024-05-18,2024-05-18 13:00:00,5,"s:40~l:59~t:5","indiana-fever","Indiana","Fever","IND","Indiana Fever","Fever","002d62","e03a3e","https://a.espncdn.com/i/teamlogos/wnba/500/ind.png","away",80,22,3,24,"2",0.413,33,80,0,16,83.3,5,6,"3",10,"38",9,1,0,0.346,9,26,34,0,16,"16",15,9,"s:40~l:59~t:9","new-york-liberty","New York","Liberty","NY","New York Liberty","Liberty","86cebc","000000","https://a.espncdn.com/i/teamlogos/wnba/500/ny.png",91,11,-11
2024,401620228,2024,2,2024-05-18,2024-05-18 15:00:00,17,"s:40~l:59~t:17","las-vegas-aces","Las Vegas","Aces","LV","Las Vegas Aces","Aces","a7a8aa","000000","https://a.espncdn.com/i/teamlogos/wnba/500/lv.png","home",89,TRUE,23,4,24,"8",0.425,31,73,0,14,87.5,14,16,"13",10,"34",10,0,1,0.419,13,31,34,1,12,"14",12,6,"s:40~l:59~t:6","los-angeles-sparks","Los Angeles","Sparks","LA","Los Angeles Sparks","Sparks","552583","fdb927","https://a.espncdn.com/i/teamlogos/wnba/500/la.png",82,"W",2024,2,2024-05-18,2024-05-18 15:00:00,6,"s:40~l:59~t:6","los-angeles-sparks","Los Angeles","Sparks","LA","Los Angeles Sparks","Sparks","552583","fdb927","https://a.espncdn.com/i/teamlogos/wnba/500/la.png","away",82,16,5,28,"20",0.515,34,66,0,18,60,9,15,"7",3,"52",11,1,0,0.357,5,14,31,0,18,"25",17,17,"s:40~l:59~t:17","las-vegas-aces","Las Vegas","Aces","LV","Las Vegas Aces","Aces","a7a8aa","000000","https://a.espncdn.com/i/teamlogos/wnba/500/lv.png",89,7,-7
2024,401620229,2024,2,2024-05-18,2024-05-18 20:00:00,3,"s:40~l:59~t:3","dallas-wings","Dallas","Wings","DAL","Dallas Wings","Wings","002b5c","c4d600","https://a.espncdn.com/i/teamlogos/wnba/500/dal.png","home",74,FALSE,15,8,27,"10",0.348,23,66,0,23,91.3,21,23,"14",13,"24",7,1,1,0.389,7,18,40,1,26,"34",25,19,"s:40~l:59~t:19","chicago-sky","Chicago","Sky","CHI","Chicago Sky","Sky","5091cd","ffd520","https://a.espncdn.com/i/teamlogos/wnba/500/chi.png",83,"L",2024,2,2024-05-18,2024-05-18 20:00:00,19,"s:40~l:59~t:19","chicago-sky","Chicago","Sky","CHI","Chicago Sky","Sky","5091cd","ffd520","https://a.espncdn.com/i/teamlogos/wnba/500/chi.png","away",83,25,13,23,"16",0.4,32,80,0,24,75,15,20,"9",19,"46",15,2,1,0.19,4,21,42,1,19,"6",17,3,"s:40~l:59~t:3","dallas-wings","Dallas","Wings","DAL","Dallas Wings","Wings","002b5c","c4d600","https://a.espncdn.com/i/teamlogos/wnba/500/dal.png",74,-9,9
2024,401620230,2024,2,2024-05-18,2024-05-18 22:00:00,11,"s:40~l:59~t:11","phoenix-mercury","Phoenix","Mercury","PHX","Phoenix Mercury","Mercury","3c286e","e56020","https://a.espncdn.com/i/teamlogos/wnba/500/phx.png","home",88,TRUE,17,5,31,"6",0.409,27,66,0,22,87.5,28,32,"12",7,"34",10,0,1,0.261,6,23,38,1,12,"13",12,20,"s:40~l:59~t:20","atlanta-dream","Atlanta","Dream","ATL","Atlanta Dream","Dream","e31837","5091cc","https://a.espncdn.com/i/teamlogos/wnba/500/atl.png",85,"W",2024,2,2024-05-18,2024-05-18 22:00:00,20,"s:40~l:59~t:20","atlanta-dream","Atlanta","Dream","ATL","Atlanta Dream","Dream","e31837","5091cc","https://a.espncdn.com/i/teamlogos/wnba/500/atl.png","away",85,21,5,26,"12",0.409,27,66,0,21,77.8,21,27,"7",7,"32",8,1,0,0.435,10,23,33,0,14,"14",13,11,"s:40~l:59~t:11","phoenix-mercury","Phoenix","Mercury","PHX","Phoenix Mercury","Mercury","3c286e","e56020","https://a.espncdn.com/i/teamlogos/wnba/500/phx.png",88,3,-3
2024,401620231,2024,2,2024-05-19,2024-05-19 15:00:00,16,"s:40~l:59~t:16","washington-mystics","Washington","Mystics","WSH","Washington Mystics","Mystics","e03a3e","002b5c","https://a.espncdn.com/i/teamlogos/wnba/500/wsh.png","home",75,FALSE,20,4,23,"7",0.403,25,62,0,23,69.6,16,23,"5",6,"30",9,0,2,0.346,9,26,29,2,16,"13",16,14,"s:40~l:59~t:14","seattle-storm","Seattle","Storm","SEA","Seattle Storm","Storm","2c5235","fee11a","https://a.espncdn.com/i/teamlogos/wnba/500/sea.png",84,"L",2024,2,2024-05-19,2024-05-19 15:00:00,14,"s:40~l:59~t:14","seattle-storm","Seattle","Storm","SEA","Seattle Storm","Storm","2c5235","fee11a","https://a.espncdn.com/i/teamlogos/wnba/500/sea.png","away",84,10,2,29,"8",0.412,28,68,0,23,79.3,23,29,"15",14,"36",10,0,0,0.25,5,20,43,0,20,"26",20,16,"s:40~l:59~t:16","washington-mystics","Washington","Mystics","WSH","Washington Mystics","Mystics","e03a3e","002b5c","https://a.espncdn.com/i/teamlogos/wnba/500/wsh.png",75,-9,9
2024,401620232,2024,2,2024-05-20,2024-05-20 19:00:00,5,"s:40~l:59~t:5","indiana-fever","Indiana","Fever","IND","Indiana Fever","Fever","002d62","e03a3e","https://a.espncdn.com/i/teamlogos/wnba/500/ind.png","home",84,FALSE,20,7,23,"10",0.478,33,69,0,24,92.3,12,13,"4",13,"48",4,0,1,0.3,6,20,36,1,17,"22",17,18,"s:40~l:59~t:18","connecticut-sun","Connecticut","Sun","CONN","Connecticut Sun","Sun","f05023","0a2240","https://a.espncdn.com/i/teamlogos/wnba/500/conn.png",88,"L",2024,2,2024-05-20,2024-05-20 19:00:00,18,"s:40~l:59~t:18","connecticut-sun","Connecticut","Sun","CONN","Connecticut Sun","Sun","f05023","0a2240","https://a.espncdn.com/i/teamlogos/wnba/500/conn.png","away",88,15,4,18,"11",0.405,30,74,0,13,80,24,30,"9",15,"42",5,0,0,0.211,4,19,33,0,8,"13",8,5,"s:40~l:59~t:5","indiana-fever","Indiana","Fever","IND","Indiana Fever","Fever","002d62","e03a3e","https://a.espncdn.com/i/teamlogos/wnba/500/ind.png",84,-4,4
2024,401620233,2024,2,2024-05-20,2024-05-20 19:00:00,9,"s:40~l:59~t:9","new-york-liberty","New York","Liberty","NY","New York Liberty","Liberty","86cebc","000000","https://a.espncdn.com/i/teamlogos/wnba/500/ny.png","home",74,TRUE,18,5,29,"4",0.413,26,63,0,13,95,19,20,"18",7,"42",7,3,0,0.13,3,23,36,0,18,"15",15,14,"s:40~l:59~t:14","seattle-storm","Seattle","Storm","SEA","Seattle Storm","Storm","2c5235","fee11a","https://a.espncdn.com/i/teamlogos/wnba/500/sea.png",63,"W",2024,2,2024-05-20,2024-05-20 19:00:00,14,"s:40~l:59~t:14","seattle-storm","Seattle","Storm","SEA","Seattle Storm","Storm","2c5235","fee11a","https://a.espncdn.com/i/teamlogos/wnba/500/sea.png","away",63,16,3,22,"13",0.343,24,70,0,23,64.3,9,14,"0",12,"24",8,3,0,0.25,6,24,34,0,17,"12",14,9,"s:40~l:59~t:9","new-york-liberty","New York","Liberty","NY","New York Liberty","Liberty","86cebc","000000","https://a.espncdn.com/i/teamlogos/wnba/500/ny.png",74,11,-11
2024,401620234,2024,2,2024-05-21,2024-05-21 19:30:00,20,"s:40~l:59~t:20","atlanta-dream","Atlanta","Dream","ATL","Atlanta Dream","Dream","e31837","5091cc","https://a.espncdn.com/i/teamlogos/wnba/500/atl.png","home",83,TRUE,17,3,23,"17",0.417,30,72,0,20,72.7,16,22,"8",13,"26",9,1,0,0.318,7,22,36,0,13,"13",12,3,"s:40~l:59~t:3","dallas-wings","Dallas","Wings","DAL","Dallas Wings","Wings","002b5c","c4d600","https://a.espncdn.com/i/teamlogos/wnba/500/dal.png",78,"W",2024,2,2024-05-21,2024-05-21 19:30:00,3,"s:40~l:59~t:3","dallas-wings","Dallas","Wings","DAL","Dallas Wings","Wings","002b5c","c4d600","https://a.espncdn.com/i/teamlogos/wnba/500/dal.png","away",78,17,6,24,"9",0.429,30,70,0,20,80,16,20,"10",11,"46",6,2,0,0.125,2,16,35,0,16,"16",14,20,"s:40~l:59~t:20","atlanta-dream","Atlanta","Dream","ATL","Atlanta Dream","Dream","e31837","5091cc","https://a.espncdn.com/i/teamlogos/wnba/500/atl.png",83,5,-5
2024,401620235,2024,2,2024-05-21,2024-05-21 22:00:00,17,"s:40~l:59~t:17","las-vegas-aces","Las Vegas","Aces","LV","Las Vegas Aces","Aces","a7a8aa","000000","https://a.espncdn.com/i/teamlogos/wnba/500/lv.png","home",88,FALSE,22,4,32,"14",0.423,33,78,0,18,73.3,11,15,"7",7,"34",5,0,0,0.355,11,31,39,0,9,"7",9,11,"s:40~l:59~t:11","phoenix-mercury","Phoenix","Mercury","PHX","Phoenix Mercury","Mercury","3c286e","e56020","https://a.espncdn.com/i/teamlogos/wnba/500/phx.png",98,"L",2024,2,2024-05-21,2024-05-21 22:00:00,11,"s:40~l:59~t:11","phoenix-mercury","Phoenix","Mercury","PHX","Phoenix Mercury","Mercury","3c286e","e56020","https://a.espncdn.com/i/teamlogos/wnba/500/phx.png","away",98,23,7,33,"9",0.474,37,78,0,15,61.5,8,13,"15",6,"32",7,0,0,0.485,16,33,39,0,7,"2",7,17,"s:40~l:59~t:17","las-vegas-aces","Las Vegas","Aces","LV","Las Vegas Aces","Aces","a7a8aa","000000","https://a.espncdn.com/i/teamlogos/wnba/500/lv.png",88,-10,10
2024,401620236,2024,2,2024-05-21,2024-05-21 22:00:00,6,"s:40~l:59~t:6","los-angeles-sparks","Los Angeles","Sparks","LA","Los Angeles Sparks","Sparks","552583","fdb927","https://a.espncdn.com/i/teamlogos/wnba/500/la.png","home",70,TRUE,21,5,28,"8",0.473,26,55,0,19,66.7,10,15,"9",5,"28",8,4,0,0.381,8,21,33,0,28,"26",24,16,"s:40~l:59~t:16","washington-mystics","Washington","Mystics","WSH","Washington Mystics","Mystics","e03a3e","002b5c","https://a.espncdn.com/i/teamlogos/wnba/500/wsh.png",68,"W",2024,2,2024-05-21,2024-05-21 22:00:00,16,"s:40~l:59~t:16","washington-mystics","Washington","Mystics","WSH","Washington Mystics","Mystics","e03a3e","002b5c","https://a.espncdn.com/i/teamlogos/wnba/500/wsh.png","away",68,21,3,20,"6",0.422,27,64,0,16,54.5,6,11,"9",8,"26",13,1,3,0.32,8,25,28,3,19,"10",18,6,"s:40~l:59~t:6","los-angeles-sparks","Los Angeles","Sparks","LA","Los Angeles Sparks","Sparks","552583","fdb927","https://a.espncdn.com/i/teamlogos/wnba/500/la.png",70,2,-2
2024,401620237,2024,2,2024-05-22,2024-05-22 22:00:00,14,"s:40~l:59~t:14","seattle-storm","Seattle","Storm","SEA","Seattle Storm","Storm","2c5235","fee11a","https://a.espncdn.com/i/teamlogos/wnba/500/sea.png","home",85,TRUE,20,9,24,"7",0.415,34,82,0,16,84.6,11,13,"11",17,"46",6,1,0,0.3,6,20,41,0,9,"6",8,5,"s:40~l:59~t:5","indiana-fever","Indiana","Fever","IND","Indiana Fever","Fever","002d62","e03a3e","https://a.espncdn.com/i/teamlogos/wnba/500/ind.png",83,"W",2024,2,2024-05-22,2024-05-22 22:00:00,5,"s:40~l:59~t:5","indiana-fever","Indiana","Fever","IND","Indiana Fever","Fever","002d62","e03a3e","https://a.espncdn.com/i/teamlogos/wnba/500/ind.png","away",83,18,8,27,"9",0.431,31,72,0,17,83.3,15,18,"4",13,"50",5,2,0,0.273,6,22,40,0,13,"11",11,14,"s:40~l:59~t:14","seattle-storm","Seattle","Storm","SEA","Seattle Storm","Storm","2c5235","fee11a","https://a.espncdn.com/i/teamlogos/wnba/500/sea.png",85,2,-2
2024,401620238,2024,2,2024-05-23,2024-05-23 19:00:00,18,"s:40~l:59~t:18","connecticut-sun","Connecticut","Sun","CONN","Connecticut Sun","Sun","f05023","0a2240","https://a.espncdn.com/i/teamlogos/wnba/500/conn.png","home",83,TRUE,17,2,27,"13",0.448,30,67,0,17,85.7,18,21,"7",3,"46",10,2,0,0.455,5,11,30,0,18,"19",16,8,"s:40~l:59~t:8","minnesota-lynx","Minnesota","Lynx","MIN","Minnesota Lynx","Lynx","266092","79bc43","https://a.espncdn.com/i/teamlogos/wnba/500/min.png",82,"W",2024,2,2024-05-23,2024-05-23 19:00:00,8,"s:40~l:59~t:8","minnesota-lynx","Minnesota","Lynx","MIN","Minnesota Lynx","Lynx","266092","79bc43","https://a.espncdn.com/i/teamlogos/wnba/500/min.png","away",82,23,5,27,"9",0.485,33,68,0,19,60,12,20,"13",6,"36",11,0,0,0.19,4,21,33,0,17,"24",17,18,"s:40~l:59~t:18","connecticut-sun","Connecticut","Sun","CONN","Connecticut Sun","Sun","f05023","0a2240","https://a.espncdn.com/i/teamlogos/wnba/500/conn.png",83,1,-1
2024,401620239,2024,2,2024-05-23,2024-05-23 19:00:00,9,"s:40~l:59~t:9","new-york-liberty","New York","Liberty","NY","New York Liberty","Liberty","86cebc","000000","https://a.espncdn.com/i/teamlogos/wnba/500/ny.png","home",81,FALSE,22,5,27,"11",0.435,30,69,0,17,65,13,20,"3",8,"36",8,0,0,0.364,8,22,35,0,14,"19",14,19,"s:40~l:59~t:19","chicago-sky","Chicago","Sky","CHI","Chicago Sky","Sky","5091cd","ffd520","https://a.espncdn.com/i/teamlogos/wnba/500/chi.png",90,"L",2024,2,2024-05-23,2024-05-23 19:00:00,19,"s:40~l:59~t:19","chicago-sky","Chicago","Sky","CHI","Chicago Sky","Sky","5091cd","ffd520","https://a.espncdn.com/i/teamlogos/wnba/500/chi.png","away",90,22,2,27,"19",0.467,35,75,0,18,65,13,20,"14",11,"46",5,0,0,0.368,7,19,38,0,9,"11",9,9,"s:40~l:59~t:9","new-york-liberty","New York","Liberty","NY","New York Liberty","Liberty","86cebc","000000","https://a.espncdn.com/i/teamlogos/wnba/500/ny.png",81,-9,9
2024,401620240,2024,2,2024-05-23,2024-05-23 22:00:00,11,"s:40~l:59~t:11","phoenix-mercury","Phoenix","Mercury","PHX","Phoenix Mercury","Mercury","3c286e","e56020","https://a.espncdn.com/i/teamlogos/wnba/500/phx.png","home",83,TRUE,20,4,30,"4",0.433,26,60,0,19,87.5,21,24,"14",4,"30",9,1,1,0.303,10,33,34,1,17,"16",16,16,"s:40~l:59~t:16","washington-mystics","Washington","Mystics","WSH","Washington Mystics","Mystics","e03a3e","002b5c","https://a.espncdn.com/i/teamlogos/wnba/500/wsh.png",80,"W",2024,2,2024-05-23,2024-05-23 22:00:00,16,"s:40~l:59~t:16","washington-mystics","Washington","Mystics","WSH","Washington Mystics","Mystics","e03a3e","002b5c","https://a.espncdn.com/i/teamlogos/wnba/500/wsh.png","away",80,21,1,27,"7",0.386,27,70,0,21,81.3,13,16,"4",9,"22",7,0,0,0.361,13,36,36,0,17,"21",17,11,"s:40~l:59~t:11","phoenix-mercury","Phoenix","Mercury","PHX","Phoenix Mercury","Mercury","3c286e","e56020","https://a.espncdn.com/i/teamlogos/wnba/500/phx.png",83,3,-3
2024,401620241,2024,2,2024-05-24,2024-05-24 22:00:00,6,"s:40~l:59~t:6","los-angeles-sparks","Los Angeles","Sparks","LA","Los Angeles Sparks","Sparks","552583","fdb927","https://a.espncdn.com/i/teamlogos/wnba/500/la.png","home",73,FALSE,18,3,32,"4",0.424,25,59,0,19,85.7,18,21,"11",3,"36",5,1,0,0.208,5,24,35,0,19,"19",18,5,"s:40~l:59~t:5","indiana-fever","Indiana","Fever","IND","Indiana Fever","Fever","002d62","e03a3e","https://a.espncdn.com/i/teamlogos/wnba/500/ind.png",78,"L",2024,2,2024-05-24,2024-05-24 22:00:00,5,"s:40~l:59~t:5","indiana-fever","Indiana","Fever","IND","Indiana Fever","Fever","002d62","e03a3e","https://a.espncdn.com/i/teamlogos/wnba/500/ind.png","away",78,22,2,27,"14",0.42,29,69,0,17,76.5,13,17,"7",5,"38",9,1,0,0.28,7,25,32,0,11,"16",10,6,"s:40~l:59~t:6","los-angeles-sparks","Los Angeles","Sparks","LA","Los Angeles Sparks","Sparks","552583","fdb927","https://a.espncdn.com/i/teamlogos/wnba/500/la.png",73,-5,5
2024,401620242,2024,2,2024-05-25,2024-05-25 13:00:00,8,"s:40~l:59~t:8","minnesota-lynx","Minnesota","Lynx","MIN","Minnesota Lynx","Lynx","266092","79bc43","https://a.espncdn.com/i/teamlogos/wnba/500/min.png","home",84,TRUE,26,7,27,"15",0.478,32,67,0,16,100,6,6,"21",8,"32",8,0,1,0.5,14,28,35,1,16,"17",16,9,"s:40~l:59~t:9","new-york-liberty","New York","Liberty","NY","New York Liberty","Liberty","86cebc","000000","https://a.espncdn.com/i/teamlogos/wnba/500/ny.png",67,"W",2024,2,2024-05-25,2024-05-25 13:00:00,9,"s:40~l:59~t:9","new-york-liberty","New York","Liberty","NY","New York Liberty","Liberty","86cebc","000000","https://a.espncdn.com/i/teamlogos/wnba/500/ny.png","away",67,18,3,21,"15",0.382,26,68,0,11,80,8,10,"2",9,"36",8,2,0,0.241,7,29,30,0,18,"25",16,8,"s:40~l:59~t:8","minnesota-lynx","Minnesota","Lynx","MIN","Minnesota Lynx","Lynx","266092","79bc43","https://a.espncdn.com/i/teamlogos/wnba/500/min.png",84,17,-17
2024,401620243,2024,2,2024-05-25,2024-05-25 20:00:00,19,"s:40~l:59~t:19","chicago-sky","Chicago","Sky","CHI","Chicago Sky","Sky","5091cd","ffd520","https://a.espncdn.com/i/teamlogos/wnba/500/chi.png","home",82,FALSE,18,3,12,"14",0.438,28,64,0,24,81.8,18,22,"10",9,"34",13,2,0,0.471,8,17,21,0,13,"14",11,18,"s:40~l:59~t:18","connecticut-sun","Connecticut","Sun","CONN","Connecticut Sun","Sun","f05023","0a2240","https://a.espncdn.com/i/teamlogos/wnba/500/conn.png",86,"L",2024,2,2024-05-25,2024-05-25 20:00:00,18,"s:40~l:59~t:18","connecticut-sun","Connecticut","Sun","CONN","Connecticut Sun","Sun","f05023","0a2240","https://a.espncdn.com/i/teamlogos/wnba/500/conn.png","away",86,17,4,22,"11",0.492,31,63,1,16,85.7,18,21,"7",16,"40",5,3,0,0.353,6,17,38,0,20,"23",17,19,"s:40~l:59~t:19","chicago-sky","Chicago","Sky","CHI","Chicago Sky","Sky","5091cd","ffd520","https://a.espncdn.com/i/teamlogos/wnba/500/chi.png",82,-4,4
2024,401620244,2024,2,2024-05-25,2024-05-25 21:00:00,17,"s:40~l:59~t:17","las-vegas-aces","Las Vegas","Aces","LV","Las Vegas Aces","Aces","a7a8aa","000000","https://a.espncdn.com/i/teamlogos/wnba/500/lv.png","home",99,TRUE,24,4,30,"19",0.479,35,73,0,14,88.9,16,18,"23",6,"28",7,0,0,0.371,13,35,36,0,8,"6",8,5,"s:40~l:59~t:5","indiana-fever","Indiana","Fever","IND","Indiana Fever","Fever","002d62","e03a3e","https://a.espncdn.com/i/teamlogos/wnba/500/ind.png",80,"W",2024,2,2024-05-25,2024-05-25 21:00:00,5,"s:40~l:59~t:5","indiana-fever","Indiana","Fever","IND","Indiana Fever","Fever","002d62","e03a3e","https://a.espncdn.com/i/teamlogos/wnba/500/ind.png","away",80,20,3,30,"9",0.429,30,70,0,16,76.9,10,13,"6",6,"34",4,1,0,0.37,10,27,36,0,13,"10",12,17,"s:40~l:59~t:17","las-vegas-aces","Las Vegas","Aces","LV","Las Vegas Aces","Aces","a7a8aa","000000","https://a.espncdn.com/i/teamlogos/wnba/500/lv.png",99,19,-19
2024,401620245,2024,2,2024-05-25,2024-05-25 21:00:00,14,"s:40~l:59~t:14","seattle-storm","Seattle","Storm","SEA","Seattle Storm","Storm","2c5235","fee11a","https://a.espncdn.com/i/teamlogos/wnba/500/sea.png","home",101,TRUE,27,6,28,"10",0.617,37,60,0,19,83.3,15,18,"32",5,"44",6,1,0,0.545,12,22,33,0,17,"17",16,16,"s:40~l:59~t:16","washington-mystics","Washington","Mystics","WSH","Washington Mystics","Mystics","e03a3e","002b5c","https://a.espncdn.com/i/teamlogos/wnba/500/wsh.png",69,"W",2024,2,2024-05-25,2024-05-25 21:00:00,16,"s:40~l:59~t:16","washington-mystics","Washington","Mystics","WSH","Washington Mystics","Mystics","e03a3e","002b5c","https://a.espncdn.com/i/teamlogos/wnba/500/wsh.png","away",69,13,0,15,"5",0.343,24,70,0,15,93.3,14,15,"3",12,"30",7,1,0,0.35,7,20,27,0,15,"21",14,14,"s:40~l:59~t:14","seattle-storm","Seattle","Storm","SEA","Seattle Storm","Storm","2c5235","fee11a","https://a.espncdn.com/i/teamlogos/wnba/500/sea.png",101,32,-32
2024,401620246,2024,2,2024-05-25,2024-05-25 22:00:00,11,"s:40~l:59~t:11","phoenix-mercury","Phoenix","Mercury","PHX","Phoenix Mercury","Mercury","3c286e","e56020","https://a.espncdn.com/i/teamlogos/wnba/500/phx.png","home",92,FALSE,26,6,17,"12",0.413,31,75,0,15,94.1,16,17,"5",8,"26",7,0,2,0.4,14,35,25,2,19,"25",19,3,"s:40~l:59~t:3","dallas-wings","Dallas","Wings","DAL","Dallas Wings","Wings","002b5c","c4d600","https://a.espncdn.com/i/teamlogos/wnba/500/dal.png",107,"L",2024,2,2024-05-25,2024-05-25 22:00:00,3,"s:40~l:59~t:3","dallas-wings","Dallas","Wings","DAL","Dallas Wings","Wings","002b5c","c4d600","https://a.espncdn.com/i/teamlogos/wnba/500/dal.png","away",107,23,5,24,"13",0.52,39,75,0,14,90.5,19,21,"24",14,"52",10,1,1,0.5,10,20,38,1,19,"20",18,11,"s:40~l:59~t:11","phoenix-mercury","Phoenix","Mercury","PHX","Phoenix Mercury","Mercury","3c286e","e56020","https://a.espncdn.com/i/teamlogos/wnba/500/phx.png",92,-15,15
2024,401620247,2024,2,2024-05-26,2024-05-26 18:00:00,20,"s:40~l:59~t:20","atlanta-dream","Atlanta","Dream","ATL","Atlanta Dream","Dream","e31837","5091cc","https://a.espncdn.com/i/teamlogos/wnba/500/atl.png","home",79,FALSE,23,1,22,"4",0.456,31,68,0,15,78.6,11,14,"5",10,"30",9,1,0,0.273,6,22,32,0,11,"13",10,8,"s:40~l:59~t:8","minnesota-lynx","Minnesota","Lynx","MIN","Minnesota Lynx","Lynx","266092","79bc43","https://a.espncdn.com/i/teamlogos/wnba/500/min.png",92,"L",2024,2,2024-05-26,2024-05-26 18:00:00,8,"s:40~l:59~t:8","minnesota-lynx","Minnesota","Lynx","MIN","Minnesota Lynx","Lynx","266092","79bc43","https://a.espncdn.com/i/teamlogos/wnba/500/min.png","away",92,23,4,26,"11",0.5,31,62,0,17,73.9,17,23,"18",5,"24",7,0,0,0.448,13,29,31,0,10,"14",10,20,"s:40~l:59~t:20","atlanta-dream","Atlanta","Dream","ATL","Atlanta Dream","Dream","e31837","5091cc","https://a.espncdn.com/i/teamlogos/wnba/500/atl.png",79,-13,13
2024,401620248,2024,2,2024-05-26,2024-05-26 21:00:00,6,"s:40~l:59~t:6","los-angeles-sparks","Los Angeles","Sparks","LA","Los Angeles Sparks","Sparks","552583","fdb927","https://a.espncdn.com/i/teamlogos/wnba/500/la.png","home",83,FALSE,21,4,27,"3",0.395,30,76,0,18,81,17,21,"4",10,"44",1,0,1,0.286,6,21,37,1,8,"13",8,3,"s:40~l:59~t:3","dallas-wings","Dallas","Wings","DAL","Dallas Wings","Wings","002b5c","c4d600","https://a.espncdn.com/i/teamlogos/wnba/500/dal.png",84,"L",2024,2,2024-05-26,2024-05-26 21:00:00,3,"s:40~l:59~t:3","dallas-wings","Dallas","Wings","DAL","Dallas Wings","Wings","002b5c","c4d600","https://a.espncdn.com/i/teamlogos/wnba/500/dal.png","away",84,22,6,28,"2",0.421,32,76,0,17,75,18,24,"12",16,"46",5,1,0,0.167,2,12,44,0,7,"4",6,6,"s:40~l:59~t:6","los-angeles-sparks","Los Angeles","Sparks","LA","Los Angeles Sparks","Sparks","552583","fdb927","https://a.espncdn.com/i/teamlogos/wnba/500/la.png",83,-1,1
2024,401620249,2024,2,2024-05-28,2024-05-28 19:00:00,18,"s:40~l:59~t:18","connecticut-sun","Connecticut","Sun","CONN","Connecticut Sun","Sun","f05023","0a2240","https://a.espncdn.com/i/teamlogos/wnba/500/conn.png","home",70,TRUE,23,4,27,"10",0.351,27,77,0,17,61.1,11,18,"26",11,"36",12,2,0,0.208,5,24,38,0,11,"2",9,11,"s:40~l:59~t:11","phoenix-mercury","Phoenix","Mercury","PHX","Phoenix Mercury","Mercury","3c286e","e56020","https://a.espncdn.com/i/teamlogos/wnba/500/phx.png",47,"W",2024,2,2024-05-28,2024-05-28 19:00:00,11,"s:40~l:59~t:11","phoenix-mercury","Phoenix","Mercury","PHX","Phoenix Mercury","Mercury","3c286e","e56020","https://a.espncdn.com/i/teamlogos/wnba/500/phx.png","away",47,12,9,31,"4",0.238,15,63,0,11,72.7,16,22,"4",12,"26",7,0,3,0.037,1,27,43,3,20,"12",20,18,"s:40~l:59~t:18","connecticut-sun","Connecticut","Sun","CONN","Connecticut Sun","Sun","f05023","0a2240","https://a.espncdn.com/i/teamlogos/wnba/500/conn.png",70,23,-23
2024,401620250,2024,2,2024-05-28,2024-05-28 19:00:00,5,"s:40~l:59~t:5","indiana-fever","Indiana","Fever","IND","Indiana Fever","Fever","002d62","e03a3e","https://a.espncdn.com/i/teamlogos/wnba/500/ind.png","home",82,FALSE,17,6,19,"11",0.382,26,68,0,26,80,20,25,"7",9,"26",12,0,1,0.333,10,30,28,1,14,"20",14,6,"s:40~l:59~t:6","los-angeles-sparks","Los Angeles","Sparks","LA","Los Angeles Sparks","Sparks","552583","fdb927","https://a.espncdn.com/i/teamlogos/wnba/500/la.png",88,"L",2024,2,2024-05-28,2024-05-28 19:00:00,6,"s:40~l:59~t:6","los-angeles-sparks","Los Angeles","Sparks","LA","Los Angeles Sparks","Sparks","552583","fdb927","https://a.espncdn.com/i/teamlogos/wnba/500/la.png","away",88,17,5,26,"12",0.472,25,53,1,20,72.7,24,33,"14",4,"22",9,1,0,0.609,14,23,30,0,20,"24",19,5,"s:40~l:59~t:5","indiana-fever","Indiana","Fever","IND","Indiana Fever","Fever","002d62","e03a3e","https://a.espncdn.com/i/teamlogos/wnba/500/ind.png",82,-6,6
2024,401620251,2024,2,2024-05-28,2024-05-28 20:00:00,19,"s:40~l:59~t:19","chicago-sky","Chicago","Sky","CHI","Chicago Sky","Sky","5091cd","ffd520","https://a.espncdn.com/i/teamlogos/wnba/500/chi.png","home",68,FALSE,19,0,27,"16",0.409,27,66,0,18,76.9,10,13,"4",10,"34",11,1,0,0.333,4,12,37,0,22,"21",21,14,"s:40~l:59~t:14","seattle-storm","Seattle","Storm","SEA","Seattle Storm","Storm","2c5235","fee11a","https://a.espncdn.com/i/teamlogos/wnba/500/sea.png",77,"L",2024,2,2024-05-28,2024-05-28 20:00:00,14,"s:40~l:59~t:14","seattle-storm","Seattle","Storm","SEA","Seattle Storm","Storm","2c5235","fee11a","https://a.espncdn.com/i/teamlogos/wnba/500/sea.png","away",77,17,8,26,"18",0.438,28,64,0,15,88.9,16,18,"19",6,"40",13,1,0,0.333,5,15,32,0,19,"17",18,19,"s:40~l:59~t:19","chicago-sky","Chicago","Sky","CHI","Chicago Sky","Sky","5091cd","ffd520","https://a.espncdn.com/i/teamlogos/wnba/500/chi.png",68,-9,9
2024,401620252,2024,2,2024-05-29,2024-05-29 19:00:00,9,"s:40~l:59~t:9","new-york-liberty","New York","Liberty","NY","New York Liberty","Liberty","86cebc","000000","https://a.espncdn.com/i/teamlogos/wnba/500/ny.png","home",81,TRUE,19,5,30,"12",0.412,28,68,0,12,88.9,16,18,"15",9,"34",7,1,2,0.281,9,32,39,2,11,"16",10,11,"s:40~l:59~t:11","phoenix-mercury","Phoenix","Mercury","PHX","Phoenix Mercury","Mercury","3c286e","e56020","https://a.espncdn.com/i/teamlogos/wnba/500/phx.png",78,"W",2024,2,2024-05-29,2024-05-29 19:00:00,11,"s:40~l:59~t:11","phoenix-mercury","Phoenix","Mercury","PHX","Phoenix Mercury","Mercury","3c286e","e56020","https://a.espncdn.com/i/teamlogos/wnba/500/phx.png","away",78,18,2,26,"12",0.426,29,68,0,18,76.9,10,13,"5",8,"36",6,3,1,0.333,10,30,34,1,13,"19",10,9,"s:40~l:59~t:9","new-york-liberty","New York","Liberty","NY","New York Liberty","Liberty","86cebc","000000","https://a.espncdn.com/i/teamlogos/wnba/500/ny.png",81,3,-3
2024,401620253,2024,2,2024-05-29,2024-05-29 19:00:00,16,"s:40~l:59~t:16","washington-mystics","Washington","Mystics","WSH","Washington Mystics","Mystics","e03a3e","002b5c","https://a.espncdn.com/i/teamlogos/wnba/500/wsh.png","home",67,FALSE,21,3,22,"4",0.365,27,74,0,17,100,7,7,"6",9,"34",6,2,0,0.222,6,27,31,0,15,"17",13,20,"s:40~l:59~t:20","atlanta-dream","Atlanta","Dream","ATL","Atlanta Dream","Dream","e31837","5091cc","https://a.espncdn.com/i/teamlogos/wnba/500/atl.png",73,"L",2024,2,2024-05-29,2024-05-29 19:00:00,20,"s:40~l:59~t:20","atlanta-dream","Atlanta","Dream","ATL","Atlanta Dream","Dream","e31837","5091cc","https://a.espncdn.com/i/teamlogos/wnba/500/atl.png","away",73,19,2,31,"9",0.419,26,62,0,19,71.4,15,21,"9",5,"20",9,3,0,0.286,6,21,36,0,20,"16",17,16,"s:40~l:59~t:16","washington-mystics","Washington","Mystics","WSH","Washington Mystics","Mystics","e03a3e","002b5c","https://a.espncdn.com/i/teamlogos/wnba/500/wsh.png",67,-6,6
2024,401620254,2024,2,2024-05-29,2024-05-29 20:00:00,8,"s:40~l:59~t:8","minnesota-lynx","Minnesota","Lynx","MIN","Minnesota Lynx","Lynx","266092","79bc43","https://a.espncdn.com/i/teamlogos/wnba/500/min.png","home",66,FALSE,18,5,28,"15",0.369,24,65,0,16,100,10,10,"1",8,"18",8,1,0,0.333,8,24,36,0,17,"8",16,17,"s:40~l:59~t:17","las-vegas-aces","Las Vegas","Aces","LV","Las Vegas Aces","Aces","a7a8aa","000000","https://a.espncdn.com/i/teamlogos/wnba/500/lv.png",80,"L",2024,2,2024-05-29,2024-05-29 20:00:00,17,"s:40~l:59~t:17","las-vegas-aces","Las Vegas","Aces","LV","Las Vegas Aces","Aces","a7a8aa","000000","https://a.espncdn.com/i/teamlogos/wnba/500/lv.png","away",80,23,5,30,"14",0.417,30,72,0,12,71.4,10,14,"17",11,"32",6,2,1,0.37,10,27,41,1,16,"24",14,8,"s:40~l:59~t:8","minnesota-lynx","Minnesota","Lynx","MIN","Minnesota Lynx","Lynx","266092","79bc43","https://a.espncdn.com/i/teamlogos/wnba/500/min.png",66,-14,14
2024,401620255,2024,2,2024-05-30,2024-05-30 19:00:00,5,"s:40~l:59~t:5","indiana-fever","Indiana","Fever","IND","Indiana Fever","Fever","002d62","e03a3e","https://a.espncdn.com/i/teamlogos/wnba/500/ind.png","home",88,FALSE,21,4,26,"12",0.414,29,70,0,16,90.9,20,22,"2",10,"34",2,2,2,0.4,10,25,36,2,15,"22",13,14,"s:40~l:59~t:14","seattle-storm","Seattle","Storm","SEA","Seattle Storm","Storm","2c5235","fee11a","https://a.espncdn.com/i/teamlogos/wnba/500/sea.png",103,"L",2024,2,2024-05-30,2024-05-30 19:00:00,14,"s:40~l:59~t:14","seattle-storm","Seattle","Storm","SEA","Seattle Storm","Storm","2c5235","fee11a","https://a.espncdn.com/i/teamlogos/wnba/500/sea.png","away",103,29,7,28,"17",0.56,42,75,0,22,78.6,11,14,"27",4,"56",9,1,1,0.421,8,19,32,1,8,"7",7,5,"s:40~l:59~t:5","indiana-fever","Indiana","Fever","IND","Indiana Fever","Fever","002d62","e03a3e","https://a.espncdn.com/i/teamlogos/wnba/500/ind.png",88,-15,15
2024,401620256,2024,2,2024-05-30,2024-05-30 20:00:00,19,"s:40~l:59~t:19","chicago-sky","Chicago","Sky","CHI","Chicago Sky","Sky","5091cd","ffd520","https://a.espncdn.com/i/teamlogos/wnba/500/chi.png","home",83,TRUE,27,7,22,"10",0.427,32,75,0,26,75,12,16,"21",13,"40",13,1,0,0.368,7,19,35,0,15,"19",14,6,"s:40~l:59~t:6","los-angeles-sparks","Los Angeles","Sparks","LA","Los Angeles Sparks","Sparks","552583","fdb927","https://a.espncdn.com/i/teamlogos/wnba/500/la.png",73,"W",2024,2,2024-05-30,2024-05-30 20:00:00,6,"s:40~l:59~t:6","los-angeles-sparks","Los Angeles","Sparks","LA","Los Angeles Sparks","Sparks","552583","fdb927","https://a.espncdn.com/i/teamlogos/wnba/500/la.png","away",73,17,2,26,"4",0.4,24,60,0,15,72.4,21,29,"2",7,"32",9,1,0,0.19,4,21,33,0,19,"18",18,19,"s:40~l:59~t:19","chicago-sky","Chicago","Sky","CHI","Chicago Sky","Sky","5091cd","ffd520","https://a.espncdn.com/i/teamlogos/wnba/500/chi.png",83,10,-10
2024,401620257,2024,2,2024-05-31,2024-05-31 19:30:00,20,"s:40~l:59~t:20","atlanta-dream","Atlanta","Dream","ATL","Atlanta Dream","Dream","e31837","5091cc","https://a.espncdn.com/i/teamlogos/wnba/500/atl.png","home",78,TRUE,17,4,35,"13",0.361,22,61,0,17,89.7,26,29,"7",3,"20",5,1,2,0.5,8,16,38,2,12,"19",11,17,"s:40~l:59~t:17","las-vegas-aces","Las Vegas","Aces","LV","Las Vegas Aces","Aces","a7a8aa","000000","https://a.espncdn.com/i/teamlogos/wnba/500/lv.png",74,"W",2024,2,2024-05-31,2024-05-31 19:30:00,17,"s:40~l:59~t:17","las-vegas-aces","Las Vegas","Aces","LV","Las Vegas Aces","Aces","a7a8aa","000000","https://a.espncdn.com/i/teamlogos/wnba/500/lv.png","away",74,18,5,31,"15",0.362,25,69,0,25,90,18,20,"12",3,"30",6,1,1,0.286,6,21,34,1,12,"14",11,20,"s:40~l:59~t:20","atlanta-dream","Atlanta","Dream","ATL","Atlanta Dream","Dream","e31837","5091cc","https://a.espncdn.com/i/teamlogos/wnba/500/atl.png",78,4,-4
2024,401620258,2024,2,2024-05-31,2024-05-31 19:30:00,18,"s:40~l:59~t:18","connecticut-sun","Connecticut","Sun","CONN","Connecticut Sun","Sun","f05023","0a2240","https://a.espncdn.com/i/teamlogos/wnba/500/conn.png","home",74,TRUE,22,2,19,"10",0.483,29,60,0,12,58.3,14,24,"14",9,"42",8,1,0,0.2,2,10,28,0,11,"19",10,3,"s:40~l:59~t:3","dallas-wings","Dallas","Wings","DAL","Dallas Wings","Wings","002b5c","c4d600","https://a.espncdn.com/i/teamlogos/wnba/500/dal.png",72,"W",2024,2,2024-05-31,2024-05-31 19:30:00,3,"s:40~l:59~t:3","dallas-wings","Dallas","Wings","DAL","Dallas Wings","Wings","002b5c","c4d600","https://a.espncdn.com/i/teamlogos/wnba/500/dal.png","away",72,21,4,23,"13",0.516,32,62,0,22,50,2,4,"11",7,"40",3,1,0,0.375,6,16,30,0,15,"19",14,18,"s:40~l:59~t:18","connecticut-sun","Connecticut","Sun","CONN","Connecticut Sun","Sun","f05023","0a2240","https://a.espncdn.com/i/teamlogos/wnba/500/conn.png",74,2,-2
2024,401620259,2024,2,2024-05-31,2024-05-31 19:30:00,9,"s:40~l:59~t:9","new-york-liberty","New York","Liberty","NY","New York Liberty","Liberty","86cebc","000000","https://a.espncdn.com/i/teamlogos/wnba/500/ny.png","home",90,TRUE,18,1,26,"15",0.444,28,63,0,23,74.2,23,31,"17",8,"26",9,1,0,0.344,11,32,34,0,15,"13",14,16,"s:40~l:59~t:16","washington-mystics","Washington","Mystics","WSH","Washington Mystics","Mystics","e03a3e","002b5c","https://a.espncdn.com/i/teamlogos/wnba/500/wsh.png",79,"W",2024,2,2024-05-31,2024-05-31 19:30:00,16,"s:40~l:59~t:16","washington-mystics","Washington","Mystics","WSH","Washington Mystics","Mystics","e03a3e","002b5c","https://a.espncdn.com/i/teamlogos/wnba/500/wsh.png","away",79,22,1,27,"13",0.467,28,60,0,27,72.7,16,22,"1",3,"40",7,4,0,0.389,7,18,30,0,18,"19",14,9,"s:40~l:59~t:9","new-york-liberty","New York","Liberty","NY","New York Liberty","Liberty","86cebc","000000","https://a.espncdn.com/i/teamlogos/wnba/500/ny.png",90,11,-11
2024,401620260,2024,2,2024-05-31,2024-05-31 21:30:00,8,"s:40~l:59~t:8","minnesota-lynx","Minnesota","Lynx","MIN","Minnesota Lynx","Lynx","266092","79bc43","https://a.espncdn.com/i/teamlogos/wnba/500/min.png","home",95,TRUE,29,3,26,"13",0.493,36,73,0,15,75,9,12,"29",10,"32",6,1,0,0.4,14,35,36,0,7,"8",6,11,"s:40~l:59~t:11","phoenix-mercury","Phoenix","Mercury","PHX","Phoenix Mercury","Mercury","3c286e","e56020","https://a.espncdn.com/i/teamlogos/wnba/500/phx.png",71,"W",2024,2,2024-05-31,2024-05-31 21:30:00,11,"s:40~l:59~t:11","phoenix-mercury","Phoenix","Mercury","PHX","Phoenix Mercury","Mercury","3c286e","e56020","https://a.espncdn.com/i/teamlogos/wnba/500/phx.png","away",71,16,2,26,"2",0.387,24,62,0,14,77.8,14,18,"1",10,"26",6,1,0,0.321,9,28,36,0,17,"25",16,8,"s:40~l:59~t:8","minnesota-lynx","Minnesota","Lynx","MIN","Minnesota Lynx","Lynx","266092","79bc43","https://a.espncdn.com/i/teamlogos/wnba/500/min.png",95,24,-24
2024,401620261,2024,2,2024-06-01,2024-06-01 12:00:00,5,"s:40~l:59~t:5","indiana-fever","Indiana","Fever","IND","Indiana Fever","Fever","002d62","e03a3e","https://a.espncdn.com/i/teamlogos/wnba/500/ind.png","home",71,TRUE,19,5,24,"11",0.391,27,69,0,18,68.8,11,16,"9",9,"38",6,2,0,0.24,6,25,33,0,13,"17",11,19,"s:40~l:59~t:19","chicago-sky","Chicago","Sky","CHI","Chicago Sky","Sky","5091cd","ffd520","https://a.espncdn.com/i/teamlogos/wnba/500/chi.png",70,"W",2024,2,2024-06-01,2024-06-01 12:00:00,19,"s:40~l:59~t:19","chicago-sky","Chicago","Sky","CHI","Chicago Sky","Sky","5091cd","ffd520","https://a.espncdn.com/i/teamlogos/wnba/500/chi.png","away",70,15,1,31,"11",0.406,28,69,1,17,66.7,12,18,"5",12,"34",7,1,0,0.167,2,12,43,0,16,"14",15,5,"s:40~l:59~t:5","indiana-fever","Indiana","Fever","IND","Indiana Fever","Fever","002d62","e03a3e","https://a.espncdn.com/i/teamlogos/wnba/500/ind.png",71,1,-1
2024,401620262,2024,2,2024-06-02,2024-06-02 15:00:00,20,"s:40~l:59~t:20","atlanta-dream","Atlanta","Dream","ATL","Atlanta Dream","Dream","e31837","5091cc","https://a.espncdn.com/i/teamlogos/wnba/500/atl.png","home",50,FALSE,10,6,25,"7",0.284,19,67,0,16,75,9,12,"4",8,"26",10,1,0,0.188,3,16,33,0,13,"7",12,18,"s:40~l:59~t:18","connecticut-sun","Connecticut","Sun","CONN","Connecticut Sun","Sun","f05023","0a2240","https://a.espncdn.com/i/teamlogos/wnba/500/conn.png",69,"L",2024,2,2024-06-02,2024-06-02 15:00:00,18,"s:40~l:59~t:18","connecticut-sun","Connecticut","Sun","CONN","Connecticut Sun","Sun","f05023","0a2240","https://a.espncdn.com/i/teamlogos/wnba/500/conn.png","away",69,22,3,38,"1",0.424,28,66,0,17,53.8,7,13,"22",7,"36",4,1,0,0.333,6,18,45,0,16,"13",15,20,"s:40~l:59~t:20","atlanta-dream","Atlanta","Dream","ATL","Atlanta Dream","Dream","e31837","5091cc","https://a.espncdn.com/i/teamlogos/wnba/500/atl.png",50,-19,19
2024,401620265,2024,2,2024-06-02,2024-06-02 18:00:00,11,"s:40~l:59~t:11","phoenix-mercury","Phoenix","Mercury","PHX","Phoenix Mercury","Mercury","3c286e","e56020","https://a.espncdn.com/i/teamlogos/wnba/500/phx.png","home",87,TRUE,20,5,26,"5",0.424,28,66,0,18,85,17,20,"24",7,"20",11,0,2,0.483,14,29,33,2,14,"13",14,6,"s:40~l:59~t:6","los-angeles-sparks","Los Angeles","Sparks","LA","Los Angeles Sparks","Sparks","552583","fdb927","https://a.espncdn.com/i/teamlogos/wnba/500/la.png",68,"W",2024,2,2024-06-02,2024-06-02 18:00:00,6,"s:40~l:59~t:6","los-angeles-sparks","Los Angeles","Sparks","LA","Los Angeles Sparks","Sparks","552583","fdb927","https://a.espncdn.com/i/teamlogos/wnba/500/la.png","away",68,18,2,24,"7",0.4,24,60,1,23,73.3,11,15,"1",6,"22",5,2,0,0.391,9,23,30,0,20,"17",18,11,"s:40~l:59~t:11","phoenix-mercury","Phoenix","Mercury","PHX","Phoenix Mercury","Mercury","3c286e","e56020","https://a.espncdn.com/i/teamlogos/wnba/500/phx.png",87,19,-19
2024,401620263,2024,2,2024-06-02,2024-06-02 19:00:00,9,"s:40~l:59~t:9","new-york-liberty","New York","Liberty","NY","New York Liberty","Liberty","86cebc","000000","https://a.espncdn.com/i/teamlogos/wnba/500/ny.png","home",104,TRUE,30,6,33,"15",0.576,38,66,0,15,85,17,20,"36",6,"44",9,0,1,0.44,11,25,39,1,13,"14",13,5,"s:40~l:59~t:5","indiana-fever","Indiana","Fever","IND","Indiana Fever","Fever","002d62","e03a3e","https://a.espncdn.com/i/teamlogos/wnba/500/ind.png",68,"W",2024,2,2024-06-02,2024-06-02 19:00:00,5,"s:40~l:59~t:5","indiana-fever","Indiana","Fever","IND","Indiana Fever","Fever","002d62","e03a3e","https://a.espncdn.com/i/teamlogos/wnba/500/ind.png","away",68,18,1,19,"13",0.37,27,73,0,17,63.6,7,11,"0",9,"32",6,1,2,0.25,7,28,28,2,13,"13",12,9,"s:40~l:59~t:9","new-york-liberty","New York","Liberty","NY","New York Liberty","Liberty","86cebc","000000","https://a.espncdn.com/i/teamlogos/wnba/500/ny.png",104,36,-36
2024,401620264,2024,2,2024-06-02,2024-06-02 19:00:00,8,"s:40~l:59~t:8","minnesota-lynx","Minnesota","Lynx","MIN","Minnesota Lynx","Lynx","266092","79bc43","https://a.espncdn.com/i/teamlogos/wnba/500/min.png","home",87,TRUE,23,6,17,"10",0.451,32,71,1,17,88.2,15,17,"18",10,"38",15,0,1,0.421,8,19,27,1,15,"16",15,3,"s:40~l:59~t:3","dallas-wings","Dallas","Wings","DAL","Dallas Wings","Wings","002b5c","c4d600","https://a.espncdn.com/i/teamlogos/wnba/500/dal.png",76,"W",2024,2,2024-06-02,2024-06-02 19:00:00,3,"s:40~l:59~t:3","dallas-wings","Dallas","Wings","DAL","Dallas Wings","Wings","002b5c","c4d600","https://a.espncdn.com/i/teamlogos/wnba/500/dal.png","away",76,20,3,26,"8",0.462,30,65,0,14,85.7,12,14,"9",8,"48",12,3,2,0.364,4,11,34,2,28,"30",25,8,"s:40~l:59~t:8","minnesota-lynx","Minnesota","Lynx","MIN","Minnesota Lynx","Lynx","266092","79bc43","https://a.espncdn.com/i/teamlogos/wnba/500/min.png",87,11,-11
2024,401620266,2024,2,2024-06-04,2024-06-04 19:00:00,18,"s:40~l:59~t:18","connecticut-sun","Connecticut","Sun","CONN","Connecticut Sun","Sun","f05023","0a2240","https://a.espncdn.com/i/teamlogos/wnba/500/conn.png","home",76,TRUE,22,4,25,"9",0.474,27,57,0,15,59.3,16,27,"19",6,"28",7,3,1,0.4,6,15,31,1,15,"13",12,16,"s:40~l:59~t:16","washington-mystics","Washington","Mystics","WSH","Washington Mystics","Mystics","e03a3e","002b5c","https://a.espncdn.com/i/teamlogos/wnba/500/wsh.png",59,"W",2024,2,2024-06-04,2024-06-04 19:00:00,16,"s:40~l:59~t:16","washington-mystics","Washington","Mystics","WSH","Washington Mystics","Mystics","e03a3e","002b5c","https://a.espncdn.com/i/teamlogos/wnba/500/wsh.png","away",59,13,3,24,"2",0.313,20,64,0,21,86.7,13,15,"2",13,"26",4,1,1,0.207,6,29,37,1,17,"24",16,18,"s:40~l:59~t:18","connecticut-sun","Connecticut","Sun","CONN","Connecticut Sun","Sun","f05023","0a2240","https://a.espncdn.com/i/teamlogos/wnba/500/conn.png",76,17,-17
2024,401620267,2024,2,2024-06-04,2024-06-04 20:00:00,19,"s:40~l:59~t:19","chicago-sky","Chicago","Sky","CHI","Chicago Sky","Sky","5091cd","ffd520","https://a.espncdn.com/i/teamlogos/wnba/500/chi.png","home",75,FALSE,15,4,30,"15",0.324,24,74,0,17,89.3,25,28,"3",12,"38",5,0,3,0.286,2,7,42,3,10,"17",10,9,"s:40~l:59~t:9","new-york-liberty","New York","Liberty","NY","New York Liberty","Liberty","86cebc","000000","https://a.espncdn.com/i/teamlogos/wnba/500/ny.png",88,"L",2024,2,2024-06-04,2024-06-04 20:00:00,9,"s:40~l:59~t:9","new-york-liberty","New York","Liberty","NY","New York Liberty","Liberty","86cebc","000000","https://a.espncdn.com/i/teamlogos/wnba/500/ny.png","away",88,24,4,32,"11",0.436,34,78,0,22,83.3,10,12,"17",10,"42",7,1,1,0.313,10,32,42,1,11,"8",10,19,"s:40~l:59~t:19","chicago-sky","Chicago","Sky","CHI","Chicago Sky","Sky","5091cd","ffd520","https://a.espncdn.com/i/teamlogos/wnba/500/chi.png",75,-13,13
2024,401620268,2024,2,2024-06-04,2024-06-04 22:00:00,14,"s:40~l:59~t:14","seattle-storm","Seattle","Storm","SEA","Seattle Storm","Storm","2c5235","fee11a","https://a.espncdn.com/i/teamlogos/wnba/500/sea.png","home",80,TRUE,20,4,34,"11",0.406,28,69,0,15,76.2,16,21,"22",8,"38",10,1,0,0.348,8,23,42,0,15,"12",14,11,"s:40~l:59~t:11","phoenix-mercury","Phoenix","Mercury","PHX","Phoenix Mercury","Mercury","3c286e","e56020","https://a.espncdn.com/i/teamlogos/wnba/500/phx.png",62,"W",2024,2,2024-06-04,2024-06-04 22:00:00,11,"s:40~l:59~t:11","phoenix-mercury","Phoenix","Mercury","PHX","Phoenix Mercury","Mercury","3c286e","e56020","https://a.espncdn.com/i/teamlogos/wnba/500/phx.png","away",62,13,4,30,"15",0.338,23,68,0,15,70.6,12,17,"2",3,"32",7,4,2,0.174,4,23,33,2,17,"12",13,14,"s:40~l:59~t:14","seattle-storm","Seattle","Storm","SEA","Seattle Storm","Storm","2c5235","fee11a","https://a.espncdn.com/i/teamlogos/wnba/500/sea.png",80,18,-18
2024,401620269,2024,2,2024-06-05,2024-06-05 20:00:00,3,"s:40~l:59~t:3","dallas-wings","Dallas","Wings","DAL","Dallas Wings","Wings","002b5c","c4d600","https://a.espncdn.com/i/teamlogos/wnba/500/dal.png","home",81,FALSE,18,4,26,"11",0.378,28,74,0,20,90.9,20,22,"0",14,"34",5,1,0,0.2,5,25,40,0,14,"18",13,17,"s:40~l:59~t:17","las-vegas-aces","Las Vegas","Aces","LV","Las Vegas Aces","Aces","a7a8aa","000000","https://a.espncdn.com/i/teamlogos/wnba/500/lv.png",95,"L",2024,2,2024-06-05,2024-06-05 20:00:00,17,"s:40~l:59~t:17","las-vegas-aces","Las Vegas","Aces","LV","Las Vegas Aces","Aces","a7a8aa","000000","https://a.espncdn.com/i/teamlogos/wnba/500/lv.png","away",95,20,5,25,"9",0.486,34,70,0,18,90,18,20,"20",8,"44",10,2,2,0.321,9,28,33,2,14,"16",12,3,"s:40~l:59~t:3","dallas-wings","Dallas","Wings","DAL","Dallas Wings","Wings","002b5c","c4d600","https://a.espncdn.com/i/teamlogos/wnba/500/dal.png",81,-14,14
2024,401620270,2024,2,2024-06-05,2024-06-05 22:00:00,6,"s:40~l:59~t:6","los-angeles-sparks","Los Angeles","Sparks","LA","Los Angeles Sparks","Sparks","552583","fdb927","https://a.espncdn.com/i/teamlogos/wnba/500/la.png","home",62,FALSE,15,3,27,"2",0.26,20,77,0,20,100,18,18,"0",17,"32",6,0,1,0.143,4,28,44,1,16,"18",16,8,"s:40~l:59~t:8","minnesota-lynx","Minnesota","Lynx","MIN","Minnesota Lynx","Lynx","266092","79bc43","https://a.espncdn.com/i/teamlogos/wnba/500/min.png",86,"L",2024,2,2024-06-05,2024-06-05 22:00:00,8,"s:40~l:59~t:8","minnesota-lynx","Minnesota","Lynx","MIN","Minnesota Lynx","Lynx","266092","79bc43","https://a.espncdn.com/i/teamlogos/wnba/500/min.png","away",86,25,5,32,"15",0.492,32,65,1,18,81.3,13,16,"28",5,"30",8,0,0,0.391,9,23,37,0,14,"9",14,6,"s:40~l:59~t:6","los-angeles-sparks","Los Angeles","Sparks","LA","Los Angeles Sparks","Sparks","552583","fdb927","https://a.espncdn.com/i/teamlogos/wnba/500/la.png",62,-24,24
2024,401620271,2024,2,2024-06-06,2024-06-06 19:00:00,16,"s:40~l:59~t:16","washington-mystics","Washington","Mystics","WSH","Washington Mystics","Mystics","e03a3e","002b5c","https://a.espncdn.com/i/teamlogos/wnba/500/wsh.png","home",71,FALSE,20,7,29,"2",0.422,27,64,0,24,65,13,20,"13",7,"38",7,0,1,0.235,4,17,36,1,24,"20",24,19,"s:40~l:59~t:19","chicago-sky","Chicago","Sky","CHI","Chicago Sky","Sky","5091cd","ffd520","https://a.espncdn.com/i/teamlogos/wnba/500/chi.png",79,"L",2024,2,2024-06-06,2024-06-06 19:00:00,19,"s:40~l:59~t:19","chicago-sky","Chicago","Sky","CHI","Chicago Sky","Sky","5091cd","ffd520","https://a.espncdn.com/i/teamlogos/wnba/500/chi.png","away",79,18,1,27,"9",0.38,30,79,0,21,81.8,18,22,"9",13,"48",14,0,0,0.071,1,14,40,0,13,"18",13,16,"s:40~l:59~t:16","washington-mystics","Washington","Mystics","WSH","Washington Mystics","Mystics","e03a3e","002b5c","https://a.espncdn.com/i/teamlogos/wnba/500/wsh.png",71,-8,8
2024,401620272,2024,2,2024-06-06,2024-06-06 19:30:00,20,"s:40~l:59~t:20","atlanta-dream","Atlanta","Dream","ATL","Atlanta Dream","Dream","e31837","5091cc","https://a.espncdn.com/i/teamlogos/wnba/500/atl.png","home",61,FALSE,15,4,27,"6",0.344,22,64,0,16,82.4,14,17,"6",7,"22",8,2,0,0.143,3,21,34,0,14,"14",12,9,"s:40~l:59~t:9","new-york-liberty","New York","Liberty","NY","New York Liberty","Liberty","86cebc","000000","https://a.espncdn.com/i/teamlogos/wnba/500/ny.png",78,"L",2024,2,2024-06-06,2024-06-06 19:30:00,9,"s:40~l:59~t:9","new-york-liberty","New York","Liberty","NY","New York Liberty","Liberty","86cebc","000000","https://a.espncdn.com/i/teamlogos/wnba/500/ny.png","away",78,24,4,33,"17",0.392,29,74,0,15,84.6,11,13,"17",11,"40",6,1,1,0.29,9,31,44,1,14,"4",13,20,"s:40~l:59~t:20","atlanta-dream","Atlanta","Dream","ATL","Atlanta Dream","Dream","e31837","5091cc","https://a.espncdn.com/i/teamlogos/wnba/500/atl.png",61,-17,17
2024,401620273,2024,2,2024-06-07,2024-06-07 19:30:00,16,"s:40~l:59~t:16","washington-mystics","Washington","Mystics","WSH","Washington Mystics","Mystics","e03a3e","002b5c","https://a.espncdn.com/i/teamlogos/wnba/500/wsh.png","home",83,FALSE,22,1,29,"3",0.431,31,72,0,16,61.5,8,13,"3",9,"30",9,0,1,0.382,13,34,38,1,15,"19",15,5,"s:40~l:59~t:5","indiana-fever","Indiana","Fever","IND","Indiana Fever","Fever","002d62","e03a3e","https://a.espncdn.com/i/teamlogos/wnba/500/ind.png",85,"L",2024,2,2024-06-07,2024-06-07 19:30:00,5,"s:40~l:59~t:5","indiana-fever","Indiana","Fever","IND","Indiana Fever","Fever","002d62","e03a3e","https://a.espncdn.com/i/teamlogos/wnba/500/ind.png","away",85,21,2,25,"16",0.452,28,62,0,21,76.5,13,17,"12",5,"24",9,0,0,0.457,16,35,30,0,15,"20",15,16,"s:40~l:59~t:16","washington-mystics","Washington","Mystics","WSH","Washington Mystics","Mystics","e03a3e","002b5c","https://a.espncdn.com/i/teamlogos/wnba/500/wsh.png",83,-2,2
2024,401620274,2024,2,2024-06-07,2024-06-07 22:00:00,17,"s:40~l:59~t:17","las-vegas-aces","Las Vegas","Aces","LV","Las Vegas Aces","Aces","a7a8aa","000000","https://a.espncdn.com/i/teamlogos/wnba/500/lv.png","home",65,FALSE,13,10,33,"13",0.313,21,67,0,18,84.2,16,19,"3",3,"20",7,0,0,0.269,7,26,36,0,14,"9",14,14,"s:40~l:59~t:14","seattle-storm","Seattle","Storm","SEA","Seattle Storm","Storm","2c5235","fee11a","https://a.espncdn.com/i/teamlogos/wnba/500/sea.png",78,"L",2024,2,2024-06-07,2024-06-07 22:00:00,14,"s:40~l:59~t:14","seattle-storm","Seattle","Storm","SEA","Seattle Storm","Storm","2c5235","fee11a","https://a.espncdn.com/i/teamlogos/wnba/500/sea.png","away",78,19,6,37,"4",0.361,26,72,0,16,90.9,20,22,"14",6,"30",7,1,0,0.3,6,20,43,0,13,"16",12,17,"s:40~l:59~t:17","las-vegas-aces","Las Vegas","Aces","LV","Las Vegas Aces","Aces","a7a8aa","000000","https://a.espncdn.com/i/teamlogos/wnba/500/lv.png",65,-13,13
2024,401620275,2024,2,2024-06-07,2024-06-07 22:00:00,6,"s:40~l:59~t:6","los-angeles-sparks","Los Angeles","Sparks","LA","Los Angeles Sparks","Sparks","552583","fdb927","https://a.espncdn.com/i/teamlogos/wnba/500/la.png","home",81,TRUE,23,4,28,"14",0.471,33,70,0,20,66.7,10,15,"9",8,"52",9,0,0,0.25,5,20,36,0,14,"14",14,3,"s:40~l:59~t:3","dallas-wings","Dallas","Wings","DAL","Dallas Wings","Wings","002b5c","c4d600","https://a.espncdn.com/i/teamlogos/wnba/500/dal.png",72,"W",2024,2,2024-06-07,2024-06-07 22:00:00,3,"s:40~l:59~t:3","dallas-wings","Dallas","Wings","DAL","Dallas Wings","Wings","002b5c","c4d600","https://a.espncdn.com/i/teamlogos/wnba/500/dal.png","away",72,14,5,26,"10",0.397,29,73,0,16,92.3,12,13,"8",9,"34",7,0,0,0.118,2,17,35,0,14,"17",14,6,"s:40~l:59~t:6","los-angeles-sparks","Los Angeles","Sparks","LA","Los Angeles Sparks","Sparks","552583","fdb927","https://a.espncdn.com/i/teamlogos/wnba/500/la.png",81,9,-9
2024,401620276,2024,2,2024-06-07,2024-06-07 22:00:00,11,"s:40~l:59~t:11","phoenix-mercury","Phoenix","Mercury","PHX","Phoenix Mercury","Mercury","3c286e","e56020","https://a.espncdn.com/i/teamlogos/wnba/500/phx.png","home",81,TRUE,18,7,29,"10",0.414,29,70,0,13,77.8,14,18,"9",10,"34",6,0,1,0.346,9,26,39,1,14,"13",14,8,"s:40~l:59~t:8","minnesota-lynx","Minnesota","Lynx","MIN","Minnesota Lynx","Lynx","266092","79bc43","https://a.espncdn.com/i/teamlogos/wnba/500/min.png",80,"W",2024,2,2024-06-07,2024-06-07 22:00:00,8,"s:40~l:59~t:8","minnesota-lynx","Minnesota","Lynx","MIN","Minnesota Lynx","Lynx","266092","79bc43","https://a.espncdn.com/i/teamlogos/wnba/500/min.png","away",80,24,5,29,"21",0.389,28,72,0,20,81.8,9,11,"9",7,"18",5,1,0,0.441,15,34,36,0,14,"12",13,11,"s:40~l:59~t:11","phoenix-mercury","Phoenix","Mercury","PHX","Phoenix Mercury","Mercury","3c286e","e56020","https://a.espncdn.com/i/teamlogos/wnba/500/phx.png",81,1,-1
2024,401620277,2024,2,2024-06-08,2024-06-08 13:00:00,18,"s:40~l:59~t:18","connecticut-sun","Connecticut","Sun","CONN","Connecticut Sun","Sun","f05023","0a2240","https://a.espncdn.com/i/teamlogos/wnba/500/conn.png","home",75,FALSE,17,2,24,"9",0.408,29,71,0,14,76.5,13,17,"7",11,"44",3,0,0,0.25,4,16,35,0,13,"12",13,9,"s:40~l:59~t:9","new-york-liberty","New York","Liberty","NY","New York Liberty","Liberty","86cebc","000000","https://a.espncdn.com/i/teamlogos/wnba/500/ny.png",82,"L",2024,2,2024-06-08,2024-06-08 13:00:00,9,"s:40~l:59~t:9","new-york-liberty","New York","Liberty","NY","New York Liberty","Liberty","86cebc","000000","https://a.espncdn.com/i/teamlogos/wnba/500/ny.png","away",82,27,5,28,"9",0.517,31,60,0,18,84.6,11,13,"12",0,"38",8,1,0,0.36,9,25,28,0,12,"13",11,18,"s:40~l:59~t:18","connecticut-sun","Connecticut","Sun","CONN","Connecticut Sun","Sun","f05023","0a2240","https://a.espncdn.com/i/teamlogos/wnba/500/conn.png",75,-7,7
2024,401620278,2024,2,2024-06-08,2024-06-08 17:00:00,19,"s:40~l:59~t:19","chicago-sky","Chicago","Sky","CHI","Chicago Sky","Sky","5091cd","ffd520","https://a.espncdn.com/i/teamlogos/wnba/500/chi.png","home",80,FALSE,17,2,22,"6",0.483,29,60,0,21,90.5,19,21,"2",7,"36",8,1,0,0.273,3,11,29,0,21,"26",20,20,"s:40~l:59~t:20","atlanta-dream","Atlanta","Dream","ATL","Atlanta Dream","Dream","e31837","5091cc","https://a.espncdn.com/i/teamlogos/wnba/500/atl.png",89,"L",2024,2,2024-06-08,2024-06-08 17:00:00,20,"s:40~l:59~t:20","atlanta-dream","Atlanta","Dream","ATL","Atlanta Dream","Dream","e31837","5091cc","https://a.espncdn.com/i/teamlogos/wnba/500/atl.png","away",89,22,4,20,"7",0.456,31,68,0,20,91.3,21,23,"18",11,"36",14,1,0,0.375,6,16,31,0,14,"12",13,19,"s:40~l:59~t:19","chicago-sky","Chicago","Sky","CHI","Chicago Sky","Sky","5091cd","ffd520","https://a.espncdn.com/i/teamlogos/wnba/500/chi.png",80,-9,9
2024,401620279,2024,2,2024-06-09,2024-06-09 15:00:00,9,"s:40~l:59~t:9","new-york-liberty","New York","Liberty","NY","New York Liberty","Liberty","86cebc","000000","https://a.espncdn.com/i/teamlogos/wnba/500/ny.png","home",93,TRUE,24,3,27,"9",0.477,31,65,0,17,95,19,20,"7",13,"34",7,0,0,0.444,12,27,40,0,21,"23",21,16,"s:40~l:59~t:16","washington-mystics","Washington","Mystics","WSH","Washington Mystics","Mystics","e03a3e","002b5c","https://a.espncdn.com/i/teamlogos/wnba/500/wsh.png",88,"W",2024,2,2024-06-09,2024-06-09 15:00:00,16,"s:40~l:59~t:16","washington-mystics","Washington","Mystics","WSH","Washington Mystics","Mystics","e03a3e","002b5c","https://a.espncdn.com/i/teamlogos/wnba/500/wsh.png","away",88,26,2,18,"10",0.493,33,67,0,19,83.3,10,12,"5",4,"38",7,0,1,0.429,12,28,22,1,12,"9",12,9,"s:40~l:59~t:9","new-york-liberty","New York","Liberty","NY","New York Liberty","Liberty","86cebc","000000","https://a.espncdn.com/i/teamlogos/wnba/500/ny.png",93,5,-5
2024,401620280,2024,2,2024-06-09,2024-06-09 16:00:00,3,"s:40~l:59~t:3","dallas-wings","Dallas","Wings","DAL","Dallas Wings","Wings","002b5c","c4d600","https://a.espncdn.com/i/teamlogos/wnba/500/dal.png","home",90,FALSE,25,3,27,"11",0.474,37,78,1,21,71.4,10,14,"8",9,"46",9,2,1,0.261,6,23,36,1,23,"32",21,11,"s:40~l:59~t:11","phoenix-mercury","Phoenix","Mercury","PHX","Phoenix Mercury","Mercury","3c286e","e56020","https://a.espncdn.com/i/teamlogos/wnba/500/phx.png",97,"L",2024,2,2024-06-09,2024-06-09 16:00:00,11,"s:40~l:59~t:11","phoenix-mercury","Phoenix","Mercury","PHX","Phoenix Mercury","Mercury","3c286e","e56020","https://a.espncdn.com/i/teamlogos/wnba/500/phx.png","away",97,25,5,20,"12",0.463,37,80,0,19,73.7,14,19,"9",9,"42",9,2,0,0.273,9,33,29,0,22,"24",20,3,"s:40~l:59~t:3","dallas-wings","Dallas","Wings","DAL","Dallas Wings","Wings","002b5c","c4d600","https://a.espncdn.com/i/teamlogos/wnba/500/dal.png",90,-7,7
2024,401620281,2024,2,2024-06-09,2024-06-09 19:00:00,8,"s:40~l:59~t:8","minnesota-lynx","Minnesota","Lynx","MIN","Minnesota Lynx","Lynx","266092","79bc43","https://a.espncdn.com/i/teamlogos/wnba/500/min.png","home",83,TRUE,25,7,30,"10",0.45,27,60,0,18,81,17,21,"19",6,"26",6,2,0,0.545,12,22,36,0,18,"12",16,14,"s:40~l:59~t:14","seattle-storm","Seattle","Storm","SEA","Seattle Storm","Storm","2c5235","fee11a","https://a.espncdn.com/i/teamlogos/wnba/500/sea.png",64,"W",2024,2,2024-06-09,2024-06-09 19:00:00,14,"s:40~l:59~t:14","seattle-storm","Seattle","Storm","SEA","Seattle Storm","Storm","2c5235","fee11a","https://a.espncdn.com/i/teamlogos/wnba/500/sea.png","away",64,12,9,20,"13",0.347,26,75,0,17,61.5,8,13,"10",14,"30",9,1,2,0.182,4,22,34,2,14,"10",13,8,"s:40~l:59~t:8","minnesota-lynx","Minnesota","Lynx","MIN","Minnesota Lynx","Lynx","266092","79bc43","https://a.espncdn.com/i/teamlogos/wnba/500/min.png",83,19,-19
2024,401620282,2024,2,2024-06-09,2024-06-09 21:00:00,6,"s:40~l:59~t:6","los-angeles-sparks","Los Angeles","Sparks","LA","Los Angeles Sparks","Sparks","552583","fdb927","https://a.espncdn.com/i/teamlogos/wnba/500/la.png","home",96,TRUE,21,6,28,"8",0.492,32,65,0,24,84.6,22,26,"10",8,"38",3,2,0,0.4,10,25,36,0,17,"18",15,17,"s:40~l:59~t:17","las-vegas-aces","Las Vegas","Aces","LV","Las Vegas Aces","Aces","a7a8aa","000000","https://a.espncdn.com/i/teamlogos/wnba/500/lv.png",92,"W",2024,2,2024-06-09,2024-06-09 21:00:00,17,"s:40~l:59~t:17","las-vegas-aces","Las Vegas","Aces","LV","Las Vegas Aces","Aces","a7a8aa","000000","https://a.espncdn.com/i/teamlogos/wnba/500/lv.png","away",92,17,6,19,"7",0.441,30,68,0,16,87.5,21,24,"15",4,"34",7,0,4,0.423,11,26,23,4,6,"7",6,6,"s:40~l:59~t:6","los-angeles-sparks","Los Angeles","Sparks","LA","Los Angeles Sparks","Sparks","552583","fdb927","https://a.espncdn.com/i/teamlogos/wnba/500/la.png",96,4,-4
2024,401620283,2024,2,2024-06-10,2024-06-10 19:00:00,18,"s:40~l:59~t:18","connecticut-sun","Connecticut","Sun","CONN","Connecticut Sun","Sun","f05023","0a2240","https://a.espncdn.com/i/teamlogos/wnba/500/conn.png","home",89,TRUE,22,3,29,"15",0.462,30,65,0,19,87.5,21,24,"28",12,"36",9,2,0,0.471,8,17,41,0,12,"8",10,5,"s:40~l:59~t:5","indiana-fever","Indiana","Fever","IND","Indiana Fever","Fever","002d62","e03a3e","https://a.espncdn.com/i/teamlogos/wnba/500/ind.png",72,"W",2024,2,2024-06-10,2024-06-10 19:00:00,5,"s:40~l:59~t:5","indiana-fever","Indiana","Fever","IND","Indiana Fever","Fever","002d62","e03a3e","https://a.espncdn.com/i/teamlogos/wnba/500/ind.png","away",72,19,3,19,"9",0.403,25,62,0,18,68.4,13,19,"3",7,"28",5,0,0,0.375,9,24,26,0,11,"18",11,18,"s:40~l:59~t:18","connecticut-sun","Connecticut","Sun","CONN","Connecticut Sun","Sun","f05023","0a2240","https://a.espncdn.com/i/teamlogos/wnba/500/conn.png",89,17,-17
2024,401620284,2024,2,2024-06-11,2024-06-11 19:30:00,20,"s:40~l:59~t:20","atlanta-dream","Atlanta","Dream","ATL","Atlanta Dream","Dream","e31837","5091cc","https://a.espncdn.com/i/teamlogos/wnba/500/atl.png","home",68,FALSE,16,2,24,"3",0.358,24,67,0,15,66.7,12,18,"2",8,"22",3,1,0,0.348,8,23,32,0,9,"6",8,16,"s:40~l:59~t:16","washington-mystics","Washington","Mystics","WSH","Washington Mystics","Mystics","e03a3e","002b5c","https://a.espncdn.com/i/teamlogos/wnba/500/wsh.png",87,"L",2024,2,2024-06-11,2024-06-11 19:30:00,16,"s:40~l:59~t:16","washington-mystics","Washington","Mystics","WSH","Washington Mystics","Mystics","e03a3e","002b5c","https://a.espncdn.com/i/teamlogos/wnba/500/wsh.png","away",87,25,3,33,"9",0.477,31,65,0,17,72.7,8,11,"23",5,"24",3,0,1,0.548,17,31,38,1,11,"11",11,20,"s:40~l:59~t:20","atlanta-dream","Atlanta","Dream","ATL","Atlanta Dream","Dream","e31837","5091cc","https://a.espncdn.com/i/teamlogos/wnba/500/atl.png",68,-19,19
2024,401620285,2024,2,2024-06-11,2024-06-11 22:00:00,17,"s:40~l:59~t:17","las-vegas-aces","Las Vegas","Aces","LV","Las Vegas Aces","Aces","a7a8aa","000000","https://a.espncdn.com/i/teamlogos/wnba/500/lv.png","home",86,FALSE,19,1,30,"9",0.452,28,62,0,19,76.9,20,26,"8",5,"34",4,1,1,0.323,10,31,35,1,14,"21",13,8,"s:40~l:59~t:8","minnesota-lynx","Minnesota","Lynx","MIN","Minnesota Lynx","Lynx","266092","79bc43","https://a.espncdn.com/i/teamlogos/wnba/500/min.png",100,"L",2024,2,2024-06-11,2024-06-11 22:00:00,8,"s:40~l:59~t:8","minnesota-lynx","Minnesota","Lynx","MIN","Minnesota Lynx","Lynx","266092","79bc43","https://a.espncdn.com/i/teamlogos/wnba/500/min.png","away",100,34,4,24,"6",0.552,37,67,0,20,64.7,11,17,"20",4,"28",9,0,1,0.556,15,27,28,1,9,"11",9,17,"s:40~l:59~t:17","las-vegas-aces","Las Vegas","Aces","LV","Las Vegas Aces","Aces","a7a8aa","000000","https://a.espncdn.com/i/teamlogos/wnba/500/lv.png",86,-14,14
2024,401620286,2024,2,2024-06-11,2024-06-11 22:00:00,14,"s:40~l:59~t:14","seattle-storm","Seattle","Storm","SEA","Seattle Storm","Storm","2c5235","fee11a","https://a.espncdn.com/i/teamlogos/wnba/500/sea.png","home",95,TRUE,20,10,32,"14",0.468,37,79,0,22,72.2,13,18,"16",13,"50",4,0,0,0.364,8,22,45,0,9,"14",9,6,"s:40~l:59~t:6","los-angeles-sparks","Los Angeles","Sparks","LA","Los Angeles Sparks","Sparks","552583","fdb927","https://a.espncdn.com/i/teamlogos/wnba/500/la.png",79,"W",2024,2,2024-06-11,2024-06-11 22:00:00,6,"s:40~l:59~t:6","los-angeles-sparks","Los Angeles","Sparks","LA","Los Angeles Sparks","Sparks","552583","fdb927","https://a.espncdn.com/i/teamlogos/wnba/500/la.png","away",79,19,6,23,"6",0.391,27,69,0,15,79.2,19,24,"0",10,"42",6,1,0,0.3,6,20,33,0,12,"12",11,14,"s:40~l:59~t:14","seattle-storm","Seattle","Storm","SEA","Seattle Storm","Storm","2c5235","fee11a","https://a.espncdn.com/i/teamlogos/wnba/500/sea.png",95,16,-16
2024,401620287,2024,2,2024-06-12,2024-06-12 20:00:00,19,"s:40~l:59~t:19","chicago-sky","Chicago","Sky","CHI","Chicago Sky","Sky","5091cd","ffd520","https://a.espncdn.com/i/teamlogos/wnba/500/chi.png","home",75,FALSE,19,7,21,"12",0.483,28,58,0,18,86.7,13,15,"4",8,"44",8,2,0,0.462,6,13,29,0,19,"14",17,18,"s:40~l:59~t:18","connecticut-sun","Connecticut","Sun","CONN","Connecticut Sun","Sun","f05023","0a2240","https://a.espncdn.com/i/teamlogos/wnba/500/conn.png",83,"L",2024,2,2024-06-12,2024-06-12 20:00:00,18,"s:40~l:59~t:18","connecticut-sun","Connecticut","Sun","CONN","Connecticut Sun","Sun","f05023","0a2240","https://a.espncdn.com/i/teamlogos/wnba/500/conn.png","away",83,21,2,20,"13",0.452,28,62,0,14,85.7,24,28,"13",8,"42",13,1,0,0.214,3,14,28,0,15,"18",14,19,"s:40~l:59~t:19","chicago-sky","Chicago","Sky","CHI","Chicago Sky","Sky","5091cd","ffd520","https://a.espncdn.com/i/teamlogos/wnba/500/chi.png",75,-8,8
2024,401620288,2024,2,2024-06-13,2024-06-13 19:00:00,5,"s:40~l:59~t:5","indiana-fever","Indiana","Fever","IND","Indiana Fever","Fever","002d62","e03a3e","https://a.espncdn.com/i/teamlogos/wnba/500/ind.png","home",91,TRUE,18,6,23,"11",0.444,32,72,0,16,94.7,18,19,"18",11,"42",6,0,0,0.346,9,26,34,0,14,"9",14,20,"s:40~l:59~t:20","atlanta-dream","Atlanta","Dream","ATL","Atlanta Dream","Dream","e31837","5091cc","https://a.espncdn.com/i/teamlogos/wnba/500/atl.png",84,"W",2024,2,2024-06-13,2024-06-13 19:00:00,20,"s:40~l:59~t:20","atlanta-dream","Atlanta","Dream","ATL","Atlanta Dream","Dream","e31837","5091cc","https://a.espncdn.com/i/teamlogos/wnba/500/atl.png","away",84,20,3,21,"2",0.418,28,67,0,19,82.6,19,23,"2",10,"30",6,2,0,0.375,9,24,31,0,13,"20",11,5,"s:40~l:59~t:5","indiana-fever","Indiana","Fever","IND","Indiana Fever","Fever","002d62","e03a3e","https://a.espncdn.com/i/teamlogos/wnba/500/ind.png",91,7,-7
2024,401620289,2024,2,2024-06-13,2024-06-13 19:00:00,3,"s:40~l:59~t:3","dallas-wings","Dallas","Wings","DAL","Dallas Wings","Wings","002b5c","c4d600","https://a.espncdn.com/i/teamlogos/wnba/500/dal.png","home",84,FALSE,23,9,19,"10",0.477,31,65,0,13,94.1,16,17,"6",9,"44",6,0,0,0.462,6,13,28,0,19,"27",19,14,"s:40~l:59~t:14","seattle-storm","Seattle","Storm","SEA","Seattle Storm","Storm","2c5235","fee11a","https://a.espncdn.com/i/teamlogos/wnba/500/sea.png",92,"L",2024,2,2024-06-13,2024-06-13 19:00:00,14,"s:40~l:59~t:14","seattle-storm","Seattle","Storm","SEA","Seattle Storm","Storm","2c5235","fee11a","https://a.espncdn.com/i/teamlogos/wnba/500/sea.png","away",92,26,6,19,"13",0.522,36,69,0,16,92.9,13,14,"13",7,"46",12,2,1,0.35,7,20,26,1,13,"16",11,3,"s:40~l:59~t:3","dallas-wings","Dallas","Wings","DAL","Dallas Wings","Wings","002b5c","c4d600","https://a.espncdn.com/i/teamlogos/wnba/500/dal.png",84,-8,8
2024,401620290,2024,2,2024-06-13,2024-06-13 22:00:00,11,"s:40~l:59~t:11","phoenix-mercury","Phoenix","Mercury","PHX","Phoenix Mercury","Mercury","3c286e","e56020","https://a.espncdn.com/i/teamlogos/wnba/500/phx.png","home",99,FALSE,26,5,19,"6",0.549,39,71,0,25,86.7,13,15,"16",4,"42",5,0,1,0.333,8,24,23,1,12,"12",12,17,"s:40~l:59~t:17","las-vegas-aces","Las Vegas","Aces","LV","Las Vegas Aces","Aces","a7a8aa","000000","https://a.espncdn.com/i/teamlogos/wnba/500/lv.png",103,"L",2024,2,2024-06-13,2024-06-13 22:00:00,17,"s:40~l:59~t:17","las-vegas-aces","Las Vegas","Aces","LV","Las Vegas Aces","Aces","a7a8aa","000000","https://a.espncdn.com/i/teamlogos/wnba/500/lv.png","away",103,17,2,25,"10",0.478,33,69,0,16,96,24,25,"7",12,"38",6,2,0,0.433,13,30,37,0,16,"22",14,11,"s:40~l:59~t:11","phoenix-mercury","Phoenix","Mercury","PHX","Phoenix Mercury","Mercury","3c286e","e56020","https://a.espncdn.com/i/teamlogos/wnba/500/phx.png",99,-4,4
2024,401620291,2024,2,2024-06-14,2024-06-14 19:30:00,16,"s:40~l:59~t:16","washington-mystics","Washington","Mystics","WSH","Washington Mystics","Mystics","e03a3e","002b5c","https://a.espncdn.com/i/teamlogos/wnba/500/wsh.png","home",83,TRUE,20,5,29,"6",0.438,28,64,0,25,82.6,19,23,"15",7,"32",7,1,0,0.267,8,30,36,0,19,"24",18,19,"s:40~l:59~t:19","chicago-sky","Chicago","Sky","CHI","Chicago Sky","Sky","5091cd","ffd520","https://a.espncdn.com/i/teamlogos/wnba/500/chi.png",81,"W",2024,2,2024-06-14,2024-06-14 19:30:00,19,"s:40~l:59~t:19","chicago-sky","Chicago","Sky","CHI","Chicago Sky","Sky","5091cd","ffd520","https://a.espncdn.com/i/teamlogos/wnba/500/chi.png","away",81,16,1,25,"19",0.455,30,66,0,25,68,17,25,"0",9,"48",9,1,1,0.308,4,13,34,1,15,"16",14,16,"s:40~l:59~t:16","washington-mystics","Washington","Mystics","WSH","Washington Mystics","Mystics","e03a3e","002b5c","https://a.espncdn.com/i/teamlogos/wnba/500/wsh.png",83,2,-2
2024,401620292,2024,2,2024-06-14,2024-06-14 19:30:00,8,"s:40~l:59~t:8","minnesota-lynx","Minnesota","Lynx","MIN","Minnesota Lynx","Lynx","266092","79bc43","https://a.espncdn.com/i/teamlogos/wnba/500/min.png","home",81,TRUE,23,6,23,"18",0.492,30,61,0,17,83.3,15,18,"10",5,"36",17,0,0,0.261,6,23,28,0,17,"19",17,6,"s:40~l:59~t:6","los-angeles-sparks","Los Angeles","Sparks","LA","Los Angeles Sparks","Sparks","552583","fdb927","https://a.espncdn.com/i/teamlogos/wnba/500/la.png",76,"W",2024,2,2024-06-14,2024-06-14 19:30:00,6,"s:40~l:59~t:6","los-angeles-sparks","Los Angeles","Sparks","LA","Los Angeles Sparks","Sparks","552583","fdb927","https://a.espncdn.com/i/teamlogos/wnba/500/la.png","away",76,23,1,26,"14",0.438,28,64,0,18,83.3,15,18,"12",8,"38",11,0,2,0.25,5,20,34,2,21,"18",21,8,"s:40~l:59~t:8","minnesota-lynx","Minnesota","Lynx","MIN","Minnesota Lynx","Lynx","266092","79bc43","https://a.espncdn.com/i/teamlogos/wnba/500/min.png",81,5,-5
2024,401620293,2024,2,2024-06-15,2024-06-15 13:00:00,3,"s:40~l:59~t:3","dallas-wings","Dallas","Wings","DAL","Dallas Wings","Wings","002b5c","c4d600","https://a.espncdn.com/i/teamlogos/wnba/500/dal.png","home",67,FALSE,19,2,22,"7",0.377,23,61,0,17,83.3,20,24,"0",7,"40",3,1,0,0.063,1,16,29,0,12,"11",11,18,"s:40~l:59~t:18","connecticut-sun","Connecticut","Sun","CONN","Connecticut Sun","Sun","f05023","0a2240","https://a.espncdn.com/i/teamlogos/wnba/500/conn.png",85,"L",2024,2,2024-06-15,2024-06-15 13:00:00,18,"s:40~l:59~t:18","connecticut-sun","Connecticut","Sun","CONN","Connecticut Sun","Sun","f05023","0a2240","https://a.espncdn.com/i/teamlogos/wnba/500/conn.png","away",85,21,3,31,"14",0.448,30,67,0,21,86.4,19,22,"24",7,"44",7,2,0,0.333,6,18,38,0,9,"9",7,3,"s:40~l:59~t:3","dallas-wings","Dallas","Wings","DAL","Dallas Wings","Wings","002b5c","c4d600","https://a.espncdn.com/i/teamlogos/wnba/500/dal.png",67,-18,18
2024,401620294,2024,2,2024-06-15,2024-06-15 15:00:00,17,"s:40~l:59~t:17","las-vegas-aces","Las Vegas","Aces","LV","Las Vegas Aces","Aces","a7a8aa","000000","https://a.espncdn.com/i/teamlogos/wnba/500/lv.png","home",82,FALSE,23,3,29,"4",0.449,31,69,0,19,81.8,9,11,"6",2,"30",3,0,0,0.324,11,34,31,0,10,"12",10,9,"s:40~l:59~t:9","new-york-liberty","New York","Liberty","NY","New York Liberty","Liberty","86cebc","000000","https://a.espncdn.com/i/teamlogos/wnba/500/ny.png",90,"L",2024,2,2024-06-15,2024-06-15 15:00:00,9,"s:40~l:59~t:9","new-york-liberty","New York","Liberty","NY","New York Liberty","Liberty","86cebc","000000","https://a.espncdn.com/i/teamlogos/wnba/500/ny.png","away",90,21,1,34,"12",0.485,33,68,0,9,75,12,16,"18",3,"36",8,1,0,0.429,12,28,37,0,9,"10",8,17,"s:40~l:59~t:17","las-vegas-aces","Las Vegas","Aces","LV","Las Vegas Aces","Aces","a7a8aa","000000","https://a.espncdn.com/i/teamlogos/wnba/500/lv.png",82,-8,8
2024,401620296,2024,2,2024-06-16,2024-06-16 12:00:00,5,"s:40~l:59~t:5","indiana-fever","Indiana","Fever","IND","Indiana Fever","Fever","002d62","e03a3e","https://a.espncdn.com/i/teamlogos/wnba/500/ind.png","home",91,TRUE,23,11,30,"12",0.565,35,62,0,17,68.4,13,19,"8",8,"50",1,1,0,0.444,8,18,38,0,16,"16",15,19,"s:40~l:59~t:19","chicago-sky","Chicago","Sky","CHI","Chicago Sky","Sky","5091cd","ffd520","https://a.espncdn.com/i/teamlogos/wnba/500/chi.png",83,"W",2024,2,2024-06-16,2024-06-16 12:00:00,19,"s:40~l:59~t:19","chicago-sky","Chicago","Sky","CHI","Chicago Sky","Sky","5091cd","ffd520","https://a.espncdn.com/i/teamlogos/wnba/500/chi.png","away",83,20,2,20,"17",0.407,33,81,1,21,85.7,12,14,"5",12,"44",8,0,0,0.417,5,12,32,0,5,"3",5,5,"s:40~l:59~t:5","indiana-fever","Indiana","Fever","IND","Indiana Fever","Fever","002d62","e03a3e","https://a.espncdn.com/i/teamlogos/wnba/500/ind.png",91,8,-8
2024,401620295,2024,2,2024-06-16,2024-06-16 15:00:00,11,"s:40~l:59~t:11","phoenix-mercury","Phoenix","Mercury","PHX","Phoenix Mercury","Mercury","3c286e","e56020","https://a.espncdn.com/i/teamlogos/wnba/500/phx.png","home",87,TRUE,24,5,34,"6",0.5,31,62,0,18,94.7,18,19,"21",3,"44",5,0,3,0.389,7,18,37,3,15,"14",15,14,"s:40~l:59~t:14","seattle-storm","Seattle","Storm","SEA","Seattle Storm","Storm","2c5235","fee11a","https://a.espncdn.com/i/teamlogos/wnba/500/sea.png",78,"W",2024,2,2024-06-16,2024-06-16 15:00:00,14,"s:40~l:59~t:14","seattle-storm","Seattle","Storm","SEA","Seattle Storm","Storm","2c5235","fee11a","https://a.espncdn.com/i/teamlogos/wnba/500/sea.png","away",78,18,4,26,"4",0.387,29,75,0,19,71.4,15,21,"0",10,"42",11,0,1,0.192,5,26,36,1,9,"10",9,11,"s:40~l:59~t:11","phoenix-mercury","Phoenix","Mercury","PHX","Phoenix Mercury","Mercury","3c286e","e56020","https://a.espncdn.com/i/teamlogos/wnba/500/phx.png",87,9,-9
2024,401620297,2024,2,2024-06-16,2024-06-16 15:00:00,20,"s:40~l:59~t:20","atlanta-dream","Atlanta","Dream","ATL","Atlanta Dream","Dream","e31837","5091cc","https://a.espncdn.com/i/teamlogos/wnba/500/atl.png","home",87,TRUE,22,1,28,"8",0.441,30,68,0,19,80.8,21,26,"16",10,"22",8,1,0,0.4,6,15,38,0,11,"10",10,6,"s:40~l:59~t:6","los-angeles-sparks","Los Angeles","Sparks","LA","Los Angeles Sparks","Sparks","552583","fdb927","https://a.espncdn.com/i/teamlogos/wnba/500/la.png",74,"W",2024,2,2024-06-16,2024-06-16 15:00:00,6,"s:40~l:59~t:6","los-angeles-sparks","Los Angeles","Sparks","LA","Los Angeles Sparks","Sparks","552583","fdb927","https://a.espncdn.com/i/teamlogos/wnba/500/la.png","away",74,18,2,25,"11",0.353,24,68,0,20,100,18,18,"5",8,"32",6,1,0,0.32,8,25,33,0,13,"12",12,20,"s:40~l:59~t:20","atlanta-dream","Atlanta","Dream","ATL","Atlanta Dream","Dream","e31837","5091cc","https://a.espncdn.com/i/teamlogos/wnba/500/atl.png",87,13,-13
2024,401620298,2024,2,2024-06-17,2024-06-17 20:00:00,8,"s:40~l:59~t:8","minnesota-lynx","Minnesota","Lynx","MIN","Minnesota Lynx","Lynx","266092","79bc43","https://a.espncdn.com/i/teamlogos/wnba/500/min.png","home",90,TRUE,24,5,20,"20",0.448,30,67,0,8,95.8,23,24,"13",8,"38",11,1,1,0.368,7,19,28,1,8,"10",7,3,"s:40~l:59~t:3","dallas-wings","Dallas","Wings","DAL","Dallas Wings","Wings","002b5c","c4d600","https://a.espncdn.com/i/teamlogos/wnba/500/dal.png",78,"W",2024,2,2024-06-17,2024-06-17 20:00:00,3,"s:40~l:59~t:3","dallas-wings","Dallas","Wings","DAL","Dallas Wings","Wings","002b5c","c4d600","https://a.espncdn.com/i/teamlogos/wnba/500/dal.png","away",78,24,3,24,"8",0.479,35,73,0,17,33.3,1,3,"2",10,"44",5,0,0,0.412,7,17,34,0,16,"20",16,8,"s:40~l:59~t:8","minnesota-lynx","Minnesota","Lynx","MIN","Minnesota Lynx","Lynx","266092","79bc43","https://a.espncdn.com/i/teamlogos/wnba/500/min.png",90,12,-12
2024,401620299,2024,2,2024-06-18,2024-06-18 19:00:00,18,"s:40~l:59~t:18","connecticut-sun","Connecticut","Sun","CONN","Connecticut Sun","Sun","f05023","0a2240","https://a.espncdn.com/i/teamlogos/wnba/500/conn.png","home",79,TRUE,18,3,20,"4",0.523,34,65,0,18,70,7,10,"19",7,"50",10,2,1,0.4,4,10,27,1,12,"14",10,6,"s:40~l:59~t:6","los-angeles-sparks","Los Angeles","Sparks","LA","Los Angeles Sparks","Sparks","552583","fdb927","https://a.espncdn.com/i/teamlogos/wnba/500/la.png",70,"W",2024,2,2024-06-18,2024-06-18 19:00:00,6,"s:40~l:59~t:6","los-angeles-sparks","Los Angeles","Sparks","LA","Los Angeles Sparks","Sparks","552583","fdb927","https://a.espncdn.com/i/teamlogos/wnba/500/la.png","away",70,19,2,22,"5",0.5,26,52,0,15,66.7,12,18,"0",4,"32",7,2,1,0.353,6,17,26,1,24,"30",22,18,"s:40~l:59~t:18","connecticut-sun","Connecticut","Sun","CONN","Connecticut Sun","Sun","f05023","0a2240","https://a.espncdn.com/i/teamlogos/wnba/500/conn.png",79,9,-9
2024,401620300,2024,2,2024-06-18,2024-06-18 22:00:00,11,"s:40~l:59~t:11","phoenix-mercury","Phoenix","Mercury","PHX","Phoenix Mercury","Mercury","3c286e","e56020","https://a.espncdn.com/i/teamlogos/wnba/500/phx.png","home",99,TRUE,24,3,27,"13",0.551,38,69,0,12,80,8,10,"6",4,"30",7,0,3,0.5,15,30,31,3,17,"13",17,9,"s:40~l:59~t:9","new-york-liberty","New York","Liberty","NY","New York Liberty","Liberty","86cebc","000000","https://a.espncdn.com/i/teamlogos/wnba/500/ny.png",93,"W",2024,2,2024-06-18,2024-06-18 22:00:00,9,"s:40~l:59~t:9","new-york-liberty","New York","Liberty","NY","New York Liberty","Liberty","86cebc","000000","https://a.espncdn.com/i/teamlogos/wnba/500/ny.png","away",93,27,4,26,"13",0.421,32,76,0,12,78.6,11,14,"12",11,"28",14,0,0,0.429,18,42,37,0,16,"15",16,11,"s:40~l:59~t:11","phoenix-mercury","Phoenix","Mercury","PHX","Phoenix Mercury","Mercury","3c286e","e56020","https://a.espncdn.com/i/teamlogos/wnba/500/phx.png",99,6,-6
2024,401620301,2024,2,2024-06-19,2024-06-19 19:00:00,5,"s:40~l:59~t:5","indiana-fever","Indiana","Fever","IND","Indiana Fever","Fever","002d62","e03a3e","https://a.espncdn.com/i/teamlogos/wnba/500/ind.png","home",88,TRUE,21,3,32,"9",0.508,31,61,0,16,78.3,18,23,"11",5,"38",7,1,0,0.348,8,23,37,0,11,"10",10,16,"s:40~l:59~t:16","washington-mystics","Washington","Mystics","WSH","Washington Mystics","Mystics","e03a3e","002b5c","https://a.espncdn.com/i/teamlogos/wnba/500/wsh.png",81,"W",2024,2,2024-06-19,2024-06-19 19:00:00,16,"s:40~l:59~t:16","washington-mystics","Washington","Mystics","WSH","Washington Mystics","Mystics","e03a3e","002b5c","https://a.espncdn.com/i/teamlogos/wnba/500/wsh.png","away",81,26,4,24,"12",0.414,29,70,0,16,80,12,15,"0",7,"26",6,0,0,0.324,11,34,31,0,11,"20",11,5,"s:40~l:59~t:5","indiana-fever","Indiana","Fever","IND","Indiana Fever","Fever","002d62","e03a3e","https://a.espncdn.com/i/teamlogos/wnba/500/ind.png",88,7,-7
2024,401620302,2024,2,2024-06-19,2024-06-19 20:00:00,8,"s:40~l:59~t:8","minnesota-lynx","Minnesota","Lynx","MIN","Minnesota Lynx","Lynx","266092","79bc43","https://a.espncdn.com/i/teamlogos/wnba/500/min.png","home",68,TRUE,19,4,35,"4",0.355,27,76,0,17,87.5,7,8,"15",10,"36",5,1,1,0.318,7,22,45,1,10,"10",9,20,"s:40~l:59~t:20","atlanta-dream","Atlanta","Dream","ATL","Atlanta Dream","Dream","e31837","5091cc","https://a.espncdn.com/i/teamlogos/wnba/500/atl.png",55,"W",2024,2,2024-06-19,2024-06-19 20:00:00,20,"s:40~l:59~t:20","atlanta-dream","Atlanta","Dream","ATL","Atlanta Dream","Dream","e31837","5091cc","https://a.espncdn.com/i/teamlogos/wnba/500/atl.png","away",55,16,9,34,"2",0.288,19,66,0,12,65,13,20,"1",12,"22",4,1,1,0.174,4,23,46,1,14,"16",13,8,"s:40~l:59~t:8","minnesota-lynx","Minnesota","Lynx","MIN","Minnesota Lynx","Lynx","266092","79bc43","https://a.espncdn.com/i/teamlogos/wnba/500/min.png",68,13,-13
2024,401620303,2024,2,2024-06-19,2024-06-19 22:00:00,17,"s:40~l:59~t:17","las-vegas-aces","Las Vegas","Aces","LV","Las Vegas Aces","Aces","a7a8aa","000000","https://a.espncdn.com/i/teamlogos/wnba/500/lv.png","home",94,TRUE,25,4,26,"15",0.556,35,63,0,19,76.2,16,21,"20",3,"50",11,1,0,0.4,8,20,29,0,15,"20",14,14,"s:40~l:59~t:14","seattle-storm","Seattle","Storm","SEA","Seattle Storm","Storm","2c5235","fee11a","https://a.espncdn.com/i/teamlogos/wnba/500/sea.png",83,"W",2024,2,2024-06-19,2024-06-19 22:00:00,14,"s:40~l:59~t:14","seattle-storm","Seattle","Storm","SEA","Seattle Storm","Storm","2c5235","fee11a","https://a.espncdn.com/i/teamlogos/wnba/500/sea.png","away",83,21,1,25,"12",0.443,31,70,0,16,89.5,17,19,"2",7,"46",11,0,2,0.25,4,16,32,2,15,"14",15,17,"s:40~l:59~t:17","las-vegas-aces","Las Vegas","Aces","LV","Las Vegas Aces","Aces","a7a8aa","000000","https://a.espncdn.com/i/teamlogos/wnba/500/lv.png",94,11,-11
2024,401620304,2024,2,2024-06-20,2024-06-20 12:00:00,19,"s:40~l:59~t:19","chicago-sky","Chicago","Sky","CHI","Chicago Sky","Sky","5091cd","ffd520","https://a.espncdn.com/i/teamlogos/wnba/500/chi.png","home",83,TRUE,19,3,28,"14",0.464,32,69,0,16,80,16,20,"22",11,"48",7,1,0,0.25,3,12,39,0,14,"12",13,3,"s:40~l:59~t:3","dallas-wings","Dallas","Wings","DAL","Dallas Wings","Wings","002b5c","c4d600","https://a.espncdn.com/i/teamlogos/wnba/500/dal.png",72,"W",2024,2,2024-06-20,2024-06-20 12:00:00,3,"s:40~l:59~t:3","dallas-wings","Dallas","Wings","DAL","Dallas Wings","Wings","002b5c","c4d600","https://a.espncdn.com/i/teamlogos/wnba/500/dal.png","away",72,16,3,25,"11",0.354,23,65,0,19,85,17,20,"0",10,"22",9,1,0,0.346,9,26,35,0,16,"10",15,19,"s:40~l:59~t:19","chicago-sky","Chicago","Sky","CHI","Chicago Sky","Sky","5091cd","ffd520","https://a.espncdn.com/i/teamlogos/wnba/500/chi.png",83,11,-11
2024,401620305,2024,2,2024-06-20,2024-06-20 19:00:00,9,"s:40~l:59~t:9","new-york-liberty","New York","Liberty","NY","New York Liberty","Liberty","86cebc","000000","https://a.espncdn.com/i/teamlogos/wnba/500/ny.png","home",93,TRUE,29,3,26,"21",0.493,34,69,0,15,80,12,15,"19",4,"38",7,0,0,0.394,13,33,30,0,11,"16",11,6,"s:40~l:59~t:6","los-angeles-sparks","Los Angeles","Sparks","LA","Los Angeles Sparks","Sparks","552583","fdb927","https://a.espncdn.com/i/teamlogos/wnba/500/la.png",80,"W",2024,2,2024-06-20,2024-06-20 19:00:00,6,"s:40~l:59~t:6","los-angeles-sparks","Los Angeles","Sparks","LA","Los Angeles Sparks","Sparks","552583","fdb927","https://a.espncdn.com/i/teamlogos/wnba/500/la.png","away",80,18,1,29,"14",0.5,31,62,0,18,57.9,11,19,"6",5,"42",8,1,0,0.368,7,19,34,0,15,"17",14,9,"s:40~l:59~t:9","new-york-liberty","New York","Liberty","NY","New York Liberty","Liberty","86cebc","000000","https://a.espncdn.com/i/teamlogos/wnba/500/ny.png",93,13,-13
2024,401620306,2024,2,2024-06-21,2024-06-21 19:30:00,20,"s:40~l:59~t:20","atlanta-dream","Atlanta","Dream","ATL","Atlanta Dream","Dream","e31837","5091cc","https://a.espncdn.com/i/teamlogos/wnba/500/atl.png","home",79,FALSE,18,2,23,"8",0.338,22,65,0,16,88.6,31,35,"0",7,"26",8,0,2,0.222,4,18,30,2,11,"9",11,5,"s:40~l:59~t:5","indiana-fever","Indiana","Fever","IND","Indiana Fever","Fever","002d62","e03a3e","https://a.espncdn.com/i/teamlogos/wnba/500/ind.png",91,"L",2024,2,2024-06-21,2024-06-21 19:30:00,5,"s:40~l:59~t:5","indiana-fever","Indiana","Fever","IND","Indiana Fever","Fever","002d62","e03a3e","https://a.espncdn.com/i/teamlogos/wnba/500/ind.png","away",91,24,7,30,"8",0.569,37,65,0,22,54.5,6,11,"19",5,"48",5,1,3,0.524,11,21,35,3,15,"15",14,20,"s:40~l:59~t:20","atlanta-dream","Atlanta","Dream","ATL","Atlanta Dream","Dream","e31837","5091cc","https://a.espncdn.com/i/teamlogos/wnba/500/atl.png",79,-12,12
2024,401620307,2024,2,2024-06-21,2024-06-21 22:00:00,17,"s:40~l:59~t:17","las-vegas-aces","Las Vegas","Aces","LV","Las Vegas Aces","Aces","a7a8aa","000000","https://a.espncdn.com/i/teamlogos/wnba/500/lv.png","home",85,TRUE,16,3,32,"2",0.477,31,65,0,17,73.9,17,23,"19",10,"44",6,1,1,0.25,6,24,42,1,13,"12",12,18,"s:40~l:59~t:18","connecticut-sun","Connecticut","Sun","CONN","Connecticut Sun","Sun","f05023","0a2240","https://a.espncdn.com/i/teamlogos/wnba/500/conn.png",74,"W",2024,2,2024-06-21,2024-06-21 22:00:00,18,"s:40~l:59~t:18","connecticut-sun","Connecticut","Sun","CONN","Connecticut Sun","Sun","f05023","0a2240","https://a.espncdn.com/i/teamlogos/wnba/500/conn.png","away",74,14,1,26,"4",0.426,26,61,0,16,64,16,25,"4",3,"30",8,1,0,0.462,6,13,29,0,11,"15",10,17,"s:40~l:59~t:17","las-vegas-aces","Las Vegas","Aces","LV","Las Vegas Aces","Aces","a7a8aa","000000","https://a.espncdn.com/i/teamlogos/wnba/500/lv.png",85,11,-11
2024,401620308,2024,2,2024-06-22,2024-06-22 15:00:00,16,"s:40~l:59~t:16","washington-mystics","Washington","Mystics","WSH","Washington Mystics","Mystics","e03a3e","002b5c","https://a.espncdn.com/i/teamlogos/wnba/500/wsh.png","home",97,TRUE,26,0,32,"8",0.486,34,70,0,19,90,18,20,"28",7,"34",9,2,0,0.423,11,26,39,0,15,"15",13,3,"s:40~l:59~t:3","dallas-wings","Dallas","Wings","DAL","Dallas Wings","Wings","002b5c","c4d600","https://a.espncdn.com/i/teamlogos/wnba/500/dal.png",69,"W",2024,2,2024-06-22,2024-06-22 15:00:00,3,"s:40~l:59~t:3","dallas-wings","Dallas","Wings","DAL","Dallas Wings","Wings","002b5c","c4d600","https://a.espncdn.com/i/teamlogos/wnba/500/dal.png","away",69,20,5,27,"2",0.394,26,66,1,21,75,12,16,"2",9,"22",6,1,0,0.208,5,24,36,0,22,"24",21,16,"s:40~l:59~t:16","washington-mystics","Washington","Mystics","WSH","Washington Mystics","Mystics","e03a3e","002b5c","https://a.espncdn.com/i/teamlogos/wnba/500/wsh.png",97,28,-28
2024,401620309,2024,2,2024-06-22,2024-06-22 15:00:00,9,"s:40~l:59~t:9","new-york-liberty","New York","Liberty","NY","New York Liberty","Liberty","86cebc","000000","https://a.espncdn.com/i/teamlogos/wnba/500/ny.png","home",98,TRUE,31,6,29,"16",0.544,37,68,0,21,88.9,8,9,"23",7,"36",8,5,0,0.444,16,36,36,0,19,"23",14,6,"s:40~l:59~t:6","los-angeles-sparks","Los Angeles","Sparks","LA","Los Angeles Sparks","Sparks","552583","fdb927","https://a.espncdn.com/i/teamlogos/wnba/500/la.png",88,"W",2024,2,2024-06-22,2024-06-22 15:00:00,6,"s:40~l:59~t:6","los-angeles-sparks","Los Angeles","Sparks","LA","Los Angeles Sparks","Sparks","552583","fdb927","https://a.espncdn.com/i/teamlogos/wnba/500/la.png","away",88,22,1,19,"15",0.426,29,68,0,15,84.6,22,26,"8",8,"34",10,2,0,0.296,8,27,27,0,12,"15",10,9,"s:40~l:59~t:9","new-york-liberty","New York","Liberty","NY","New York Liberty","Liberty","86cebc","000000","https://a.espncdn.com/i/teamlogos/wnba/500/ny.png",98,10,-10
2024,401620310,2024,2,2024-06-22,2024-06-22 20:00:00,8,"s:40~l:59~t:8","minnesota-lynx","Minnesota","Lynx","MIN","Minnesota Lynx","Lynx","266092","79bc43","https://a.espncdn.com/i/teamlogos/wnba/500/min.png","home",73,TRUE,18,4,39,"11",0.419,26,62,0,13,72.2,13,18,"20",5,"18",5,1,0,0.364,8,22,44,0,16,"11",15,11,"s:40~l:59~t:11","phoenix-mercury","Phoenix","Mercury","PHX","Phoenix Mercury","Mercury","3c286e","e56020","https://a.espncdn.com/i/teamlogos/wnba/500/phx.png",60,"W",2024,2,2024-06-22,2024-06-22 20:00:00,11,"s:40~l:59~t:11","phoenix-mercury","Phoenix","Mercury","PHX","Phoenix Mercury","Mercury","3c286e","e56020","https://a.espncdn.com/i/teamlogos/wnba/500/phx.png","away",60,14,5,24,"6",0.311,23,74,0,17,58.3,7,12,"2",7,"28",8,0,0,0.206,7,34,31,0,13,"16",13,8,"s:40~l:59~t:8","minnesota-lynx","Minnesota","Lynx","MIN","Minnesota Lynx","Lynx","266092","79bc43","https://a.espncdn.com/i/teamlogos/wnba/500/min.png",73,13,-13
2024,401620311,2024,2,2024-06-23,2024-06-23 15:00:00,20,"s:40~l:59~t:20","atlanta-dream","Atlanta","Dream","ATL","Atlanta Dream","Dream","e31837","5091cc","https://a.espncdn.com/i/teamlogos/wnba/500/atl.png","home",75,FALSE,21,4,26,"5",0.38,30,79,0,14,68.4,13,19,"2",14,"40",5,1,1,0.167,2,12,40,1,11,"21",10,9,"s:40~l:59~t:9","new-york-liberty","New York","Liberty","NY","New York Liberty","Liberty","86cebc","000000","https://a.espncdn.com/i/teamlogos/wnba/500/ny.png",96,"L",2024,2,2024-06-23,2024-06-23 15:00:00,9,"s:40~l:59~t:9","new-york-liberty","New York","Liberty","NY","New York Liberty","Liberty","86cebc","000000","https://a.espncdn.com/i/teamlogos/wnba/500/ny.png","away",96,25,4,31,"7",0.514,36,70,0,17,93.3,14,15,"33",7,"44",7,1,0,0.4,10,25,38,0,13,"16",12,20,"s:40~l:59~t:20","atlanta-dream","Atlanta","Dream","ATL","Atlanta Dream","Dream","e31837","5091cc","https://a.espncdn.com/i/teamlogos/wnba/500/atl.png",75,-21,21
2024,401620312,2024,2,2024-06-23,2024-06-23 15:00:00,16,"s:40~l:59~t:16","washington-mystics","Washington","Mystics","WSH","Washington Mystics","Mystics","e03a3e","002b5c","https://a.espncdn.com/i/teamlogos/wnba/500/wsh.png","home",92,TRUE,27,2,24,"9",0.492,31,63,0,19,88.9,16,18,"13",4,"30",7,0,0,0.519,14,27,28,0,12,"10",12,3,"s:40~l:59~t:3","dallas-wings","Dallas","Wings","DAL","Dallas Wings","Wings","002b5c","c4d600","https://a.espncdn.com/i/teamlogos/wnba/500/dal.png",84,"W",2024,2,2024-06-23,2024-06-23 15:00:00,3,"s:40~l:59~t:3","dallas-wings","Dallas","Wings","DAL","Dallas Wings","Wings","002b5c","c4d600","https://a.espncdn.com/i/teamlogos/wnba/500/dal.png","away",84,17,1,28,"7",0.412,28,68,0,18,85,17,20,"10",13,"28",6,1,1,0.393,11,28,41,1,15,"13",14,16,"s:40~l:59~t:16","washington-mystics","Washington","Mystics","WSH","Washington Mystics","Mystics","e03a3e","002b5c","https://a.espncdn.com/i/teamlogos/wnba/500/wsh.png",92,8,-8
2024,401620314,2024,2,2024-06-23,2024-06-23 15:00:00,14,"s:40~l:59~t:14","seattle-storm","Seattle","Storm","SEA","Seattle Storm","Storm","2c5235","fee11a","https://a.espncdn.com/i/teamlogos/wnba/500/sea.png","home",72,TRUE,23,4,27,"12",0.422,27,64,0,14,87.5,14,16,"13",8,"44",13,1,1,0.25,4,16,35,1,15,"18",14,18,"s:40~l:59~t:18","connecticut-sun","Connecticut","Sun","CONN","Connecticut Sun","Sun","f05023","0a2240","https://a.espncdn.com/i/teamlogos/wnba/500/conn.png",61,"W",2024,2,2024-06-23,2024-06-23 15:00:00,18,"s:40~l:59~t:18","connecticut-sun","Connecticut","Sun","CONN","Connecticut Sun","Sun","f05023","0a2240","https://a.espncdn.com/i/teamlogos/wnba/500/conn.png","away",61,13,3,26,"6",0.373,25,67,0,16,52.9,9,17,"11",12,"40",8,3,0,0.143,2,14,38,0,17,"17",14,14,"s:40~l:59~t:14","seattle-storm","Seattle","Storm","SEA","Seattle Storm","Storm","2c5235","fee11a","https://a.espncdn.com/i/teamlogos/wnba/500/sea.png",72,11,-11
2024,401620313,2024,2,2024-06-23,2024-06-23 16:00:00,19,"s:40~l:59~t:19","chicago-sky","Chicago","Sky","CHI","Chicago Sky","Sky","5091cd","ffd520","https://a.espncdn.com/i/teamlogos/wnba/500/chi.png","home",88,TRUE,25,1,31,"9",0.5,31,62,0,18,68.8,22,32,"6",7,"48",4,1,1,0.235,4,17,38,1,16,"17",15,5,"s:40~l:59~t:5","indiana-fever","Indiana","Fever","IND","Indiana Fever","Fever","002d62","e03a3e","https://a.espncdn.com/i/teamlogos/wnba/500/ind.png",87,"W",2024,2,2024-06-23,2024-06-23 16:00:00,5,"s:40~l:59~t:5","indiana-fever","Indiana","Fever","IND","Indiana Fever","Fever","002d62","e03a3e","https://a.espncdn.com/i/teamlogos/wnba/500/ind.png","away",87,28,4,24,"3",0.464,32,69,0,25,71.4,10,14,"15",1,"28",9,2,2,0.433,13,30,25,2,11,"12",9,19,"s:40~l:59~t:19","chicago-sky","Chicago","Sky","CHI","Chicago Sky","Sky","5091cd","ffd520","https://a.espncdn.com/i/teamlogos/wnba/500/chi.png",88,1,-1
2024,401677672,2024,2,2024-06-25,2024-06-25 20:00:00,9,"s:40~l:59~t:9","new-york-liberty","New York","Liberty","NY","New York Liberty","Liberty","86cebc","000000","https://a.espncdn.com/i/teamlogos/wnba/500/ny.png","home",89,FALSE,24,2,28,"6",0.449,31,69,0,16,83.3,15,18,"10",15,"30",6,0,0,0.414,12,29,43,0,20,"27",20,8,"s:40~l:59~t:8","minnesota-lynx","Minnesota","Lynx","MIN","Minnesota Lynx","Lynx","266092","79bc43","https://a.espncdn.com/i/teamlogos/wnba/500/min.png",94,"L",2024,2,2024-06-25,2024-06-25 20:00:00,8,"s:40~l:59~t:8","minnesota-lynx","Minnesota","Lynx","MIN","Minnesota Lynx","Lynx","266092","79bc43","https://a.espncdn.com/i/teamlogos/wnba/500/min.png","away",94,26,4,21,"20",0.478,33,69,0,17,100,14,14,"11",4,"26",12,1,0,0.483,14,29,25,0,11,"9",10,9,"s:40~l:59~t:9","new-york-liberty","New York","Liberty","NY","New York Liberty","Liberty","86cebc","000000","https://a.espncdn.com/i/teamlogos/wnba/500/ny.png",89,-5,5
2024,401620315,2024,2,2024-06-27,2024-06-27 13:00:00,3,"s:40~l:59~t:3","dallas-wings","Dallas","Wings","DAL","Dallas Wings","Wings","002b5c","c4d600","https://a.espncdn.com/i/teamlogos/wnba/500/dal.png","home",94,TRUE,21,0,22,"10",0.487,37,76,0,11,68.8,11,16,"6",14,"48",9,1,0,0.6,9,15,36,0,11,"11",10,8,"s:40~l:59~t:8","minnesota-lynx","Minnesota","Lynx","MIN","Minnesota Lynx","Lynx","266092","79bc43","https://a.espncdn.com/i/teamlogos/wnba/500/min.png",88,"W",2024,2,2024-06-27,2024-06-27 13:00:00,8,"s:40~l:59~t:8","minnesota-lynx","Minnesota","Lynx","MIN","Minnesota Lynx","Lynx","266092","79bc43","https://a.espncdn.com/i/teamlogos/wnba/500/min.png","away",88,27,4,25,"13",0.471,33,70,0,17,78.6,11,14,"15",10,"30",6,0,0,0.423,11,26,35,0,13,"16",13,3,"s:40~l:59~t:3","dallas-wings","Dallas","Wings","DAL","Dallas Wings","Wings","002b5c","c4d600","https://a.espncdn.com/i/teamlogos/wnba/500/dal.png",94,6,-6
2024,401620316,2024,2,2024-06-27,2024-06-27 19:00:00,16,"s:40~l:59~t:16","washington-mystics","Washington","Mystics","WSH","Washington Mystics","Mystics","e03a3e","002b5c","https://a.espncdn.com/i/teamlogos/wnba/500/wsh.png","home",91,FALSE,26,5,27,"9",0.515,35,68,0,21,66.7,10,15,"16",4,"36",3,3,0,0.393,11,28,31,0,26,"32",23,18,"s:40~l:59~t:18","connecticut-sun","Connecticut","Sun","CONN","Connecticut Sun","Sun","f05023","0a2240","https://a.espncdn.com/i/teamlogos/wnba/500/conn.png",94,"L",2024,2,2024-06-27,2024-06-27 19:00:00,18,"s:40~l:59~t:18","connecticut-sun","Connecticut","Sun","CONN","Connecticut Sun","Sun","f05023","0a2240","https://a.espncdn.com/i/teamlogos/wnba/500/conn.png","away",94,20,5,21,"10",0.438,32,73,0,20,75,21,28,"5",9,"36",12,1,2,0.333,9,27,30,2,11,"10",10,16,"s:40~l:59~t:16","washington-mystics","Washington","Mystics","WSH","Washington Mystics","Mystics","e03a3e","002b5c","https://a.espncdn.com/i/teamlogos/wnba/500/wsh.png",91,-3,3
2024,401620317,2024,2,2024-06-27,2024-06-27 19:00:00,19,"s:40~l:59~t:19","chicago-sky","Chicago","Sky","CHI","Chicago Sky","Sky","5091cd","ffd520","https://a.espncdn.com/i/teamlogos/wnba/500/chi.png","home",83,FALSE,20,3,28,"14",0.436,34,78,0,20,78.6,11,14,"6",10,"40",6,1,0,0.25,4,16,38,0,7,"5",6,17,"s:40~l:59~t:17","las-vegas-aces","Las Vegas","Aces","LV","Las Vegas Aces","Aces","a7a8aa","000000","https://a.espncdn.com/i/teamlogos/wnba/500/lv.png",95,"L",2024,2,2024-06-27,2024-06-27 19:00:00,17,"s:40~l:59~t:17","las-vegas-aces","Las Vegas","Aces","LV","Las Vegas Aces","Aces","a7a8aa","000000","https://a.espncdn.com/i/teamlogos/wnba/500/lv.png","away",95,20,11,29,"18",0.5,33,66,0,15,74.1,20,27,"18",6,"40",5,0,1,0.36,9,25,35,1,9,"12",9,19,"s:40~l:59~t:19","chicago-sky","Chicago","Sky","CHI","Chicago Sky","Sky","5091cd","ffd520","https://a.espncdn.com/i/teamlogos/wnba/500/chi.png",83,-12,12
2024,401620318,2024,2,2024-06-27,2024-06-27 22:00:00,14,"s:40~l:59~t:14","seattle-storm","Seattle","Storm","SEA","Seattle Storm","Storm","2c5235","fee11a","https://a.espncdn.com/i/teamlogos/wnba/500/sea.png","home",89,TRUE,27,5,22,"17",0.457,32,70,0,16,88.2,15,17,"19",5,"38",14,0,0,0.4,10,25,27,0,8,"7",8,5,"s:40~l:59~t:5","indiana-fever","Indiana","Fever","IND","Indiana Fever","Fever","002d62","e03a3e","https://a.espncdn.com/i/teamlogos/wnba/500/ind.png",77,"W",2024,2,2024-06-27,2024-06-27 22:00:00,5,"s:40~l:59~t:5","indiana-fever","Indiana","Fever","IND","Indiana Fever","Fever","002d62","e03a3e","https://a.espncdn.com/i/teamlogos/wnba/500/ind.png","away",77,21,4,30,"4",0.446,29,65,0,16,61.1,11,18,"4",14,"40",4,2,0,0.421,8,19,44,0,22,"27",20,14,"s:40~l:59~t:14","seattle-storm","Seattle","Storm","SEA","Seattle Storm","Storm","2c5235","fee11a","https://a.espncdn.com/i/teamlogos/wnba/500/sea.png",89,12,-12
2024,401620319,2024,2,2024-06-28,2024-06-28 19:30:00,18,"s:40~l:59~t:18","connecticut-sun","Connecticut","Sun","CONN","Connecticut Sun","Sun","f05023","0a2240","https://a.espncdn.com/i/teamlogos/wnba/500/conn.png","home",74,FALSE,20,2,20,"9",0.39,23,59,0,17,80.8,21,26,"5",6,"32",10,0,1,0.333,7,21,26,1,18,"17",18,20,"s:40~l:59~t:20","atlanta-dream","Atlanta","Dream","ATL","Atlanta Dream","Dream","e31837","5091cc","https://a.espncdn.com/i/teamlogos/wnba/500/atl.png",78,"L",2024,2,2024-06-28,2024-06-28 19:30:00,20,"s:40~l:59~t:20","atlanta-dream","Atlanta","Dream","ATL","Atlanta Dream","Dream","e31837","5091cc","https://a.espncdn.com/i/teamlogos/wnba/500/atl.png","away",78,18,6,27,"8",0.491,28,57,0,22,72.7,16,22,"5",5,"36",12,4,0,0.429,6,14,32,0,19,"14",15,18,"s:40~l:59~t:18","connecticut-sun","Connecticut","Sun","CONN","Connecticut Sun","Sun","f05023","0a2240","https://a.espncdn.com/i/teamlogos/wnba/500/conn.png",74,-4,4
2024,401620320,2024,2,2024-06-28,2024-06-28 22:00:00,11,"s:40~l:59~t:11","phoenix-mercury","Phoenix","Mercury","PHX","Phoenix Mercury","Mercury","3c286e","e56020","https://a.espncdn.com/i/teamlogos/wnba/500/phx.png","home",92,TRUE,19,6,26,"8",0.507,35,69,0,17,65.2,15,23,"19",13,"46",9,0,1,0.333,7,21,39,1,15,"11",15,6,"s:40~l:59~t:6","los-angeles-sparks","Los Angeles","Sparks","LA","Los Angeles Sparks","Sparks","552583","fdb927","https://a.espncdn.com/i/teamlogos/wnba/500/la.png",78,"W",2024,2,2024-06-28,2024-06-28 22:00:00,6,"s:40~l:59~t:6","los-angeles-sparks","Los Angeles","Sparks","LA","Los Angeles Sparks","Sparks","552583","fdb927","https://a.espncdn.com/i/teamlogos/wnba/500/la.png","away",78,24,5,19,"5",0.46,29,63,0,21,66.7,10,15,"7",4,"34",10,1,0,0.476,10,21,23,0,16,"17",15,11,"s:40~l:59~t:11","phoenix-mercury","Phoenix","Mercury","PHX","Phoenix Mercury","Mercury","3c286e","e56020","https://a.espncdn.com/i/teamlogos/wnba/500/phx.png",92,14,-14
2024,401620321,2024,2,2024-06-29,2024-06-29 14:00:00,16,"s:40~l:59~t:16","washington-mystics","Washington","Mystics","WSH","Washington Mystics","Mystics","e03a3e","002b5c","https://a.espncdn.com/i/teamlogos/wnba/500/wsh.png","home",77,FALSE,24,3,24,"12",0.431,28,65,0,25,90.9,10,11,"11",5,"26",6,0,0,0.458,11,24,29,0,14,"23",14,17,"s:40~l:59~t:17","las-vegas-aces","Las Vegas","Aces","LV","Las Vegas Aces","Aces","a7a8aa","000000","https://a.espncdn.com/i/teamlogos/wnba/500/lv.png",88,"L",2024,2,2024-06-29,2024-06-29 14:00:00,17,"s:40~l:59~t:17","las-vegas-aces","Las Vegas","Aces","LV","Las Vegas Aces","Aces","a7a8aa","000000","https://a.espncdn.com/i/teamlogos/wnba/500/lv.png","away",88,20,4,29,"6",0.476,30,63,0,17,79.2,19,24,"11",5,"32",3,1,0,0.36,9,25,34,0,13,"16",12,16,"s:40~l:59~t:16","washington-mystics","Washington","Mystics","WSH","Washington Mystics","Mystics","e03a3e","002b5c","https://a.espncdn.com/i/teamlogos/wnba/500/wsh.png",77,-11,11
2024,401620322,2024,2,2024-06-29,2024-06-29 21:00:00,14,"s:40~l:59~t:14","seattle-storm","Seattle","Storm","SEA","Seattle Storm","Storm","2c5235","fee11a","https://a.espncdn.com/i/teamlogos/wnba/500/sea.png","home",97,TRUE,22,6,25,"14",0.492,32,65,0,14,93.3,28,30,"23",10,"48",11,1,0,0.294,5,17,35,0,15,"19",14,3,"s:40~l:59~t:3","dallas-wings","Dallas","Wings","DAL","Dallas Wings","Wings","002b5c","c4d600","https://a.espncdn.com/i/teamlogos/wnba/500/dal.png",76,"W",2024,2,2024-06-29,2024-06-29 21:00:00,3,"s:40~l:59~t:3","dallas-wings","Dallas","Wings","DAL","Dallas Wings","Wings","002b5c","c4d600","https://a.espncdn.com/i/teamlogos/wnba/500/dal.png","away",76,18,2,24,"9",0.457,32,70,0,21,42.9,6,14,"5",8,"42",12,1,0,0.333,6,18,32,0,19,"23",18,14,"s:40~l:59~t:14","seattle-storm","Seattle","Storm","SEA","Seattle Storm","Storm","2c5235","fee11a","https://a.espncdn.com/i/teamlogos/wnba/500/sea.png",97,21,-21
2024,401620323,2024,2,2024-06-30,2024-06-30 13:00:00,9,"s:40~l:59~t:9","new-york-liberty","New York","Liberty","NY","New York Liberty","Liberty","86cebc","000000","https://a.espncdn.com/i/teamlogos/wnba/500/ny.png","home",81,TRUE,25,2,23,"7",0.394,28,71,0,14,75,12,16,"11",5,"28",8,2,0,0.333,13,39,28,0,7,"8",5,20,"s:40~l:59~t:20","atlanta-dream","Atlanta","Dream","ATL","Atlanta Dream","Dream","e31837","5091cc","https://a.espncdn.com/i/teamlogos/wnba/500/atl.png",75,"W",2024,2,2024-06-30,2024-06-30 13:00:00,20,"s:40~l:59~t:20","atlanta-dream","Atlanta","Dream","ATL","Atlanta Dream","Dream","e31837","5091cc","https://a.espncdn.com/i/teamlogos/wnba/500/atl.png","away",75,16,2,33,"12",0.483,29,60,0,15,84.6,11,13,"16",4,"36",2,3,0,0.353,6,17,37,0,18,"22",15,9,"s:40~l:59~t:9","new-york-liberty","New York","Liberty","NY","New York Liberty","Liberty","86cebc","000000","https://a.espncdn.com/i/teamlogos/wnba/500/ny.png",81,6,-6
2024,401620324,2024,2,2024-06-30,2024-06-30 15:00:00,19,"s:40~l:59~t:19","chicago-sky","Chicago","Sky","CHI","Chicago Sky","Sky","5091cd","ffd520","https://a.espncdn.com/i/teamlogos/wnba/500/chi.png","home",62,FALSE,14,3,28,"8",0.305,25,82,0,21,50,7,14,"10",16,"36",9,0,0,0.278,5,18,44,0,14,"14",14,8,"s:40~l:59~t:8","minnesota-lynx","Minnesota","Lynx","MIN","Minnesota Lynx","Lynx","266092","79bc43","https://a.espncdn.com/i/teamlogos/wnba/500/min.png",70,"L",2024,2,2024-06-30,2024-06-30 15:00:00,8,"s:40~l:59~t:8","minnesota-lynx","Minnesota","Lynx","MIN","Minnesota Lynx","Lynx","266092","79bc43","https://a.espncdn.com/i/teamlogos/wnba/500/min.png","away",70,23,9,34,"11",0.385,25,65,0,15,77.8,14,18,"9",6,"24",11,0,0,0.25,6,24,40,0,18,"15",18,19,"s:40~l:59~t:19","chicago-sky","Chicago","Sky","CHI","Chicago Sky","Sky","5091cd","ffd520","https://a.espncdn.com/i/teamlogos/wnba/500/chi.png",62,-8,8
2024,401620325,2024,2,2024-06-30,2024-06-30 15:00:00,11,"s:40~l:59~t:11","phoenix-mercury","Phoenix","Mercury","PHX","Phoenix Mercury","Mercury","3c286e","e56020","https://a.espncdn.com/i/teamlogos/wnba/500/phx.png","home",82,FALSE,18,1,22,"5",0.397,27,68,1,25,83.3,20,24,"15",6,"30",9,1,3,0.286,8,28,28,3,13,"19",12,5,"s:40~l:59~t:5","indiana-fever","Indiana","Fever","IND","Indiana Fever","Fever","002d62","e03a3e","https://a.espncdn.com/i/teamlogos/wnba/500/ind.png",88,"L",2024,2,2024-06-30,2024-06-30 15:00:00,5,"s:40~l:59~t:5","indiana-fever","Indiana","Fever","IND","Indiana Fever","Fever","002d62","e03a3e","https://a.espncdn.com/i/teamlogos/wnba/500/ind.png","away",88,20,2,33,"20",0.444,28,63,1,24,77.4,24,31,"10",9,"34",5,2,2,0.286,8,28,42,2,16,"15",14,11,"s:40~l:59~t:11","phoenix-mercury","Phoenix","Mercury","PHX","Phoenix Mercury","Mercury","3c286e","e56020","https://a.espncdn.com/i/teamlogos/wnba/500/phx.png",82,-6,6
2024,401620326,2024,2,2024-07-01,2024-07-01 22:00:00,11,"s:40~l:59~t:11","phoenix-mercury","Phoenix","Mercury","PHX","Phoenix Mercury","Mercury","3c286e","e56020","https://a.espncdn.com/i/teamlogos/wnba/500/phx.png","home",72,FALSE,19,2,16,"2",0.433,26,60,0,20,94.4,17,18,"4",2,"42",5,2,0,0.176,3,17,18,0,8,"10",6,18,"s:40~l:59~t:18","connecticut-sun","Connecticut","Sun","CONN","Connecticut Sun","Sun","f05023","0a2240","https://a.espncdn.com/i/teamlogos/wnba/500/conn.png",83,"L",2024,2,2024-07-01,2024-07-01 22:00:00,18,"s:40~l:59~t:18","connecticut-sun","Connecticut","Sun","CONN","Connecticut Sun","Sun","f05023","0a2240","https://a.espncdn.com/i/teamlogos/wnba/500/conn.png","away",83,17,3,25,"8",0.475,28,59,0,15,95.7,22,23,"13",12,"36",2,3,0,0.25,5,20,37,0,14,"14",11,11,"s:40~l:59~t:11","phoenix-mercury","Phoenix","Mercury","PHX","Phoenix Mercury","Mercury","3c286e","e56020","https://a.espncdn.com/i/teamlogos/wnba/500/phx.png",72,-11,11
2024,401620327,2024,2,2024-07-01,2024-07-01 22:00:00,14,"s:40~l:59~t:14","seattle-storm","Seattle","Storm","SEA","Seattle Storm","Storm","2c5235","fee11a","https://a.espncdn.com/i/teamlogos/wnba/500/sea.png","home",95,TRUE,22,3,22,"14",0.451,32,71,0,17,85.2,23,27,"31",11,"40",11,0,0,0.32,8,25,33,0,14,"11",14,3,"s:40~l:59~t:3","dallas-wings","Dallas","Wings","DAL","Dallas Wings","Wings","002b5c","c4d600","https://a.espncdn.com/i/teamlogos/wnba/500/dal.png",71,"W",2024,2,2024-07-01,2024-07-01 22:00:00,3,"s:40~l:59~t:3","dallas-wings","Dallas","Wings","DAL","Dallas Wings","Wings","002b5c","c4d600","https://a.espncdn.com/i/teamlogos/wnba/500/dal.png","away",71,18,2,23,"4",0.419,26,62,1,19,78.9,15,19,"5",8,"38",11,3,2,0.235,4,17,31,2,18,"24",15,14,"s:40~l:59~t:14","seattle-storm","Seattle","Storm","SEA","Seattle Storm","Storm","2c5235","fee11a","https://a.espncdn.com/i/teamlogos/wnba/500/sea.png",95,24,-24
2024,401620328,2024,2,2024-07-02,2024-07-02 19:00:00,9,"s:40~l:59~t:9","new-york-liberty","New York","Liberty","NY","New York Liberty","Liberty","86cebc","000000","https://a.espncdn.com/i/teamlogos/wnba/500/ny.png","home",76,TRUE,17,5,35,"10",0.373,28,75,0,11,81.3,13,16,"11",10,"38",6,2,1,0.219,7,32,45,1,10,"6",8,8,"s:40~l:59~t:8","minnesota-lynx","Minnesota","Lynx","MIN","Minnesota Lynx","Lynx","266092","79bc43","https://a.espncdn.com/i/teamlogos/wnba/500/min.png",67,"W",2024,2,2024-07-02,2024-07-02 19:00:00,8,"s:40~l:59~t:8","minnesota-lynx","Minnesota","Lynx","MIN","Minnesota Lynx","Lynx","266092","79bc43","https://a.espncdn.com/i/teamlogos/wnba/500/min.png","away",67,23,2,31,"2",0.388,26,67,0,13,70,7,10,"7",6,"32",4,2,0,0.296,8,27,37,0,11,"7",9,9,"s:40~l:59~t:9","new-york-liberty","New York","Liberty","NY","New York Liberty","Liberty","86cebc","000000","https://a.espncdn.com/i/teamlogos/wnba/500/ny.png",76,9,-9
2024,401620329,2024,2,2024-07-02,2024-07-02 19:00:00,20,"s:40~l:59~t:20","atlanta-dream","Atlanta","Dream","ATL","Atlanta Dream","Dream","e31837","5091cc","https://a.espncdn.com/i/teamlogos/wnba/500/atl.png","home",77,FALSE,27,2,26,"13",0.441,30,68,0,17,62.5,10,16,"6",11,"36",6,0,0,0.318,7,22,37,0,18,"22",18,19,"s:40~l:59~t:19","chicago-sky","Chicago","Sky","CHI","Chicago Sky","Sky","5091cd","ffd520","https://a.espncdn.com/i/teamlogos/wnba/500/chi.png",85,"L",2024,2,2024-07-02,2024-07-02 19:00:00,19,"s:40~l:59~t:19","chicago-sky","Chicago","Sky","CHI","Chicago Sky","Sky","5091cd","ffd520","https://a.espncdn.com/i/teamlogos/wnba/500/chi.png","away",85,20,4,24,"12",0.471,33,70,0,17,72.2,13,18,"8",10,"44",6,1,0,0.429,6,14,34,0,11,"13",10,20,"s:40~l:59~t:20","atlanta-dream","Atlanta","Dream","ATL","Atlanta Dream","Dream","e31837","5091cc","https://a.espncdn.com/i/teamlogos/wnba/500/atl.png",77,-8,8
2024,401620330,2024,2,2024-07-02,2024-07-02 21:30:00,17,"s:40~l:59~t:17","las-vegas-aces","Las Vegas","Aces","LV","Las Vegas Aces","Aces","a7a8aa","000000","https://a.espncdn.com/i/teamlogos/wnba/500/lv.png","home",88,TRUE,24,7,31,"11",0.451,32,71,0,15,88.2,15,17,"19",7,"32",7,0,0,0.36,9,25,38,0,10,"6",10,5,"s:40~l:59~t:5","indiana-fever","Indiana","Fever","IND","Indiana Fever","Fever","002d62","e03a3e","https://a.espncdn.com/i/teamlogos/wnba/500/ind.png",69,"W",2024,2,2024-07-02,2024-07-02 21:30:00,5,"s:40~l:59~t:5","indiana-fever","Indiana","Fever","IND","Indiana Fever","Fever","002d62","e03a3e","https://a.espncdn.com/i/teamlogos/wnba/500/ind.png","away",69,19,4,31,"8",0.364,28,77,0,18,53.8,7,13,"2",13,"38",5,1,0,0.231,6,26,44,0,16,"19",15,17,"s:40~l:59~t:17","las-vegas-aces","Las Vegas","Aces","LV","Las Vegas Aces","Aces","a7a8aa","000000","https://a.espncdn.com/i/teamlogos/wnba/500/lv.png",88,19,-19
2024,401620331,2024,2,2024-07-02,2024-07-02 22:00:00,6,"s:40~l:59~t:6","los-angeles-sparks","Los Angeles","Sparks","LA","Los Angeles Sparks","Sparks","552583","fdb927","https://a.espncdn.com/i/teamlogos/wnba/500/la.png","home",80,FALSE,22,1,25,"9",0.467,28,60,0,22,61.1,11,18,"14",7,"30",5,1,0,0.433,13,30,32,0,15,"18",14,16,"s:40~l:59~t:16","washington-mystics","Washington","Mystics","WSH","Washington Mystics","Mystics","e03a3e","002b5c","https://a.espncdn.com/i/teamlogos/wnba/500/wsh.png",82,"L",2024,2,2024-07-02,2024-07-02 22:00:00,16,"s:40~l:59~t:16","washington-mystics","Washington","Mystics","WSH","Washington Mystics","Mystics","e03a3e","002b5c","https://a.espncdn.com/i/teamlogos/wnba/500/wsh.png","away",82,22,2,26,"9",0.478,32,67,0,16,60,6,10,"5",6,"36",5,0,0,0.462,12,26,32,0,12,"18",12,6,"s:40~l:59~t:6","los-angeles-sparks","Los Angeles","Sparks","LA","Los Angeles Sparks","Sparks","552583","fdb927","https://a.espncdn.com/i/teamlogos/wnba/500/la.png",80,-2,2
2024,401620332,2024,2,2024-07-03,2024-07-03 20:00:00,3,"s:40~l:59~t:3","dallas-wings","Dallas","Wings","DAL","Dallas Wings","Wings","002b5c","c4d600","https://a.espncdn.com/i/teamlogos/wnba/500/dal.png","home",96,FALSE,20,2,21,"11",0.493,33,67,0,20,73.5,25,34,"2",13,"42",6,1,0,0.294,5,17,34,0,11,"18",10,11,"s:40~l:59~t:11","phoenix-mercury","Phoenix","Mercury","PHX","Phoenix Mercury","Mercury","3c286e","e56020","https://a.espncdn.com/i/teamlogos/wnba/500/phx.png",104,"L",2024,2,2024-07-03,2024-07-03 20:00:00,11,"s:40~l:59~t:11","phoenix-mercury","Phoenix","Mercury","PHX","Phoenix Mercury","Mercury","3c286e","e56020","https://a.espncdn.com/i/teamlogos/wnba/500/phx.png","away",104,22,3,19,"5",0.554,36,65,0,23,91.3,21,23,"18",5,"36",6,0,1,0.478,11,23,24,1,9,"18",9,3,"s:40~l:59~t:3","dallas-wings","Dallas","Wings","DAL","Dallas Wings","Wings","002b5c","c4d600","https://a.espncdn.com/i/teamlogos/wnba/500/dal.png",96,-8,8
2024,401620333,2024,2,2024-07-04,2024-07-04 20:00:00,8,"s:40~l:59~t:8","minnesota-lynx","Minnesota","Lynx","MIN","Minnesota Lynx","Lynx","266092","79bc43","https://a.espncdn.com/i/teamlogos/wnba/500/min.png","home",73,FALSE,23,4,21,"10",0.452,28,62,0,17,44.4,4,9,"10",7,"20",8,0,0,0.52,13,25,28,0,18,"26",18,18,"s:40~l:59~t:18","connecticut-sun","Connecticut","Sun","CONN","Connecticut Sun","Sun","f05023","0a2240","https://a.espncdn.com/i/teamlogos/wnba/500/conn.png",78,"L",2024,2,2024-07-04,2024-07-04 20:00:00,18,"s:40~l:59~t:18","connecticut-sun","Connecticut","Sun","CONN","Connecticut Sun","Sun","f05023","0a2240","https://a.espncdn.com/i/teamlogos/wnba/500/conn.png","away",78,23,4,27,"9",0.455,30,66,0,10,92.3,12,13,"11",8,"30",10,2,0,0.4,6,15,35,0,16,"22",14,8,"s:40~l:59~t:8","minnesota-lynx","Minnesota","Lynx","MIN","Minnesota Lynx","Lynx","266092","79bc43","https://a.espncdn.com/i/teamlogos/wnba/500/min.png",73,-5,5
2024,401620334,2024,2,2024-07-04,2024-07-04 22:00:00,17,"s:40~l:59~t:17","las-vegas-aces","Las Vegas","Aces","LV","Las Vegas Aces","Aces","a7a8aa","000000","https://a.espncdn.com/i/teamlogos/wnba/500/lv.png","home",98,TRUE,31,3,32,"19",0.594,38,64,0,20,100,11,11,"32",4,"46",8,1,0,0.478,11,23,36,0,19,"19",18,16,"s:40~l:59~t:16","washington-mystics","Washington","Mystics","WSH","Washington Mystics","Mystics","e03a3e","002b5c","https://a.espncdn.com/i/teamlogos/wnba/500/wsh.png",77,"W",2024,2,2024-07-04,2024-07-04 22:00:00,16,"s:40~l:59~t:16","washington-mystics","Washington","Mystics","WSH","Washington Mystics","Mystics","e03a3e","002b5c","https://a.espncdn.com/i/teamlogos/wnba/500/wsh.png","away",77,23,4,20,"9",0.386,27,70,0,9,70,14,20,"3",8,"24",8,0,2,0.409,9,22,28,2,15,"16",15,17,"s:40~l:59~t:17","las-vegas-aces","Las Vegas","Aces","LV","Las Vegas Aces","Aces","a7a8aa","000000","https://a.espncdn.com/i/teamlogos/wnba/500/lv.png",98,21,-21
2024,401620335,2024,2,2024-07-05,2024-07-05 19:30:00,3,"s:40~l:59~t:3","dallas-wings","Dallas","Wings","DAL","Dallas Wings","Wings","002b5c","c4d600","https://a.espncdn.com/i/teamlogos/wnba/500/dal.png","home",85,TRUE,21,5,20,"11",0.449,31,69,0,16,72.7,16,22,"7",7,"38",16,1,2,0.333,7,21,27,2,19,"14",18,20,"s:40~l:59~t:20","atlanta-dream","Atlanta","Dream","ATL","Atlanta Dream","Dream","e31837","5091cc","https://a.espncdn.com/i/teamlogos/wnba/500/atl.png",82,"W",2024,2,2024-07-05,2024-07-05 19:30:00,20,"s:40~l:59~t:20","atlanta-dream","Atlanta","Dream","ATL","Atlanta Dream","Dream","e31837","5091cc","https://a.espncdn.com/i/teamlogos/wnba/500/atl.png","away",82,23,6,24,"12",0.557,34,61,0,21,66.7,12,18,"4",6,"56",8,1,1,0.333,2,6,30,1,29,"38",28,3,"s:40~l:59~t:3","dallas-wings","Dallas","Wings","DAL","Dallas Wings","Wings","002b5c","c4d600","https://a.espncdn.com/i/teamlogos/wnba/500/dal.png",85,3,-3
2024,401620336,2024,2,2024-07-05,2024-07-05 22:00:00,6,"s:40~l:59~t:6","los-angeles-sparks","Los Angeles","Sparks","LA","Los Angeles Sparks","Sparks","552583","fdb927","https://a.espncdn.com/i/teamlogos/wnba/500/la.png","home",98,TRUE,23,3,28,"7",0.372,32,86,0,16,71.9,23,32,"15",11,"40",6,0,1,0.355,11,31,39,1,3,"5",3,17,"s:40~l:59~t:17","las-vegas-aces","Las Vegas","Aces","LV","Las Vegas Aces","Aces","a7a8aa","000000","https://a.espncdn.com/i/teamlogos/wnba/500/lv.png",93,"W",2024,2,2024-07-05,2024-07-05 22:00:00,17,"s:40~l:59~t:17","las-vegas-aces","Las Vegas","Aces","LV","Las Vegas Aces","Aces","a7a8aa","000000","https://a.espncdn.com/i/teamlogos/wnba/500/lv.png","away",93,24,8,40,"13",0.478,32,67,0,29,90.9,20,22,"7",3,"36",1,1,1,0.375,9,24,43,1,12,"17",11,6,"s:40~l:59~t:6","los-angeles-sparks","Los Angeles","Sparks","LA","Los Angeles Sparks","Sparks","552583","fdb927","https://a.espncdn.com/i/teamlogos/wnba/500/la.png",98,5,-5
2024,401620337,2024,2,2024-07-05,2024-07-05 22:00:00,14,"s:40~l:59~t:14","seattle-storm","Seattle","Storm","SEA","Seattle Storm","Storm","2c5235","fee11a","https://a.espncdn.com/i/teamlogos/wnba/500/sea.png","home",84,FALSE,24,9,19,"21",0.455,30,66,0,17,80.8,21,26,"8",8,"46",7,2,0,0.158,3,19,27,0,15,"17",13,19,"s:40~l:59~t:19","chicago-sky","Chicago","Sky","CHI","Chicago Sky","Sky","5091cd","ffd520","https://a.espncdn.com/i/teamlogos/wnba/500/chi.png",88,"L",2024,2,2024-07-05,2024-07-05 22:00:00,19,"s:40~l:59~t:19","chicago-sky","Chicago","Sky","CHI","Chicago Sky","Sky","5091cd","ffd520","https://a.espncdn.com/i/teamlogos/wnba/500/chi.png","away",88,21,5,23,"9",0.472,34,72,1,22,71.4,15,21,"9",14,"50",7,3,0,0.357,5,14,37,0,14,"15",11,14,"s:40~l:59~t:14","seattle-storm","Seattle","Storm","SEA","Seattle Storm","Storm","2c5235","fee11a","https://a.espncdn.com/i/teamlogos/wnba/500/sea.png",84,-4,4
2024,401620338,2024,2,2024-07-06,2024-07-06 13:00:00,5,"s:40~l:59~t:5","indiana-fever","Indiana","Fever","IND","Indiana Fever","Fever","002d62","e03a3e","https://a.espncdn.com/i/teamlogos/wnba/500/ind.png","home",83,TRUE,20,2,34,"9",0.478,32,67,0,15,85.7,12,14,"12",7,"42",6,5,0,0.292,7,24,41,0,15,"17",10,9,"s:40~l:59~t:9","new-york-liberty","New York","Liberty","NY","New York Liberty","Liberty","86cebc","000000","https://a.espncdn.com/i/teamlogos/wnba/500/ny.png",78,"W",2024,2,2024-07-06,2024-07-06 13:00:00,9,"s:40~l:59~t:9","new-york-liberty","New York","Liberty","NY","New York Liberty","Liberty","86cebc","000000","https://a.espncdn.com/i/teamlogos/wnba/500/ny.png","away",78,20,1,23,"14",0.408,29,71,0,11,62.5,10,16,"11",8,"30",7,1,1,0.238,10,42,31,1,10,"12",9,5,"s:40~l:59~t:5","indiana-fever","Indiana","Fever","IND","Indiana Fever","Fever","002d62","e03a3e","https://a.espncdn.com/i/teamlogos/wnba/500/ind.png",83,5,-5
2024,401620339,2024,2,2024-07-06,2024-07-06 20:00:00,8,"s:40~l:59~t:8","minnesota-lynx","Minnesota","Lynx","MIN","Minnesota Lynx","Lynx","266092","79bc43","https://a.espncdn.com/i/teamlogos/wnba/500/min.png","home",74,TRUE,20,3,25,"15",0.386,27,70,0,17,71.4,10,14,"14",13,"22",9,1,0,0.357,10,28,38,0,14,"15",13,16,"s:40~l:59~t:16","washington-mystics","Washington","Mystics","WSH","Washington Mystics","Mystics","e03a3e","002b5c","https://a.espncdn.com/i/teamlogos/wnba/500/wsh.png",67,"W",2024,2,2024-07-06,2024-07-06 20:00:00,16,"s:40~l:59~t:16","washington-mystics","Washington","Mystics","WSH","Washington Mystics","Mystics","e03a3e","002b5c","https://a.espncdn.com/i/teamlogos/wnba/500/wsh.png","away",67,19,1,26,"12",0.417,25,60,0,14,76.9,10,13,"7",6,"24",7,0,0,0.25,7,28,32,0,18,"17",18,8,"s:40~l:59~t:8","minnesota-lynx","Minnesota","Lynx","MIN","Minnesota Lynx","Lynx","266092","79bc43","https://a.espncdn.com/i/teamlogos/wnba/500/min.png",74,7,-7
2024,401620340,2024,2,2024-07-07,2024-07-07 13:00:00,18,"s:40~l:59~t:18","connecticut-sun","Connecticut","Sun","CONN","Connecticut Sun","Sun","f05023","0a2240","https://a.espncdn.com/i/teamlogos/wnba/500/conn.png","home",80,TRUE,20,3,25,"5",0.438,28,64,1,14,73.7,14,19,"20",11,"26",4,2,0,0.435,10,23,36,0,9,"14",7,20,"s:40~l:59~t:20","atlanta-dream","Atlanta","Dream","ATL","Atlanta Dream","Dream","e31837","5091cc","https://a.espncdn.com/i/teamlogos/wnba/500/atl.png",67,"W",2024,2,2024-07-07,2024-07-07 13:00:00,20,"s:40~l:59~t:20","atlanta-dream","Atlanta","Dream","ATL","Atlanta Dream","Dream","e31837","5091cc","https://a.espncdn.com/i/teamlogos/wnba/500/atl.png","away",67,16,4,22,"6",0.407,24,59,0,18,78.9,15,19,"4",9,"28",4,3,0,0.4,4,10,31,0,13,"14",10,18,"s:40~l:59~t:18","connecticut-sun","Connecticut","Sun","CONN","Connecticut Sun","Sun","f05023","0a2240","https://a.espncdn.com/i/teamlogos/wnba/500/conn.png",80,13,-13
2024,401620341,2024,2,2024-07-07,2024-07-07 15:30:00,17,"s:40~l:59~t:17","las-vegas-aces","Las Vegas","Aces","LV","Las Vegas Aces","Aces","a7a8aa","000000","https://a.espncdn.com/i/teamlogos/wnba/500/lv.png","home",104,TRUE,23,6,30,"11",0.457,37,81,0,14,84.2,16,19,"22",10,"38",6,0,2,0.389,14,36,40,2,9,"8",9,3,"s:40~l:59~t:3","dallas-wings","Dallas","Wings","DAL","Dallas Wings","Wings","002b5c","c4d600","https://a.espncdn.com/i/teamlogos/wnba/500/dal.png",85,"W",2024,2,2024-07-07,2024-07-07 15:30:00,3,"s:40~l:59~t:3","dallas-wings","Dallas","Wings","DAL","Dallas Wings","Wings","002b5c","c4d600","https://a.espncdn.com/i/teamlogos/wnba/500/dal.png","away",85,19,4,28,"11",0.461,35,76,0,18,69.2,9,13,"4",9,"46",6,0,1,0.3,6,20,37,1,13,"18",13,17,"s:40~l:59~t:17","las-vegas-aces","Las Vegas","Aces","LV","Las Vegas Aces","Aces","a7a8aa","000000","https://a.espncdn.com/i/teamlogos/wnba/500/lv.png",104,19,-19
2024,401620342,2024,2,2024-07-07,2024-07-07 18:00:00,14,"s:40~l:59~t:14","seattle-storm","Seattle","Storm","SEA","Seattle Storm","Storm","2c5235","fee11a","https://a.espncdn.com/i/teamlogos/wnba/500/sea.png","home",84,TRUE,24,7,29,"14",0.42,29,69,0,15,83.3,20,24,"15",7,"42",4,1,0,0.316,6,19,36,0,11,"10",10,19,"s:40~l:59~t:19","chicago-sky","Chicago","Sky","CHI","Chicago Sky","Sky","5091cd","ffd520","https://a.espncdn.com/i/teamlogos/wnba/500/chi.png",71,"W",2024,2,2024-07-07,2024-07-07 18:00:00,19,"s:40~l:59~t:19","chicago-sky","Chicago","Sky","CHI","Chicago Sky","Sky","5091cd","ffd520","https://a.espncdn.com/i/teamlogos/wnba/500/chi.png","away",71,20,9,27,"17",0.372,29,78,1,18,83.3,10,12,"10",11,"46",8,3,1,0.214,3,14,38,1,13,"13",10,14,"s:40~l:59~t:14","seattle-storm","Seattle","Storm","SEA","Seattle Storm","Storm","2c5235","fee11a","https://a.espncdn.com/i/teamlogos/wnba/500/sea.png",84,13,-13
2024,401620343,2024,2,2024-07-07,2024-07-07 19:00:00,6,"s:40~l:59~t:6","los-angeles-sparks","Los Angeles","Sparks","LA","Los Angeles Sparks","Sparks","552583","fdb927","https://a.espncdn.com/i/teamlogos/wnba/500/la.png","home",78,FALSE,25,2,19,"2",0.387,29,75,0,24,78.9,15,19,"3",10,"44",6,1,0,0.208,5,24,29,0,10,"15",9,11,"s:40~l:59~t:11","phoenix-mercury","Phoenix","Mercury","PHX","Phoenix Mercury","Mercury","3c286e","e56020","https://a.espncdn.com/i/teamlogos/wnba/500/phx.png",84,"L",2024,2,2024-07-07,2024-07-07 19:00:00,11,"s:40~l:59~t:11","phoenix-mercury","Phoenix","Mercury","PHX","Phoenix Mercury","Mercury","3c286e","e56020","https://a.espncdn.com/i/teamlogos/wnba/500/phx.png","away",84,16,5,31,"4",0.458,27,59,0,23,82.1,23,28,"10",7,"30",3,0,0,0.333,7,21,38,0,16,"17",16,6,"s:40~l:59~t:6","los-angeles-sparks","Los Angeles","Sparks","LA","Los Angeles Sparks","Sparks","552583","fdb927","https://a.espncdn.com/i/teamlogos/wnba/500/la.png",78,-6,6
2024,401620344,2024,2,2024-07-09,2024-07-09 22:00:00,6,"s:40~l:59~t:6","los-angeles-sparks","Los Angeles","Sparks","LA","Los Angeles Sparks","Sparks","552583","fdb927","https://a.espncdn.com/i/teamlogos/wnba/500/la.png","home",67,FALSE,17,5,25,"7",0.411,23,56,0,20,94.7,18,19,"0",4,"36",3,2,0,0.15,3,20,29,0,20,"22",18,8,"s:40~l:59~t:8","minnesota-lynx","Minnesota","Lynx","MIN","Minnesota Lynx","Lynx","266092","79bc43","https://a.espncdn.com/i/teamlogos/wnba/500/min.png",82,"L",2024,2,2024-07-09,2024-07-09 22:00:00,8,"s:40~l:59~t:8","minnesota-lynx","Minnesota","Lynx","MIN","Minnesota Lynx","Lynx","266092","79bc43","https://a.espncdn.com/i/teamlogos/wnba/500/min.png","away",82,23,3,23,"14",0.492,32,65,0,22,90,9,10,"25",4,"34",11,5,0,0.5,9,18,27,0,14,"6",9,6,"s:40~l:59~t:6","los-angeles-sparks","Los Angeles","Sparks","LA","Los Angeles Sparks","Sparks","552583","fdb927","https://a.espncdn.com/i/teamlogos/wnba/500/la.png",67,-15,15
2024,401620345,2024,2,2024-07-10,2024-07-10 11:00:00,18,"s:40~l:59~t:18","connecticut-sun","Connecticut","Sun","CONN","Connecticut Sun","Sun","f05023","0a2240","https://a.espncdn.com/i/teamlogos/wnba/500/conn.png","home",68,FALSE,19,2,28,"9",0.358,24,67,0,16,87.5,14,16,"1",7,"26",1,1,0,0.353,6,17,35,0,10,"14",9,9,"s:40~l:59~t:9","new-york-liberty","New York","Liberty","NY","New York Liberty","Liberty","86cebc","000000","https://a.espncdn.com/i/teamlogos/wnba/500/ny.png",71,"L",2024,2,2024-07-10,2024-07-10 11:00:00,9,"s:40~l:59~t:9","new-york-liberty","New York","Liberty","NY","New York Liberty","Liberty","86cebc","000000","https://a.espncdn.com/i/teamlogos/wnba/500/ny.png","away",71,22,6,32,"9",0.491,28,57,0,17,75,12,16,"14",1,"40",5,1,0,0.231,3,13,33,0,10,"14",9,18,"s:40~l:59~t:18","connecticut-sun","Connecticut","Sun","CONN","Connecticut Sun","Sun","f05023","0a2240","https://a.espncdn.com/i/teamlogos/wnba/500/conn.png",68,-3,3
2024,401620346,2024,2,2024-07-10,2024-07-10 12:00:00,5,"s:40~l:59~t:5","indiana-fever","Indiana","Fever","IND","Indiana Fever","Fever","002d62","e03a3e","https://a.espncdn.com/i/teamlogos/wnba/500/ind.png","home",84,FALSE,18,7,27,"26",0.534,31,58,0,21,82.4,14,17,"5",2,"42",9,2,0,0.32,8,25,29,0,23,"23",21,16,"s:40~l:59~t:16","washington-mystics","Washington","Mystics","WSH","Washington Mystics","Mystics","e03a3e","002b5c","https://a.espncdn.com/i/teamlogos/wnba/500/wsh.png",89,"L",2024,2,2024-07-10,2024-07-10 12:00:00,16,"s:40~l:59~t:16","washington-mystics","Washington","Mystics","WSH","Washington Mystics","Mystics","e03a3e","002b5c","https://a.espncdn.com/i/teamlogos/wnba/500/wsh.png","away",89,23,3,21,"9",0.44,33,75,0,18,84.2,16,19,"22",10,"38",8,0,0,0.35,7,20,31,0,16,"21",16,5,"s:40~l:59~t:5","indiana-fever","Indiana","Fever","IND","Indiana Fever","Fever","002d62","e03a3e","https://a.espncdn.com/i/teamlogos/wnba/500/ind.png",84,-5,5
2024,401620347,2024,2,2024-07-10,2024-07-10 12:00:00,19,"s:40~l:59~t:19","chicago-sky","Chicago","Sky","CHI","Chicago Sky","Sky","5091cd","ffd520","https://a.espncdn.com/i/teamlogos/wnba/500/chi.png","home",78,TRUE,22,8,35,"15",0.432,32,74,0,13,61.5,8,13,"9",8,"44",11,1,0,0.353,6,17,43,0,11,"11",10,20,"s:40~l:59~t:20","atlanta-dream","Atlanta","Dream","ATL","Atlanta Dream","Dream","e31837","5091cc","https://a.espncdn.com/i/teamlogos/wnba/500/atl.png",69,"W",2024,2,2024-07-10,2024-07-10 12:00:00,20,"s:40~l:59~t:20","atlanta-dream","Atlanta","Dream","ATL","Atlanta Dream","Dream","e31837","5091cc","https://a.espncdn.com/i/teamlogos/wnba/500/atl.png","away",69,19,5,31,"9",0.406,28,69,0,11,68.8,11,16,"6",5,"40",6,2,1,0.2,2,10,36,1,16,"21",14,19,"s:40~l:59~t:19","chicago-sky","Chicago","Sky","CHI","Chicago Sky","Sky","5091cd","ffd520","https://a.espncdn.com/i/teamlogos/wnba/500/chi.png",78,9,-9
2024,401620348,2024,2,2024-07-10,2024-07-10 15:00:00,14,"s:40~l:59~t:14","seattle-storm","Seattle","Storm","SEA","Seattle Storm","Storm","2c5235","fee11a","https://a.espncdn.com/i/teamlogos/wnba/500/sea.png","home",79,FALSE,19,1,30,"10",0.403,31,77,0,14,87.5,14,16,"8",10,"46",4,0,1,0.176,3,17,40,1,13,"16",13,17,"s:40~l:59~t:17","las-vegas-aces","Las Vegas","Aces","LV","Las Vegas Aces","Aces","a7a8aa","000000","https://a.espncdn.com/i/teamlogos/wnba/500/lv.png",84,"L",2024,2,2024-07-10,2024-07-10 15:00:00,17,"s:40~l:59~t:17","las-vegas-aces","Las Vegas","Aces","LV","Las Vegas Aces","Aces","a7a8aa","000000","https://a.espncdn.com/i/teamlogos/wnba/500/lv.png","away",84,21,5,34,"12",0.429,30,70,0,14,95,19,20,"9",4,"36",7,1,0,0.217,5,23,38,0,10,"14",9,14,"s:40~l:59~t:14","seattle-storm","Seattle","Storm","SEA","Seattle Storm","Storm","2c5235","fee11a","https://a.espncdn.com/i/teamlogos/wnba/500/sea.png",79,-5,5
2024,401620349,2024,2,2024-07-10,2024-07-10 15:30:00,11,"s:40~l:59~t:11","phoenix-mercury","Phoenix","Mercury","PHX","Phoenix Mercury","Mercury","3c286e","e56020","https://a.espncdn.com/i/teamlogos/wnba/500/phx.png","home",100,TRUE,24,6,18,"7",0.59,36,61,0,19,86.4,19,22,"24",4,"48",8,2,0,0.429,9,21,22,0,13,"18",11,3,"s:40~l:59~t:3","dallas-wings","Dallas","Wings","DAL","Dallas Wings","Wings","002b5c","c4d600","https://a.espncdn.com/i/teamlogos/wnba/500/dal.png",84,"W",2024,2,2024-07-10,2024-07-10 15:30:00,3,"s:40~l:59~t:3","dallas-wings","Dallas","Wings","DAL","Dallas Wings","Wings","002b5c","c4d600","https://a.espncdn.com/i/teamlogos/wnba/500/dal.png","away",84,25,1,19,"10",0.5,32,64,1,18,72.2,13,18,"11",7,"38",5,1,1,0.368,7,19,26,1,15,"16",14,11,"s:40~l:59~t:11","phoenix-mercury","Phoenix","Mercury","PHX","Phoenix Mercury","Mercury","3c286e","e56020","https://a.espncdn.com/i/teamlogos/wnba/500/phx.png",100,16,-16
2024,401620350,2024,2,2024-07-11,2024-07-11 19:00:00,9,"s:40~l:59~t:9","new-york-liberty","New York","Liberty","NY","New York Liberty","Liberty","86cebc","000000","https://a.espncdn.com/i/teamlogos/wnba/500/ny.png","home",91,TRUE,25,8,26,"17",0.476,30,63,0,9,90,18,20,"15",4,"28",8,1,0,0.565,13,23,30,0,8,"10",7,19,"s:40~l:59~t:19","chicago-sky","Chicago","Sky","CHI","Chicago Sky","Sky","5091cd","ffd520","https://a.espncdn.com/i/teamlogos/wnba/500/chi.png",76,"W",2024,2,2024-07-11,2024-07-11 19:00:00,19,"s:40~l:59~t:19","chicago-sky","Chicago","Sky","CHI","Chicago Sky","Sky","5091cd","ffd520","https://a.espncdn.com/i/teamlogos/wnba/500/chi.png","away",76,23,1,26,"2",0.459,34,74,0,18,57.1,4,7,"13",10,"56",3,1,0,0.4,4,10,36,0,13,"21",12,9,"s:40~l:59~t:9","new-york-liberty","New York","Liberty","NY","New York Liberty","Liberty","86cebc","000000","https://a.espncdn.com/i/teamlogos/wnba/500/ny.png",91,15,-15
2024,401620351,2024,2,2024-07-12,2024-07-12 19:30:00,20,"s:40~l:59~t:20","atlanta-dream","Atlanta","Dream","ATL","Atlanta Dream","Dream","e31837","5091cc","https://a.espncdn.com/i/teamlogos/wnba/500/atl.png","home",70,FALSE,16,4,35,"12",0.377,29,77,0,14,66.7,10,15,"3",12,"42",4,1,0,0.105,2,19,47,0,15,"20",14,17,"s:40~l:59~t:17","las-vegas-aces","Las Vegas","Aces","LV","Las Vegas Aces","Aces","a7a8aa","000000","https://a.espncdn.com/i/teamlogos/wnba/500/lv.png",84,"L",2024,2,2024-07-12,2024-07-12 19:30:00,17,"s:40~l:59~t:17","las-vegas-aces","Las Vegas","Aces","LV","Las Vegas Aces","Aces","a7a8aa","000000","https://a.espncdn.com/i/teamlogos/wnba/500/lv.png","away",84,22,7,33,"22",0.414,29,70,0,14,82.4,14,17,"17",3,"16",8,1,0,0.414,12,29,36,0,10,"13",9,20,"s:40~l:59~t:20","atlanta-dream","Atlanta","Dream","ATL","Atlanta Dream","Dream","e31837","5091cc","https://a.espncdn.com/i/teamlogos/wnba/500/atl.png",70,-14,14
2024,401620352,2024,2,2024-07-12,2024-07-12 19:30:00,5,"s:40~l:59~t:5","indiana-fever","Indiana","Fever","IND","Indiana Fever","Fever","002d62","e03a3e","https://a.espncdn.com/i/teamlogos/wnba/500/ind.png","home",95,TRUE,23,6,27,"6",0.481,39,81,0,16,78.6,11,14,"31",15,"60",8,2,0,0.194,6,31,42,0,18,"22",16,11,"s:40~l:59~t:11","phoenix-mercury","Phoenix","Mercury","PHX","Phoenix Mercury","Mercury","3c286e","e56020","https://a.espncdn.com/i/teamlogos/wnba/500/phx.png",86,"W",2024,2,2024-07-12,2024-07-12 19:30:00,11,"s:40~l:59~t:11","phoenix-mercury","Phoenix","Mercury","PHX","Phoenix Mercury","Mercury","3c286e","e56020","https://a.espncdn.com/i/teamlogos/wnba/500/phx.png","away",86,18,6,23,"2",0.414,29,70,0,15,78.3,18,23,"0",7,"28",7,0,1,0.345,10,29,30,1,11,"11",11,5,"s:40~l:59~t:5","indiana-fever","Indiana","Fever","IND","Indiana Fever","Fever","002d62","e03a3e","https://a.espncdn.com/i/teamlogos/wnba/500/ind.png",95,9,-9
2024,401620353,2024,2,2024-07-12,2024-07-12 22:00:00,14,"s:40~l:59~t:14","seattle-storm","Seattle","Storm","SEA","Seattle Storm","Storm","2c5235","fee11a","https://a.espncdn.com/i/teamlogos/wnba/500/sea.png","home",91,TRUE,29,3,29,"8",0.465,33,71,0,17,94.1,16,17,"28",10,"26",8,0,0,0.346,9,26,39,0,11,"18",11,8,"s:40~l:59~t:8","minnesota-lynx","Minnesota","Lynx","MIN","Minnesota Lynx","Lynx","266092","79bc43","https://a.espncdn.com/i/teamlogos/wnba/500/min.png",63,"W",2024,2,2024-07-12,2024-07-12 22:00:00,8,"s:40~l:59~t:8","minnesota-lynx","Minnesota","Lynx","MIN","Minnesota Lynx","Lynx","266092","79bc43","https://a.espncdn.com/i/teamlogos/wnba/500/min.png","away",63,14,3,23,"7",0.306,19,62,0,17,78.3,18,23,"7",8,"18",8,1,0,0.233,7,30,31,0,16,"13",15,14,"s:40~l:59~t:14","seattle-storm","Seattle","Storm","SEA","Seattle Storm","Storm","2c5235","fee11a","https://a.espncdn.com/i/teamlogos/wnba/500/sea.png",91,28,-28
2024,401620354,2024,2,2024-07-13,2024-07-13 13:00:00,19,"s:40~l:59~t:19","chicago-sky","Chicago","Sky","CHI","Chicago Sky","Sky","5091cd","ffd520","https://a.espncdn.com/i/teamlogos/wnba/500/chi.png","home",67,FALSE,15,2,29,"13",0.406,28,69,0,16,100,4,4,"7",12,"34",4,3,3,0.467,7,15,41,3,17,"11",14,9,"s:40~l:59~t:9","new-york-liberty","New York","Liberty","NY","New York Liberty","Liberty","86cebc","000000","https://a.espncdn.com/i/teamlogos/wnba/500/ny.png",81,"L",2024,2,2024-07-13,2024-07-13 13:00:00,9,"s:40~l:59~t:9","new-york-liberty","New York","Liberty","NY","New York Liberty","Liberty","86cebc","000000","https://a.espncdn.com/i/teamlogos/wnba/500/ny.png","away",81,21,6,24,"10",0.423,30,71,0,11,71.4,10,14,"14",4,"36",7,0,0,0.306,11,36,28,0,5,"2",5,19,"s:40~l:59~t:19","chicago-sky","Chicago","Sky","CHI","Chicago Sky","Sky","5091cd","ffd520","https://a.espncdn.com/i/teamlogos/wnba/500/chi.png",67,-14,14
2024,401620355,2024,2,2024-07-13,2024-07-13 15:30:00,3,"s:40~l:59~t:3","dallas-wings","Dallas","Wings","DAL","Dallas Wings","Wings","002b5c","c4d600","https://a.espncdn.com/i/teamlogos/wnba/500/dal.png","home",81,FALSE,18,8,23,"12",0.437,31,71,0,20,77.8,14,18,"7",10,"44",6,1,0,0.313,5,16,33,0,17,"14",16,6,"s:40~l:59~t:6","los-angeles-sparks","Los Angeles","Sparks","LA","Los Angeles Sparks","Sparks","552583","fdb927","https://a.espncdn.com/i/teamlogos/wnba/500/la.png",87,"L",2024,2,2024-07-13,2024-07-13 15:30:00,6,"s:40~l:59~t:6","los-angeles-sparks","Los Angeles","Sparks","LA","Los Angeles Sparks","Sparks","552583","fdb927","https://a.espncdn.com/i/teamlogos/wnba/500/la.png","away",87,24,4,24,"15",0.5,35,70,0,17,78.6,11,14,"11",5,"54",11,1,0,0.429,6,14,29,0,13,"10",12,3,"s:40~l:59~t:3","dallas-wings","Dallas","Wings","DAL","Dallas Wings","Wings","002b5c","c4d600","https://a.espncdn.com/i/teamlogos/wnba/500/dal.png",81,-6,6
2024,401620356,2024,2,2024-07-14,2024-07-14 13:00:00,18,"s:40~l:59~t:18","connecticut-sun","Connecticut","Sun","CONN","Connecticut Sun","Sun","f05023","0a2240","https://a.espncdn.com/i/teamlogos/wnba/500/conn.png","home",96,TRUE,26,3,28,"9",0.474,37,78,1,12,57.1,12,21,"29",16,"38",9,0,0,0.385,10,26,44,0,7,"5",7,11,"s:40~l:59~t:11","phoenix-mercury","Phoenix","Mercury","PHX","Phoenix Mercury","Mercury","3c286e","e56020","https://a.espncdn.com/i/teamlogos/wnba/500/phx.png",69,"W",2024,2,2024-07-14,2024-07-14 13:00:00,11,"s:40~l:59~t:11","phoenix-mercury","Phoenix","Mercury","PHX","Phoenix Mercury","Mercury","3c286e","e56020","https://a.espncdn.com/i/teamlogos/wnba/500/phx.png","away",69,16,8,22,"1",0.406,28,69,0,13,60,6,10,"9",11,"38",3,2,0,0.28,7,25,33,0,17,"21",15,18,"s:40~l:59~t:18","connecticut-sun","Connecticut","Sun","CONN","Connecticut Sun","Sun","f05023","0a2240","https://a.espncdn.com/i/teamlogos/wnba/500/conn.png",96,27,-27
2024,401620357,2024,2,2024-07-14,2024-07-14 15:00:00,16,"s:40~l:59~t:16","washington-mystics","Washington","Mystics","WSH","Washington Mystics","Mystics","e03a3e","002b5c","https://a.espncdn.com/i/teamlogos/wnba/500/wsh.png","home",77,FALSE,21,3,26,"2",0.42,29,69,0,19,53.8,7,13,"15",5,"26",7,1,0,0.571,12,21,31,0,13,"15",12,17,"s:40~l:59~t:17","las-vegas-aces","Las Vegas","Aces","LV","Las Vegas Aces","Aces","a7a8aa","000000","https://a.espncdn.com/i/teamlogos/wnba/500/lv.png",89,"L",2024,2,2024-07-14,2024-07-14 15:00:00,17,"s:40~l:59~t:17","las-vegas-aces","Las Vegas","Aces","LV","Las Vegas Aces","Aces","a7a8aa","000000","https://a.espncdn.com/i/teamlogos/wnba/500/lv.png","away",89,24,7,33,"9",0.486,34,70,0,13,76.5,13,17,"12",8,"40",7,0,1,0.32,8,25,41,1,12,"7",12,16,"s:40~l:59~t:16","washington-mystics","Washington","Mystics","WSH","Washington Mystics","Mystics","e03a3e","002b5c","https://a.espncdn.com/i/teamlogos/wnba/500/wsh.png",77,-12,12
2024,401620359,2024,2,2024-07-14,2024-07-14 16:00:00,8,"s:40~l:59~t:8","minnesota-lynx","Minnesota","Lynx","MIN","Minnesota Lynx","Lynx","266092","79bc43","https://a.espncdn.com/i/teamlogos/wnba/500/min.png","home",74,FALSE,20,3,23,"9",0.386,27,70,0,16,90,9,10,"8",11,"20",5,0,1,0.355,11,31,34,1,14,"15",14,5,"s:40~l:59~t:5","indiana-fever","Indiana","Fever","IND","Indiana Fever","Fever","002d62","e03a3e","https://a.espncdn.com/i/teamlogos/wnba/500/ind.png",81,"L",2024,2,2024-07-14,2024-07-14 16:00:00,5,"s:40~l:59~t:5","indiana-fever","Indiana","Fever","IND","Indiana Fever","Fever","002d62","e03a3e","https://a.espncdn.com/i/teamlogos/wnba/500/ind.png","away",81,19,5,24,"0",0.443,31,70,0,11,91.7,11,12,"7",10,"40",6,1,1,0.276,8,29,34,1,13,"17",12,8,"s:40~l:59~t:8","minnesota-lynx","Minnesota","Lynx","MIN","Minnesota Lynx","Lynx","266092","79bc43","https://a.espncdn.com/i/teamlogos/wnba/500/min.png",74,-7,7
2024,401620358,2024,2,2024-07-14,2024-07-14 18:00:00,14,"s:40~l:59~t:14","seattle-storm","Seattle","Storm","SEA","Seattle Storm","Storm","2c5235","fee11a","https://a.espncdn.com/i/teamlogos/wnba/500/sea.png","home",81,TRUE,27,7,25,"12",0.4,30,75,0,11,88.9,16,18,"14",10,"38",13,1,0,0.179,5,28,35,0,12,"15",11,20,"s:40~l:59~t:20","atlanta-dream","Atlanta","Dream","ATL","Atlanta Dream","Dream","e31837","5091cc","https://a.espncdn.com/i/teamlogos/wnba/500/atl.png",70,"W",2024,2,2024-07-14,2024-07-14 18:00:00,20,"s:40~l:59~t:20","atlanta-dream","Atlanta","Dream","ATL","Atlanta Dream","Dream","e31837","5091cc","https://a.espncdn.com/i/teamlogos/wnba/500/atl.png","away",70,18,5,26,"2",0.384,28,73,0,15,73.3,11,15,"3",13,"40",9,1,1,0.176,3,17,39,1,17,"18",16,14,"s:40~l:59~t:14","seattle-storm","Seattle","Storm","SEA","Seattle Storm","Storm","2c5235","fee11a","https://a.espncdn.com/i/teamlogos/wnba/500/sea.png",81,11,-11
2024,401620360,2024,2,2024-07-16,2024-07-16 11:30:00,16,"s:40~l:59~t:16","washington-mystics","Washington","Mystics","WSH","Washington Mystics","Mystics","e03a3e","002b5c","https://a.espncdn.com/i/teamlogos/wnba/500/wsh.png","home",87,FALSE,28,1,25,"5",0.458,33,72,0,19,84.6,11,13,"8",8,"32",5,1,1,0.303,10,33,33,1,13,"23",12,11,"s:40~l:59~t:11","phoenix-mercury","Phoenix","Mercury","PHX","Phoenix Mercury","Mercury","3c286e","e56020","https://a.espncdn.com/i/teamlogos/wnba/500/phx.png",96,"L",2024,2,2024-07-16,2024-07-16 11:30:00,11,"s:40~l:59~t:11","phoenix-mercury","Phoenix","Mercury","PHX","Phoenix Mercury","Mercury","3c286e","e56020","https://a.espncdn.com/i/teamlogos/wnba/500/phx.png","away",96,22,6,25,"9",0.538,35,65,1,14,85.7,18,21,"12",6,"40",8,0,1,0.444,8,18,31,1,9,"10",9,16,"s:40~l:59~t:16","washington-mystics","Washington","Mystics","WSH","Washington Mystics","Mystics","e03a3e","002b5c","https://a.espncdn.com/i/teamlogos/wnba/500/wsh.png",87,-9,9
2024,401620361,2024,2,2024-07-16,2024-07-16 15:30:00,6,"s:40~l:59~t:6","los-angeles-sparks","Los Angeles","Sparks","LA","Los Angeles Sparks","Sparks","552583","fdb927","https://a.espncdn.com/i/teamlogos/wnba/500/la.png","home",83,FALSE,20,3,25,"7",0.406,28,69,0,23,77.3,17,22,"7",12,"36",5,1,1,0.385,10,26,37,1,16,"12",15,14,"s:40~l:59~t:14","seattle-storm","Seattle","Storm","SEA","Seattle Storm","Storm","2c5235","fee11a","https://a.espncdn.com/i/teamlogos/wnba/500/sea.png",89,"L",2024,2,2024-07-16,2024-07-16 15:30:00,14,"s:40~l:59~t:14","seattle-storm","Seattle","Storm","SEA","Seattle Storm","Storm","2c5235","fee11a","https://a.espncdn.com/i/teamlogos/wnba/500/sea.png","away",89,21,6,23,"10",0.456,31,68,0,17,76.9,20,26,"12",12,"42",11,1,1,0.304,7,23,35,1,14,"13",13,6,"s:40~l:59~t:6","los-angeles-sparks","Los Angeles","Sparks","LA","Los Angeles Sparks","Sparks","552583","fdb927","https://a.espncdn.com/i/teamlogos/wnba/500/la.png",83,-6,6
2024,401620362,2024,2,2024-07-16,2024-07-16 19:00:00,9,"s:40~l:59~t:9","new-york-liberty","New York","Liberty","NY","New York Liberty","Liberty","86cebc","000000","https://a.espncdn.com/i/teamlogos/wnba/500/ny.png","home",82,TRUE,19,4,24,"16",0.441,26,59,0,15,95,19,20,"10",6,"26",10,3,1,0.407,11,27,30,1,21,"21",18,18,"s:40~l:59~t:18","connecticut-sun","Connecticut","Sun","CONN","Connecticut Sun","Sun","f05023","0a2240","https://a.espncdn.com/i/teamlogos/wnba/500/conn.png",74,"W",2024,2,2024-07-16,2024-07-16 19:00:00,18,"s:40~l:59~t:18","connecticut-sun","Connecticut","Sun","CONN","Connecticut Sun","Sun","f05023","0a2240","https://a.espncdn.com/i/teamlogos/wnba/500/conn.png","away",74,17,4,23,"10",0.424,28,66,0,15,72.7,16,22,"0",8,"40",11,1,1,0.111,2,18,31,1,14,"16",13,9,"s:40~l:59~t:9","new-york-liberty","New York","Liberty","NY","New York Liberty","Liberty","86cebc","000000","https://a.espncdn.com/i/teamlogos/wnba/500/ny.png",82,8,-8
2024,401620363,2024,2,2024-07-16,2024-07-16 22:00:00,17,"s:40~l:59~t:17","las-vegas-aces","Las Vegas","Aces","LV","Las Vegas Aces","Aces","a7a8aa","000000","https://a.espncdn.com/i/teamlogos/wnba/500/lv.png","home",85,FALSE,17,7,23,"15",0.47,31,66,0,14,81.8,18,22,"1",3,"36",11,1,0,0.278,5,18,26,0,13,"16",12,19,"s:40~l:59~t:19","chicago-sky","Chicago","Sky","CHI","Chicago Sky","Sky","5091cd","ffd520","https://a.espncdn.com/i/teamlogos/wnba/500/chi.png",93,"L",2024,2,2024-07-16,2024-07-16 22:00:00,19,"s:40~l:59~t:19","chicago-sky","Chicago","Sky","CHI","Chicago Sky","Sky","5091cd","ffd520","https://a.espncdn.com/i/teamlogos/wnba/500/chi.png","away",93,20,2,28,"9",0.486,35,72,0,16,86.4,19,22,"21",7,"50",9,1,0,0.308,4,13,35,0,14,"18",13,17,"s:40~l:59~t:17","las-vegas-aces","Las Vegas","Aces","LV","Las Vegas Aces","Aces","a7a8aa","000000","https://a.espncdn.com/i/teamlogos/wnba/500/lv.png",85,-8,8
2024,401620364,2024,2,2024-07-17,2024-07-17 13:00:00,8,"s:40~l:59~t:8","minnesota-lynx","Minnesota","Lynx","MIN","Minnesota Lynx","Lynx","266092","79bc43","https://a.espncdn.com/i/teamlogos/wnba/500/min.png","home",86,TRUE,25,2,21,"18",0.387,29,75,0,16,73.9,17,23,"7",11,"26",10,2,0,0.367,11,30,32,0,9,"8",7,20,"s:40~l:59~t:20","atlanta-dream","Atlanta","Dream","ATL","Atlanta Dream","Dream","e31837","5091cc","https://a.espncdn.com/i/teamlogos/wnba/500/atl.png",79,"W",2024,2,2024-07-17,2024-07-17 13:00:00,20,"s:40~l:59~t:20","atlanta-dream","Atlanta","Dream","ATL","Atlanta Dream","Dream","e31837","5091cc","https://a.espncdn.com/i/teamlogos/wnba/500/atl.png","away",79,18,4,28,"11",0.492,29,59,0,19,76.2,16,21,"7",5,"38",5,1,0,0.333,5,15,33,0,17,"15",16,8,"s:40~l:59~t:8","minnesota-lynx","Minnesota","Lynx","MIN","Minnesota Lynx","Lynx","266092","79bc43","https://a.espncdn.com/i/teamlogos/wnba/500/min.png",86,7,-7
2024,401620365,2024,2,2024-07-17,2024-07-17 19:30:00,3,"s:40~l:59~t:3","dallas-wings","Dallas","Wings","DAL","Dallas Wings","Wings","002b5c","c4d600","https://a.espncdn.com/i/teamlogos/wnba/500/dal.png","home",101,TRUE,28,4,23,"22",0.513,39,76,0,18,77.8,14,18,"16",6,"50",10,1,0,0.45,9,20,29,0,11,"17",10,5,"s:40~l:59~t:5","indiana-fever","Indiana","Fever","IND","Indiana Fever","Fever","002d62","e03a3e","https://a.espncdn.com/i/teamlogos/wnba/500/ind.png",93,"W",2024,2,2024-07-17,2024-07-17 19:30:00,5,"s:40~l:59~t:5","indiana-fever","Indiana","Fever","IND","Indiana Fever","Fever","002d62","e03a3e","https://a.espncdn.com/i/teamlogos/wnba/500/ind.png","away",93,26,7,26,"14",0.535,38,71,0,15,64.7,11,17,"6",9,"62",2,1,0,0.24,6,25,35,0,18,"28",17,3,"s:40~l:59~t:3","dallas-wings","Dallas","Wings","DAL","Dallas Wings","Wings","002b5c","c4d600","https://a.espncdn.com/i/teamlogos/wnba/500/dal.png",101,8,-8
2024,401620458,2024,2,2024-07-20,2024-07-20 20:30:00,96,"s:40~l:59~t:96","team-wnba","Team WNBA","Team WNBA","WNBASTARS","Team WNBA","Team WNBA",NA,NA,"https://a.espncdn.com/i/teamlogos/wnba/500/wnbastars.png","home",117,TRUE,31,3,29,"16",0.5,44,88,0,13,85,17,20,"20",9,"52",14,0,0,0.333,12,36,38,0,8,"10",8,97,"s:40~l:59~t:97","team-usa","Team USA","Team USA","USA","Team USA","Team USA",NA,NA,"https://a.espncdn.com/i/teamlogos/wnba/500/usa.png",109,"W",2024,2,2024-07-20,2024-07-20 20:30:00,97,"s:40~l:59~t:97","team-usa","Team USA","Team USA","USA","Team USA","Team USA",NA,NA,"https://a.espncdn.com/i/teamlogos/wnba/500/usa.png","away",109,34,3,34,"10",0.506,41,81,0,13,93.8,15,16,"6",9,"50",8,0,0,0.364,12,33,43,0,14,"15",14,96,"s:40~l:59~t:96","team-wnba","Team WNBA","Team WNBA","WNBASTARS","Team WNBA","Team WNBA",NA,NA,"https://a.espncdn.com/i/teamlogos/wnba/500/wnbastars.png",117,8,-8
2024,401620366,2024,2,2024-08-15,2024-08-15 20:00:00,19,"s:40~l:59~t:19","chicago-sky","Chicago","Sky","CHI","Chicago Sky","Sky","5091cd","ffd520","https://a.espncdn.com/i/teamlogos/wnba/500/chi.png","home",65,FALSE,14,3,18,"6",0.37,27,73,0,20,50,7,14,"0",15,"38",7,1,1,0.211,4,19,33,1,12,"19",11,11,"s:40~l:59~t:11","phoenix-mercury","Phoenix","Mercury","PHX","Phoenix Mercury","Mercury","3c286e","e56020","https://a.espncdn.com/i/teamlogos/wnba/500/phx.png",85,"L",2024,2,2024-08-15,2024-08-15 20:00:00,11,"s:40~l:59~t:11","phoenix-mercury","Phoenix","Mercury","PHX","Phoenix Mercury","Mercury","3c286e","e56020","https://a.espncdn.com/i/teamlogos/wnba/500/phx.png","away",85,26,10,29,"11",0.559,33,59,0,18,63.6,7,11,"28",5,"34",5,1,3,0.522,12,23,34,3,13,"11",12,19,"s:40~l:59~t:19","chicago-sky","Chicago","Sky","CHI","Chicago Sky","Sky","5091cd","ffd520","https://a.espncdn.com/i/teamlogos/wnba/500/chi.png",65,-20,20
2024,401620367,2024,2,2024-08-15,2024-08-15 20:00:00,8,"s:40~l:59~t:8","minnesota-lynx","Minnesota","Lynx","MIN","Minnesota Lynx","Lynx","266092","79bc43","https://a.espncdn.com/i/teamlogos/wnba/500/min.png","home",79,TRUE,16,1,36,"6",0.4,28,70,0,18,78.9,15,19,"11",4,"30",9,1,0,0.308,8,26,40,0,14,"9",13,16,"s:40~l:59~t:16","washington-mystics","Washington","Mystics","WSH","Washington Mystics","Mystics","e03a3e","002b5c","https://a.espncdn.com/i/teamlogos/wnba/500/wsh.png",68,"W",2024,2,2024-08-15,2024-08-15 20:00:00,16,"s:40~l:59~t:16","washington-mystics","Washington","Mystics","WSH","Washington Mystics","Mystics","e03a3e","002b5c","https://a.espncdn.com/i/teamlogos/wnba/500/wsh.png","away",68,19,5,29,"8",0.375,24,64,0,18,68.4,13,19,"6",3,"30",8,0,1,0.28,7,25,32,1,16,"20",16,8,"s:40~l:59~t:8","minnesota-lynx","Minnesota","Lynx","MIN","Minnesota Lynx","Lynx","266092","79bc43","https://a.espncdn.com/i/teamlogos/wnba/500/min.png",79,11,-11
2024,401620368,2024,2,2024-08-15,2024-08-15 21:00:00,6,"s:40~l:59~t:6","los-angeles-sparks","Los Angeles","Sparks","LA","Los Angeles Sparks","Sparks","552583","fdb927","https://a.espncdn.com/i/teamlogos/wnba/500/la.png","home",68,FALSE,16,4,22,"12",0.359,23,64,0,10,80,16,20,"0",7,"28",6,0,0,0.333,6,18,29,0,20,"21",20,9,"s:40~l:59~t:9","new-york-liberty","New York","Liberty","NY","New York Liberty","Liberty","86cebc","000000","https://a.espncdn.com/i/teamlogos/wnba/500/ny.png",103,"L",2024,2,2024-08-15,2024-08-15 21:00:00,9,"s:40~l:59~t:9","new-york-liberty","New York","Liberty","NY","New York Liberty","Liberty","86cebc","000000","https://a.espncdn.com/i/teamlogos/wnba/500/ny.png","away",103,31,5,31,"17",0.534,39,73,0,17,76.9,10,13,"40",7,"40",13,2,0,0.5,15,30,38,0,15,"13",13,6,"s:40~l:59~t:6","los-angeles-sparks","Los Angeles","Sparks","LA","Los Angeles Sparks","Sparks","552583","fdb927","https://a.espncdn.com/i/teamlogos/wnba/500/la.png",68,-35,35
2024,401620369,2024,2,2024-08-16,2024-08-16 19:30:00,20,"s:40~l:59~t:20","atlanta-dream","Atlanta","Dream","ATL","Atlanta Dream","Dream","e31837","5091cc","https://a.espncdn.com/i/teamlogos/wnba/500/atl.png","home",83,TRUE,13,4,28,"7",0.476,30,63,0,15,73.9,17,23,"6",9,"40",9,1,0,0.353,6,17,37,0,20,"28",19,14,"s:40~l:59~t:14","seattle-storm","Seattle","Storm","SEA","Seattle Storm","Storm","2c5235","fee11a","https://a.espncdn.com/i/teamlogos/wnba/500/sea.png",81,"W",2024,2,2024-08-16,2024-08-16 19:30:00,14,"s:40~l:59~t:14","seattle-storm","Seattle","Storm","SEA","Seattle Storm","Storm","2c5235","fee11a","https://a.espncdn.com/i/teamlogos/wnba/500/sea.png","away",81,14,2,21,"10",0.457,32,70,0,18,91.7,11,12,"14",6,"44",10,0,0,0.273,6,22,27,0,14,"14",14,20,"s:40~l:59~t:20","atlanta-dream","Atlanta","Dream","ATL","Atlanta Dream","Dream","e31837","5091cc","https://a.espncdn.com/i/teamlogos/wnba/500/atl.png",83,2,-2
2024,401620370,2024,2,2024-08-16,2024-08-16 19:30:00,5,"s:40~l:59~t:5","indiana-fever","Indiana","Fever","IND","Indiana Fever","Fever","002d62","e03a3e","https://a.espncdn.com/i/teamlogos/wnba/500/ind.png","home",98,TRUE,23,4,31,"7",0.459,34,74,0,17,94.1,16,17,"28",8,"34",4,1,1,0.389,14,36,39,1,11,"14",10,11,"s:40~l:59~t:11","phoenix-mercury","Phoenix","Mercury","PHX","Phoenix Mercury","Mercury","3c286e","e56020","https://a.espncdn.com/i/teamlogos/wnba/500/phx.png",89,"W",2024,2,2024-08-16,2024-08-16 19:30:00,11,"s:40~l:59~t:11","phoenix-mercury","Phoenix","Mercury","PHX","Phoenix Mercury","Mercury","3c286e","e56020","https://a.espncdn.com/i/teamlogos/wnba/500/phx.png","away",89,16,3,28,"8",0.417,25,60,0,17,89.3,25,28,"1",3,"10",7,0,3,0.389,14,36,31,3,11,"11",11,5,"s:40~l:59~t:5","indiana-fever","Indiana","Fever","IND","Indiana Fever","Fever","002d62","e03a3e","https://a.espncdn.com/i/teamlogos/wnba/500/ind.png",98,9,-9
2024,401620371,2024,2,2024-08-16,2024-08-16 21:30:00,3,"s:40~l:59~t:3","dallas-wings","Dallas","Wings","DAL","Dallas Wings","Wings","002b5c","c4d600","https://a.espncdn.com/i/teamlogos/wnba/500/dal.png","home",91,FALSE,19,4,21,"10",0.439,29,66,0,23,71.9,23,32,"8",15,"32",12,1,3,0.417,10,24,36,3,21,"23",20,18,"s:40~l:59~t:18","connecticut-sun","Connecticut","Sun","CONN","Connecticut Sun","Sun","f05023","0a2240","https://a.espncdn.com/i/teamlogos/wnba/500/conn.png",109,"L",2024,2,2024-08-16,2024-08-16 21:30:00,18,"s:40~l:59~t:18","connecticut-sun","Connecticut","Sun","CONN","Connecticut Sun","Sun","f05023","0a2240","https://a.espncdn.com/i/teamlogos/wnba/500/conn.png","away",109,30,3,23,"9",0.576,38,66,0,22,78.6,22,28,"25",3,"46",9,0,0,0.55,11,20,26,0,15,"17",15,3,"s:40~l:59~t:3","dallas-wings","Dallas","Wings","DAL","Dallas Wings","Wings","002b5c","c4d600","https://a.espncdn.com/i/teamlogos/wnba/500/dal.png",91,-18,18
2024,401620372,2024,2,2024-08-17,2024-08-17 14:00:00,16,"s:40~l:59~t:16","washington-mystics","Washington","Mystics","WSH","Washington Mystics","Mystics","e03a3e","002b5c","https://a.espncdn.com/i/teamlogos/wnba/500/wsh.png","home",83,FALSE,26,3,20,"10",0.483,29,60,0,19,69.6,16,23,"6",5,"26",9,1,0,0.391,9,23,25,0,18,"22",17,8,"s:40~l:59~t:8","minnesota-lynx","Minnesota","Lynx","MIN","Minnesota Lynx","Lynx","266092","79bc43","https://a.espncdn.com/i/teamlogos/wnba/500/min.png",99,"L",2024,2,2024-08-17,2024-08-17 14:00:00,8,"s:40~l:59~t:8","minnesota-lynx","Minnesota","Lynx","MIN","Minnesota Lynx","Lynx","266092","79bc43","https://a.espncdn.com/i/teamlogos/wnba/500/min.png","away",99,26,1,24,"10",0.578,37,64,1,21,70,14,20,"27",7,"36",11,0,0,0.524,11,21,31,0,15,"14",15,16,"s:40~l:59~t:16","washington-mystics","Washington","Mystics","WSH","Washington Mystics","Mystics","e03a3e","002b5c","https://a.espncdn.com/i/teamlogos/wnba/500/wsh.png",83,-16,16
2024,401620373,2024,2,2024-08-17,2024-08-17 16:00:00,17,"s:40~l:59~t:17","las-vegas-aces","Las Vegas","Aces","LV","Las Vegas Aces","Aces","a7a8aa","000000","https://a.espncdn.com/i/teamlogos/wnba/500/lv.png","home",67,FALSE,14,7,28,"9",0.369,24,65,0,18,90.9,10,11,"11",2,"24",10,0,0,0.29,9,31,30,0,10,"8",10,9,"s:40~l:59~t:9","new-york-liberty","New York","Liberty","NY","New York Liberty","Liberty","86cebc","000000","https://a.espncdn.com/i/teamlogos/wnba/500/ny.png",79,"L",2024,2,2024-08-17,2024-08-17 16:00:00,9,"s:40~l:59~t:9","new-york-liberty","New York","Liberty","NY","New York Liberty","Liberty","86cebc","000000","https://a.espncdn.com/i/teamlogos/wnba/500/ny.png","away",79,15,5,33,"4",0.405,30,74,0,16,91.7,11,12,"16",13,"36",7,2,0,0.258,8,31,46,0,14,"14",12,17,"s:40~l:59~t:17","las-vegas-aces","Las Vegas","Aces","LV","Las Vegas Aces","Aces","a7a8aa","000000","https://a.espncdn.com/i/teamlogos/wnba/500/lv.png",67,-12,12
2024,401620374,2024,2,2024-08-17,2024-08-17 17:00:00,6,"s:40~l:59~t:6","los-angeles-sparks","Los Angeles","Sparks","LA","Los Angeles Sparks","Sparks","552583","fdb927","https://a.espncdn.com/i/teamlogos/wnba/500/la.png","home",86,FALSE,23,4,23,"8",0.392,29,74,0,23,73.1,19,26,"10",10,"34",6,2,0,0.333,9,27,33,0,10,"19",8,19,"s:40~l:59~t:19","chicago-sky","Chicago","Sky","CHI","Chicago Sky","Sky","5091cd","ffd520","https://a.espncdn.com/i/teamlogos/wnba/500/chi.png",90,"L",2024,2,2024-08-17,2024-08-17 17:00:00,19,"s:40~l:59~t:19","chicago-sky","Chicago","Sky","CHI","Chicago Sky","Sky","5091cd","ffd520","https://a.espncdn.com/i/teamlogos/wnba/500/chi.png","away",90,20,5,30,"6",0.486,35,72,0,19,66.7,16,24,"7",12,"50",4,2,1,0.444,4,9,42,1,14,"20",12,6,"s:40~l:59~t:6","los-angeles-sparks","Los Angeles","Sparks","LA","Los Angeles Sparks","Sparks","552583","fdb927","https://a.espncdn.com/i/teamlogos/wnba/500/la.png",86,-4,4
2024,401620375,2024,2,2024-08-18,2024-08-18 15:00:00,20,"s:40~l:59~t:20","atlanta-dream","Atlanta","Dream","ATL","Atlanta Dream","Dream","e31837","5091cc","https://a.espncdn.com/i/teamlogos/wnba/500/atl.png","home",82,TRUE,18,0,27,"14",0.413,26,63,0,19,80.6,25,31,"12",7,"28",9,0,1,0.313,5,16,34,1,11,"9",11,18,"s:40~l:59~t:18","connecticut-sun","Connecticut","Sun","CONN","Connecticut Sun","Sun","f05023","0a2240","https://a.espncdn.com/i/teamlogos/wnba/500/conn.png",70,"W",2024,2,2024-08-18,2024-08-18 15:00:00,18,"s:40~l:59~t:18","connecticut-sun","Connecticut","Sun","CONN","Connecticut Sun","Sun","f05023","0a2240","https://a.espncdn.com/i/teamlogos/wnba/500/conn.png","away",70,16,4,29,"10",0.354,23,65,0,28,90.9,20,22,"5",11,"30",8,0,1,0.25,4,16,40,1,17,"18",17,20,"s:40~l:59~t:20","atlanta-dream","Atlanta","Dream","ATL","Atlanta Dream","Dream","e31837","5091cc","https://a.espncdn.com/i/teamlogos/wnba/500/atl.png",82,12,-12
2024,401620377,2024,2,2024-08-18,2024-08-18 15:30:00,5,"s:40~l:59~t:5","indiana-fever","Indiana","Fever","IND","Indiana Fever","Fever","002d62","e03a3e","https://a.espncdn.com/i/teamlogos/wnba/500/ind.png","home",92,TRUE,22,5,34,"13",0.466,34,73,0,15,64.3,9,14,"19",9,"32",6,2,1,0.484,15,31,43,1,13,"12",11,14,"s:40~l:59~t:14","seattle-storm","Seattle","Storm","SEA","Seattle Storm","Storm","2c5235","fee11a","https://a.espncdn.com/i/teamlogos/wnba/500/sea.png",75,"W",2024,2,2024-08-18,2024-08-18 15:30:00,14,"s:40~l:59~t:14","seattle-storm","Seattle","Storm","SEA","Seattle Storm","Storm","2c5235","fee11a","https://a.espncdn.com/i/teamlogos/wnba/500/sea.png","away",75,15,6,27,"9",0.389,28,72,0,12,75,12,16,"7",5,"30",6,0,0,0.333,7,21,32,0,12,"17",12,5,"s:40~l:59~t:5","indiana-fever","Indiana","Fever","IND","Indiana Fever","Fever","002d62","e03a3e","https://a.espncdn.com/i/teamlogos/wnba/500/ind.png",92,17,-17
2024,401620376,2024,2,2024-08-18,2024-08-18 18:00:00,17,"s:40~l:59~t:17","las-vegas-aces","Las Vegas","Aces","LV","Las Vegas Aces","Aces","a7a8aa","000000","https://a.espncdn.com/i/teamlogos/wnba/500/lv.png","home",87,TRUE,14,5,32,"5",0.492,30,61,0,14,82.6,19,23,"19",1,"34",15,1,1,0.444,8,18,33,1,18,"14",17,6,"s:40~l:59~t:6","los-angeles-sparks","Los Angeles","Sparks","LA","Los Angeles Sparks","Sparks","552583","fdb927","https://a.espncdn.com/i/teamlogos/wnba/500/la.png",71,"W",2024,2,2024-08-18,2024-08-18 18:00:00,6,"s:40~l:59~t:6","los-angeles-sparks","Los Angeles","Sparks","LA","Los Angeles Sparks","Sparks","552583","fdb927","https://a.espncdn.com/i/teamlogos/wnba/500/la.png","away",71,16,4,30,"17",0.403,25,62,0,21,71.4,15,21,"3",3,"34",10,0,0,0.261,6,23,33,0,21,"19",21,17,"s:40~l:59~t:17","las-vegas-aces","Las Vegas","Aces","LV","Las Vegas Aces","Aces","a7a8aa","000000","https://a.espncdn.com/i/teamlogos/wnba/500/lv.png",87,16,-16
2024,401620378,2024,2,2024-08-18,2024-08-18 21:00:00,11,"s:40~l:59~t:11","phoenix-mercury","Phoenix","Mercury","PHX","Phoenix Mercury","Mercury","3c286e","e56020","https://a.espncdn.com/i/teamlogos/wnba/500/phx.png","home",86,TRUE,21,4,32,"11",0.452,28,62,1,19,74.2,23,31,"21",9,"34",5,1,0,0.304,7,23,41,0,11,"6",10,19,"s:40~l:59~t:19","chicago-sky","Chicago","Sky","CHI","Chicago Sky","Sky","5091cd","ffd520","https://a.espncdn.com/i/teamlogos/wnba/500/chi.png",68,"W",2024,2,2024-08-18,2024-08-18 21:00:00,19,"s:40~l:59~t:19","chicago-sky","Chicago","Sky","CHI","Chicago Sky","Sky","5091cd","ffd520","https://a.espncdn.com/i/teamlogos/wnba/500/chi.png","away",68,20,1,27,"6",0.359,28,78,0,20,57.1,12,21,"2",17,"38",5,2,1,0,0,14,44,1,11,"13",9,11,"s:40~l:59~t:11","phoenix-mercury","Phoenix","Mercury","PHX","Phoenix Mercury","Mercury","3c286e","e56020","https://a.espncdn.com/i/teamlogos/wnba/500/phx.png",86,18,-18
2024,401620379,2024,2,2024-08-20,2024-08-20 19:00:00,18,"s:40~l:59~t:18","connecticut-sun","Connecticut","Sun","CONN","Connecticut Sun","Sun","f05023","0a2240","https://a.espncdn.com/i/teamlogos/wnba/500/conn.png","home",69,TRUE,21,4,26,"15",0.384,28,73,0,14,47.1,8,17,"11",10,"42",12,2,1,0.313,5,16,36,1,12,"6",10,6,"s:40~l:59~t:6","los-angeles-sparks","Los Angeles","Sparks","LA","Los Angeles Sparks","Sparks","552583","fdb927","https://a.espncdn.com/i/teamlogos/wnba/500/la.png",61,"W",2024,2,2024-08-20,2024-08-20 19:00:00,6,"s:40~l:59~t:6","los-angeles-sparks","Los Angeles","Sparks","LA","Los Angeles Sparks","Sparks","552583","fdb927","https://a.espncdn.com/i/teamlogos/wnba/500/la.png","away",61,15,6,34,"8",0.394,26,66,1,14,70,7,10,"5",8,"40",8,1,1,0.105,2,19,42,1,22,"20",21,18,"s:40~l:59~t:18","connecticut-sun","Connecticut","Sun","CONN","Connecticut Sun","Sun","f05023","0a2240","https://a.espncdn.com/i/teamlogos/wnba/500/conn.png",69,8,-8
2024,401620380,2024,2,2024-08-20,2024-08-20 19:00:00,9,"s:40~l:59~t:9","new-york-liberty","New York","Liberty","NY","New York Liberty","Liberty","86cebc","000000","https://a.espncdn.com/i/teamlogos/wnba/500/ny.png","home",94,TRUE,25,2,33,"14",0.459,34,74,0,19,75,18,24,"22",14,"44",7,2,0,0.286,8,28,47,0,17,"17",15,3,"s:40~l:59~t:3","dallas-wings","Dallas","Wings","DAL","Dallas Wings","Wings","002b5c","c4d600","https://a.espncdn.com/i/teamlogos/wnba/500/dal.png",74,"W",2024,2,2024-08-20,2024-08-20 19:00:00,3,"s:40~l:59~t:3","dallas-wings","Dallas","Wings","DAL","Dallas Wings","Wings","002b5c","c4d600","https://a.espncdn.com/i/teamlogos/wnba/500/dal.png","away",74,20,2,19,"4",0.379,25,66,0,21,65.2,15,23,"2",9,"20",7,0,0,0.429,9,21,28,0,18,"24",18,9,"s:40~l:59~t:9","new-york-liberty","New York","Liberty","NY","New York Liberty","Liberty","86cebc","000000","https://a.espncdn.com/i/teamlogos/wnba/500/ny.png",94,20,-20
2024,401620381,2024,2,2024-08-20,2024-08-20 19:00:00,16,"s:40~l:59~t:16","washington-mystics","Washington","Mystics","WSH","Washington Mystics","Mystics","e03a3e","002b5c","https://a.espncdn.com/i/teamlogos/wnba/500/wsh.png","home",77,FALSE,19,3,29,"2",0.389,28,72,0,25,68.4,13,19,"5",12,"28",9,0,1,0.333,8,24,41,1,22,"29",22,14,"s:40~l:59~t:14","seattle-storm","Seattle","Storm","SEA","Seattle Storm","Storm","2c5235","fee11a","https://a.espncdn.com/i/teamlogos/wnba/500/sea.png",83,"L",2024,2,2024-08-20,2024-08-20 19:00:00,14,"s:40~l:59~t:14","seattle-storm","Seattle","Storm","SEA","Seattle Storm","Storm","2c5235","fee11a","https://a.espncdn.com/i/teamlogos/wnba/500/sea.png","away",83,15,6,29,"7",0.386,27,70,0,16,86.7,26,30,"14",9,"38",10,0,0,0.13,3,23,38,0,16,"11",16,16,"s:40~l:59~t:16","washington-mystics","Washington","Mystics","WSH","Washington Mystics","Mystics","e03a3e","002b5c","https://a.espncdn.com/i/teamlogos/wnba/500/wsh.png",77,-6,6
2024,401620382,2024,2,2024-08-21,2024-08-21 19:30:00,20,"s:40~l:59~t:20","atlanta-dream","Atlanta","Dream","ATL","Atlanta Dream","Dream","e31837","5091cc","https://a.espncdn.com/i/teamlogos/wnba/500/atl.png","home",72,TRUE,17,1,31,"9",0.342,25,73,0,15,81.3,13,16,"15",16,"26",3,1,1,0.29,9,31,47,1,9,"11",8,11,"s:40~l:59~t:11","phoenix-mercury","Phoenix","Mercury","PHX","Phoenix Mercury","Mercury","3c286e","e56020","https://a.espncdn.com/i/teamlogos/wnba/500/phx.png",63,"W",2024,2,2024-08-21,2024-08-21 19:30:00,11,"s:40~l:59~t:11","phoenix-mercury","Phoenix","Mercury","PHX","Phoenix Mercury","Mercury","3c286e","e56020","https://a.espncdn.com/i/teamlogos/wnba/500/phx.png","away",63,15,3,30,"4",0.393,24,61,0,16,90,9,10,"2",3,"30",4,1,0,0.316,6,19,33,0,12,"14",11,20,"s:40~l:59~t:20","atlanta-dream","Atlanta","Dream","ATL","Atlanta Dream","Dream","e31837","5091cc","https://a.espncdn.com/i/teamlogos/wnba/500/atl.png",72,9,-9
2024,401620383,2024,2,2024-08-21,2024-08-21 21:30:00,17,"s:40~l:59~t:17","las-vegas-aces","Las Vegas","Aces","LV","Las Vegas Aces","Aces","a7a8aa","000000","https://a.espncdn.com/i/teamlogos/wnba/500/lv.png","home",87,FALSE,22,2,19,"9",0.465,33,71,0,19,66.7,8,12,"2",9,"36",7,0,0,0.433,13,30,28,0,9,"13",9,8,"s:40~l:59~t:8","minnesota-lynx","Minnesota","Lynx","MIN","Minnesota Lynx","Lynx","266092","79bc43","https://a.espncdn.com/i/teamlogos/wnba/500/min.png",98,"L",2024,2,2024-08-21,2024-08-21 21:30:00,8,"s:40~l:59~t:8","minnesota-lynx","Minnesota","Lynx","MIN","Minnesota Lynx","Lynx","266092","79bc43","https://a.espncdn.com/i/teamlogos/wnba/500/min.png","away",98,28,3,25,"7",0.594,38,64,0,17,78.6,11,14,"15",6,"28",4,2,0,0.579,11,19,31,0,12,"12",10,17,"s:40~l:59~t:17","las-vegas-aces","Las Vegas","Aces","LV","Las Vegas Aces","Aces","a7a8aa","000000","https://a.espncdn.com/i/teamlogos/wnba/500/lv.png",87,-11,11
2024,401620384,2024,2,2024-08-22,2024-08-22 19:00:00,9,"s:40~l:59~t:9","new-york-liberty","New York","Liberty","NY","New York Liberty","Liberty","86cebc","000000","https://a.espncdn.com/i/teamlogos/wnba/500/ny.png","home",79,TRUE,21,2,29,"10",0.351,27,77,0,15,78.3,18,23,"9",17,"38",11,1,0,0.241,7,29,46,0,11,"6",10,3,"s:40~l:59~t:3","dallas-wings","Dallas","Wings","DAL","Dallas Wings","Wings","002b5c","c4d600","https://a.espncdn.com/i/teamlogos/wnba/500/dal.png",71,"W",2024,2,2024-08-22,2024-08-22 19:00:00,3,"s:40~l:59~t:3","dallas-wings","Dallas","Wings","DAL","Dallas Wings","Wings","002b5c","c4d600","https://a.espncdn.com/i/teamlogos/wnba/500/dal.png","away",71,17,6,30,"14",0.435,30,69,0,20,69.2,9,13,"3",8,"46",4,1,1,0.154,2,13,38,1,15,"16",14,9,"s:40~l:59~t:9","new-york-liberty","New York","Liberty","NY","New York Liberty","Liberty","86cebc","000000","https://a.espncdn.com/i/teamlogos/wnba/500/ny.png",79,8,-8
2024,401620385,2024,2,2024-08-23,2024-08-23 19:30:00,20,"s:40~l:59~t:20","atlanta-dream","Atlanta","Dream","ATL","Atlanta Dream","Dream","e31837","5091cc","https://a.espncdn.com/i/teamlogos/wnba/500/atl.png","home",80,FALSE,19,5,27,"9",0.392,29,74,0,15,85.7,12,14,"0",9,"32",7,2,0,0.333,10,30,36,0,10,"11",8,11,"s:40~l:59~t:11","phoenix-mercury","Phoenix","Mercury","PHX","Phoenix Mercury","Mercury","3c286e","e56020","https://a.espncdn.com/i/teamlogos/wnba/500/phx.png",82,"L",2024,2,2024-08-23,2024-08-23 19:30:00,11,"s:40~l:59~t:11","phoenix-mercury","Phoenix","Mercury","PHX","Phoenix Mercury","Mercury","3c286e","e56020","https://a.espncdn.com/i/teamlogos/wnba/500/phx.png","away",82,23,5,29,"7",0.485,32,66,1,17,75,12,16,"11",7,"40",4,0,0,0.353,6,17,36,0,12,"13",12,20,"s:40~l:59~t:20","atlanta-dream","Atlanta","Dream","ATL","Atlanta Dream","Dream","e31837","5091cc","https://a.espncdn.com/i/teamlogos/wnba/500/atl.png",80,-2,2
2024,401620386,2024,2,2024-08-23,2024-08-23 19:30:00,18,"s:40~l:59~t:18","connecticut-sun","Connecticut","Sun","CONN","Connecticut Sun","Sun","f05023","0a2240","https://a.espncdn.com/i/teamlogos/wnba/500/conn.png","home",82,TRUE,18,6,21,"18",0.368,25,68,0,21,72.2,26,36,"10",9,"34",12,0,0,0.24,6,25,30,0,10,"12",10,19,"s:40~l:59~t:19","chicago-sky","Chicago","Sky","CHI","Chicago Sky","Sky","5091cd","ffd520","https://a.espncdn.com/i/teamlogos/wnba/500/chi.png",80,"W",2024,2,2024-08-23,2024-08-23 19:30:00,19,"s:40~l:59~t:19","chicago-sky","Chicago","Sky","CHI","Chicago Sky","Sky","5091cd","ffd520","https://a.espncdn.com/i/teamlogos/wnba/500/chi.png","away",80,18,4,32,"17",0.446,29,65,1,23,86.4,19,22,"7",10,"42",7,3,0,0.333,3,9,42,0,19,"27",16,18,"s:40~l:59~t:18","connecticut-sun","Connecticut","Sun","CONN","Connecticut Sun","Sun","f05023","0a2240","https://a.espncdn.com/i/teamlogos/wnba/500/conn.png",82,2,-2
2024,401620387,2024,2,2024-08-23,2024-08-23 19:30:00,16,"s:40~l:59~t:16","washington-mystics","Washington","Mystics","WSH","Washington Mystics","Mystics","e03a3e","002b5c","https://a.espncdn.com/i/teamlogos/wnba/500/wsh.png","home",80,TRUE,23,5,28,"11",0.452,33,73,0,13,64.3,9,14,"11",8,"40",13,0,2,0.217,5,23,36,2,14,"11",14,6,"s:40~l:59~t:6","los-angeles-sparks","Los Angeles","Sparks","LA","Los Angeles Sparks","Sparks","552583","fdb927","https://a.espncdn.com/i/teamlogos/wnba/500/la.png",74,"W",2024,2,2024-08-23,2024-08-23 19:30:00,6,"s:40~l:59~t:6","los-angeles-sparks","Los Angeles","Sparks","LA","Los Angeles Sparks","Sparks","552583","fdb927","https://a.espncdn.com/i/teamlogos/wnba/500/la.png","away",74,18,3,29,"9",0.373,28,75,0,11,80,12,15,"5",8,"36",12,0,0,0.222,6,27,37,0,18,"17",18,16,"s:40~l:59~t:16","washington-mystics","Washington","Mystics","WSH","Washington Mystics","Mystics","e03a3e","002b5c","https://a.espncdn.com/i/teamlogos/wnba/500/wsh.png",80,6,-6
2024,401620388,2024,2,2024-08-23,2024-08-23 21:30:00,8,"s:40~l:59~t:8","minnesota-lynx","Minnesota","Lynx","MIN","Minnesota Lynx","Lynx","266092","79bc43","https://a.espncdn.com/i/teamlogos/wnba/500/min.png","home",87,TRUE,22,2,30,"8",0.508,31,61,0,21,83.3,15,18,"17",7,"26",12,2,0,0.385,10,26,37,0,21,"12",19,17,"s:40~l:59~t:17","las-vegas-aces","Las Vegas","Aces","LV","Las Vegas Aces","Aces","a7a8aa","000000","https://a.espncdn.com/i/teamlogos/wnba/500/lv.png",74,"W",2024,2,2024-08-23,2024-08-23 21:30:00,17,"s:40~l:59~t:17","las-vegas-aces","Las Vegas","Aces","LV","Las Vegas Aces","Aces","a7a8aa","000000","https://a.espncdn.com/i/teamlogos/wnba/500/lv.png","away",74,17,1,16,"0",0.456,26,57,0,21,83.3,15,18,"5",1,"34",7,2,1,0.368,7,19,17,1,20,"18",18,8,"s:40~l:59~t:8","minnesota-lynx","Minnesota","Lynx","MIN","Minnesota Lynx","Lynx","266092","79bc43","https://a.espncdn.com/i/teamlogos/wnba/500/min.png",87,13,-13
2024,401620389,2024,2,2024-08-24,2024-08-24 19:00:00,9,"s:40~l:59~t:9","new-york-liberty","New York","Liberty","NY","New York Liberty","Liberty","86cebc","000000","https://a.espncdn.com/i/teamlogos/wnba/500/ny.png","home",64,FALSE,19,7,33,"7",0.369,24,65,0,15,75,9,12,"8",11,"28",6,1,2,0.219,7,32,44,2,19,"21",18,18,"s:40~l:59~t:18","connecticut-sun","Connecticut","Sun","CONN","Connecticut Sun","Sun","f05023","0a2240","https://a.espncdn.com/i/teamlogos/wnba/500/conn.png",72,"L",2024,2,2024-08-24,2024-08-24 19:00:00,18,"s:40~l:59~t:18","connecticut-sun","Connecticut","Sun","CONN","Connecticut Sun","Sun","f05023","0a2240","https://a.espncdn.com/i/teamlogos/wnba/500/conn.png","away",72,20,3,29,"13",0.417,30,72,1,11,58.8,10,17,"13",8,"46",7,1,1,0.154,2,13,37,1,10,"11",9,9,"s:40~l:59~t:9","new-york-liberty","New York","Liberty","NY","New York Liberty","Liberty","86cebc","000000","https://a.espncdn.com/i/teamlogos/wnba/500/ny.png",64,-8,8
2024,401620390,2024,2,2024-08-24,2024-08-24 20:00:00,8,"s:40~l:59~t:8","minnesota-lynx","Minnesota","Lynx","MIN","Minnesota Lynx","Lynx","266092","79bc43","https://a.espncdn.com/i/teamlogos/wnba/500/min.png","home",90,TRUE,27,4,19,"6",0.508,33,65,0,14,65,13,20,"15",8,"30",8,0,0,0.407,11,27,27,0,10,"14",10,5,"s:40~l:59~t:5","indiana-fever","Indiana","Fever","IND","Indiana Fever","Fever","002d62","e03a3e","https://a.espncdn.com/i/teamlogos/wnba/500/ind.png",80,"W",2024,2,2024-08-24,2024-08-24 20:00:00,5,"s:40~l:59~t:5","indiana-fever","Indiana","Fever","IND","Indiana Fever","Fever","002d62","e03a3e","https://a.espncdn.com/i/teamlogos/wnba/500/ind.png","away",80,16,1,25,"4",0.434,33,76,0,16,87.5,7,8,"2",15,"44",5,1,0,0.241,7,29,40,0,16,"16",15,8,"s:40~l:59~t:8","minnesota-lynx","Minnesota","Lynx","MIN","Minnesota Lynx","Lynx","266092","79bc43","https://a.espncdn.com/i/teamlogos/wnba/500/min.png",90,10,-10
2024,401620391,2024,2,2024-08-25,2024-08-25 12:00:00,19,"s:40~l:59~t:19","chicago-sky","Chicago","Sky","CHI","Chicago Sky","Sky","5091cd","ffd520","https://a.espncdn.com/i/teamlogos/wnba/500/chi.png","home",75,FALSE,17,9,32,"8",0.366,30,82,0,14,66.7,8,12,"7",15,"34",1,0,1,0.467,7,15,47,1,10,"15",10,17,"s:40~l:59~t:17","las-vegas-aces","Las Vegas","Aces","LV","Las Vegas Aces","Aces","a7a8aa","000000","https://a.espncdn.com/i/teamlogos/wnba/500/lv.png",77,"L",2024,2,2024-08-25,2024-08-25 12:00:00,17,"s:40~l:59~t:17","las-vegas-aces","Las Vegas","Aces","LV","Las Vegas Aces","Aces","a7a8aa","000000","https://a.espncdn.com/i/teamlogos/wnba/500/lv.png","away",77,18,6,35,"14",0.383,31,81,0,15,90,9,10,"13",9,"40",6,1,1,0.25,6,24,44,1,4,"7",3,19,"s:40~l:59~t:19","chicago-sky","Chicago","Sky","CHI","Chicago Sky","Sky","5091cd","ffd520","https://a.espncdn.com/i/teamlogos/wnba/500/chi.png",75,-2,2
2024,401620392,2024,2,2024-08-25,2024-08-25 16:00:00,3,"s:40~l:59~t:3","dallas-wings","Dallas","Wings","DAL","Dallas Wings","Wings","002b5c","c4d600","https://a.espncdn.com/i/teamlogos/wnba/500/dal.png","home",113,TRUE,21,2,21,"12",0.526,40,76,0,19,86.2,25,29,"3",13,"56",9,0,0,0.364,8,22,34,0,9,"11",9,6,"s:40~l:59~t:6","los-angeles-sparks","Los Angeles","Sparks","LA","Los Angeles Sparks","Sparks","552583","fdb927","https://a.espncdn.com/i/teamlogos/wnba/500/la.png",110,"W",2024,2,2024-08-25,2024-08-25 16:00:00,6,"s:40~l:59~t:6","los-angeles-sparks","Los Angeles","Sparks","LA","Los Angeles Sparks","Sparks","552583","fdb927","https://a.espncdn.com/i/teamlogos/wnba/500/la.png","away",110,29,5,18,"13",0.6,39,65,0,20,76.9,20,26,"22",3,"46",5,0,0,0.5,12,24,21,0,13,"17",13,3,"s:40~l:59~t:3","dallas-wings","Dallas","Wings","DAL","Dallas Wings","Wings","002b5c","c4d600","https://a.espncdn.com/i/teamlogos/wnba/500/dal.png",113,3,-3
2024,401620393,2024,2,2024-08-26,2024-08-26 19:30:00,20,"s:40~l:59~t:20","atlanta-dream","Atlanta","Dream","ATL","Atlanta Dream","Dream","e31837","5091cc","https://a.espncdn.com/i/teamlogos/wnba/500/atl.png","home",79,FALSE,18,5,28,"6",0.37,27,73,0,14,83.3,15,18,"0",10,"28",5,1,1,0.345,10,29,38,1,11,"11",10,5,"s:40~l:59~t:5","indiana-fever","Indiana","Fever","IND","Indiana Fever","Fever","002d62","e03a3e","https://a.espncdn.com/i/teamlogos/wnba/500/ind.png",84,"L",2024,2,2024-08-26,2024-08-26 19:30:00,5,"s:40~l:59~t:5","indiana-fever","Indiana","Fever","IND","Indiana Fever","Fever","002d62","e03a3e","https://a.espncdn.com/i/teamlogos/wnba/500/ind.png","away",84,18,3,32,"11",0.408,31,76,1,18,80,12,15,"18",11,"34",8,0,0,0.37,10,27,43,0,13,"16",13,20,"s:40~l:59~t:20","atlanta-dream","Atlanta","Dream","ATL","Atlanta Dream","Dream","e31837","5091cc","https://a.espncdn.com/i/teamlogos/wnba/500/atl.png",79,-5,5
2024,401620394,2024,2,2024-08-26,2024-08-26 22:00:00,11,"s:40~l:59~t:11","phoenix-mercury","Phoenix","Mercury","PHX","Phoenix Mercury","Mercury","3c286e","e56020","https://a.espncdn.com/i/teamlogos/wnba/500/phx.png","home",70,FALSE,15,4,24,"21",0.463,31,67,0,15,75,3,4,"2",7,"46",7,2,0,0.227,5,22,31,0,22,"28",20,9,"s:40~l:59~t:9","new-york-liberty","New York","Liberty","NY","New York Liberty","Liberty","86cebc","000000","https://a.espncdn.com/i/teamlogos/wnba/500/ny.png",84,"L",2024,2,2024-08-26,2024-08-26 22:00:00,9,"s:40~l:59~t:9","new-york-liberty","New York","Liberty","NY","New York Liberty","Liberty","86cebc","000000","https://a.espncdn.com/i/teamlogos/wnba/500/ny.png","away",84,21,3,26,"11",0.414,29,70,0,10,87.5,14,16,"17",6,"30",12,2,0,0.414,12,29,32,0,15,"12",13,11,"s:40~l:59~t:11","phoenix-mercury","Phoenix","Mercury","PHX","Phoenix Mercury","Mercury","3c286e","e56020","https://a.espncdn.com/i/teamlogos/wnba/500/phx.png",70,-14,14
2024,401620395,2024,2,2024-08-26,2024-08-26 22:00:00,14,"s:40~l:59~t:14","seattle-storm","Seattle","Storm","SEA","Seattle Storm","Storm","2c5235","fee11a","https://a.espncdn.com/i/teamlogos/wnba/500/sea.png","home",72,FALSE,20,5,24,"8",0.378,28,74,0,12,81.8,9,11,"6",9,"38",12,0,0,0.292,7,24,33,0,12,"11",12,16,"s:40~l:59~t:16","washington-mystics","Washington","Mystics","WSH","Washington Mystics","Mystics","e03a3e","002b5c","https://a.espncdn.com/i/teamlogos/wnba/500/wsh.png",74,"L",2024,2,2024-08-26,2024-08-26 22:00:00,16,"s:40~l:59~t:16","washington-mystics","Washington","Mystics","WSH","Washington Mystics","Mystics","e03a3e","002b5c","https://a.espncdn.com/i/teamlogos/wnba/500/wsh.png","away",74,17,5,33,"17",0.441,30,68,0,18,83.3,5,6,"9",9,"36",5,1,2,0.31,9,29,42,2,19,"17",18,14,"s:40~l:59~t:14","seattle-storm","Seattle","Storm","SEA","Seattle Storm","Storm","2c5235","fee11a","https://a.espncdn.com/i/teamlogos/wnba/500/sea.png",72,-2,2
2024,401620396,2024,2,2024-08-27,2024-08-27 20:00:00,3,"s:40~l:59~t:3","dallas-wings","Dallas","Wings","DAL","Dallas Wings","Wings","002b5c","c4d600","https://a.espncdn.com/i/teamlogos/wnba/500/dal.png","home",93,TRUE,22,4,27,"7",0.48,36,75,1,26,78.9,15,19,"3",13,"42",4,1,0,0.286,6,21,40,0,12,"15",11,17,"s:40~l:59~t:17","las-vegas-aces","Las Vegas","Aces","LV","Las Vegas Aces","Aces","a7a8aa","000000","https://a.espncdn.com/i/teamlogos/wnba/500/lv.png",90,"W",2024,2,2024-08-27,2024-08-27 20:00:00,17,"s:40~l:59~t:17","las-vegas-aces","Las Vegas","Aces","LV","Las Vegas Aces","Aces","a7a8aa","000000","https://a.espncdn.com/i/teamlogos/wnba/500/lv.png","away",90,15,6,22,"18",0.5,31,62,0,18,76.7,23,30,"13",4,"32",6,0,0,0.263,5,19,26,0,8,"10",8,3,"s:40~l:59~t:3","dallas-wings","Dallas","Wings","DAL","Dallas Wings","Wings","002b5c","c4d600","https://a.espncdn.com/i/teamlogos/wnba/500/dal.png",93,3,-3
2024,401620397,2024,2,2024-08-28,2024-08-28 19:00:00,5,"s:40~l:59~t:5","indiana-fever","Indiana","Fever","IND","Indiana Fever","Fever","002d62","e03a3e","https://a.espncdn.com/i/teamlogos/wnba/500/ind.png","home",84,TRUE,20,5,27,"5",0.47,31,66,0,17,81.8,9,11,"9",8,"28",5,1,1,0.433,13,30,35,1,20,"20",19,18,"s:40~l:59~t:18","connecticut-sun","Connecticut","Sun","CONN","Connecticut Sun","Sun","f05023","0a2240","https://a.espncdn.com/i/teamlogos/wnba/500/conn.png",80,"W",2024,2,2024-08-28,2024-08-28 19:00:00,18,"s:40~l:59~t:18","connecticut-sun","Connecticut","Sun","CONN","Connecticut Sun","Sun","f05023","0a2240","https://a.espncdn.com/i/teamlogos/wnba/500/conn.png","away",80,19,4,23,"25",0.455,30,66,0,13,70.6,12,17,"6",4,"38",14,2,0,0.333,8,24,27,0,16,"21",14,5,"s:40~l:59~t:5","indiana-fever","Indiana","Fever","IND","Indiana Fever","Fever","002d62","e03a3e","https://a.espncdn.com/i/teamlogos/wnba/500/ind.png",84,4,-4
2024,401620398,2024,2,2024-08-28,2024-08-28 20:00:00,19,"s:40~l:59~t:19","chicago-sky","Chicago","Sky","CHI","Chicago Sky","Sky","5091cd","ffd520","https://a.espncdn.com/i/teamlogos/wnba/500/chi.png","home",70,FALSE,19,4,26,"2",0.466,27,58,0,17,73.3,11,15,"7",10,"42",2,2,0,0.357,5,14,36,0,23,"21",21,16,"s:40~l:59~t:16","washington-mystics","Washington","Mystics","WSH","Washington Mystics","Mystics","e03a3e","002b5c","https://a.espncdn.com/i/teamlogos/wnba/500/wsh.png",74,"L",2024,2,2024-08-28,2024-08-28 20:00:00,16,"s:40~l:59~t:16","washington-mystics","Washington","Mystics","WSH","Washington Mystics","Mystics","e03a3e","002b5c","https://a.espncdn.com/i/teamlogos/wnba/500/wsh.png","away",74,19,6,18,"14",0.439,29,66,0,13,61.5,8,13,"12",7,"34",10,1,0,0.381,8,21,25,0,13,"14",12,19,"s:40~l:59~t:19","chicago-sky","Chicago","Sky","CHI","Chicago Sky","Sky","5091cd","ffd520","https://a.espncdn.com/i/teamlogos/wnba/500/chi.png",70,-4,4
2024,401620399,2024,2,2024-08-28,2024-08-28 22:00:00,6,"s:40~l:59~t:6","los-angeles-sparks","Los Angeles","Sparks","LA","Los Angeles Sparks","Sparks","552583","fdb927","https://a.espncdn.com/i/teamlogos/wnba/500/la.png","home",94,TRUE,24,4,23,"17",0.515,35,68,0,16,72.7,16,22,"14",5,"48",12,2,0,0.381,8,21,28,0,12,"11",10,9,"s:40~l:59~t:9","new-york-liberty","New York","Liberty","NY","New York Liberty","Liberty","86cebc","000000","https://a.espncdn.com/i/teamlogos/wnba/500/ny.png",88,"W",2024,2,2024-08-28,2024-08-28 22:00:00,9,"s:40~l:59~t:9","new-york-liberty","New York","Liberty","NY","New York Liberty","Liberty","86cebc","000000","https://a.espncdn.com/i/teamlogos/wnba/500/ny.png","away",88,25,5,25,"4",0.508,32,63,0,22,73.7,14,19,"1",7,"44",4,1,0,0.357,10,28,32,0,20,"29",19,6,"s:40~l:59~t:6","los-angeles-sparks","Los Angeles","Sparks","LA","Los Angeles Sparks","Sparks","552583","fdb927","https://a.espncdn.com/i/teamlogos/wnba/500/la.png",94,6,-6
2024,401620400,2024,2,2024-08-28,2024-08-28 22:00:00,11,"s:40~l:59~t:11","phoenix-mercury","Phoenix","Mercury","PHX","Phoenix Mercury","Mercury","3c286e","e56020","https://a.espncdn.com/i/teamlogos/wnba/500/phx.png","home",76,FALSE,15,3,24,"4",0.382,26,68,0,15,73.9,17,23,"2",13,"30",7,0,3,0.304,7,23,37,3,19,"25",19,8,"s:40~l:59~t:8","minnesota-lynx","Minnesota","Lynx","MIN","Minnesota Lynx","Lynx","266092","79bc43","https://a.espncdn.com/i/teamlogos/wnba/500/min.png",89,"L",2024,2,2024-08-28,2024-08-28 22:00:00,8,"s:40~l:59~t:8","minnesota-lynx","Minnesota","Lynx","MIN","Minnesota Lynx","Lynx","266092","79bc43","https://a.espncdn.com/i/teamlogos/wnba/500/min.png","away",89,25,4,27,"18",0.458,33,72,0,16,75,12,16,"23",12,"28",9,1,1,0.423,11,26,39,1,15,"15",14,11,"s:40~l:59~t:11","phoenix-mercury","Phoenix","Mercury","PHX","Phoenix Mercury","Mercury","3c286e","e56020","https://a.espncdn.com/i/teamlogos/wnba/500/phx.png",76,-13,13
2024,401620401,2024,2,2024-08-28,2024-08-28 22:00:00,14,"s:40~l:59~t:14","seattle-storm","Seattle","Storm","SEA","Seattle Storm","Storm","2c5235","fee11a","https://a.espncdn.com/i/teamlogos/wnba/500/sea.png","home",85,TRUE,19,5,32,"13",0.431,31,72,1,12,83.3,15,18,"13",5,"34",6,1,0,0.471,8,17,37,0,8,"6",7,20,"s:40~l:59~t:20","atlanta-dream","Atlanta","Dream","ATL","Atlanta Dream","Dream","e31837","5091cc","https://a.espncdn.com/i/teamlogos/wnba/500/atl.png",81,"W",2024,2,2024-08-28,2024-08-28 22:00:00,20,"s:40~l:59~t:20","atlanta-dream","Atlanta","Dream","ATL","Atlanta Dream","Dream","e31837","5091cc","https://a.espncdn.com/i/teamlogos/wnba/500/atl.png","away",81,23,5,29,"2",0.438,32,73,0,17,91.7,11,12,"4",7,"46",5,1,1,0.286,6,21,36,1,14,"17",13,14,"s:40~l:59~t:14","seattle-storm","Seattle","Storm","SEA","Seattle Storm","Storm","2c5235","fee11a","https://a.espncdn.com/i/teamlogos/wnba/500/sea.png",85,4,-4
2024,401620402,2024,2,2024-08-30,2024-08-30 19:30:00,19,"s:40~l:59~t:19","chicago-sky","Chicago","Sky","CHI","Chicago Sky","Sky","5091cd","ffd520","https://a.espncdn.com/i/teamlogos/wnba/500/chi.png","home",81,FALSE,24,1,29,"10",0.403,29,72,2,21,66.7,14,21,"13",13,"30",6,2,1,0.36,9,25,42,1,15,"25",13,5,"s:40~l:59~t:5","indiana-fever","Indiana","Fever","IND","Indiana Fever","Fever","002d62","e03a3e","https://a.espncdn.com/i/teamlogos/wnba/500/ind.png",100,"L",2024,2,2024-08-30,2024-08-30 19:30:00,5,"s:40~l:59~t:5","indiana-fever","Indiana","Fever","IND","Indiana Fever","Fever","002d62","e03a3e","https://a.espncdn.com/i/teamlogos/wnba/500/ind.png","away",100,26,5,26,"17",0.485,32,66,0,22,79.3,23,29,"27",5,"28",9,0,1,0.448,13,29,31,1,11,"5",11,19,"s:40~l:59~t:19","chicago-sky","Chicago","Sky","CHI","Chicago Sky","Sky","5091cd","ffd520","https://a.espncdn.com/i/teamlogos/wnba/500/chi.png",81,-19,19
2024,401620403,2024,2,2024-08-30,2024-08-30 19:30:00,3,"s:40~l:59~t:3","dallas-wings","Dallas","Wings","DAL","Dallas Wings","Wings","002b5c","c4d600","https://a.espncdn.com/i/teamlogos/wnba/500/dal.png","home",94,TRUE,21,3,27,"15",0.482,40,83,0,13,63.6,7,11,"20",11,"50",10,0,1,0.389,7,18,38,1,8,"5",8,8,"s:40~l:59~t:8","minnesota-lynx","Minnesota","Lynx","MIN","Minnesota Lynx","Lynx","266092","79bc43","https://a.espncdn.com/i/teamlogos/wnba/500/min.png",76,"W",2024,2,2024-08-30,2024-08-30 19:30:00,8,"s:40~l:59~t:8","minnesota-lynx","Minnesota","Lynx","MIN","Minnesota Lynx","Lynx","266092","79bc43","https://a.espncdn.com/i/teamlogos/wnba/500/min.png","away",76,20,5,27,"6",0.397,27,68,0,14,92.3,12,13,"2",5,"20",4,2,0,0.286,10,35,32,0,16,"25",14,3,"s:40~l:59~t:3","dallas-wings","Dallas","Wings","DAL","Dallas Wings","Wings","002b5c","c4d600","https://a.espncdn.com/i/teamlogos/wnba/500/dal.png",94,18,-18
2024,401620404,2024,2,2024-08-30,2024-08-30 22:00:00,17,"s:40~l:59~t:17","las-vegas-aces","Las Vegas","Aces","LV","Las Vegas Aces","Aces","a7a8aa","000000","https://a.espncdn.com/i/teamlogos/wnba/500/lv.png","home",83,TRUE,19,8,31,"7",0.449,31,69,0,13,68.8,11,16,"12",8,"34",4,1,0,0.345,10,29,39,0,6,"6",5,20,"s:40~l:59~t:20","atlanta-dream","Atlanta","Dream","ATL","Atlanta Dream","Dream","e31837","5091cc","https://a.espncdn.com/i/teamlogos/wnba/500/atl.png",72,"W",2024,2,2024-08-30,2024-08-30 22:00:00,20,"s:40~l:59~t:20","atlanta-dream","Atlanta","Dream","ATL","Atlanta Dream","Dream","e31837","5091cc","https://a.espncdn.com/i/teamlogos/wnba/500/atl.png","away",72,16,3,31,"8",0.366,26,71,0,13,69.2,9,13,"4",10,"24",4,1,0,0.379,11,29,41,0,10,"14",9,17,"s:40~l:59~t:17","las-vegas-aces","Las Vegas","Aces","LV","Las Vegas Aces","Aces","a7a8aa","000000","https://a.espncdn.com/i/teamlogos/wnba/500/lv.png",83,11,-11
2024,401620405,2024,2,2024-08-30,2024-08-30 22:00:00,14,"s:40~l:59~t:14","seattle-storm","Seattle","Storm","SEA","Seattle Storm","Storm","2c5235","fee11a","https://a.espncdn.com/i/teamlogos/wnba/500/sea.png","home",85,FALSE,19,3,11,"11",0.465,33,71,0,19,93.3,14,15,"7",6,"48",9,0,0,0.217,5,23,17,0,5,"7",5,9,"s:40~l:59~t:9","new-york-liberty","New York","Liberty","NY","New York Liberty","Liberty","86cebc","000000","https://a.espncdn.com/i/teamlogos/wnba/500/ny.png",98,"L",2024,2,2024-08-30,2024-08-30 22:00:00,9,"s:40~l:59~t:9","new-york-liberty","New York","Liberty","NY","New York Liberty","Liberty","86cebc","000000","https://a.espncdn.com/i/teamlogos/wnba/500/ny.png","away",98,23,2,28,"8",0.507,34,67,0,12,90,18,20,"13",17,"42",4,2,0,0.462,12,26,45,0,18,"24",16,14,"s:40~l:59~t:14","seattle-storm","Seattle","Storm","SEA","Seattle Storm","Storm","2c5235","fee11a","https://a.espncdn.com/i/teamlogos/wnba/500/sea.png",85,-13,13
2024,401620406,2024,2,2024-08-31,2024-08-31 15:00:00,16,"s:40~l:59~t:16","washington-mystics","Washington","Mystics","WSH","Washington Mystics","Mystics","e03a3e","002b5c","https://a.espncdn.com/i/teamlogos/wnba/500/wsh.png","home",85,FALSE,23,3,19,"8",0.476,30,63,0,20,73.3,11,15,"2",6,"26",8,2,0,0.467,14,30,25,0,18,"26",16,18,"s:40~l:59~t:18","connecticut-sun","Connecticut","Sun","CONN","Connecticut Sun","Sun","f05023","0a2240","https://a.espncdn.com/i/teamlogos/wnba/500/conn.png",96,"L",2024,2,2024-08-31,2024-08-31 15:00:00,18,"s:40~l:59~t:18","connecticut-sun","Connecticut","Sun","CONN","Connecticut Sun","Sun","f05023","0a2240","https://a.espncdn.com/i/teamlogos/wnba/500/conn.png","away",96,23,3,24,"16",0.5,30,60,0,15,100,22,22,"20",5,"28",10,1,0,0.609,14,23,29,0,17,"18",16,16,"s:40~l:59~t:16","washington-mystics","Washington","Mystics","WSH","Washington Mystics","Mystics","e03a3e","002b5c","https://a.espncdn.com/i/teamlogos/wnba/500/wsh.png",85,-11,11
2024,401620407,2024,2,2024-09-01,2024-09-01 13:00:00,18,"s:40~l:59~t:18","connecticut-sun","Connecticut","Sun","CONN","Connecticut Sun","Sun","f05023","0a2240","https://a.espncdn.com/i/teamlogos/wnba/500/conn.png","home",93,TRUE,19,7,23,"10",0.542,32,59,0,18,68.4,26,38,"13",9,"56",7,1,1,0.333,3,9,32,1,15,"15",14,14,"s:40~l:59~t:14","seattle-storm","Seattle","Storm","SEA","Seattle Storm","Storm","2c5235","fee11a","https://a.espncdn.com/i/teamlogos/wnba/500/sea.png",86,"W",2024,2,2024-09-01,2024-09-01 13:00:00,14,"s:40~l:59~t:14","seattle-storm","Seattle","Storm","SEA","Seattle Storm","Storm","2c5235","fee11a","https://a.espncdn.com/i/teamlogos/wnba/500/sea.png","away",86,22,3,22,"8",0.423,30,71,0,25,91.7,22,24,"2",9,"42",9,0,0,0.19,4,21,31,0,12,"12",12,18,"s:40~l:59~t:18","connecticut-sun","Connecticut","Sun","CONN","Connecticut Sun","Sun","f05023","0a2240","https://a.espncdn.com/i/teamlogos/wnba/500/conn.png",93,7,-7
2024,401620408,2024,2,2024-09-01,2024-09-01 15:00:00,8,"s:40~l:59~t:8","minnesota-lynx","Minnesota","Lynx","MIN","Minnesota Lynx","Lynx","266092","79bc43","https://a.espncdn.com/i/teamlogos/wnba/500/min.png","home",79,TRUE,23,2,15,"14",0.457,32,70,0,15,83.3,10,12,"13",9,"26",10,0,1,0.227,5,22,24,1,10,"10",10,19,"s:40~l:59~t:19","chicago-sky","Chicago","Sky","CHI","Chicago Sky","Sky","5091cd","ffd520","https://a.espncdn.com/i/teamlogos/wnba/500/chi.png",74,"W",2024,2,2024-09-01,2024-09-01 15:00:00,19,"s:40~l:59~t:19","chicago-sky","Chicago","Sky","CHI","Chicago Sky","Sky","5091cd","ffd520","https://a.espncdn.com/i/teamlogos/wnba/500/chi.png","away",74,15,1,27,"10",0.458,27,59,0,18,94.7,18,19,"0",11,"42",5,0,1,0.222,2,9,38,1,21,"27",21,8,"s:40~l:59~t:8","minnesota-lynx","Minnesota","Lynx","MIN","Minnesota Lynx","Lynx","266092","79bc43","https://a.espncdn.com/i/teamlogos/wnba/500/min.png",79,5,-5
2024,401620409,2024,2,2024-09-01,2024-09-01 16:00:00,3,"s:40~l:59~t:3","dallas-wings","Dallas","Wings","DAL","Dallas Wings","Wings","002b5c","c4d600","https://a.espncdn.com/i/teamlogos/wnba/500/dal.png","home",93,FALSE,22,2,26,"14",0.392,29,74,1,18,81.5,22,27,"9",8,"24",8,0,1,0.419,13,31,34,1,13,"7",13,5,"s:40~l:59~t:5","indiana-fever","Indiana","Fever","IND","Indiana Fever","Fever","002d62","e03a3e","https://a.espncdn.com/i/teamlogos/wnba/500/ind.png",100,"L",2024,2,2024-09-01,2024-09-01 16:00:00,5,"s:40~l:59~t:5","indiana-fever","Indiana","Fever","IND","Indiana Fever","Fever","002d62","e03a3e","https://a.espncdn.com/i/teamlogos/wnba/500/ind.png","away",100,24,9,29,"13",0.529,37,70,0,21,88.2,15,17,"8",9,"38",7,0,0,0.5,11,22,38,0,20,"24",20,3,"s:40~l:59~t:3","dallas-wings","Dallas","Wings","DAL","Dallas Wings","Wings","002b5c","c4d600","https://a.espncdn.com/i/teamlogos/wnba/500/dal.png",93,-7,7
2024,401620411,2024,2,2024-09-01,2024-09-01 16:00:00,11,"s:40~l:59~t:11","phoenix-mercury","Phoenix","Mercury","PHX","Phoenix Mercury","Mercury","3c286e","e56020","https://a.espncdn.com/i/teamlogos/wnba/500/phx.png","home",79,FALSE,23,2,20,"12",0.475,29,61,0,14,77.8,14,18,"2",4,"34",9,0,3,0.318,7,22,24,3,15,"21",15,17,"s:40~l:59~t:17","las-vegas-aces","Las Vegas","Aces","LV","Las Vegas Aces","Aces","a7a8aa","000000","https://a.espncdn.com/i/teamlogos/wnba/500/lv.png",97,"L",2024,2,2024-09-01,2024-09-01 16:00:00,17,"s:40~l:59~t:17","las-vegas-aces","Las Vegas","Aces","LV","Las Vegas Aces","Aces","a7a8aa","000000","https://a.espncdn.com/i/teamlogos/wnba/500/lv.png","away",97,32,2,29,"14",0.561,37,66,0,15,80,12,15,"34",6,"44",10,1,0,0.344,11,32,35,0,14,"16",13,11,"s:40~l:59~t:11","phoenix-mercury","Phoenix","Mercury","PHX","Phoenix Mercury","Mercury","3c286e","e56020","https://a.espncdn.com/i/teamlogos/wnba/500/phx.png",79,-18,18
2024,401620410,2024,2,2024-09-01,2024-09-01 19:00:00,6,"s:40~l:59~t:6","los-angeles-sparks","Los Angeles","Sparks","LA","Los Angeles Sparks","Sparks","552583","fdb927","https://a.espncdn.com/i/teamlogos/wnba/500/la.png","home",62,FALSE,14,2,24,"8",0.371,23,62,0,14,72.2,13,18,"0",7,"36",5,0,0,0.143,3,21,31,0,9,"9",9,20,"s:40~l:59~t:20","atlanta-dream","Atlanta","Dream","ATL","Atlanta Dream","Dream","e31837","5091cc","https://a.espncdn.com/i/teamlogos/wnba/500/atl.png",80,"L",2024,2,2024-09-01,2024-09-01 19:00:00,20,"s:40~l:59~t:20","atlanta-dream","Atlanta","Dream","ATL","Atlanta Dream","Dream","e31837","5091cc","https://a.espncdn.com/i/teamlogos/wnba/500/atl.png","away",80,22,3,29,"10",0.457,32,70,0,17,69.2,9,13,"27",13,"38",4,0,0,0.412,7,17,42,0,9,"12",9,6,"s:40~l:59~t:6","los-angeles-sparks","Los Angeles","Sparks","LA","Los Angeles Sparks","Sparks","552583","fdb927","https://a.espncdn.com/i/teamlogos/wnba/500/la.png",62,-18,18
2024,401620412,2024,2,2024-09-03,2024-09-03 19:00:00,18,"s:40~l:59~t:18","connecticut-sun","Connecticut","Sun","CONN","Connecticut Sun","Sun","f05023","0a2240","https://a.espncdn.com/i/teamlogos/wnba/500/conn.png","home",64,FALSE,18,3,23,"6",0.414,24,58,0,14,64.7,11,17,"12",7,"34",7,0,1,0.333,5,15,30,1,15,"17",15,14,"s:40~l:59~t:14","seattle-storm","Seattle","Storm","SEA","Seattle Storm","Storm","2c5235","fee11a","https://a.espncdn.com/i/teamlogos/wnba/500/sea.png",71,"L",2024,2,2024-09-03,2024-09-03 19:00:00,14,"s:40~l:59~t:14","seattle-storm","Seattle","Storm","SEA","Seattle Storm","Storm","2c5235","fee11a","https://a.espncdn.com/i/teamlogos/wnba/500/sea.png","away",71,22,8,28,"12",0.468,29,62,0,19,66.7,10,15,"11",3,"40",8,2,0,0.176,3,17,31,0,15,"18",13,18,"s:40~l:59~t:18","connecticut-sun","Connecticut","Sun","CONN","Connecticut Sun","Sun","f05023","0a2240","https://a.espncdn.com/i/teamlogos/wnba/500/conn.png",64,-7,7
2024,401620413,2024,2,2024-09-03,2024-09-03 20:00:00,3,"s:40~l:59~t:3","dallas-wings","Dallas","Wings","DAL","Dallas Wings","Wings","002b5c","c4d600","https://a.espncdn.com/i/teamlogos/wnba/500/dal.png","home",86,FALSE,22,7,28,"8",0.431,31,72,0,18,76.9,20,26,"1",16,"48",3,1,1,0.222,4,18,44,1,14,"13",13,16,"s:40~l:59~t:16","washington-mystics","Washington","Mystics","WSH","Washington Mystics","Mystics","e03a3e","002b5c","https://a.espncdn.com/i/teamlogos/wnba/500/wsh.png",90,"L",2024,2,2024-09-03,2024-09-03 20:00:00,16,"s:40~l:59~t:16","washington-mystics","Washington","Mystics","WSH","Washington Mystics","Mystics","e03a3e","002b5c","https://a.espncdn.com/i/teamlogos/wnba/500/wsh.png","away",90,22,6,21,"12",0.403,31,77,0,18,94.1,16,17,"16",12,"24",5,2,0,0.4,12,30,33,0,11,"8",9,3,"s:40~l:59~t:3","dallas-wings","Dallas","Wings","DAL","Dallas Wings","Wings","002b5c","c4d600","https://a.espncdn.com/i/teamlogos/wnba/500/dal.png",86,-4,4
2024,401620414,2024,2,2024-09-03,2024-09-03 22:00:00,17,"s:40~l:59~t:17","las-vegas-aces","Las Vegas","Aces","LV","Las Vegas Aces","Aces","a7a8aa","000000","https://a.espncdn.com/i/teamlogos/wnba/500/lv.png","home",90,TRUE,25,6,26,"12",0.525,32,61,0,15,85.7,18,21,"21",5,"36",12,1,0,0.333,8,24,31,0,13,"13",12,19,"s:40~l:59~t:19","chicago-sky","Chicago","Sky","CHI","Chicago Sky","Sky","5091cd","ffd520","https://a.espncdn.com/i/teamlogos/wnba/500/chi.png",71,"W",2024,2,2024-09-03,2024-09-03 22:00:00,19,"s:40~l:59~t:19","chicago-sky","Chicago","Sky","CHI","Chicago Sky","Sky","5091cd","ffd520","https://a.espncdn.com/i/teamlogos/wnba/500/chi.png","away",71,16,2,23,"8",0.417,25,60,0,18,73.7,14,19,"2",6,"28",8,1,0,0.389,7,18,29,0,18,"19",17,17,"s:40~l:59~t:17","las-vegas-aces","Las Vegas","Aces","LV","Las Vegas Aces","Aces","a7a8aa","000000","https://a.espncdn.com/i/teamlogos/wnba/500/lv.png",90,19,-19
2024,401620415,2024,2,2024-09-03,2024-09-03 22:00:00,11,"s:40~l:59~t:11","phoenix-mercury","Phoenix","Mercury","PHX","Phoenix Mercury","Mercury","3c286e","e56020","https://a.espncdn.com/i/teamlogos/wnba/500/phx.png","home",74,TRUE,18,4,26,"8",0.418,23,55,0,15,84.6,22,26,"16",7,"18",7,2,0,0.24,6,25,33,0,19,"20",17,20,"s:40~l:59~t:20","atlanta-dream","Atlanta","Dream","ATL","Atlanta Dream","Dream","e31837","5091cc","https://a.espncdn.com/i/teamlogos/wnba/500/atl.png",66,"W",2024,2,2024-09-03,2024-09-03 22:00:00,20,"s:40~l:59~t:20","atlanta-dream","Atlanta","Dream","ATL","Atlanta Dream","Dream","e31837","5091cc","https://a.espncdn.com/i/teamlogos/wnba/500/atl.png","away",66,15,4,22,"8",0.353,24,68,0,19,78.6,11,14,"0",7,"26",7,1,1,0.28,7,25,29,1,14,"8",13,11,"s:40~l:59~t:11","phoenix-mercury","Phoenix","Mercury","PHX","Phoenix Mercury","Mercury","3c286e","e56020","https://a.espncdn.com/i/teamlogos/wnba/500/phx.png",74,8,-8
2024,401620416,2024,2,2024-09-04,2024-09-04 19:00:00,5,"s:40~l:59~t:5","indiana-fever","Indiana","Fever","IND","Indiana Fever","Fever","002d62","e03a3e","https://a.espncdn.com/i/teamlogos/wnba/500/ind.png","home",93,TRUE,18,4,32,"9",0.493,33,67,0,15,83.3,20,24,"9",8,"46",5,1,0,0.318,7,22,40,0,19,"19",18,6,"s:40~l:59~t:6","los-angeles-sparks","Los Angeles","Sparks","LA","Los Angeles Sparks","Sparks","552583","fdb927","https://a.espncdn.com/i/teamlogos/wnba/500/la.png",86,"W",2024,2,2024-09-04,2024-09-04 19:00:00,6,"s:40~l:59~t:6","los-angeles-sparks","Los Angeles","Sparks","LA","Los Angeles Sparks","Sparks","552583","fdb927","https://a.espncdn.com/i/teamlogos/wnba/500/la.png","away",86,17,3,22,"13",0.403,31,77,0,19,82.4,14,17,"6",6,"40",9,1,0,0.37,10,27,28,0,13,"16",12,5,"s:40~l:59~t:5","indiana-fever","Indiana","Fever","IND","Indiana Fever","Fever","002d62","e03a3e","https://a.espncdn.com/i/teamlogos/wnba/500/ind.png",93,7,-7
2024,401620417,2024,2,2024-09-05,2024-09-05 19:00:00,9,"s:40~l:59~t:9","new-york-liberty","New York","Liberty","NY","New York Liberty","Liberty","86cebc","000000","https://a.espncdn.com/i/teamlogos/wnba/500/ny.png","home",77,TRUE,24,10,28,"19",0.386,27,70,0,11,84.6,11,13,"11",10,"26",8,3,0,0.444,12,27,38,0,15,"15",12,14,"s:40~l:59~t:14","seattle-storm","Seattle","Storm","SEA","Seattle Storm","Storm","2c5235","fee11a","https://a.espncdn.com/i/teamlogos/wnba/500/sea.png",70,"W",2024,2,2024-09-05,2024-09-05 19:00:00,14,"s:40~l:59~t:14","seattle-storm","Seattle","Storm","SEA","Seattle Storm","Storm","2c5235","fee11a","https://a.espncdn.com/i/teamlogos/wnba/500/sea.png","away",70,16,6,25,"2",0.429,30,70,0,10,66.7,4,6,"4",8,"30",5,1,0,0.3,6,20,33,0,14,"10",13,9,"s:40~l:59~t:9","new-york-liberty","New York","Liberty","NY","New York Liberty","Liberty","86cebc","000000","https://a.espncdn.com/i/teamlogos/wnba/500/ny.png",77,7,-7
2024,401620418,2024,2,2024-09-05,2024-09-05 22:00:00,11,"s:40~l:59~t:11","phoenix-mercury","Phoenix","Mercury","PHX","Phoenix Mercury","Mercury","3c286e","e56020","https://a.espncdn.com/i/teamlogos/wnba/500/phx.png","home",77,FALSE,22,5,24,"4",0.397,27,68,0,13,82.4,14,17,"3",9,"26",4,0,0,0.3,9,30,33,0,17,"22",17,16,"s:40~l:59~t:16","washington-mystics","Washington","Mystics","WSH","Washington Mystics","Mystics","e03a3e","002b5c","https://a.espncdn.com/i/teamlogos/wnba/500/wsh.png",90,"L",2024,2,2024-09-05,2024-09-05 22:00:00,16,"s:40~l:59~t:16","washington-mystics","Washington","Mystics","WSH","Washington Mystics","Mystics","e03a3e","002b5c","https://a.espncdn.com/i/teamlogos/wnba/500/wsh.png","away",90,25,5,25,"10",0.529,36,68,0,17,80,4,5,"25",5,"28",10,0,0,0.5,14,28,30,0,12,"6",12,11,"s:40~l:59~t:11","phoenix-mercury","Phoenix","Mercury","PHX","Phoenix Mercury","Mercury","3c286e","e56020","https://a.espncdn.com/i/teamlogos/wnba/500/phx.png",77,-13,13
2024,401620419,2024,2,2024-09-06,2024-09-06 19:30:00,20,"s:40~l:59~t:20","atlanta-dream","Atlanta","Dream","ATL","Atlanta Dream","Dream","e31837","5091cc","https://a.espncdn.com/i/teamlogos/wnba/500/atl.png","home",107,TRUE,24,3,23,"10",0.5,39,78,0,18,65.6,21,32,"11",14,"50",7,1,0,0.32,8,25,37,0,10,"12",9,3,"s:40~l:59~t:3","dallas-wings","Dallas","Wings","DAL","Dallas Wings","Wings","002b5c","c4d600","https://a.espncdn.com/i/teamlogos/wnba/500/dal.png",96,"W",2024,2,2024-09-06,2024-09-06 19:30:00,3,"s:40~l:59~t:3","dallas-wings","Dallas","Wings","DAL","Dallas Wings","Wings","002b5c","c4d600","https://a.espncdn.com/i/teamlogos/wnba/500/dal.png","away",96,26,3,23,"18",0.493,35,71,0,24,81.8,18,22,"16",10,"38",5,0,0,0.4,8,20,33,0,18,"26",18,20,"s:40~l:59~t:20","atlanta-dream","Atlanta","Dream","ATL","Atlanta Dream","Dream","e31837","5091cc","https://a.espncdn.com/i/teamlogos/wnba/500/atl.png",107,11,-11
2024,401620420,2024,2,2024-09-06,2024-09-06 19:30:00,18,"s:40~l:59~t:18","connecticut-sun","Connecticut","Sun","CONN","Connecticut Sun","Sun","f05023","0a2240","https://a.espncdn.com/i/teamlogos/wnba/500/conn.png","home",67,FALSE,16,4,28,"9",0.446,25,56,0,19,82.4,14,17,"15",5,"36",10,1,1,0.188,3,16,33,1,19,"16",18,17,"s:40~l:59~t:17","las-vegas-aces","Las Vegas","Aces","LV","Las Vegas Aces","Aces","a7a8aa","000000","https://a.espncdn.com/i/teamlogos/wnba/500/lv.png",72,"L",2024,2,2024-09-06,2024-09-06 19:30:00,17,"s:40~l:59~t:17","las-vegas-aces","Las Vegas","Aces","LV","Las Vegas Aces","Aces","a7a8aa","000000","https://a.espncdn.com/i/teamlogos/wnba/500/lv.png","away",72,17,2,26,"10",0.385,25,65,0,16,84.2,16,19,"5",7,"32",9,1,0,0.3,6,20,33,0,15,"12",14,18,"s:40~l:59~t:18","connecticut-sun","Connecticut","Sun","CONN","Connecticut Sun","Sun","f05023","0a2240","https://a.espncdn.com/i/teamlogos/wnba/500/conn.png",67,-5,5
2024,401620421,2024,2,2024-09-06,2024-09-06 19:30:00,5,"s:40~l:59~t:5","indiana-fever","Indiana","Fever","IND","Indiana Fever","Fever","002d62","e03a3e","https://a.espncdn.com/i/teamlogos/wnba/500/ind.png","home",88,FALSE,19,3,24,"17",0.427,32,75,0,22,84.6,11,13,"11",12,"34",3,0,1,0.448,13,29,36,1,14,"15",14,8,"s:40~l:59~t:8","minnesota-lynx","Minnesota","Lynx","MIN","Minnesota Lynx","Lynx","266092","79bc43","https://a.espncdn.com/i/teamlogos/wnba/500/min.png",99,"L",2024,2,2024-09-06,2024-09-06 19:30:00,8,"s:40~l:59~t:8","minnesota-lynx","Minnesota","Lynx","MIN","Minnesota Lynx","Lynx","266092","79bc43","https://a.espncdn.com/i/teamlogos/wnba/500/min.png","away",99,25,4,27,"6",0.452,33,73,0,16,80,20,25,"13",10,"34",7,1,0,0.406,13,32,37,0,10,"10",9,5,"s:40~l:59~t:5","indiana-fever","Indiana","Fever","IND","Indiana Fever","Fever","002d62","e03a3e","https://a.espncdn.com/i/teamlogos/wnba/500/ind.png",88,-11,11
2024,401620422,2024,2,2024-09-06,2024-09-06 21:30:00,19,"s:40~l:59~t:19","chicago-sky","Chicago","Sky","CHI","Chicago Sky","Sky","5091cd","ffd520","https://a.espncdn.com/i/teamlogos/wnba/500/chi.png","home",92,TRUE,24,5,28,"10",0.514,36,70,0,18,92.9,13,14,"18",7,"48",9,1,0,0.438,7,16,35,0,14,"18",13,6,"s:40~l:59~t:6","los-angeles-sparks","Los Angeles","Sparks","LA","Los Angeles Sparks","Sparks","552583","fdb927","https://a.espncdn.com/i/teamlogos/wnba/500/la.png",78,"W",2024,2,2024-09-06,2024-09-06 21:30:00,6,"s:40~l:59~t:6","los-angeles-sparks","Los Angeles","Sparks","LA","Los Angeles Sparks","Sparks","552583","fdb927","https://a.espncdn.com/i/teamlogos/wnba/500/la.png","away",78,23,4,20,"23",0.439,29,66,0,18,75,15,20,"8",6,"44",9,1,0,0.25,5,20,26,0,14,"12",13,19,"s:40~l:59~t:19","chicago-sky","Chicago","Sky","CHI","Chicago Sky","Sky","5091cd","ffd520","https://a.espncdn.com/i/teamlogos/wnba/500/chi.png",92,14,-14
2024,401620423,2024,2,2024-09-07,2024-09-07 21:00:00,14,"s:40~l:59~t:14","seattle-storm","Seattle","Storm","SEA","Seattle Storm","Storm","2c5235","fee11a","https://a.espncdn.com/i/teamlogos/wnba/500/sea.png","home",90,TRUE,26,3,31,"5",0.429,36,84,0,11,85.7,6,7,"24",15,"40",8,0,1,0.375,12,32,46,1,6,"5",6,11,"s:40~l:59~t:11","phoenix-mercury","Phoenix","Mercury","PHX","Phoenix Mercury","Mercury","3c286e","e56020","https://a.espncdn.com/i/teamlogos/wnba/500/phx.png",66,"W",2024,2,2024-09-07,2024-09-07 21:00:00,11,"s:40~l:59~t:11","phoenix-mercury","Phoenix","Mercury","PHX","Phoenix Mercury","Mercury","3c286e","e56020","https://a.espncdn.com/i/teamlogos/wnba/500/phx.png","away",66,20,4,27,"4",0.364,24,66,0,11,88.9,8,9,"3",7,"24",4,0,0,0.345,10,29,34,0,13,"7",13,14,"s:40~l:59~t:14","seattle-storm","Seattle","Storm","SEA","Seattle Storm","Storm","2c5235","fee11a","https://a.espncdn.com/i/teamlogos/wnba/500/sea.png",90,24,-24
2024,401620424,2024,2,2024-09-08,2024-09-08 15:00:00,16,"s:40~l:59~t:16","washington-mystics","Washington","Mystics","WSH","Washington Mystics","Mystics","e03a3e","002b5c","https://a.espncdn.com/i/teamlogos/wnba/500/wsh.png","home",71,FALSE,19,3,27,"7",0.414,29,70,0,15,66.7,2,3,"6",8,"26",6,2,0,0.344,11,32,35,0,16,"21",14,8,"s:40~l:59~t:8","minnesota-lynx","Minnesota","Lynx","MIN","Minnesota Lynx","Lynx","266092","79bc43","https://a.espncdn.com/i/teamlogos/wnba/500/min.png",78,"L",2024,2,2024-09-08,2024-09-08 15:00:00,8,"s:40~l:59~t:8","minnesota-lynx","Minnesota","Lynx","MIN","Minnesota Lynx","Lynx","266092","79bc43","https://a.espncdn.com/i/teamlogos/wnba/500/min.png","away",78,19,1,31,"7",0.409,27,66,0,11,100,17,17,"7",7,"28",7,0,0,0.292,7,24,38,0,16,"13",16,16,"s:40~l:59~t:16","washington-mystics","Washington","Mystics","WSH","Washington Mystics","Mystics","e03a3e","002b5c","https://a.espncdn.com/i/teamlogos/wnba/500/wsh.png",71,-7,7
2024,401620425,2024,2,2024-09-08,2024-09-08 16:00:00,5,"s:40~l:59~t:5","indiana-fever","Indiana","Fever","IND","Indiana Fever","Fever","002d62","e03a3e","https://a.espncdn.com/i/teamlogos/wnba/500/ind.png","home",104,TRUE,23,4,30,"12",0.544,37,68,0,19,80,20,25,"5",7,"40",5,2,0,0.4,10,25,37,0,19,"9",17,20,"s:40~l:59~t:20","atlanta-dream","Atlanta","Dream","ATL","Atlanta Dream","Dream","e31837","5091cc","https://a.espncdn.com/i/teamlogos/wnba/500/atl.png",100,"W",2024,2,2024-09-08,2024-09-08 16:00:00,20,"s:40~l:59~t:20","atlanta-dream","Atlanta","Dream","ATL","Atlanta Dream","Dream","e31837","5091cc","https://a.espncdn.com/i/teamlogos/wnba/500/atl.png","away",100,19,5,23,"7",0.415,39,94,0,21,72.2,13,18,"16",15,"50",8,0,0,0.346,9,26,38,0,8,"9",8,5,"s:40~l:59~t:5","indiana-fever","Indiana","Fever","IND","Indiana Fever","Fever","002d62","e03a3e","https://a.espncdn.com/i/teamlogos/wnba/500/ind.png",104,4,-4
2024,401620426,2024,2,2024-09-08,2024-09-08 16:00:00,9,"s:40~l:59~t:9","new-york-liberty","New York","Liberty","NY","New York Liberty","Liberty","86cebc","000000","https://a.espncdn.com/i/teamlogos/wnba/500/ny.png","home",75,TRUE,21,5,29,"7",0.391,27,69,0,13,72.7,16,22,"20",10,"36",8,0,0,0.208,5,24,39,0,11,"14",11,17,"s:40~l:59~t:17","las-vegas-aces","Las Vegas","Aces","LV","Las Vegas Aces","Aces","a7a8aa","000000","https://a.espncdn.com/i/teamlogos/wnba/500/lv.png",71,"W",2024,2,2024-09-08,2024-09-08 16:00:00,17,"s:40~l:59~t:17","las-vegas-aces","Las Vegas","Aces","LV","Las Vegas Aces","Aces","a7a8aa","000000","https://a.espncdn.com/i/teamlogos/wnba/500/lv.png","away",71,18,4,25,"10",0.359,23,64,0,23,100,10,10,"8",2,"16",7,1,0,0.455,15,33,27,0,12,"13",11,9,"s:40~l:59~t:9","new-york-liberty","New York","Liberty","NY","New York Liberty","Liberty","86cebc","000000","https://a.espncdn.com/i/teamlogos/wnba/500/ny.png",75,4,-4
2024,401620427,2024,2,2024-09-08,2024-09-08 18:00:00,19,"s:40~l:59~t:19","chicago-sky","Chicago","Sky","CHI","Chicago Sky","Sky","5091cd","ffd520","https://a.espncdn.com/i/teamlogos/wnba/500/chi.png","home",92,TRUE,19,4,30,"23",0.5,35,70,0,18,73.9,17,23,"26",8,"46",6,2,0,0.385,5,13,38,0,14,"8",12,3,"s:40~l:59~t:3","dallas-wings","Dallas","Wings","DAL","Dallas Wings","Wings","002b5c","c4d600","https://a.espncdn.com/i/teamlogos/wnba/500/dal.png",77,"W",2024,2,2024-09-08,2024-09-08 18:00:00,3,"s:40~l:59~t:3","dallas-wings","Dallas","Wings","DAL","Dallas Wings","Wings","002b5c","c4d600","https://a.espncdn.com/i/teamlogos/wnba/500/dal.png","away",77,21,4,21,"14",0.405,30,74,0,21,73.7,14,19,"0",13,"42",6,0,1,0.2,3,15,34,1,14,"17",14,19,"s:40~l:59~t:19","chicago-sky","Chicago","Sky","CHI","Chicago Sky","Sky","5091cd","ffd520","https://a.espncdn.com/i/teamlogos/wnba/500/chi.png",92,15,-15
2024,401620428,2024,2,2024-09-08,2024-09-08 21:00:00,6,"s:40~l:59~t:6","los-angeles-sparks","Los Angeles","Sparks","LA","Los Angeles Sparks","Sparks","552583","fdb927","https://a.espncdn.com/i/teamlogos/wnba/500/la.png","home",67,FALSE,15,2,24,"2",0.407,22,54,0,20,80,16,20,"7",4,"24",5,1,0,0.5,7,14,28,0,20,"21",19,18,"s:40~l:59~t:18","connecticut-sun","Connecticut","Sun","CONN","Connecticut Sun","Sun","f05023","0a2240","https://a.espncdn.com/i/teamlogos/wnba/500/conn.png",79,"L",2024,2,2024-09-08,2024-09-08 21:00:00,18,"s:40~l:59~t:18","connecticut-sun","Connecticut","Sun","CONN","Connecticut Sun","Sun","f05023","0a2240","https://a.espncdn.com/i/teamlogos/wnba/500/conn.png","away",79,22,5,25,"12",0.464,32,69,0,16,56.3,9,16,"12",8,"50",9,3,0,0.333,6,18,33,0,14,"7",11,6,"s:40~l:59~t:6","los-angeles-sparks","Los Angeles","Sparks","LA","Los Angeles Sparks","Sparks","552583","fdb927","https://a.espncdn.com/i/teamlogos/wnba/500/la.png",67,-12,12
2024,401620429,2024,2,2024-09-10,2024-09-10 19:30:00,20,"s:40~l:59~t:20","atlanta-dream","Atlanta","Dream","ATL","Atlanta Dream","Dream","e31837","5091cc","https://a.espncdn.com/i/teamlogos/wnba/500/atl.png","home",64,FALSE,12,3,27,"8",0.3,21,70,0,11,89.5,17,19,"2",10,"26",8,0,1,0.278,5,18,37,1,10,"9",10,8,"s:40~l:59~t:8","minnesota-lynx","Minnesota","Lynx","MIN","Minnesota Lynx","Lynx","266092","79bc43","https://a.espncdn.com/i/teamlogos/wnba/500/min.png",76,"L",2024,2,2024-09-10,2024-09-10 19:30:00,8,"s:40~l:59~t:8","minnesota-lynx","Minnesota","Lynx","MIN","Minnesota Lynx","Lynx","266092","79bc43","https://a.espncdn.com/i/teamlogos/wnba/500/min.png","away",76,24,4,33,"10",0.5,32,64,0,17,55.6,5,9,"14",4,"40",7,1,0,0.35,7,20,37,0,11,"4",10,20,"s:40~l:59~t:20","atlanta-dream","Atlanta","Dream","ATL","Atlanta Dream","Dream","e31837","5091cc","https://a.espncdn.com/i/teamlogos/wnba/500/atl.png",64,-12,12
2024,401620430,2024,2,2024-09-10,2024-09-10 20:00:00,3,"s:40~l:59~t:3","dallas-wings","Dallas","Wings","DAL","Dallas Wings","Wings","002b5c","c4d600","https://a.espncdn.com/i/teamlogos/wnba/500/dal.png","home",91,FALSE,24,4,23,"13",0.472,34,72,0,13,89.5,17,19,"0",5,"44",3,0,0,0.25,6,24,28,0,11,"15",11,9,"s:40~l:59~t:9","new-york-liberty","New York","Liberty","NY","New York Liberty","Liberty","86cebc","000000","https://a.espncdn.com/i/teamlogos/wnba/500/ny.png",105,"L",2024,2,2024-09-10,2024-09-10 20:00:00,9,"s:40~l:59~t:9","new-york-liberty","New York","Liberty","NY","New York Liberty","Liberty","86cebc","000000","https://a.espncdn.com/i/teamlogos/wnba/500/ny.png","away",105,33,3,25,"9",0.543,38,70,0,20,92.9,13,14,"25",5,"34",5,0,0,0.552,16,29,30,0,11,"9",11,3,"s:40~l:59~t:3","dallas-wings","Dallas","Wings","DAL","Dallas Wings","Wings","002b5c","c4d600","https://a.espncdn.com/i/teamlogos/wnba/500/dal.png",91,-14,14
2024,401620431,2024,2,2024-09-10,2024-09-10 22:00:00,6,"s:40~l:59~t:6","los-angeles-sparks","Los Angeles","Sparks","LA","Los Angeles Sparks","Sparks","552583","fdb927","https://a.espncdn.com/i/teamlogos/wnba/500/la.png","home",66,FALSE,19,0,22,"10",0.388,26,67,0,14,66.7,8,12,"8",5,"36",9,0,0,0.316,6,19,27,0,15,"22",15,18,"s:40~l:59~t:18","connecticut-sun","Connecticut","Sun","CONN","Connecticut Sun","Sun","f05023","0a2240","https://a.espncdn.com/i/teamlogos/wnba/500/conn.png",86,"L",2024,2,2024-09-10,2024-09-10 22:00:00,18,"s:40~l:59~t:18","connecticut-sun","Connecticut","Sun","CONN","Connecticut Sun","Sun","f05023","0a2240","https://a.espncdn.com/i/teamlogos/wnba/500/conn.png","away",86,24,7,30,"26",0.532,33,62,0,17,85.7,12,14,"28",3,"48",8,0,0,0.381,8,21,33,0,13,"14",13,6,"s:40~l:59~t:6","los-angeles-sparks","Los Angeles","Sparks","LA","Los Angeles Sparks","Sparks","552583","fdb927","https://a.espncdn.com/i/teamlogos/wnba/500/la.png",66,-20,20
2024,401620432,2024,2,2024-09-11,2024-09-11 19:00:00,5,"s:40~l:59~t:5","indiana-fever","Indiana","Fever","IND","Indiana Fever","Fever","002d62","e03a3e","https://a.espncdn.com/i/teamlogos/wnba/500/ind.png","home",75,FALSE,15,3,27,"6",0.397,29,73,0,19,62.5,10,16,"7",7,"40",4,0,0,0.269,7,26,34,0,14,"13",14,17,"s:40~l:59~t:17","las-vegas-aces","Las Vegas","Aces","LV","Las Vegas Aces","Aces","a7a8aa","000000","https://a.espncdn.com/i/teamlogos/wnba/500/lv.png",86,"L",2024,2,2024-09-11,2024-09-11 19:00:00,17,"s:40~l:59~t:17","las-vegas-aces","Las Vegas","Aces","LV","Las Vegas Aces","Aces","a7a8aa","000000","https://a.espncdn.com/i/teamlogos/wnba/500/lv.png","away",86,20,6,28,"7",0.443,31,70,0,14,82.4,14,17,"12",6,"24",6,2,1,0.455,10,22,34,1,10,"4",8,5,"s:40~l:59~t:5","indiana-fever","Indiana","Fever","IND","Indiana Fever","Fever","002d62","e03a3e","https://a.espncdn.com/i/teamlogos/wnba/500/ind.png",75,-11,11
2024,401620433,2024,2,2024-09-11,2024-09-11 20:00:00,19,"s:40~l:59~t:19","chicago-sky","Chicago","Sky","CHI","Chicago Sky","Sky","5091cd","ffd520","https://a.espncdn.com/i/teamlogos/wnba/500/chi.png","home",58,FALSE,17,4,21,"2",0.357,25,70,0,20,63.6,7,11,"0",11,"30",7,1,0,0.125,1,8,32,0,16,"19",15,16,"s:40~l:59~t:16","washington-mystics","Washington","Mystics","WSH","Washington Mystics","Mystics","e03a3e","002b5c","https://a.espncdn.com/i/teamlogos/wnba/500/wsh.png",89,"L",2024,2,2024-09-11,2024-09-11 20:00:00,16,"s:40~l:59~t:16","washington-mystics","Washington","Mystics","WSH","Washington Mystics","Mystics","e03a3e","002b5c","https://a.espncdn.com/i/teamlogos/wnba/500/wsh.png","away",89,28,7,28,"14",0.5,34,68,0,13,70.6,12,17,"31",9,"36",9,2,0,0.391,9,23,37,0,13,"11",11,19,"s:40~l:59~t:19","chicago-sky","Chicago","Sky","CHI","Chicago Sky","Sky","5091cd","ffd520","https://a.espncdn.com/i/teamlogos/wnba/500/chi.png",58,-31,31
2024,401620434,2024,2,2024-09-11,2024-09-11 22:00:00,6,"s:40~l:59~t:6","los-angeles-sparks","Los Angeles","Sparks","LA","Los Angeles Sparks","Sparks","552583","fdb927","https://a.espncdn.com/i/teamlogos/wnba/500/la.png","home",82,FALSE,21,3,32,"9",0.492,32,65,0,12,73.3,11,15,"13",6,"48",5,0,1,0.412,7,17,38,1,13,"14",13,14,"s:40~l:59~t:14","seattle-storm","Seattle","Storm","SEA","Seattle Storm","Storm","2c5235","fee11a","https://a.espncdn.com/i/teamlogos/wnba/500/sea.png",90,"L",2024,2,2024-09-11,2024-09-11 22:00:00,14,"s:40~l:59~t:14","seattle-storm","Seattle","Storm","SEA","Seattle Storm","Storm","2c5235","fee11a","https://a.espncdn.com/i/teamlogos/wnba/500/sea.png","away",90,22,10,24,"13",0.471,33,70,0,13,94.7,18,19,"9",3,"40",11,0,0,0.316,6,19,27,0,6,"3",6,6,"s:40~l:59~t:6","los-angeles-sparks","Los Angeles","Sparks","LA","Los Angeles Sparks","Sparks","552583","fdb927","https://a.espncdn.com/i/teamlogos/wnba/500/la.png",82,-8,8
2024,401620435,2024,2,2024-09-12,2024-09-12 20:00:00,3,"s:40~l:59~t:3","dallas-wings","Dallas","Wings","DAL","Dallas Wings","Wings","002b5c","c4d600","https://a.espncdn.com/i/teamlogos/wnba/500/dal.png","home",67,FALSE,17,2,24,"11",0.366,26,71,0,23,68.8,11,16,"0",9,"38",4,2,0,0.222,4,18,33,0,17,"20",15,9,"s:40~l:59~t:9","new-york-liberty","New York","Liberty","NY","New York Liberty","Liberty","86cebc","000000","https://a.espncdn.com/i/teamlogos/wnba/500/ny.png",99,"L",2024,2,2024-09-12,2024-09-12 20:00:00,9,"s:40~l:59~t:9","new-york-liberty","New York","Liberty","NY","New York Liberty","Liberty","86cebc","000000","https://a.espncdn.com/i/teamlogos/wnba/500/ny.png","away",99,25,4,32,"30",0.478,33,69,0,13,80.8,21,26,"32",8,"38",10,0,0,0.4,12,30,40,0,10,"11",10,3,"s:40~l:59~t:3","dallas-wings","Dallas","Wings","DAL","Dallas Wings","Wings","002b5c","c4d600","https://a.espncdn.com/i/teamlogos/wnba/500/dal.png",67,-32,32
2024,401620436,2024,2,2024-09-13,2024-09-13 19:30:00,20,"s:40~l:59~t:20","atlanta-dream","Atlanta","Dream","ATL","Atlanta Dream","Dream","e31837","5091cc","https://a.espncdn.com/i/teamlogos/wnba/500/atl.png","home",69,FALSE,14,3,24,"13",0.288,21,73,0,19,88,22,25,"10",17,"30",12,2,0,0.25,5,20,41,0,16,"15",14,16,"s:40~l:59~t:16","washington-mystics","Washington","Mystics","WSH","Washington Mystics","Mystics","e03a3e","002b5c","https://a.espncdn.com/i/teamlogos/wnba/500/wsh.png",72,"L",2024,2,2024-09-13,2024-09-13 19:30:00,16,"s:40~l:59~t:16","washington-mystics","Washington","Mystics","WSH","Washington Mystics","Mystics","e03a3e","002b5c","https://a.espncdn.com/i/teamlogos/wnba/500/wsh.png","away",72,17,6,25,"9",0.433,26,60,0,18,80,12,15,"11",8,"36",8,3,0,0.381,8,21,33,0,20,"17",17,20,"s:40~l:59~t:20","atlanta-dream","Atlanta","Dream","ATL","Atlanta Dream","Dream","e31837","5091cc","https://a.espncdn.com/i/teamlogos/wnba/500/atl.png",69,-3,3
2024,401620437,2024,2,2024-09-13,2024-09-13 19:30:00,5,"s:40~l:59~t:5","indiana-fever","Indiana","Fever","IND","Indiana Fever","Fever","002d62","e03a3e","https://a.espncdn.com/i/teamlogos/wnba/500/ind.png","home",74,FALSE,17,2,32,"11",0.452,28,62,0,16,55,11,20,"2",3,"34",5,0,1,0.304,7,23,35,1,15,"9",15,17,"s:40~l:59~t:17","las-vegas-aces","Las Vegas","Aces","LV","Las Vegas Aces","Aces","a7a8aa","000000","https://a.espncdn.com/i/teamlogos/wnba/500/lv.png",78,"L",2024,2,2024-09-13,2024-09-13 19:30:00,17,"s:40~l:59~t:17","las-vegas-aces","Las Vegas","Aces","LV","Las Vegas Aces","Aces","a7a8aa","000000","https://a.espncdn.com/i/teamlogos/wnba/500/lv.png","away",78,22,4,30,"5",0.4,28,70,0,18,72.2,13,18,"13",1,"26",7,0,0,0.3,9,30,31,0,9,"8",9,5,"s:40~l:59~t:5","indiana-fever","Indiana","Fever","IND","Indiana Fever","Fever","002d62","e03a3e","https://a.espncdn.com/i/teamlogos/wnba/500/ind.png",74,-4,4
2024,401620438,2024,2,2024-09-13,2024-09-13 19:30:00,3,"s:40~l:59~t:3","dallas-wings","Dallas","Wings","DAL","Dallas Wings","Wings","002b5c","c4d600","https://a.espncdn.com/i/teamlogos/wnba/500/dal.png","home",81,FALSE,20,3,27,"14",0.385,30,78,0,12,89.5,17,19,"21",15,"48",9,1,0,0.222,4,18,42,0,19,"27",18,14,"s:40~l:59~t:14","seattle-storm","Seattle","Storm","SEA","Seattle Storm","Storm","2c5235","fee11a","https://a.espncdn.com/i/teamlogos/wnba/500/sea.png",83,"L",2024,2,2024-09-13,2024-09-13 19:30:00,14,"s:40~l:59~t:14","seattle-storm","Seattle","Storm","SEA","Seattle Storm","Storm","2c5235","fee11a","https://a.espncdn.com/i/teamlogos/wnba/500/sea.png","away",83,23,4,27,"33",0.459,34,74,0,14,100,10,10,"13",5,"48",11,1,0,0.238,5,21,32,0,17,"14",16,3,"s:40~l:59~t:3","dallas-wings","Dallas","Wings","DAL","Dallas Wings","Wings","002b5c","c4d600","https://a.espncdn.com/i/teamlogos/wnba/500/dal.png",81,-2,2
2024,401620439,2024,2,2024-09-13,2024-09-13 19:30:00,8,"s:40~l:59~t:8","minnesota-lynx","Minnesota","Lynx","MIN","Minnesota Lynx","Lynx","266092","79bc43","https://a.espncdn.com/i/teamlogos/wnba/500/min.png","home",83,TRUE,25,4,32,"14",0.452,33,73,0,14,90,9,10,"20",7,"24",8,1,0,0.308,8,26,39,0,11,"15",10,19,"s:40~l:59~t:19","chicago-sky","Chicago","Sky","CHI","Chicago Sky","Sky","5091cd","ffd520","https://a.espncdn.com/i/teamlogos/wnba/500/chi.png",66,"W",2024,2,2024-09-13,2024-09-13 19:30:00,19,"s:40~l:59~t:19","chicago-sky","Chicago","Sky","CHI","Chicago Sky","Sky","5091cd","ffd520","https://a.espncdn.com/i/teamlogos/wnba/500/chi.png","away",66,17,6,25,"2",0.368,25,68,0,12,70.6,12,17,"9",9,"30",4,0,0,0.235,4,17,34,0,12,"15",12,8,"s:40~l:59~t:8","minnesota-lynx","Minnesota","Lynx","MIN","Minnesota Lynx","Lynx","266092","79bc43","https://a.espncdn.com/i/teamlogos/wnba/500/min.png",83,17,-17
2024,401620440,2024,2,2024-09-13,2024-09-13 22:00:00,11,"s:40~l:59~t:11","phoenix-mercury","Phoenix","Mercury","PHX","Phoenix Mercury","Mercury","3c286e","e56020","https://a.espncdn.com/i/teamlogos/wnba/500/phx.png","home",69,FALSE,19,7,27,"6",0.375,27,72,1,16,81.8,9,11,"3",6,"34",4,3,1,0.182,6,33,33,1,10,"17",7,18,"s:40~l:59~t:18","connecticut-sun","Connecticut","Sun","CONN","Connecticut Sun","Sun","f05023","0a2240","https://a.espncdn.com/i/teamlogos/wnba/500/conn.png",88,"L",2024,2,2024-09-13,2024-09-13 22:00:00,18,"s:40~l:59~t:18","connecticut-sun","Connecticut","Sun","CONN","Connecticut Sun","Sun","f05023","0a2240","https://a.espncdn.com/i/teamlogos/wnba/500/conn.png","away",88,23,5,30,"9",0.44,33,75,0,14,82.4,14,17,"28",8,"40",2,1,0,0.308,8,26,38,0,8,"2",7,11,"s:40~l:59~t:11","phoenix-mercury","Phoenix","Mercury","PHX","Phoenix Mercury","Mercury","3c286e","e56020","https://a.espncdn.com/i/teamlogos/wnba/500/phx.png",69,-19,19
2024,401620441,2024,2,2024-09-15,2024-09-15 15:00:00,5,"s:40~l:59~t:5","indiana-fever","Indiana","Fever","IND","Indiana Fever","Fever","002d62","e03a3e","https://a.espncdn.com/i/teamlogos/wnba/500/ind.png","home",110,TRUE,21,4,16,"2",0.5,38,76,0,16,85.7,18,21,"9",10,"32",5,1,1,0.471,16,34,26,1,10,"18",9,3,"s:40~l:59~t:3","dallas-wings","Dallas","Wings","DAL","Dallas Wings","Wings","002b5c","c4d600","https://a.espncdn.com/i/teamlogos/wnba/500/dal.png",109,"W",2024,2,2024-09-15,2024-09-15 15:00:00,3,"s:40~l:59~t:3","dallas-wings","Dallas","Wings","DAL","Dallas Wings","Wings","002b5c","c4d600","https://a.espncdn.com/i/teamlogos/wnba/500/dal.png","away",109,28,3,22,"20",0.568,42,74,1,23,93.3,14,15,"12",11,"54",7,0,2,0.458,11,24,33,2,13,"20",13,5,"s:40~l:59~t:5","indiana-fever","Indiana","Fever","IND","Indiana Fever","Fever","002d62","e03a3e","https://a.espncdn.com/i/teamlogos/wnba/500/ind.png",110,1,-1
2024,401620442,2024,2,2024-09-15,2024-09-15 15:00:00,9,"s:40~l:59~t:9","new-york-liberty","New York","Liberty","NY","New York Liberty","Liberty","86cebc","000000","https://a.espncdn.com/i/teamlogos/wnba/500/ny.png","home",79,FALSE,17,5,21,"16",0.391,27,69,1,15,73.9,17,23,"3",14,"34",8,1,0,0.286,8,28,35,0,12,"17",11,8,"s:40~l:59~t:8","minnesota-lynx","Minnesota","Lynx","MIN","Minnesota Lynx","Lynx","266092","79bc43","https://a.espncdn.com/i/teamlogos/wnba/500/min.png",88,"L",2024,2,2024-09-15,2024-09-15 15:00:00,8,"s:40~l:59~t:8","minnesota-lynx","Minnesota","Lynx","MIN","Minnesota Lynx","Lynx","266092","79bc43","https://a.espncdn.com/i/teamlogos/wnba/500/min.png","away",88,26,3,27,"7",0.53,35,66,0,18,81.8,9,11,"26",9,"26",6,1,0,0.5,9,18,36,0,16,"21",15,9,"s:40~l:59~t:9","new-york-liberty","New York","Liberty","NY","New York Liberty","Liberty","86cebc","000000","https://a.espncdn.com/i/teamlogos/wnba/500/ny.png",79,-9,9
2024,401620443,2024,2,2024-09-15,2024-09-15 15:00:00,16,"s:40~l:59~t:16","washington-mystics","Washington","Mystics","WSH","Washington Mystics","Mystics","e03a3e","002b5c","https://a.espncdn.com/i/teamlogos/wnba/500/wsh.png","home",73,FALSE,14,3,22,"6",0.39,23,59,0,21,81,17,21,"3",4,"20",6,2,1,0.323,10,31,26,1,20,"22",18,20,"s:40~l:59~t:20","atlanta-dream","Atlanta","Dream","ATL","Atlanta Dream","Dream","e31837","5091cc","https://a.espncdn.com/i/teamlogos/wnba/500/atl.png",76,"L",2024,2,2024-09-15,2024-09-15 15:00:00,20,"s:40~l:59~t:20","atlanta-dream","Atlanta","Dream","ATL","Atlanta Dream","Dream","e31837","5091cc","https://a.espncdn.com/i/teamlogos/wnba/500/atl.png","away",76,16,1,28,"6",0.394,26,66,0,20,80,20,25,"12",7,"22",13,3,0,0.167,4,24,35,0,18,"20",15,16,"s:40~l:59~t:16","washington-mystics","Washington","Mystics","WSH","Washington Mystics","Mystics","e03a3e","002b5c","https://a.espncdn.com/i/teamlogos/wnba/500/wsh.png",73,-3,3
2024,401620444,2024,2,2024-09-15,2024-09-15 18:00:00,19,"s:40~l:59~t:19","chicago-sky","Chicago","Sky","CHI","Chicago Sky","Sky","5091cd","ffd520","https://a.espncdn.com/i/teamlogos/wnba/500/chi.png","home",88,FALSE,26,3,26,"6",0.444,32,72,0,16,66.7,10,15,"8",11,"30",4,0,0,0.56,14,25,37,0,7,"5",7,11,"s:40~l:59~t:11","phoenix-mercury","Phoenix","Mercury","PHX","Phoenix Mercury","Mercury","3c286e","e56020","https://a.espncdn.com/i/teamlogos/wnba/500/phx.png",93,"L",2024,2,2024-09-15,2024-09-15 18:00:00,11,"s:40~l:59~t:11","phoenix-mercury","Phoenix","Mercury","PHX","Phoenix Mercury","Mercury","3c286e","e56020","https://a.espncdn.com/i/teamlogos/wnba/500/phx.png","away",93,29,2,27,"6",0.545,36,66,0,15,70.6,12,17,"6",3,"44",4,0,0,0.375,9,24,30,0,8,"12",8,19,"s:40~l:59~t:19","chicago-sky","Chicago","Sky","CHI","Chicago Sky","Sky","5091cd","ffd520","https://a.espncdn.com/i/teamlogos/wnba/500/chi.png",88,-5,5
2024,401620445,2024,2,2024-09-15,2024-09-15 18:00:00,17,"s:40~l:59~t:17","las-vegas-aces","Las Vegas","Aces","LV","Las Vegas Aces","Aces","a7a8aa","000000","https://a.espncdn.com/i/teamlogos/wnba/500/lv.png","home",84,TRUE,24,4,29,"7",0.493,35,71,0,14,66.7,4,6,"21",4,"38",5,1,0,0.417,10,24,33,0,7,"6",6,18,"s:40~l:59~t:18","connecticut-sun","Connecticut","Sun","CONN","Connecticut Sun","Sun","f05023","0a2240","https://a.espncdn.com/i/teamlogos/wnba/500/conn.png",71,"W",2024,2,2024-09-15,2024-09-15 18:00:00,18,"s:40~l:59~t:18","connecticut-sun","Connecticut","Sun","CONN","Connecticut Sun","Sun","f05023","0a2240","https://a.espncdn.com/i/teamlogos/wnba/500/conn.png","away",71,20,3,27,"4",0.422,27,64,0,11,64.7,11,17,"2",7,"30",2,2,0,0.316,6,19,34,0,10,"6",8,17,"s:40~l:59~t:17","las-vegas-aces","Las Vegas","Aces","LV","Las Vegas Aces","Aces","a7a8aa","000000","https://a.espncdn.com/i/teamlogos/wnba/500/lv.png",84,13,-13
2024,401620446,2024,2,2024-09-15,2024-09-15 18:00:00,14,"s:40~l:59~t:14","seattle-storm","Seattle","Storm","SEA","Seattle Storm","Storm","2c5235","fee11a","https://a.espncdn.com/i/teamlogos/wnba/500/sea.png","home",90,TRUE,19,3,21,"7",0.465,33,71,0,17,86.4,19,22,"16",11,"48",13,1,1,0.227,5,22,32,1,16,"25",15,6,"s:40~l:59~t:6","los-angeles-sparks","Los Angeles","Sparks","LA","Los Angeles Sparks","Sparks","552583","fdb927","https://a.espncdn.com/i/teamlogos/wnba/500/la.png",87,"W",2024,2,2024-09-15,2024-09-15 18:00:00,6,"s:40~l:59~t:6","los-angeles-sparks","Los Angeles","Sparks","LA","Los Angeles Sparks","Sparks","552583","fdb927","https://a.espncdn.com/i/teamlogos/wnba/500/la.png","away",87,18,1,23,"14",0.452,33,73,0,16,90,18,20,"2",13,"58",13,0,2,0.188,3,16,36,2,16,"25",16,14,"s:40~l:59~t:14","seattle-storm","Seattle","Storm","SEA","Seattle Storm","Storm","2c5235","fee11a","https://a.espncdn.com/i/teamlogos/wnba/500/sea.png",90,3,-3
2024,401620447,2024,2,2024-09-17,2024-09-17 19:00:00,18,"s:40~l:59~t:18","connecticut-sun","Connecticut","Sun","CONN","Connecticut Sun","Sun","f05023","0a2240","https://a.espncdn.com/i/teamlogos/wnba/500/conn.png","home",76,FALSE,21,6,23,"11",0.455,30,66,0,13,81.8,9,11,"5",8,"46",9,0,0,0.35,7,20,31,0,16,"16",16,8,"s:40~l:59~t:8","minnesota-lynx","Minnesota","Lynx","MIN","Minnesota Lynx","Lynx","266092","79bc43","https://a.espncdn.com/i/teamlogos/wnba/500/min.png",78,"L",2024,2,2024-09-17,2024-09-17 19:00:00,8,"s:40~l:59~t:8","minnesota-lynx","Minnesota","Lynx","MIN","Minnesota Lynx","Lynx","266092","79bc43","https://a.espncdn.com/i/teamlogos/wnba/500/min.png","away",78,22,7,25,"5",0.469,30,64,1,12,92.3,12,13,"12",6,"28",7,2,0,0.429,6,14,31,0,15,"19",13,18,"s:40~l:59~t:18","connecticut-sun","Connecticut","Sun","CONN","Connecticut Sun","Sun","f05023","0a2240","https://a.espncdn.com/i/teamlogos/wnba/500/conn.png",76,-2,2
2024,401620448,2024,2,2024-09-17,2024-09-17 19:00:00,16,"s:40~l:59~t:16","washington-mystics","Washington","Mystics","WSH","Washington Mystics","Mystics","e03a3e","002b5c","https://a.espncdn.com/i/teamlogos/wnba/500/wsh.png","home",71,FALSE,16,4,26,"5",0.377,23,61,0,14,84.2,16,19,"3",3,"18",4,1,0,0.346,9,26,29,0,17,"25",16,9,"s:40~l:59~t:9","new-york-liberty","New York","Liberty","NY","New York Liberty","Liberty","86cebc","000000","https://a.espncdn.com/i/teamlogos/wnba/500/ny.png",87,"L",2024,2,2024-09-17,2024-09-17 19:00:00,9,"s:40~l:59~t:9","new-york-liberty","New York","Liberty","NY","New York Liberty","Liberty","86cebc","000000","https://a.espncdn.com/i/teamlogos/wnba/500/ny.png","away",87,24,5,33,"6",0.453,34,75,0,25,73.3,11,15,"22",12,"50",9,1,1,0.258,8,31,45,1,12,"7",11,16,"s:40~l:59~t:16","washington-mystics","Washington","Mystics","WSH","Washington Mystics","Mystics","e03a3e","002b5c","https://a.espncdn.com/i/teamlogos/wnba/500/wsh.png",71,-16,16
2024,401620449,2024,2,2024-09-17,2024-09-17 19:30:00,20,"s:40~l:59~t:20","atlanta-dream","Atlanta","Dream","ATL","Atlanta Dream","Dream","e31837","5091cc","https://a.espncdn.com/i/teamlogos/wnba/500/atl.png","home",86,TRUE,19,4,28,"6",0.484,30,62,0,14,70,21,30,"18",7,"46",9,2,1,0.333,5,15,35,1,9,"11",7,19,"s:40~l:59~t:19","chicago-sky","Chicago","Sky","CHI","Chicago Sky","Sky","5091cd","ffd520","https://a.espncdn.com/i/teamlogos/wnba/500/chi.png",70,"W",2024,2,2024-09-17,2024-09-17 19:30:00,19,"s:40~l:59~t:19","chicago-sky","Chicago","Sky","CHI","Chicago Sky","Sky","5091cd","ffd520","https://a.espncdn.com/i/teamlogos/wnba/500/chi.png","away",70,13,2,23,"4",0.41,25,61,0,24,87.5,14,16,"3",6,"34",1,1,0,0.333,6,18,29,0,14,"13",13,20,"s:40~l:59~t:20","atlanta-dream","Atlanta","Dream","ATL","Atlanta Dream","Dream","e31837","5091cc","https://a.espncdn.com/i/teamlogos/wnba/500/atl.png",86,16,-16
2024,401620451,2024,2,2024-09-17,2024-09-17 22:00:00,14,"s:40~l:59~t:14","seattle-storm","Seattle","Storm","SEA","Seattle Storm","Storm","2c5235","fee11a","https://a.espncdn.com/i/teamlogos/wnba/500/sea.png","home",72,FALSE,21,1,25,"9",0.476,30,63,0,16,90.9,10,11,"1",4,"42",7,0,0,0.222,2,9,29,0,11,"8",11,17,"s:40~l:59~t:17","las-vegas-aces","Las Vegas","Aces","LV","Las Vegas Aces","Aces","a7a8aa","000000","https://a.espncdn.com/i/teamlogos/wnba/500/lv.png",85,"L",2024,2,2024-09-17,2024-09-17 22:00:00,17,"s:40~l:59~t:17","las-vegas-aces","Las Vegas","Aces","LV","Las Vegas Aces","Aces","a7a8aa","000000","https://a.espncdn.com/i/teamlogos/wnba/500/lv.png","away",85,18,2,28,"4",0.533,32,60,0,11,85.7,12,14,"18",3,"38",5,2,0,0.45,9,20,31,0,11,"10",9,14,"s:40~l:59~t:14","seattle-storm","Seattle","Storm","SEA","Seattle Storm","Storm","2c5235","fee11a","https://a.espncdn.com/i/teamlogos/wnba/500/sea.png",72,-13,13
2024,401620450,2024,2,2024-09-17,2024-09-17 22:30:00,6,"s:40~l:59~t:6","los-angeles-sparks","Los Angeles","Sparks","LA","Los Angeles Sparks","Sparks","552583","fdb927","https://a.espncdn.com/i/teamlogos/wnba/500/la.png","home",81,FALSE,16,3,26,"7",0.337,28,83,0,18,80,16,20,"10",23,"34",5,2,2,0.273,9,33,49,2,20,"31",18,11,"s:40~l:59~t:11","phoenix-mercury","Phoenix","Mercury","PHX","Phoenix Mercury","Mercury","3c286e","e56020","https://a.espncdn.com/i/teamlogos/wnba/500/phx.png",85,"L",2024,2,2024-09-17,2024-09-17 22:30:00,11,"s:40~l:59~t:11","phoenix-mercury","Phoenix","Mercury","PHX","Phoenix Mercury","Mercury","3c286e","e56020","https://a.espncdn.com/i/teamlogos/wnba/500/phx.png","away",85,22,9,18,"8",0.469,30,64,0,19,81.8,18,22,"15",7,"34",11,2,2,0.25,7,28,25,2,12,"8",10,6,"s:40~l:59~t:6","los-angeles-sparks","Los Angeles","Sparks","LA","Los Angeles Sparks","Sparks","552583","fdb927","https://a.espncdn.com/i/teamlogos/wnba/500/la.png",81,-4,4
2024,401620452,2024,2,2024-09-19,2024-09-19 19:00:00,18,"s:40~l:59~t:18","connecticut-sun","Connecticut","Sun","CONN","Connecticut Sun","Sun","f05023","0a2240","https://a.espncdn.com/i/teamlogos/wnba/500/conn.png","home",87,TRUE,24,9,28,"17",0.5,35,70,0,11,84.6,11,13,"34",9,"42",7,1,4,0.429,6,14,37,4,11,"12",10,19,"s:40~l:59~t:19","chicago-sky","Chicago","Sky","CHI","Chicago Sky","Sky","5091cd","ffd520","https://a.espncdn.com/i/teamlogos/wnba/500/chi.png",54,"W",2024,2,2024-09-19,2024-09-19 19:00:00,19,"s:40~l:59~t:19","chicago-sky","Chicago","Sky","CHI","Chicago Sky","Sky","5091cd","ffd520","https://a.espncdn.com/i/teamlogos/wnba/500/chi.png","away",54,16,10,18,"0",0.339,21,62,0,19,66.7,6,9,"2",6,"24",5,1,0,0.286,6,21,24,0,16,"25",15,18,"s:40~l:59~t:18","connecticut-sun","Connecticut","Sun","CONN","Connecticut Sun","Sun","f05023","0a2240","https://a.espncdn.com/i/teamlogos/wnba/500/conn.png",87,33,-33
2024,401620453,2024,2,2024-09-19,2024-09-19 19:00:00,9,"s:40~l:59~t:9","new-york-liberty","New York","Liberty","NY","New York Liberty","Liberty","86cebc","000000","https://a.espncdn.com/i/teamlogos/wnba/500/ny.png","home",67,FALSE,17,6,19,"14",0.4,24,60,0,16,64.7,11,17,"5",9,"24",8,0,0,0.471,8,17,28,0,17,"19",17,20,"s:40~l:59~t:20","atlanta-dream","Atlanta","Dream","ATL","Atlanta Dream","Dream","e31837","5091cc","https://a.espncdn.com/i/teamlogos/wnba/500/atl.png",78,"L",2024,2,2024-09-19,2024-09-19 19:00:00,20,"s:40~l:59~t:20","atlanta-dream","Atlanta","Dream","ATL","Atlanta Dream","Dream","e31837","5091cc","https://a.espncdn.com/i/teamlogos/wnba/500/atl.png","away",78,22,2,26,"7",0.5,31,62,0,16,68.8,11,16,"20",9,"46",8,3,0,0.385,5,13,35,0,17,"17",14,9,"s:40~l:59~t:9","new-york-liberty","New York","Liberty","NY","New York Liberty","Liberty","86cebc","000000","https://a.espncdn.com/i/teamlogos/wnba/500/ny.png",67,-11,11
2024,401620454,2024,2,2024-09-19,2024-09-19 19:00:00,16,"s:40~l:59~t:16","washington-mystics","Washington","Mystics","WSH","Washington Mystics","Mystics","e03a3e","002b5c","https://a.espncdn.com/i/teamlogos/wnba/500/wsh.png","home",92,TRUE,23,1,22,"10",0.465,33,71,0,18,93.3,14,15,"17",8,"38",9,0,0,0.353,12,34,30,0,14,"11",14,5,"s:40~l:59~t:5","indiana-fever","Indiana","Fever","IND","Indiana Fever","Fever","002d62","e03a3e","https://a.espncdn.com/i/teamlogos/wnba/500/ind.png",91,"W",2024,2,2024-09-19,2024-09-19 19:00:00,5,"s:40~l:59~t:5","indiana-fever","Indiana","Fever","IND","Indiana Fever","Fever","002d62","e03a3e","https://a.espncdn.com/i/teamlogos/wnba/500/ind.png","away",91,28,0,29,"7",0.531,34,64,0,14,86.7,13,15,"18",3,"40",9,1,1,0.5,10,20,32,1,17,"13",16,16,"s:40~l:59~t:16","washington-mystics","Washington","Mystics","WSH","Washington Mystics","Mystics","e03a3e","002b5c","https://a.espncdn.com/i/teamlogos/wnba/500/wsh.png",92,1,-1
2024,401620455,2024,2,2024-09-19,2024-09-19 20:00:00,8,"s:40~l:59~t:8","minnesota-lynx","Minnesota","Lynx","MIN","Minnesota Lynx","Lynx","266092","79bc43","https://a.espncdn.com/i/teamlogos/wnba/500/min.png","home",51,FALSE,11,2,22,"9",0.286,16,56,0,11,75,12,16,"3",6,"14",8,1,0,0.304,7,23,28,0,18,"19",17,6,"s:40~l:59~t:6","los-angeles-sparks","Los Angeles","Sparks","LA","Los Angeles Sparks","Sparks","552583","fdb927","https://a.espncdn.com/i/teamlogos/wnba/500/la.png",68,"L",2024,2,2024-09-19,2024-09-19 20:00:00,6,"s:40~l:59~t:6","los-angeles-sparks","Los Angeles","Sparks","LA","Los Angeles Sparks","Sparks","552583","fdb927","https://a.espncdn.com/i/teamlogos/wnba/500/la.png","away",68,18,4,31,"6",0.424,25,59,0,12,88.9,8,9,"19",5,"30",5,2,0,0.323,10,31,36,0,20,"22",18,8,"s:40~l:59~t:8","minnesota-lynx","Minnesota","Lynx","MIN","Minnesota Lynx","Lynx","266092","79bc43","https://a.espncdn.com/i/teamlogos/wnba/500/min.png",51,-17,17
2024,401620456,2024,2,2024-09-19,2024-09-19 22:00:00,17,"s:40~l:59~t:17","las-vegas-aces","Las Vegas","Aces","LV","Las Vegas Aces","Aces","a7a8aa","000000","https://a.espncdn.com/i/teamlogos/wnba/500/lv.png","home",98,TRUE,22,7,28,"12",0.467,35,75,0,15,81.3,13,16,"22",10,"38",8,2,0,0.405,15,37,38,0,13,"17",11,3,"s:40~l:59~t:3","dallas-wings","Dallas","Wings","DAL","Dallas Wings","Wings","002b5c","c4d600","https://a.espncdn.com/i/teamlogos/wnba/500/dal.png",84,"W",2024,2,2024-09-19,2024-09-19 22:00:00,3,"s:40~l:59~t:3","dallas-wings","Dallas","Wings","DAL","Dallas Wings","Wings","002b5c","c4d600","https://a.espncdn.com/i/teamlogos/wnba/500/dal.png","away",84,17,2,26,"17",0.429,30,70,0,12,78.9,15,19,"4",7,"36",7,0,0,0.45,9,20,33,0,13,"26",13,17,"s:40~l:59~t:17","las-vegas-aces","Las Vegas","Aces","LV","Las Vegas Aces","Aces","a7a8aa","000000","https://a.espncdn.com/i/teamlogos/wnba/500/lv.png",98,14,-14
2024,401620457,2024,2,2024-09-19,2024-09-19 22:00:00,11,"s:40~l:59~t:11","phoenix-mercury","Phoenix","Mercury","PHX","Phoenix Mercury","Mercury","3c286e","e56020","https://a.espncdn.com/i/teamlogos/wnba/500/phx.png","home",70,FALSE,19,1,27,"3",0.381,24,63,0,12,69.6,16,23,"0",6,"28",8,2,0,0.231,6,26,33,0,13,"19",11,14,"s:40~l:59~t:14","seattle-storm","Seattle","Storm","SEA","Seattle Storm","Storm","2c5235","fee11a","https://a.espncdn.com/i/teamlogos/wnba/500/sea.png",89,"L",2024,2,2024-09-19,2024-09-19 22:00:00,14,"s:40~l:59~t:14","seattle-storm","Seattle","Storm","SEA","Seattle Storm","Storm","2c5235","fee11a","https://a.espncdn.com/i/teamlogos/wnba/500/sea.png","away",89,27,2,30,"10",0.449,35,78,0,18,75,6,8,"24",11,"34",5,1,0,0.361,13,36,41,0,11,"11",10,11,"s:40~l:59~t:11","phoenix-mercury","Phoenix","Mercury","PHX","Phoenix Mercury","Mercury","3c286e","e56020","https://a.espncdn.com/i/teamlogos/wnba/500/phx.png",70,-19,19
2024,401721255,2024,3,2024-09-22,2024-09-22 13:00:00,9,"s:40~l:59~t:9","new-york-liberty","New York","Liberty","NY","New York Liberty","Liberty","86cebc","000000","https://a.espncdn.com/i/teamlogos/wnba/500/ny.png","home",83,TRUE,22,5,31,"11",0.433,29,67,0,18,94.4,17,18,"22",6,"28",10,1,0,0.348,8,23,37,0,15,"14",14,20,"s:40~l:59~t:20","atlanta-dream","Atlanta","Dream","ATL","Atlanta Dream","Dream","e31837","5091cc","https://a.espncdn.com/i/teamlogos/wnba/500/atl.png",69,"W",2024,3,2024-09-22,2024-09-22 13:00:00,20,"s:40~l:59~t:20","atlanta-dream","Atlanta","Dream","ATL","Atlanta Dream","Dream","e31837","5091cc","https://a.espncdn.com/i/teamlogos/wnba/500/atl.png","away",69,16,5,26,"14",0.397,27,68,0,14,63.2,12,19,"0",10,"38",9,2,0,0.188,3,16,36,0,16,"18",14,9,"s:40~l:59~t:9","new-york-liberty","New York","Liberty","NY","New York Liberty","Liberty","86cebc","000000","https://a.espncdn.com/i/teamlogos/wnba/500/ny.png",83,14,-14
2024,401721253,2024,3,2024-09-22,2024-09-22 15:00:00,18,"s:40~l:59~t:18","connecticut-sun","Connecticut","Sun","CONN","Connecticut Sun","Sun","f05023","0a2240","https://a.espncdn.com/i/teamlogos/wnba/500/conn.png","home",93,TRUE,27,6,28,"18",0.493,36,73,0,11,80,12,15,"26",8,"50",6,1,0,0.5,9,18,36,0,11,"8",10,5,"s:40~l:59~t:5","indiana-fever","Indiana","Fever","IND","Indiana Fever","Fever","002d62","e03a3e","https://a.espncdn.com/i/teamlogos/wnba/500/ind.png",69,"W",2024,3,2024-09-22,2024-09-22 15:00:00,5,"s:40~l:59~t:5","indiana-fever","Indiana","Fever","IND","Indiana Fever","Fever","002d62","e03a3e","https://a.espncdn.com/i/teamlogos/wnba/500/ind.png","away",69,23,5,23,"9",0.403,27,67,0,15,75,9,12,"2",6,"36",8,1,2,0.214,6,28,29,2,14,"16",13,18,"s:40~l:59~t:18","connecticut-sun","Connecticut","Sun","CONN","Connecticut Sun","Sun","f05023","0a2240","https://a.espncdn.com/i/teamlogos/wnba/500/conn.png",93,24,-24
2024,401721261,2024,3,2024-09-22,2024-09-22 17:00:00,8,"s:40~l:59~t:8","minnesota-lynx","Minnesota","Lynx","MIN","Minnesota Lynx","Lynx","266092","79bc43","https://a.espncdn.com/i/teamlogos/wnba/500/min.png","home",102,TRUE,30,4,25,"13",0.493,34,69,0,13,96,24,25,"23",6,"36",8,0,0,0.417,10,24,31,0,10,"17",10,11,"s:40~l:59~t:11","phoenix-mercury","Phoenix","Mercury","PHX","Phoenix Mercury","Mercury","3c286e","e56020","https://a.espncdn.com/i/teamlogos/wnba/500/phx.png",95,"W",2024,3,2024-09-22,2024-09-22 17:00:00,11,"s:40~l:59~t:11","phoenix-mercury","Phoenix","Mercury","PHX","Phoenix Mercury","Mercury","3c286e","e56020","https://a.espncdn.com/i/teamlogos/wnba/500/phx.png","away",95,19,5,24,"12",0.5,37,74,0,21,63.6,7,11,"4",7,"32",8,0,0,0.519,14,27,31,0,11,"12",11,8,"s:40~l:59~t:8","minnesota-lynx","Minnesota","Lynx","MIN","Minnesota Lynx","Lynx","266092","79bc43","https://a.espncdn.com/i/teamlogos/wnba/500/min.png",102,7,-7
2024,401721256,2024,3,2024-09-22,2024-09-22 22:00:00,17,"s:40~l:59~t:17","las-vegas-aces","Las Vegas","Aces","LV","Las Vegas Aces","Aces","a7a8aa","000000","https://a.espncdn.com/i/teamlogos/wnba/500/lv.png","home",78,TRUE,16,7,27,"11",0.435,30,69,0,11,100,11,11,"11",6,"40",9,1,1,0.389,7,18,33,1,9,"10",8,14,"s:40~l:59~t:14","seattle-storm","Seattle","Storm","SEA","Seattle Storm","Storm","2c5235","fee11a","https://a.espncdn.com/i/teamlogos/wnba/500/sea.png",67,"W",2024,3,2024-09-22,2024-09-22 22:00:00,14,"s:40~l:59~t:14","seattle-storm","Seattle","Storm","SEA","Seattle Storm","Storm","2c5235","fee11a","https://a.espncdn.com/i/teamlogos/wnba/500/sea.png","away",67,15,4,30,"11",0.368,25,68,1,9,100,13,13,"11",10,"30",5,1,0,0.25,4,16,40,0,14,"12",13,17,"s:40~l:59~t:17","las-vegas-aces","Las Vegas","Aces","LV","Las Vegas Aces","Aces","a7a8aa","000000","https://a.espncdn.com/i/teamlogos/wnba/500/lv.png",78,11,-11
2024,401721258,2024,3,2024-09-24,2024-09-24 19:30:00,9,"s:40~l:59~t:9","new-york-liberty","New York","Liberty","NY","New York Liberty","Liberty","86cebc","000000","https://a.espncdn.com/i/teamlogos/wnba/500/ny.png","home",91,TRUE,24,3,20,"4",0.493,35,71,0,12,92.9,13,14,"11",11,"46",6,0,0,0.333,8,24,31,0,9,"11",9,20,"s:40~l:59~t:20","atlanta-dream","Atlanta","Dream","ATL","Atlanta Dream","Dream","e31837","5091cc","https://a.espncdn.com/i/teamlogos/wnba/500/atl.png",82,"W",2024,3,2024-09-24,2024-09-24 19:30:00,20,"s:40~l:59~t:20","atlanta-dream","Atlanta","Dream","ATL","Atlanta Dream","Dream","e31837","5091cc","https://a.espncdn.com/i/teamlogos/wnba/500/atl.png","away",82,22,4,22,"9",0.538,35,65,0,14,55.6,5,9,"11",8,"42",3,3,0,0.368,7,19,30,0,14,"18",11,9,"s:40~l:59~t:9","new-york-liberty","New York","Liberty","NY","New York Liberty","Liberty","86cebc","000000","https://a.espncdn.com/i/teamlogos/wnba/500/ny.png",91,9,-9
2024,401721262,2024,3,2024-09-24,2024-09-24 21:30:00,17,"s:40~l:59~t:17","las-vegas-aces","Las Vegas","Aces","LV","Las Vegas Aces","Aces","a7a8aa","000000","https://a.espncdn.com/i/teamlogos/wnba/500/lv.png","home",83,TRUE,23,4,35,"9",0.47,31,66,0,13,87.5,14,16,"16",10,"42",3,1,0,0.318,7,22,45,0,16,"15",15,14,"s:40~l:59~t:14","seattle-storm","Seattle","Storm","SEA","Seattle Storm","Storm","2c5235","fee11a","https://a.espncdn.com/i/teamlogos/wnba/500/sea.png",76,"W",2024,3,2024-09-24,2024-09-24 21:30:00,14,"s:40~l:59~t:14","seattle-storm","Seattle","Storm","SEA","Seattle Storm","Storm","2c5235","fee11a","https://a.espncdn.com/i/teamlogos/wnba/500/sea.png","away",76,18,3,23,"6",0.387,29,75,0,14,76.9,10,13,"1",7,"34",11,1,0,0.348,8,23,30,0,5,"4",4,17,"s:40~l:59~t:17","las-vegas-aces","Las Vegas","Aces","LV","Las Vegas Aces","Aces","a7a8aa","000000","https://a.espncdn.com/i/teamlogos/wnba/500/lv.png",83,7,-7
2024,401721254,2024,3,2024-09-25,2024-09-25 19:30:00,18,"s:40~l:59~t:18","connecticut-sun","Connecticut","Sun","CONN","Connecticut Sun","Sun","f05023","0a2240","https://a.espncdn.com/i/teamlogos/wnba/500/conn.png","home",87,TRUE,25,4,20,"9",0.417,30,72,0,11,95.7,22,23,"11",9,"40",6,1,0,0.263,5,19,29,0,8,"7",7,5,"s:40~l:59~t:5","indiana-fever","Indiana","Fever","IND","Indiana Fever","Fever","002d62","e03a3e","https://a.espncdn.com/i/teamlogos/wnba/500/ind.png",81,"W",2024,3,2024-09-25,2024-09-25 19:30:00,5,"s:40~l:59~t:5","indiana-fever","Indiana","Fever","IND","Indiana Fever","Fever","002d62","e03a3e","https://a.espncdn.com/i/teamlogos/wnba/500/ind.png","away",81,21,3,30,"19",0.434,33,76,0,20,77.8,7,9,"9",13,"48",4,3,0,0.267,8,30,43,0,16,"14",13,18,"s:40~l:59~t:18","connecticut-sun","Connecticut","Sun","CONN","Connecticut Sun","Sun","f05023","0a2240","https://a.espncdn.com/i/teamlogos/wnba/500/conn.png",87,6,-6
2024,401721260,2024,3,2024-09-25,2024-09-25 21:30:00,8,"s:40~l:59~t:8","minnesota-lynx","Minnesota","Lynx","MIN","Minnesota Lynx","Lynx","266092","79bc43","https://a.espncdn.com/i/teamlogos/wnba/500/min.png","home",101,TRUE,28,2,20,"6",0.507,34,67,0,14,85.2,23,27,"18",5,"38",6,0,3,0.385,10,26,25,3,7,"9",7,11,"s:40~l:59~t:11","phoenix-mercury","Phoenix","Mercury","PHX","Phoenix Mercury","Mercury","3c286e","e56020","https://a.espncdn.com/i/teamlogos/wnba/500/phx.png",88,"W",2024,3,2024-09-25,2024-09-25 21:30:00,11,"s:40~l:59~t:11","phoenix-mercury","Phoenix","Mercury","PHX","Phoenix Mercury","Mercury","3c286e","e56020","https://a.espncdn.com/i/teamlogos/wnba/500/phx.png","away",88,25,3,24,"4",0.515,35,68,1,26,71.4,10,14,"8",7,"46",3,1,1,0.308,8,26,31,1,15,"24",14,8,"s:40~l:59~t:8","minnesota-lynx","Minnesota","Lynx","MIN","Minnesota Lynx","Lynx","266092","79bc43","https://a.espncdn.com/i/teamlogos/wnba/500/min.png",101,13,-13
2024,401724938,2024,3,2024-09-29,2024-09-29 15:00:00,9,"s:40~l:59~t:9","new-york-liberty","New York","Liberty","NY","New York Liberty","Liberty","86cebc","000000","https://a.espncdn.com/i/teamlogos/wnba/500/ny.png","home",87,TRUE,22,4,28,"16",0.5,30,60,0,16,82.6,19,23,"18",3,"42",10,1,0,0.421,8,19,31,0,15,"15",14,17,"s:40~l:59~t:17","las-vegas-aces","Las Vegas","Aces","LV","Las Vegas Aces","Aces","a7a8aa","000000","https://a.espncdn.com/i/teamlogos/wnba/500/lv.png",77,"W",2024,3,2024-09-29,2024-09-29 15:00:00,17,"s:40~l:59~t:17","las-vegas-aces","Las Vegas","Aces","LV","Las Vegas Aces","Aces","a7a8aa","000000","https://a.espncdn.com/i/teamlogos/wnba/500/lv.png","away",77,19,4,20,"6",0.433,29,67,0,15,80,12,15,"0",2,"38",4,1,0,0.28,7,25,22,0,11,"11",10,9,"s:40~l:59~t:9","new-york-liberty","New York","Liberty","NY","New York Liberty","Liberty","86cebc","000000","https://a.espncdn.com/i/teamlogos/wnba/500/ny.png",87,10,-10
2024,401725075,2024,3,2024-09-29,2024-09-29 20:30:00,8,"s:40~l:59~t:8","minnesota-lynx","Minnesota","Lynx","MIN","Minnesota Lynx","Lynx","266092","79bc43","https://a.espncdn.com/i/teamlogos/wnba/500/min.png","home",70,FALSE,16,7,25,"5",0.415,27,65,0,10,84.6,11,13,"6",7,"32",8,2,0,0.25,5,20,32,0,13,"16",11,18,"s:40~l:59~t:18","connecticut-sun","Connecticut","Sun","CONN","Connecticut Sun","Sun","f05023","0a2240","https://a.espncdn.com/i/teamlogos/wnba/500/conn.png",73,"L",2024,3,2024-09-29,2024-09-29 20:30:00,18,"s:40~l:59~t:18","connecticut-sun","Connecticut","Sun","CONN","Connecticut Sun","Sun","f05023","0a2240","https://a.espncdn.com/i/teamlogos/wnba/500/conn.png","away",73,24,2,30,"10",0.413,31,75,0,11,66.7,2,3,"9",9,"34",5,4,0,0.409,9,22,39,0,13,"8",9,8,"s:40~l:59~t:8","minnesota-lynx","Minnesota","Lynx","MIN","Minnesota Lynx","Lynx","266092","79bc43","https://a.espncdn.com/i/teamlogos/wnba/500/min.png",70,-3,3
2024,401724939,2024,3,2024-10-01,2024-10-01 19:30:00,9,"s:40~l:59~t:9","new-york-liberty","New York","Liberty","NY","New York Liberty","Liberty","86cebc","000000","https://a.espncdn.com/i/teamlogos/wnba/500/ny.png","home",88,TRUE,19,3,27,"12",0.493,33,67,0,19,81.3,13,16,"10",8,"44",4,0,0,0.31,9,29,35,0,12,"14",12,17,"s:40~l:59~t:17","las-vegas-aces","Las Vegas","Aces","LV","Las Vegas Aces","Aces","a7a8aa","000000","https://a.espncdn.com/i/teamlogos/wnba/500/lv.png",84,"W",2024,3,2024-10-01,2024-10-01 19:30:00,17,"s:40~l:59~t:17","las-vegas-aces","Las Vegas","Aces","LV","Las Vegas Aces","Aces","a7a8aa","000000","https://a.espncdn.com/i/teamlogos/wnba/500/lv.png","away",84,23,2,20,"10",0.435,30,69,0,22,63.2,12,19,"8",9,"24",3,1,0,0.444,12,27,29,0,13,"22",12,9,"s:40~l:59~t:9","new-york-liberty","New York","Liberty","NY","New York Liberty","Liberty","86cebc","000000","https://a.espncdn.com/i/teamlogos/wnba/500/ny.png",88,4,-4
2024,401725076,2024,3,2024-10-01,2024-10-01 21:30:00,8,"s:40~l:59~t:8","minnesota-lynx","Minnesota","Lynx","MIN","Minnesota Lynx","Lynx","266092","79bc43","https://a.espncdn.com/i/teamlogos/wnba/500/min.png","home",77,TRUE,17,5,24,"9",0.452,28,62,0,17,92.9,13,14,"15",11,"30",5,0,1,0.421,8,19,35,1,15,"15",15,18,"s:40~l:59~t:18","connecticut-sun","Connecticut","Sun","CONN","Connecticut Sun","Sun","f05023","0a2240","https://a.espncdn.com/i/teamlogos/wnba/500/conn.png",70,"W",2024,3,2024-10-01,2024-10-01 21:30:00,18,"s:40~l:59~t:18","connecticut-sun","Connecticut","Sun","CONN","Connecticut Sun","Sun","f05023","0a2240","https://a.espncdn.com/i/teamlogos/wnba/500/conn.png","away",70,16,2,21,"13",0.364,24,66,0,11,85,17,20,"3",11,"38",10,3,0,0.25,5,20,32,0,15,"10",12,8,"s:40~l:59~t:8","minnesota-lynx","Minnesota","Lynx","MIN","Minnesota Lynx","Lynx","266092","79bc43","https://a.espncdn.com/i/teamlogos/wnba/500/min.png",77,7,-7
2024,401725077,2024,3,2024-10-04,2024-10-04 19:30:00,18,"s:40~l:59~t:18","connecticut-sun","Connecticut","Sun","CONN","Connecticut Sun","Sun","f05023","0a2240","https://a.espncdn.com/i/teamlogos/wnba/500/conn.png","home",81,FALSE,21,1,20,"3",0.411,30,73,0,15,78.3,18,23,"2",13,"44",3,0,0,0.15,3,20,33,0,11,"15",11,8,"s:40~l:59~t:8","minnesota-lynx","Minnesota","Lynx","MIN","Minnesota Lynx","Lynx","266092","79bc43","https://a.espncdn.com/i/teamlogos/wnba/500/min.png",90,"L",2024,3,2024-10-04,2024-10-04 19:30:00,8,"s:40~l:59~t:8","minnesota-lynx","Minnesota","Lynx","MIN","Minnesota Lynx","Lynx","266092","79bc43","https://a.espncdn.com/i/teamlogos/wnba/500/min.png","away",90,22,7,23,"5",0.574,35,61,0,19,78.9,15,19,"14",6,"48",5,0,0,0.333,5,15,29,0,10,"12",10,18,"s:40~l:59~t:18","connecticut-sun","Connecticut","Sun","CONN","Connecticut Sun","Sun","f05023","0a2240","https://a.espncdn.com/i/teamlogos/wnba/500/conn.png",81,-9,9
2024,401724940,2024,3,2024-10-04,2024-10-04 21:30:00,17,"s:40~l:59~t:17","las-vegas-aces","Las Vegas","Aces","LV","Las Vegas Aces","Aces","a7a8aa","000000","https://a.espncdn.com/i/teamlogos/wnba/500/lv.png","home",95,TRUE,22,3,29,"8",0.521,37,71,0,13,88.9,8,9,"25",5,"42",5,0,1,0.406,13,32,34,1,9,"6",9,9,"s:40~l:59~t:9","new-york-liberty","New York","Liberty","NY","New York Liberty","Liberty","86cebc","000000","https://a.espncdn.com/i/teamlogos/wnba/500/ny.png",81,"W",2024,3,2024-10-04,2024-10-04 21:30:00,9,"s:40~l:59~t:9","new-york-liberty","New York","Liberty","NY","New York Liberty","Liberty","86cebc","000000","https://a.espncdn.com/i/teamlogos/wnba/500/ny.png","away",81,21,4,27,"13",0.388,26,67,0,10,89.5,17,19,"4",8,"28",5,0,1,0.414,12,29,35,1,12,"13",12,17,"s:40~l:59~t:17","las-vegas-aces","Las Vegas","Aces","LV","Las Vegas Aces","Aces","a7a8aa","000000","https://a.espncdn.com/i/teamlogos/wnba/500/lv.png",95,14,-14
2024,401724941,2024,3,2024-10-06,2024-10-06 15:00:00,17,"s:40~l:59~t:17","las-vegas-aces","Las Vegas","Aces","LV","Las Vegas Aces","Aces","a7a8aa","000000","https://a.espncdn.com/i/teamlogos/wnba/500/lv.png","home",62,FALSE,16,7,23,"7",0.328,21,64,0,15,72.2,13,18,"3",4,"28",7,1,0,0.233,7,30,27,0,8,"8",7,9,"s:40~l:59~t:9","new-york-liberty","New York","Liberty","NY","New York Liberty","Liberty","86cebc","000000","https://a.espncdn.com/i/teamlogos/wnba/500/ny.png",76,"L",2024,3,2024-10-06,2024-10-06 15:00:00,9,"s:40~l:59~t:9","new-york-liberty","New York","Liberty","NY","New York Liberty","Liberty","86cebc","000000","https://a.espncdn.com/i/teamlogos/wnba/500/ny.png","away",76,14,5,35,"4",0.394,28,71,0,20,90.9,10,11,"18",13,"30",5,2,0,0.417,10,24,48,0,14,"14",12,17,"s:40~l:59~t:17","las-vegas-aces","Las Vegas","Aces","LV","Las Vegas Aces","Aces","a7a8aa","000000","https://a.espncdn.com/i/teamlogos/wnba/500/lv.png",62,-14,14
2024,401725078,2024,3,2024-10-06,2024-10-06 17:00:00,18,"s:40~l:59~t:18","connecticut-sun","Connecticut","Sun","CONN","Connecticut Sun","Sun","f05023","0a2240","https://a.espncdn.com/i/teamlogos/wnba/500/conn.png","home",92,TRUE,19,3,25,"6",0.537,36,67,0,17,85.7,12,14,"15",4,"50",9,0,0,0.533,8,15,29,0,9,"12",9,8,"s:40~l:59~t:8","minnesota-lynx","Minnesota","Lynx","MIN","Minnesota Lynx","Lynx","266092","79bc43","https://a.espncdn.com/i/teamlogos/wnba/500/min.png",82,"W",2024,3,2024-10-06,2024-10-06 17:00:00,8,"s:40~l:59~t:8","minnesota-lynx","Minnesota","Lynx","MIN","Minnesota Lynx","Lynx","266092","79bc43","https://a.espncdn.com/i/teamlogos/wnba/500/min.png","away",82,22,4,24,"2",0.467,28,60,0,22,88.9,16,18,"10",3,"30",5,0,0,0.385,10,26,27,0,13,"13",13,18,"s:40~l:59~t:18","connecticut-sun","Connecticut","Sun","CONN","Connecticut Sun","Sun","f05023","0a2240","https://a.espncdn.com/i/teamlogos/wnba/500/conn.png",92,10,-10
2024,401725079,2024,3,2024-10-08,2024-10-08 20:00:00,8,"s:40~l:59~t:8","minnesota-lynx","Minnesota","Lynx","MIN","Minnesota Lynx","Lynx","266092","79bc43","https://a.espncdn.com/i/teamlogos/wnba/500/min.png","home",88,TRUE,23,9,21,"8",0.493,34,69,0,14,66.7,10,15,"24",8,"40",7,1,1,0.385,10,26,29,1,13,"8",12,18,"s:40~l:59~t:18","connecticut-sun","Connecticut","Sun","CONN","Connecticut Sun","Sun","f05023","0a2240","https://a.espncdn.com/i/teamlogos/wnba/500/conn.png",77,"W",2024,3,2024-10-08,2024-10-08 20:00:00,18,"s:40~l:59~t:18","connecticut-sun","Connecticut","Sun","CONN","Connecticut Sun","Sun","f05023","0a2240","https://a.espncdn.com/i/teamlogos/wnba/500/conn.png","away",77,11,6,22,"8",0.385,25,65,0,17,86.4,19,22,"5",13,"26",6,1,1,0.348,8,23,35,1,19,"22",18,8,"s:40~l:59~t:8","minnesota-lynx","Minnesota","Lynx","MIN","Minnesota Lynx","Lynx","266092","79bc43","https://a.espncdn.com/i/teamlogos/wnba/500/min.png",88,11,-11
2024,401726988,2024,3,2024-10-10,2024-10-10 20:00:00,9,"s:40~l:59~t:9","new-york-liberty","New York","Liberty","NY","New York Liberty","Liberty","86cebc","000000","https://a.espncdn.com/i/teamlogos/wnba/500/ny.png","home",93,FALSE,21,4,24,"19",0.378,34,90,0,14,85.7,12,14,"18",20,"36",5,4,0,0.394,13,33,44,0,15,"17",11,8,"s:40~l:59~t:8","minnesota-lynx","Minnesota","Lynx","MIN","Minnesota Lynx","Lynx","266092","79bc43","https://a.espncdn.com/i/teamlogos/wnba/500/min.png",95,"L",2024,3,2024-10-10,2024-10-10 20:00:00,8,"s:40~l:59~t:8","minnesota-lynx","Minnesota","Lynx","MIN","Minnesota Lynx","Lynx","266092","79bc43","https://a.espncdn.com/i/teamlogos/wnba/500/min.png","away",95,20,9,27,"17",0.507,36,71,0,16,93.3,14,15,"4",5,"42",8,2,0,0.409,9,22,32,0,12,"15",10,9,"s:40~l:59~t:9","new-york-liberty","New York","Liberty","NY","New York Liberty","Liberty","86cebc","000000","https://a.espncdn.com/i/teamlogos/wnba/500/ny.png",93,-2,2
2024,401726989,2024,3,2024-10-13,2024-10-13 15:00:00,9,"s:40~l:59~t:9","new-york-liberty","New York","Liberty","NY","New York Liberty","Liberty","86cebc","000000","https://a.espncdn.com/i/teamlogos/wnba/500/ny.png","home",80,TRUE,17,2,25,"19",0.475,29,61,1,15,78.6,11,14,"17",10,"28",12,2,0,0.458,11,24,35,0,18,"17",16,8,"s:40~l:59~t:8","minnesota-lynx","Minnesota","Lynx","MIN","Minnesota Lynx","Lynx","266092","79bc43","https://a.espncdn.com/i/teamlogos/wnba/500/min.png",66,"W",2024,3,2024-10-13,2024-10-13 15:00:00,8,"s:40~l:59~t:8","minnesota-lynx","Minnesota","Lynx","MIN","Minnesota Lynx","Lynx","266092","79bc43","https://a.espncdn.com/i/teamlogos/wnba/500/min.png","away",66,20,0,22,"13",0.45,27,60,0,15,85.7,6,7,"0",4,"34",8,0,0,0.3,6,20,26,0,19,"26",19,9,"s:40~l:59~t:9","new-york-liberty","New York","Liberty","NY","New York Liberty","Liberty","86cebc","000000","https://a.espncdn.com/i/teamlogos/wnba/500/ny.png",80,14,-14
2024,401726990,2024,3,2024-10-16,2024-10-16 20:00:00,8,"s:40~l:59~t:8","minnesota-lynx","Minnesota","Lynx","MIN","Minnesota Lynx","Lynx","266092","79bc43","https://a.espncdn.com/i/teamlogos/wnba/500/min.png","home",77,FALSE,20,1,25,"11",0.387,29,75,0,18,83.3,10,12,"15",7,"28",12,2,0,0.429,9,21,32,0,12,"8",10,9,"s:40~l:59~t:9","new-york-liberty","New York","Liberty","NY","New York Liberty","Liberty","86cebc","000000","https://a.espncdn.com/i/teamlogos/wnba/500/ny.png",80,"L",2024,3,2024-10-16,2024-10-16 20:00:00,9,"s:40~l:59~t:9","new-york-liberty","New York","Liberty","NY","New York Liberty","Liberty","86cebc","000000","https://a.espncdn.com/i/teamlogos/wnba/500/ny.png","away",80,18,9,27,"5",0.459,28,61,0,13,100,14,14,"4",6,"28",8,2,0,0.4,10,25,33,0,18,"18",16,8,"s:40~l:59~t:8","minnesota-lynx","Minnesota","Lynx","MIN","Minnesota Lynx","Lynx","266092","79bc43","https://a.espncdn.com/i/teamlogos/wnba/500/min.png",77,-3,3
2024,401726991,2024,3,2024-10-18,2024-10-18 20:00:00,8,"s:40~l:59~t:8","minnesota-lynx","Minnesota","Lynx","MIN","Minnesota Lynx","Lynx","266092","79bc43","https://a.espncdn.com/i/teamlogos/wnba/500/min.png","home",82,TRUE,20,1,26,"11",0.446,29,65,0,9,75,15,20,"5",5,"26",10,1,0,0.391,9,23,31,0,13,"10",12,9,"s:40~l:59~t:9","new-york-liberty","New York","Liberty","NY","New York Liberty","Liberty","86cebc","000000","https://a.espncdn.com/i/teamlogos/wnba/500/ny.png",80,"W",2024,3,2024-10-18,2024-10-18 20:00:00,9,"s:40~l:59~t:9","new-york-liberty","New York","Liberty","NY","New York Liberty","Liberty","86cebc","000000","https://a.espncdn.com/i/teamlogos/wnba/500/ny.png","away",80,18,3,31,"12",0.437,31,71,0,14,100,9,9,"6",9,"38",7,1,0,0.391,9,23,40,0,16,"19",15,8,"s:40~l:59~t:8","minnesota-lynx","Minnesota","Lynx","MIN","Minnesota Lynx","Lynx","266092","79bc43","https://a.espncdn.com/i/teamlogos/wnba/500/min.png",82,2,-2
2024,401726992,2024,3,2024-10-20,2024-10-20 20:00:00,9,"s:40~l:59~t:9","new-york-liberty","New York","Liberty","NY","New York Liberty","Liberty","86cebc","000000","https://a.espncdn.com/i/teamlogos/wnba/500/ny.png","home",67,TRUE,15,6,35,"4",0.306,22,72,0,17,84,21,25,"5",9,"38",9,0,0,0.087,2,23,44,0,12,"2",12,8,"s:40~l:59~t:8","minnesota-lynx","Minnesota","Lynx","MIN","Minnesota Lynx","Lynx","266092","79bc43","https://a.espncdn.com/i/teamlogos/wnba/500/min.png",62,"W",2024,3,2024-10-20,2024-10-20 20:00:00,8,"s:40~l:59~t:8","minnesota-lynx","Minnesota","Lynx","MIN","Minnesota Lynx","Lynx","266092","79bc43","https://a.espncdn.com/i/teamlogos/wnba/500/min.png","away",62,16,4,29,"2",0.371,26,70,0,21,87.5,7,8,"12",4,"44",6,1,0,0.158,3,19,33,0,17,"10",16,9,"s:40~l:59~t:9","new-york-liberty","New York","Liberty","NY","New York Liberty","Liberty","86cebc","000000","https://a.espncdn.com/i/teamlogos/wnba/500/ny.png",67,5,-5
