SEASON_ID,PLAYER_ID,PLAYER_NAME,TEAM_ID,TEAM_ABBREVIATION,TEAM_NAME,GAME_ID,GAME_DATE,MATCHUP,WL,MIN,FGM,FGA,FG_PCT,FG3M,FG3A,FG3_PCT,FTM,FTA,FT_PCT,OREB,DREB,REB,AST,STL,BLK,TOV,PF,PTS,PLUS_MINUS,FANTASY_PTS,VIDEO_AVAILABLE
21997,100002,Rebecca Lobo,1611661313,NYL,New York Liberty,1029700001,1997-06-21,NYL @ LAS,W,35,6,15,0.4,1,3,0.333,3,8,0.375,1,5,6,3,0,3,1,4,16,,35.7,0
21997,100101,Teresa Weatherspoon,1611661313,NYL,New York Liberty,1029700001,1997-06-21,NYL @ LAS,W,34,0,2,0.0,0,0,,3,6,0.5,0,7,7,10,4,0,4,2,3,,34.4,0
21997,100102,Kym Hampton,1611661313,NYL,New York Liberty,1029700001,1997-06-21,NYL @ LAS,W,25,5,11,0.455,0,0,,3,5,0.6,2,5,7,0,3,1,2,3,13,,31.4,0
21997,100103,Vickie Johnson,1611661313,NYL,New York Liberty,1029700001,1997-06-21,NYL @ LAS,W,28,6,13,0.462,0,1,0.0,1,2,0.5,5,3,8,2,1,0,3,0,13,,25.6,0
21997,100104,Sue Wicks,1611661313,NYL,New York Liberty,1029700001,1997-06-21,NYL @ LAS,W,6,1,3,0.333,0,0,,0,0,,1,0,1,0,1,1,1,2,2,,8.2,0
21997,100105,Sophia Witherspoon,1611661313,NYL,New York Liberty,1029700001,1997-06-21,NYL @ LAS,W,29,3,7,0.429,0,0,,0,0,,1,4,5,5,2,0,3,4,6,,22.5,0
21997,100106,Trena Trice-Hill,1611661313,NYL,New York Liberty,1029700001,1997-06-21,NYL @ LAS,W,13,4,5,0.8,0,0,,0,0,,0,1,1,0,1,0,2,4,8,,10.2,0
21997,100107,Kisha Ford,1611661313,NYL,New York Liberty,1029700001,1997-06-21,NYL @ LAS,W,21,0,3,0.0,0,1,0.0,3,4,0.75,0,1,1,0,1,0,1,1,3,,6.2,0
21997,100108,Rhonda Blades,1611661313,NYL,New York Liberty,1029700001,1997-06-21,NYL @ LAS,W,9,1,1,1.0,1,1,1.0,0,0,,0,0,0,1,1,0,2,4,3,,5.5,0
21997,100003,Lisa Leslie,1611661320,LAS,Los Angeles Sparks,1029700001,1997-06-21,LAS vs. NYL,L,36,6,17,0.353,1,5,0.2,3,6,0.5,2,12,14,2,0,2,7,4,16,,34.8,0
21997,100004,Penny Toler,1611661320,LAS,Los Angeles Sparks,1029700001,1997-06-21,LAS vs. NYL,L,35,5,16,0.313,0,4,0.0,5,5,1.0,0,1,1,4,1,0,7,2,15,,18.2,0
21997,100005,Daedra Charles,1611661320,LAS,Los Angeles Sparks,1029700001,1997-06-21,LAS vs. NYL,L,6,0,3,0.0,0,0,,0,0,,1,0,1,0,0,1,1,2,0,,3.2,0
21997,100006,Haixia Zheng,1611661320,LAS,Los Angeles Sparks,1029700001,1997-06-21,LAS vs. NYL,L,17,2,7,0.286,0,0,,4,6,0.667,2,3,5,0,0,0,3,2,8,,11.0,0
21997,100007,Jamila Wideman,1611661320,LAS,Los Angeles Sparks,1029700001,1997-06-21,LAS vs. NYL,L,28,1,5,0.2,0,0,,2,2,1.0,4,1,5,6,2,0,3,1,4,,22.0,0
21997,100008,Tamecka Dixon,1611661320,LAS,Los Angeles Sparks,1029700001,1997-06-21,LAS vs. NYL,L,14,1,4,0.25,0,0,,0,0,,0,0,0,2,0,0,1,4,2,,4.0,0
21997,100009,Katrina Colleton,1611661320,LAS,Los Angeles Sparks,1029700001,1997-06-21,LAS vs. NYL,L,27,1,4,0.25,0,0,,0,0,,1,3,4,0,3,0,1,3,2,,14.8,0
21997,100010,Travesa Gant,1611661320,LAS,Los Angeles Sparks,1029700001,1997-06-21,LAS vs. NYL,L,5,0,0,,0,0,,0,0,,0,0,0,0,0,0,1,1,0,,-1.0,0
21997,100011,Linda Burgess,1611661320,LAS,Los Angeles Sparks,1029700001,1997-06-21,LAS vs. NYL,L,14,1,3,0.333,0,0,,0,0,,3,1,4,0,1,0,0,1,2,,9.8,0
21997,100012,Mwadi Mabika,1611661320,LAS,Los Angeles Sparks,1029700001,1997-06-21,LAS vs. NYL,L,20,4,9,0.444,0,2,0.0,0,0,,1,4,5,1,2,0,1,2,8,,20.5,0
21997,100087,Janice Braxton,1611661315,CLE,Cleveland Rockers,1029700002,1997-06-21,CLE vs. HOU,L,20,1,2,0.5,0,0,,1,2,0.5,1,2,3,2,2,0,3,1,3,,12.6,0
21997,100088,Michelle Edwards,1611661315,CLE,Cleveland Rockers,1029700002,1997-06-21,CLE vs. HOU,L,25,2,10,0.2,0,1,0.0,3,5,0.6,2,0,2,2,3,1,5,3,7,,19.4,0
21997,100089,Isabelle Fijalkowski,1611661315,CLE,Cleveland Rockers,1029700002,1997-06-21,CLE vs. HOU,L,31,5,14,0.357,0,0,,2,3,0.667,3,3,6,1,0,1,2,3,12,,21.7,0
21997,100090,Lynette Woodard,1611661315,CLE,Cleveland Rockers,1029700002,1997-06-21,CLE vs. HOU,L,22,3,8,0.375,0,0,,0,0,,3,4,7,1,2,1,2,1,6,,22.9,0
21997,100091,Eva Nemcova,1611661315,CLE,Cleveland Rockers,1029700002,1997-06-21,CLE vs. HOU,L,17,2,7,0.286,1,2,0.5,0,0,,0,0,0,2,0,1,0,3,5,,11.0,0
21997,100092,Merlakia Jones,1611661315,CLE,Cleveland Rockers,1029700002,1997-06-21,CLE vs. HOU,L,28,4,8,0.5,0,1,0.0,0,0,,0,2,2,1,0,1,4,2,8,,10.9,0
21997,100093,Tina Nicholson,1611661315,CLE,Cleveland Rockers,1029700002,1997-06-21,CLE vs. HOU,L,31,4,7,0.571,1,3,0.333,0,2,0.0,0,1,1,2,1,1,5,3,9,,14.2,0
21997,100095,Jenny Boucek,1611661315,CLE,Cleveland Rockers,1029700002,1997-06-21,CLE vs. HOU,L,15,1,3,0.333,0,0,,0,0,,2,0,2,0,0,0,2,3,2,,2.4,0
21997,100097,Rushia Brown,1611661315,CLE,Cleveland Rockers,1029700002,1997-06-21,CLE vs. HOU,L,5,1,1,1.0,0,0,,2,2,1.0,2,0,2,1,0,1,1,1,4,,9.9,0
21997,100100,Adrienne Johnson,1611661315,CLE,Cleveland Rockers,1029700002,1997-06-21,CLE vs. HOU,L,6,0,0,,0,0,,0,0,,0,0,0,1,0,0,1,0,0,,0.5,0
21997,100073,Cynthia Cooper,1611661316,HOU,Houston Comets,1029700002,1997-06-21,HOU @ CLE,W,37,9,18,0.5,0,3,0.0,7,8,0.875,1,7,8,5,3,1,8,2,25,,46.1,0
21997,100074,Wanda Guyton,1611661316,HOU,Houston Comets,1029700002,1997-06-21,HOU @ CLE,W,20,1,2,0.5,0,0,,2,2,1.0,1,2,3,0,0,1,1,4,4,,9.6,0
21997,100075,Janeth Arcain,1611661316,HOU,Houston Comets,1029700002,1997-06-21,HOU @ CLE,W,28,8,12,0.667,0,0,,0,0,,1,0,1,2,4,0,2,3,16,,30.2,0
21997,100076,Tina Thompson,1611661316,HOU,Houston Comets,1029700002,1997-06-21,HOU @ CLE,W,35,6,9,0.667,2,4,0.5,0,0,,0,5,5,1,0,4,3,3,14,,30.5,0
21997,100077,Tammy Jackson,1611661316,HOU,Houston Comets,1029700002,1997-06-21,HOU @ CLE,W,17,1,2,0.5,0,0,,3,3,1.0,2,2,4,0,2,0,1,3,5,,14.8,0
21997,100079,Catarina Pollini,1611661316,HOU,Houston Comets,1029700002,1997-06-21,HOU @ CLE,W,8,0,1,0.0,0,0,,0,0,,0,2,2,1,0,0,0,0,0,,3.9,0
21997,100081,Pietra Gay,1611661316,HOU,Houston Comets,1029700002,1997-06-21,HOU @ CLE,W,1,0,0,,0,0,,0,0,,0,0,0,0,1,0,1,0,0,,2.0,0
21997,100083,Kim Perrot,1611661316,HOU,Houston Comets,1029700002,1997-06-21,HOU @ CLE,W,20,1,5,0.2,0,3,0.0,0,0,,1,2,3,3,3,0,4,2,2,,15.1,0
21997,100084,Fran Harris,1611661316,HOU,Houston Comets,1029700002,1997-06-21,HOU @ CLE,W,14,2,3,0.667,0,0,,0,0,,0,0,0,1,1,0,0,1,4,,8.5,0
21997,100086,Tiffany Woosley,1611661316,HOU,Houston Comets,1029700002,1997-06-21,HOU @ CLE,W,20,2,2,1.0,1,1,1.0,1,2,0.5,0,1,1,1,0,0,2,2,6,,6.7,0
21997,100016,Ruthie Bolton,1611661318,SAC,Sacramento Monarchs,1029700003,1997-06-21,SAC @ UTA,W,35,4,16,0.25,2,8,0.25,6,8,0.75,3,8,11,2,6,0,5,5,16,,45.2,0
21997,100017,Bridgette Gordon,1611661318,SAC,Sacramento Monarchs,1029700003,1997-06-21,SAC @ UTA,W,33,3,7,0.429,0,0,,6,8,0.75,2,1,3,3,3,0,6,4,12,,23.1,0
21997,100018,Judy Mosley-McAfee,1611661318,SAC,Sacramento Monarchs,1029700003,1997-06-21,SAC @ UTA,W,32,6,8,0.75,0,0,,1,2,0.5,5,2,7,0,1,0,3,2,13,,21.4,0
21997,100019,Mikiko Hagiwara,1611661318,SAC,Sacramento Monarchs,1029700003,1997-06-21,SAC @ UTA,W,17,1,4,0.25,1,2,0.5,0,0,,0,0,0,0,0,0,0,2,3,,3.0,0
21997,100020,Pam McGee,1611661318,SAC,Sacramento Monarchs,1029700003,1997-06-21,SAC @ UTA,W,18,2,6,0.333,0,0,,2,4,0.5,1,2,3,1,1,0,2,5,6,,12.1,0
21997,100021,Denique Graves,1611661318,SAC,Sacramento Monarchs,1029700003,1997-06-21,SAC @ UTA,W,3,1,3,0.333,0,0,,0,0,,1,2,3,0,0,2,0,0,2,,11.6,0
21997,100022,Chantel Tremitiere,1611661318,SAC,Sacramento Monarchs,1029700003,1997-06-21,SAC @ UTA,W,38,2,7,0.286,0,1,0.0,3,6,0.5,1,2,3,4,0,0,2,2,7,,14.6,0
21997,100023,Tajama Abraham,1611661318,SAC,Sacramento Monarchs,1029700003,1997-06-21,SAC @ UTA,W,14,1,7,0.143,0,0,,2,2,1.0,5,3,8,0,0,0,3,2,4,,10.6,0
21997,100024,Corissa Yasen,1611661318,SAC,Sacramento Monarchs,1029700003,1997-06-21,SAC @ UTA,W,7,1,3,0.333,0,0,,2,2,1.0,0,0,0,0,1,1,0,0,4,,10.0,0
21997,100027,Latasha Byears,1611661318,SAC,Sacramento Monarchs,1029700003,1997-06-21,SAC @ UTA,W,3,3,3,1.0,0,0,,0,0,,1,1,2,0,0,0,2,4,6,,6.4,0
21997,100043,Elena Baranova,1611661319,UTA,Utah Starzz,1029700003,1997-06-21,UTA vs. SAC,L,26,3,10,0.3,0,0,,1,2,0.5,3,4,7,2,1,5,2,3,7,,34.4,0
21997,100044,Lady Grooms,1611661319,UTA,Utah Starzz,1029700003,1997-06-21,UTA vs. SAC,L,30,3,11,0.273,0,1,0.0,0,0,,2,2,4,6,1,0,3,4,6,,19.8,0
21997,100045,Dena Head,1611661319,UTA,Utah Starzz,1029700003,1997-06-21,UTA vs. SAC,L,18,1,5,0.2,0,3,0.0,1,1,1.0,0,1,1,1,2,0,1,2,3,,10.7,0
21997,100046,Wendy Palmer,1611661319,UTA,Utah Starzz,1029700003,1997-06-21,UTA vs. SAC,L,30,2,8,0.25,0,0,,6,8,0.75,2,5,7,0,0,0,2,4,10,,16.4,0
21997,100047,Tammi Reiss,1611661319,UTA,Utah Starzz,1029700003,1997-06-21,UTA vs. SAC,L,39,6,15,0.4,2,7,0.286,2,2,1.0,5,2,7,2,1,0,4,2,16,,26.4,0
21997,100048,Jessie Hicks,1611661319,UTA,Utah Starzz,1029700003,1997-06-21,UTA vs. SAC,L,5,0,0,,0,0,,0,0,,0,1,1,0,0,0,0,0,0,,1.2,0
21997,100050,Kim Williams,1611661319,UTA,Utah Starzz,1029700003,1997-06-21,UTA vs. SAC,L,15,2,9,0.222,0,1,0.0,2,2,1.0,0,3,3,0,1,0,3,6,6,,9.6,0
21997,100052,Deborah Carter,1611661319,UTA,Utah Starzz,1029700003,1997-06-21,UTA vs. SAC,L,16,4,5,0.8,0,0,,0,0,,0,0,0,0,0,0,1,4,8,,7.0,0
21997,100053,Karen Booker,1611661319,UTA,Utah Starzz,1029700003,1997-06-21,UTA vs. SAC,L,21,2,4,0.5,0,0,,1,4,0.25,4,1,5,0,1,0,5,4,5,,9.0,0
21997,100058,Vicky Bullett,1611661314,CHA,Charlotte Sting,1029700004,1997-06-22,CHA @ PHO,L,26,3,8,0.375,0,1,0.0,2,2,1.0,1,2,3,2,3,0,3,5,8,,20.6,0
21997,100059,Andrea Stinson,1611661314,CHA,Charlotte Sting,1029700004,1997-06-22,CHA @ PHO,L,37,8,20,0.4,1,4,0.25,1,1,1.0,4,5,9,7,3,0,7,3,18,,41.3,0
21997,100060,Rhonda Mapp,1611661314,CHA,Charlotte Sting,1029700004,1997-06-22,CHA @ PHO,L,24,2,5,0.4,0,0,,6,8,0.75,2,4,6,1,0,1,2,4,10,,19.7,0
21997,100062,Tora Suber,1611661314,CHA,Charlotte Sting,1029700004,1997-06-22,CHA @ PHO,L,26,2,9,0.222,2,5,0.4,0,0,,0,3,3,0,2,0,4,2,6,,11.6,0
21997,100063,Sharon Manning,1611661314,CHA,Charlotte Sting,1029700004,1997-06-22,CHA @ PHO,L,16,0,4,0.0,0,0,,2,2,1.0,0,2,2,0,2,0,0,0,2,,10.4,0
21997,100064,Debra Williams,1611661314,CHA,Charlotte Sting,1029700004,1997-06-22,CHA @ PHO,L,13,1,6,0.167,0,3,0.0,0,0,,1,2,3,0,0,0,1,1,2,,4.6,0
21997,100065,Andrea Congreaves,1611661314,CHA,Charlotte Sting,1029700004,1997-06-22,CHA @ PHO,L,14,2,5,0.4,0,0,,2,2,1.0,1,0,1,0,0,0,0,2,6,,7.2,0
21997,100066,Milica Vukadinovic,1611661314,CHA,Charlotte Sting,1029700004,1997-06-22,CHA @ PHO,L,14,1,1,1.0,1,1,1.0,0,0,,0,1,1,1,1,0,3,0,3,,5.7,0
21997,100067,Katasha Artis,1611661314,CHA,Charlotte Sting,1029700004,1997-06-22,CHA @ PHO,L,2,0,0,,0,0,,0,0,,0,0,0,0,0,0,0,0,0,,0.0,0
21997,100374,Penny Moore,1611661314,CHA,Charlotte Sting,1029700004,1997-06-22,CHA @ PHO,L,28,2,7,0.286,0,0,,0,0,,0,4,4,3,1,0,3,2,4,,13.3,0
21997,100029,Michele Timms,1611661317,PHO,Phoenix Mercury,1029700004,1997-06-22,PHO vs. CHA,W,29,3,10,0.3,1,6,0.167,1,2,0.5,1,5,6,6,2,0,2,4,8,,28.2,0
21997,100030,Jennifer Gillom,1611661317,PHO,Phoenix Mercury,1029700004,1997-06-22,PHO vs. CHA,W,21,1,4,0.25,0,0,,2,2,1.0,2,3,5,2,0,0,1,1,4,,12.0,0
21997,100031,Bridget Pettis,1611661317,PHO,Phoenix Mercury,1029700004,1997-06-22,PHO vs. CHA,W,23,5,12,0.417,3,6,0.5,4,4,1.0,0,3,3,3,0,1,2,3,17,,26.1,0
21997,100032,Nancy Lieberman,1611661317,PHO,Phoenix Mercury,1029700004,1997-06-22,PHO vs. CHA,W,21,3,8,0.375,2,4,0.5,0,0,,1,4,5,3,1,0,5,3,8,,16.5,0
21997,100033,Toni Foster,1611661317,PHO,Phoenix Mercury,1029700004,1997-06-22,PHO vs. CHA,W,23,6,7,0.857,0,0,,2,2,1.0,2,6,8,2,3,1,3,1,14,,35.6,0
21997,100034,Tia Jackson,1611661317,PHO,Phoenix Mercury,1029700004,1997-06-22,PHO vs. CHA,W,10,1,2,0.5,0,0,,0,0,,1,2,3,2,2,0,1,0,2,,13.6,0
21997,100035,Umeki Webb,1611661317,PHO,Phoenix Mercury,1029700004,1997-06-22,PHO vs. CHA,W,24,3,8,0.375,1,2,0.5,2,5,0.4,0,2,2,5,2,0,3,1,9,,21.9,0
21997,100036,Monique Ambers,1611661317,PHO,Phoenix Mercury,1029700004,1997-06-22,PHO vs. CHA,W,16,0,1,0.0,0,0,,1,4,0.25,3,1,4,0,0,1,1,1,1,,7.8,0
21997,100037,Marlies Askamp,1611661317,PHO,Phoenix Mercury,1029700004,1997-06-22,PHO vs. CHA,W,19,2,7,0.286,0,0,,0,0,,0,3,3,0,0,0,2,1,4,,5.6,0
21997,100038,Tara Williams,1611661317,PHO,Phoenix Mercury,1029700004,1997-06-22,PHO vs. CHA,W,14,4,8,0.5,1,1,1.0,0,0,,0,4,4,0,0,0,0,1,9,,13.8,0
21997,100043,Elena Baranova,1611661319,UTA,Utah Starzz,1029700005,1997-06-23,UTA vs. LAS,W,36,7,15,0.467,0,1,0.0,2,4,0.5,2,8,10,5,1,5,2,4,16,,51.5,0
21997,100044,Lady Grooms,1611661319,UTA,Utah Starzz,1029700005,1997-06-23,UTA vs. LAS,W,15,1,4,0.25,0,1,0.0,0,0,,0,1,1,4,1,0,0,0,2,,12.2,0
21997,100045,Dena Head,1611661319,UTA,Utah Starzz,1029700005,1997-06-23,UTA vs. LAS,W,16,3,6,0.5,1,1,1.0,6,6,1.0,1,2,3,1,0,1,1,0,13,,20.1,0
21997,100046,Wendy Palmer,1611661319,UTA,Utah Starzz,1029700005,1997-06-23,UTA vs. LAS,W,33,7,17,0.412,2,3,0.667,12,18,0.667,1,8,9,1,0,0,1,2,28,,39.3,0
21997,100047,Tammi Reiss,1611661319,UTA,Utah Starzz,1029700005,1997-06-23,UTA vs. LAS,W,29,2,9,0.222,1,5,0.2,0,0,,0,2,2,5,1,0,2,2,5,,15.9,0
21997,100048,Jessie Hicks,1611661319,UTA,Utah Starzz,1029700005,1997-06-23,UTA vs. LAS,W,8,1,1,1.0,0,0,,1,2,0.5,1,1,2,0,0,1,1,3,3,,7.4,0
21997,100050,Kim Williams,1611661319,UTA,Utah Starzz,1029700005,1997-06-23,UTA vs. LAS,W,25,0,5,0.0,0,1,0.0,13,15,0.867,0,1,1,1,5,0,0,3,13,,30.7,0
21997,100052,Deborah Carter,1611661319,UTA,Utah Starzz,1029700005,1997-06-23,UTA vs. LAS,W,26,5,7,0.714,0,0,,6,6,1.0,0,1,1,2,0,0,1,5,16,,19.2,0
21997,100053,Karen Booker,1611661319,UTA,Utah Starzz,1029700005,1997-06-23,UTA vs. LAS,W,12,2,4,0.5,0,0,,2,5,0.4,4,5,9,1,0,0,0,5,6,,18.3,0
21997,100003,Lisa Leslie,1611661320,LAS,Los Angeles Sparks,1029700005,1997-06-23,LAS @ UTA,L,32,9,17,0.529,3,7,0.429,1,2,0.5,1,9,10,3,0,1,3,5,22,,38.5,0
21997,100004,Penny Toler,1611661320,LAS,Los Angeles Sparks,1029700005,1997-06-23,LAS @ UTA,L,23,4,10,0.4,0,1,0.0,3,3,1.0,0,3,3,3,0,0,2,6,11,,17.1,0
21997,100005,Daedra Charles,1611661320,LAS,Los Angeles Sparks,1029700005,1997-06-23,LAS @ UTA,L,6,2,4,0.5,0,0,,0,0,,0,1,1,0,0,1,0,4,4,,8.2,0
21997,100006,Haixia Zheng,1611661320,LAS,Los Angeles Sparks,1029700005,1997-06-23,LAS @ UTA,L,27,5,7,0.714,0,0,,4,4,1.0,1,6,7,0,0,0,2,4,14,,20.4,0
21997,100007,Jamila Wideman,1611661320,LAS,Los Angeles Sparks,1029700005,1997-06-23,LAS @ UTA,L,38,2,5,0.4,0,0,,3,3,1.0,1,2,3,7,1,0,1,1,7,,23.1,0
21997,100008,Tamecka Dixon,1611661320,LAS,Los Angeles Sparks,1029700005,1997-06-23,LAS @ UTA,L,27,3,10,0.3,1,3,0.333,2,2,1.0,1,3,4,3,0,0,4,4,9,,14.3,0
21997,100009,Katrina Colleton,1611661320,LAS,Los Angeles Sparks,1029700005,1997-06-23,LAS @ UTA,L,9,1,3,0.333,0,2,0.0,0,0,,1,0,1,0,0,0,1,5,2,,2.2,0
21997,100010,Travesa Gant,1611661320,LAS,Los Angeles Sparks,1029700005,1997-06-23,LAS @ UTA,L,8,0,1,0.0,0,0,,0,0,,0,3,3,0,0,0,1,3,0,,2.6,0
21997,100011,Linda Burgess,1611661320,LAS,Los Angeles Sparks,1029700005,1997-06-23,LAS @ UTA,L,14,3,6,0.5,0,0,,3,4,0.75,1,3,4,0,0,0,2,0,9,,11.8,0
21997,100012,Mwadi Mabika,1611661320,LAS,Los Angeles Sparks,1029700005,1997-06-23,LAS @ UTA,L,16,4,7,0.571,1,3,0.333,2,6,0.333,1,1,2,3,1,0,4,4,11,,16.9,0
21997,100002,Rebecca Lobo,1611661313,NYL,New York Liberty,1029700006,1997-06-23,NYL @ SAC,W,30,4,12,0.333,2,3,0.667,2,2,1.0,4,5,9,4,1,2,6,1,12,,31.8,0
21997,100101,Teresa Weatherspoon,1611661313,NYL,New York Liberty,1029700006,1997-06-23,NYL @ SAC,W,28,1,2,0.5,0,0,,3,4,0.75,0,1,1,4,5,0,3,2,5,,24.2,0
21997,100102,Kym Hampton,1611661313,NYL,New York Liberty,1029700006,1997-06-23,NYL @ SAC,W,21,6,9,0.667,0,0,,1,2,0.5,1,2,3,1,5,0,4,3,13,,29.1,0
21997,100103,Vickie Johnson,1611661313,NYL,New York Liberty,1029700006,1997-06-23,NYL @ SAC,W,32,4,9,0.444,1,2,0.5,1,2,0.5,1,3,4,5,1,0,0,1,10,,25.3,0
21997,100104,Sue Wicks,1611661313,NYL,New York Liberty,1029700006,1997-06-23,NYL @ SAC,W,16,2,4,0.5,0,0,,1,1,1.0,1,3,4,1,0,3,1,3,5,,19.3,0
21997,100105,Sophia Witherspoon,1611661313,NYL,New York Liberty,1029700006,1997-06-23,NYL @ SAC,W,24,6,11,0.545,2,3,0.667,1,1,1.0,0,4,4,1,1,0,2,1,15,,22.3,0
21997,100106,Trena Trice-Hill,1611661313,NYL,New York Liberty,1029700006,1997-06-23,NYL @ SAC,W,13,2,3,0.667,0,0,,1,2,0.5,1,1,2,0,1,0,2,3,5,,8.4,0
21997,100107,Kisha Ford,1611661313,NYL,New York Liberty,1029700006,1997-06-23,NYL @ SAC,W,21,1,3,0.333,0,1,0.0,3,5,0.6,1,0,1,0,0,0,2,0,5,,4.2,0
21997,100108,Rhonda Blades,1611661313,NYL,New York Liberty,1029700006,1997-06-23,NYL @ SAC,W,12,1,2,0.5,1,2,0.5,0,0,,0,1,1,1,0,1,4,1,3,,4.7,0
21997,100109,Jasmina Perazic-Gipe,1611661313,NYL,New York Liberty,1029700006,1997-06-23,NYL @ SAC,W,3,0,1,0.0,0,0,,0,0,,0,0,0,0,0,0,0,0,0,,0.0,0
21997,100016,Ruthie Bolton,1611661318,SAC,Sacramento Monarchs,1029700006,1997-06-23,SAC vs. NYL,L,38,9,23,0.391,6,12,0.5,3,3,1.0,2,10,12,2,4,0,5,4,27,,51.4,0
21997,100017,Bridgette Gordon,1611661318,SAC,Sacramento Monarchs,1029700006,1997-06-23,SAC vs. NYL,L,29,2,5,0.4,0,0,,3,3,1.0,3,2,5,2,2,1,5,1,7,,20.0,0
21997,100018,Judy Mosley-McAfee,1611661318,SAC,Sacramento Monarchs,1029700006,1997-06-23,SAC vs. NYL,L,16,1,3,0.333,0,0,,0,0,,0,1,1,0,0,0,1,3,2,,2.2,0
21997,100019,Mikiko Hagiwara,1611661318,SAC,Sacramento Monarchs,1029700006,1997-06-23,SAC vs. NYL,L,19,0,4,0.0,0,3,0.0,1,2,0.5,0,1,1,2,0,1,1,2,1,,7.2,0
21997,100020,Pam McGee,1611661318,SAC,Sacramento Monarchs,1029700006,1997-06-23,SAC vs. NYL,L,20,1,3,0.333,0,0,,3,4,0.75,3,1,4,0,2,0,3,3,5,,12.8,0
21997,100021,Denique Graves,1611661318,SAC,Sacramento Monarchs,1029700006,1997-06-23,SAC vs. NYL,L,7,0,2,0.0,0,0,,0,0,,0,1,1,0,0,0,0,1,0,,1.2,0
21997,100022,Chantel Tremitiere,1611661318,SAC,Sacramento Monarchs,1029700006,1997-06-23,SAC vs. NYL,L,35,1,5,0.2,0,1,0.0,3,4,0.75,2,1,3,4,1,0,6,4,5,,11.6,0
21997,100023,Tajama Abraham,1611661318,SAC,Sacramento Monarchs,1029700006,1997-06-23,SAC vs. NYL,L,14,2,7,0.286,0,0,,1,2,0.5,1,1,2,0,0,0,1,1,5,,6.4,0
21997,100024,Corissa Yasen,1611661318,SAC,Sacramento Monarchs,1029700006,1997-06-23,SAC vs. NYL,L,13,3,4,0.75,0,0,,0,0,,0,0,0,0,2,0,3,0,6,,9.0,0
21997,100027,Latasha Byears,1611661318,SAC,Sacramento Monarchs,1029700006,1997-06-23,SAC vs. NYL,L,9,2,5,0.4,0,0,,0,0,,2,0,2,1,2,0,0,2,4,,13.9,0
21997,100073,Cynthia Cooper,1611661316,HOU,Houston Comets,1029700007,1997-06-24,HOU vs. PHO,W,32,2,11,0.182,1,4,0.25,8,9,0.889,1,4,5,3,2,1,5,4,13,,27.5,0
21997,100074,Wanda Guyton,1611661316,HOU,Houston Comets,1029700007,1997-06-24,HOU vs. PHO,W,34,8,12,0.667,0,0,,9,10,0.9,3,5,8,1,2,1,4,4,25,,41.1,0
21997,100075,Janeth Arcain,1611661316,HOU,Houston Comets,1029700007,1997-06-24,HOU vs. PHO,W,15,2,2,1.0,0,0,,0,0,,0,5,5,1,0,1,0,3,4,,14.5,0
21997,100076,Tina Thompson,1611661316,HOU,Houston Comets,1029700007,1997-06-24,HOU vs. PHO,W,32,3,13,0.231,0,1,0.0,2,2,1.0,2,4,6,1,0,1,1,2,8,,18.7,0
21997,100077,Tammy Jackson,1611661316,HOU,Houston Comets,1029700007,1997-06-24,HOU vs. PHO,W,21,3,4,0.75,0,0,,0,0,,2,2,4,0,2,0,3,5,6,,13.8,0
21997,100079,Catarina Pollini,1611661316,HOU,Houston Comets,1029700007,1997-06-24,HOU vs. PHO,W,13,1,3,0.333,0,0,,2,2,1.0,0,0,0,0,0,0,0,2,4,,4.0,0
21997,100081,Pietra Gay,1611661316,HOU,Houston Comets,1029700007,1997-06-24,HOU vs. PHO,W,2,0,0,,0,0,,0,0,,0,0,0,0,0,0,0,1,0,,0.0,0
21997,100083,Kim Perrot,1611661316,HOU,Houston Comets,1029700007,1997-06-24,HOU vs. PHO,W,13,1,2,0.5,0,0,,3,4,0.75,1,4,5,2,1,1,2,2,5,,18.0,0
21997,100084,Fran Harris,1611661316,HOU,Houston Comets,1029700007,1997-06-24,HOU vs. PHO,W,8,0,1,0.0,0,0,,0,0,,1,0,1,1,0,0,3,2,0,,-0.3,0
21997,100086,Tiffany Woosley,1611661316,HOU,Houston Comets,1029700007,1997-06-24,HOU vs. PHO,W,31,3,9,0.333,1,4,0.25,0,1,0.0,3,2,5,1,3,0,2,2,7,,21.5,0
21997,100029,Michele Timms,1611661317,PHO,Phoenix Mercury,1029700007,1997-06-24,PHO @ HOU,L,36,4,10,0.4,1,4,0.25,3,7,0.429,1,0,1,3,4,0,5,3,12,,24.7,0
21997,100030,Jennifer Gillom,1611661317,PHO,Phoenix Mercury,1029700007,1997-06-24,PHO @ HOU,L,27,3,9,0.333,0,1,0.0,1,2,0.5,2,2,4,0,1,0,0,3,7,,14.8,0
21997,100031,Bridget Pettis,1611661317,PHO,Phoenix Mercury,1029700007,1997-06-24,PHO @ HOU,L,28,2,11,0.182,0,3,0.0,1,1,1.0,0,2,2,2,0,0,1,6,5,,9.4,0
21997,100032,Nancy Lieberman,1611661317,PHO,Phoenix Mercury,1029700007,1997-06-24,PHO @ HOU,L,19,0,3,0.0,0,2,0.0,0,0,,1,0,1,2,2,0,4,4,0,,6.2,0
21997,100033,Toni Foster,1611661317,PHO,Phoenix Mercury,1029700007,1997-06-24,PHO @ HOU,L,33,4,7,0.571,0,0,,5,8,0.625,1,4,5,0,1,0,1,1,13,,21.0,0
21997,100035,Umeki Webb,1611661317,PHO,Phoenix Mercury,1029700007,1997-06-24,PHO @ HOU,L,28,1,5,0.2,0,0,,4,5,0.8,3,2,5,4,1,1,2,3,6,,22.0,0
21997,100036,Monique Ambers,1611661317,PHO,Phoenix Mercury,1029700007,1997-06-24,PHO @ HOU,L,4,0,0,,0,0,,0,0,,0,0,0,0,0,0,0,1,0,,0.0,0
21997,100037,Marlies Askamp,1611661317,PHO,Phoenix Mercury,1029700007,1997-06-24,PHO @ HOU,L,15,4,6,0.667,0,0,,2,3,0.667,0,5,5,0,1,1,5,4,10,,17.0,0
21997,100038,Tara Williams,1611661317,PHO,Phoenix Mercury,1029700007,1997-06-24,PHO @ HOU,L,10,1,2,0.5,0,0,,0,0,,0,0,0,1,1,0,1,1,2,,5.5,0
21997,100058,Vicky Bullett,1611661314,CHA,Charlotte Sting,1029700008,1997-06-25,CHA @ LAS,L,34,5,15,0.333,0,3,0.0,1,2,0.5,5,6,11,3,2,1,5,5,11,,32.7,0
21997,100059,Andrea Stinson,1611661314,CHA,Charlotte Sting,1029700008,1997-06-25,CHA @ LAS,L,35,4,13,0.308,0,2,0.0,2,2,1.0,2,6,8,2,2,1,4,3,10,,27.6,0
21997,100060,Rhonda Mapp,1611661314,CHA,Charlotte Sting,1029700008,1997-06-25,CHA @ LAS,L,28,4,8,0.5,1,1,1.0,3,3,1.0,2,3,5,2,1,1,0,5,12,,27.0,0
21997,100062,Tora Suber,1611661314,CHA,Charlotte Sting,1029700008,1997-06-25,CHA @ LAS,L,32,5,11,0.455,3,5,0.6,0,0,,1,0,1,1,0,0,4,1,13,,11.7,0
21997,100063,Sharon Manning,1611661314,CHA,Charlotte Sting,1029700008,1997-06-25,CHA @ LAS,L,11,0,3,0.0,0,0,,0,0,,2,2,4,0,1,0,1,3,0,,6.8,0
21997,100064,Debra Williams,1611661314,CHA,Charlotte Sting,1029700008,1997-06-25,CHA @ LAS,L,29,2,9,0.222,0,3,0.0,0,0,,0,1,1,2,0,0,2,3,4,,6.2,0
21997,100065,Andrea Congreaves,1611661314,CHA,Charlotte Sting,1029700008,1997-06-25,CHA @ LAS,L,10,0,0,,0,0,,0,0,,0,1,1,0,0,0,0,1,0,,1.2,0
21997,100067,Katasha Artis,1611661314,CHA,Charlotte Sting,1029700008,1997-06-25,CHA @ LAS,L,3,0,0,,0,0,,0,0,,0,1,1,0,0,0,2,0,0,,-0.8,0
21997,100155,Nicole Levesque,1611661314,CHA,Charlotte Sting,1029700008,1997-06-25,CHA @ LAS,L,8,1,2,0.5,0,1,0.0,0,0,,0,0,0,0,0,0,3,1,2,,-1.0,0
21997,100374,Penny Moore,1611661314,CHA,Charlotte Sting,1029700008,1997-06-25,CHA @ LAS,L,10,1,3,0.333,0,0,,0,0,,1,2,3,0,0,0,0,0,2,,5.6,0
21997,100003,Lisa Leslie,1611661320,LAS,Los Angeles Sparks,1029700008,1997-06-25,LAS vs. CHA,W,26,7,15,0.467,0,0,,5,11,0.455,0,5,5,0,3,2,2,2,19,,38.0,0
21997,100004,Penny Toler,1611661320,LAS,Los Angeles Sparks,1029700008,1997-06-25,LAS vs. CHA,W,27,2,6,0.333,0,0,,0,0,,0,5,5,7,1,0,3,1,4,,20.5,0
21997,100005,Daedra Charles,1611661320,LAS,Los Angeles Sparks,1029700008,1997-06-25,LAS vs. CHA,W,16,3,5,0.6,0,0,,2,4,0.5,1,1,2,1,1,0,2,1,8,,12.9,0
21997,100006,Haixia Zheng,1611661320,LAS,Los Angeles Sparks,1029700008,1997-06-25,LAS vs. CHA,W,17,5,6,0.833,0,0,,0,0,,1,2,3,2,0,0,1,2,10,,15.6,0
21997,100007,Jamila Wideman,1611661320,LAS,Los Angeles Sparks,1029700008,1997-06-25,LAS vs. CHA,W,32,0,1,0.0,0,0,,2,2,1.0,0,3,3,5,2,0,2,0,2,,17.1,0
21997,100008,Tamecka Dixon,1611661320,LAS,Los Angeles Sparks,1029700008,1997-06-25,LAS vs. CHA,W,26,6,8,0.75,2,2,1.0,2,2,1.0,0,3,3,3,3,0,3,1,16,,30.1,0
21997,100009,Katrina Colleton,1611661320,LAS,Los Angeles Sparks,1029700008,1997-06-25,LAS vs. CHA,W,14,1,2,0.5,0,0,,1,1,1.0,1,1,2,0,0,0,0,0,3,,5.4,0
21997,100011,Linda Burgess,1611661320,LAS,Los Angeles Sparks,1029700008,1997-06-25,LAS vs. CHA,W,7,2,3,0.667,0,0,,1,1,1.0,1,2,3,0,2,0,0,0,5,,14.6,0
21997,100012,Mwadi Mabika,1611661320,LAS,Los Angeles Sparks,1029700008,1997-06-25,LAS vs. CHA,W,22,3,11,0.273,0,2,0.0,0,0,,1,3,4,1,2,0,1,2,6,,17.3,0
21997,100156,Heidi Burge,1611661320,LAS,Los Angeles Sparks,1029700008,1997-06-25,LAS vs. CHA,W,13,0,5,0.0,0,0,,1,6,0.167,2,2,4,1,2,1,0,3,1,,16.3,0
21997,100087,Janice Braxton,1611661315,CLE,Cleveland Rockers,1029700009,1997-06-26,CLE vs. UTA,W,33,0,4,0.0,0,0,,5,6,0.833,3,11,14,2,2,2,1,2,5,,35.8,0
21997,100088,Michelle Edwards,1611661315,CLE,Cleveland Rockers,1029700009,1997-06-26,CLE vs. UTA,W,33,2,9,0.222,0,3,0.0,1,4,0.25,0,4,4,8,1,1,3,1,5,,24.8,0
21997,100089,Isabelle Fijalkowski,1611661315,CLE,Cleveland Rockers,1029700009,1997-06-26,CLE vs. UTA,W,30,8,9,0.889,0,0,,5,8,0.625,1,4,5,0,2,0,2,3,21,,31.0,0
21997,100090,Lynette Woodard,1611661315,CLE,Cleveland Rockers,1029700009,1997-06-26,CLE vs. UTA,W,31,4,8,0.5,0,0,,4,4,1.0,2,1,3,6,4,1,4,1,12,,35.6,0
21997,100091,Eva Nemcova,1611661315,CLE,Cleveland Rockers,1029700009,1997-06-26,CLE vs. UTA,W,30,4,15,0.267,2,4,0.5,3,4,0.75,3,4,7,1,0,0,2,3,13,,20.9,0
21997,100092,Merlakia Jones,1611661315,CLE,Cleveland Rockers,1029700009,1997-06-26,CLE vs. UTA,W,9,1,4,0.25,0,0,,0,0,,0,1,1,1,0,0,2,0,2,,2.7,0
21997,100093,Tina Nicholson,1611661315,CLE,Cleveland Rockers,1029700009,1997-06-26,CLE vs. UTA,W,3,0,0,,0,0,,0,0,,0,0,0,0,0,0,0,0,0,,0.0,0
21997,100095,Jenny Boucek,1611661315,CLE,Cleveland Rockers,1029700009,1997-06-26,CLE vs. UTA,W,7,1,3,0.333,0,0,,2,2,1.0,0,1,1,0,1,0,2,0,4,,6.2,0
21997,100097,Rushia Brown,1611661315,CLE,Cleveland Rockers,1029700009,1997-06-26,CLE vs. UTA,W,17,4,5,0.8,0,0,,2,2,1.0,2,4,6,0,0,0,1,1,10,,16.2,0
21997,100100,Adrienne Johnson,1611661315,CLE,Cleveland Rockers,1029700009,1997-06-26,CLE vs. UTA,W,7,1,3,0.333,0,0,,0,0,,0,0,0,0,0,0,2,0,2,,0.0,0
21997,100043,Elena Baranova,1611661319,UTA,Utah Starzz,1029700009,1997-06-26,UTA @ CLE,L,35,6,13,0.462,0,1,0.0,0,0,,0,6,6,4,2,1,1,2,12,,33.2,0
21997,100044,Lady Grooms,1611661319,UTA,Utah Starzz,1029700009,1997-06-26,UTA @ CLE,L,17,1,4,0.25,0,0,,1,2,0.5,0,2,2,1,0,0,1,2,3,,5.9,0
21997,100045,Dena Head,1611661319,UTA,Utah Starzz,1029700009,1997-06-26,UTA @ CLE,L,19,3,4,0.75,0,0,,0,0,,0,0,0,1,0,0,4,2,6,,3.5,0
21997,100046,Wendy Palmer,1611661319,UTA,Utah Starzz,1029700009,1997-06-26,UTA @ CLE,L,35,6,15,0.4,0,4,0.0,3,4,0.75,2,10,12,4,1,0,2,2,15,,36.4,0
21997,100047,Tammi Reiss,1611661319,UTA,Utah Starzz,1029700009,1997-06-26,UTA @ CLE,L,24,3,7,0.429,2,2,1.0,0,0,,0,3,3,1,1,0,4,2,8,,12.1,0
21997,100048,Jessie Hicks,1611661319,UTA,Utah Starzz,1029700009,1997-06-26,UTA @ CLE,L,7,1,3,0.333,0,0,,0,0,,0,0,0,0,0,2,0,0,2,,8.0,0
21997,100050,Kim Williams,1611661319,UTA,Utah Starzz,1029700009,1997-06-26,UTA @ CLE,L,19,3,7,0.429,1,2,0.5,0,0,,1,1,2,4,0,0,3,4,7,,12.4,0
21997,100052,Deborah Carter,1611661319,UTA,Utah Starzz,1029700009,1997-06-26,UTA @ CLE,L,21,2,8,0.25,0,0,,0,0,,4,0,4,0,3,0,1,2,4,,16.8,0
21997,100053,Karen Booker,1611661319,UTA,Utah Starzz,1029700009,1997-06-26,UTA @ CLE,L,23,2,5,0.4,0,0,,2,4,0.5,0,3,3,3,6,2,2,6,6,,36.1,0
21997,100058,Vicky Bullett,1611661314,CHA,Charlotte Sting,1029700010,1997-06-26,CHA @ SAC,L,30,5,7,0.714,0,0,,1,2,0.5,1,2,3,4,3,2,2,2,11,,33.6,0
21997,100059,Andrea Stinson,1611661314,CHA,Charlotte Sting,1029700010,1997-06-26,CHA @ SAC,L,36,8,12,0.667,0,0,,1,2,0.5,1,4,5,5,1,1,1,4,17,,35.5,0
21997,100060,Rhonda Mapp,1611661314,CHA,Charlotte Sting,1029700010,1997-06-26,CHA @ SAC,L,24,5,8,0.625,0,0,,0,0,,2,0,2,0,0,0,3,4,10,,9.4,0
21997,100062,Tora Suber,1611661314,CHA,Charlotte Sting,1029700010,1997-06-26,CHA @ SAC,L,32,3,6,0.5,1,1,1.0,2,2,1.0,0,3,3,3,1,0,3,4,9,,17.1,0
21997,100063,Sharon Manning,1611661314,CHA,Charlotte Sting,1029700010,1997-06-26,CHA @ SAC,L,11,4,5,0.8,0,0,,0,2,0.0,1,2,3,1,2,0,1,0,8,,18.1,0
21997,100064,Debra Williams,1611661314,CHA,Charlotte Sting,1029700010,1997-06-26,CHA @ SAC,L,15,2,8,0.25,0,1,0.0,0,0,,1,2,3,1,0,0,1,1,4,,8.1,0
21997,100065,Andrea Congreaves,1611661314,CHA,Charlotte Sting,1029700010,1997-06-26,CHA @ SAC,L,15,2,2,1.0,0,0,,3,3,1.0,0,0,0,0,0,1,1,1,7,,9.0,0
21997,100155,Nicole Levesque,1611661314,CHA,Charlotte Sting,1029700010,1997-06-26,CHA @ SAC,L,8,1,3,0.333,0,0,,0,0,,0,1,1,2,1,0,2,0,2,,7.2,0
21997,100374,Penny Moore,1611661314,CHA,Charlotte Sting,1029700010,1997-06-26,CHA @ SAC,L,29,1,6,0.167,0,1,0.0,0,0,,0,1,1,1,2,0,2,5,2,,8.7,0
21997,100016,Ruthie Bolton,1611661318,SAC,Sacramento Monarchs,1029700010,1997-06-26,SAC vs. CHA,W,38,8,19,0.421,5,11,0.455,0,0,,1,4,5,4,1,0,3,3,21,,33.0,0
21997,100017,Bridgette Gordon,1611661318,SAC,Sacramento Monarchs,1029700010,1997-06-26,SAC vs. CHA,W,32,5,11,0.455,0,0,,1,1,1.0,4,4,8,2,3,0,2,0,11,,30.6,0
21997,100018,Judy Mosley-McAfee,1611661318,SAC,Sacramento Monarchs,1029700010,1997-06-26,SAC vs. CHA,W,24,2,6,0.333,0,0,,2,2,1.0,1,1,2,1,1,0,4,3,6,,8.9,0
21997,100019,Mikiko Hagiwara,1611661318,SAC,Sacramento Monarchs,1029700010,1997-06-26,SAC vs. CHA,W,3,1,1,1.0,1,1,1.0,0,0,,0,0,0,0,0,0,0,0,3,,3.0,0
21997,100020,Pam McGee,1611661318,SAC,Sacramento Monarchs,1029700010,1997-06-26,SAC vs. CHA,W,33,6,9,0.667,0,0,,11,12,0.917,3,4,7,2,2,0,2,2,23,,38.4,0
21997,100022,Chantel Tremitiere,1611661318,SAC,Sacramento Monarchs,1029700010,1997-06-26,SAC vs. CHA,W,38,2,6,0.333,0,1,0.0,4,4,1.0,0,7,7,5,0,0,4,1,8,,19.9,0
21997,100023,Tajama Abraham,1611661318,SAC,Sacramento Monarchs,1029700010,1997-06-26,SAC vs. CHA,W,10,0,0,,0,0,,0,0,,1,0,1,0,0,0,1,2,0,,0.2,0
21997,100024,Corissa Yasen,1611661318,SAC,Sacramento Monarchs,1029700010,1997-06-26,SAC vs. CHA,W,10,2,4,0.5,0,0,,0,2,0.0,2,1,3,0,1,0,1,3,4,,9.6,0
21997,100027,Latasha Byears,1611661318,SAC,Sacramento Monarchs,1029700010,1997-06-26,SAC vs. CHA,W,12,1,3,0.333,0,0,,0,0,,1,0,1,0,0,0,2,1,2,,1.2,0
21997,100002,Rebecca Lobo,1611661313,NYL,New York Liberty,1029700011,1997-06-26,NYL @ HOU,W,40,4,13,0.308,0,2,0.0,2,4,0.5,3,5,8,3,1,2,4,2,10,,29.1,0
21997,100029,Michele Timms,1611661313,NYL,New York Liberty,1029700011,1997-06-26,NYL @ HOU,W,0,0,1,0.0,0,0,,0,0,,0,0,0,0,0,0,0,0,0,,0.0,0
21997,100101,Teresa Weatherspoon,1611661313,NYL,New York Liberty,1029700011,1997-06-26,NYL @ HOU,W,43,2,7,0.286,0,5,0.0,1,2,0.5,1,6,7,3,5,0,6,3,5,,26.9,0
21997,100102,Kym Hampton,1611661313,NYL,New York Liberty,1029700011,1997-06-26,NYL @ HOU,W,19,4,8,0.5,0,0,,2,3,0.667,1,2,3,1,1,1,1,3,10,,20.1,0
21997,100103,Vickie Johnson,1611661313,NYL,New York Liberty,1029700011,1997-06-26,NYL @ HOU,W,37,3,9,0.333,0,0,,4,5,0.8,1,4,5,1,1,0,5,3,10,,15.5,0
21997,100104,Sue Wicks,1611661313,NYL,New York Liberty,1029700011,1997-06-26,NYL @ HOU,W,19,2,2,1.0,0,0,,2,2,1.0,0,1,1,1,1,1,3,2,6,,11.7,0
21997,100105,Sophia Witherspoon,1611661313,NYL,New York Liberty,1029700011,1997-06-26,NYL @ HOU,W,27,3,10,0.3,2,4,0.5,1,2,0.5,2,0,2,2,1,0,2,4,9,,15.4,0
21997,100106,Trena Trice-Hill,1611661313,NYL,New York Liberty,1029700011,1997-06-26,NYL @ HOU,W,13,2,4,0.5,1,1,1.0,0,0,,2,1,3,0,0,0,3,2,5,,5.6,0
21997,100107,Kisha Ford,1611661313,NYL,New York Liberty,1029700011,1997-06-26,NYL @ HOU,W,26,3,4,0.75,0,1,0.0,1,3,0.333,1,2,3,4,0,0,4,3,7,,12.6,0
21997,100108,Rhonda Blades,1611661313,NYL,New York Liberty,1029700011,1997-06-26,NYL @ HOU,W,1,0,1,0.0,0,1,0.0,0,0,,0,0,0,0,0,0,0,0,0,,0.0,0
21997,100073,Cynthia Cooper,1611661316,HOU,Houston Comets,1029700011,1997-06-26,HOU vs. NYL,L,39,7,18,0.389,2,6,0.333,4,5,0.8,1,4,5,3,4,1,7,1,20,,38.5,0
21997,100074,Wanda Guyton,1611661316,HOU,Houston Comets,1029700011,1997-06-26,HOU vs. NYL,L,37,3,6,0.5,0,0,,2,4,0.5,4,5,9,2,1,1,4,5,8,,23.8,0
21997,100075,Janeth Arcain,1611661316,HOU,Houston Comets,1029700011,1997-06-26,HOU vs. NYL,L,34,2,7,0.286,0,0,,0,0,,0,5,5,0,1,0,2,2,4,,11.0,0
21997,100076,Tina Thompson,1611661316,HOU,Houston Comets,1029700011,1997-06-26,HOU vs. NYL,L,32,3,12,0.25,2,4,0.5,0,0,,3,3,6,1,1,0,3,5,8,,16.7,0
21997,100077,Tammy Jackson,1611661316,HOU,Houston Comets,1029700011,1997-06-26,HOU vs. NYL,L,8,0,1,0.0,0,0,,0,0,,0,0,0,0,0,0,0,0,0,,0.0,0
21997,100079,Catarina Pollini,1611661316,HOU,Houston Comets,1029700011,1997-06-26,HOU vs. NYL,L,13,1,2,0.5,0,0,,0,0,,2,0,2,2,0,0,3,2,2,,4.4,0
21997,100083,Kim Perrot,1611661316,HOU,Houston Comets,1029700011,1997-06-26,HOU vs. NYL,L,29,2,8,0.25,0,3,0.0,3,4,0.75,1,4,5,2,3,0,5,2,7,,20.0,0
21997,100084,Fran Harris,1611661316,HOU,Houston Comets,1029700011,1997-06-26,HOU vs. NYL,L,17,4,4,1.0,1,1,1.0,2,4,0.5,1,0,1,0,3,0,1,1,11,,20.2,0
21997,100086,Tiffany Woosley,1611661316,HOU,Houston Comets,1029700011,1997-06-26,HOU vs. NYL,L,16,0,2,0.0,0,0,,0,0,,0,0,0,2,2,0,3,1,0,,6.0,0
21997,100016,Ruthie Bolton,1611661318,SAC,Sacramento Monarchs,1029700012,1997-06-27,SAC @ LAS,L,36,8,19,0.421,3,10,0.3,1,1,1.0,0,6,6,6,0,0,5,1,20,,31.2,0
21997,100017,Bridgette Gordon,1611661318,SAC,Sacramento Monarchs,1029700012,1997-06-27,SAC @ LAS,L,30,6,11,0.545,1,2,0.5,1,1,1.0,1,2,3,2,2,1,2,2,14,,27.6,0
21997,100018,Judy Mosley-McAfee,1611661318,SAC,Sacramento Monarchs,1029700012,1997-06-27,SAC @ LAS,L,18,1,4,0.25,0,0,,2,2,1.0,2,0,2,0,1,0,2,2,4,,7.4,0
21997,100019,Mikiko Hagiwara,1611661318,SAC,Sacramento Monarchs,1029700012,1997-06-27,SAC @ LAS,L,6,1,2,0.5,1,1,1.0,0,0,,0,0,0,0,0,0,0,0,3,,3.0,0
21997,100020,Pam McGee,1611661318,SAC,Sacramento Monarchs,1029700012,1997-06-27,SAC @ LAS,L,31,4,8,0.5,0,0,,8,10,0.8,2,2,4,1,1,1,0,5,16,,28.3,0
21997,100021,Denique Graves,1611661318,SAC,Sacramento Monarchs,1029700012,1997-06-27,SAC @ LAS,L,8,0,1,0.0,0,0,,0,0,,0,0,0,0,0,2,0,2,0,,6.0,0
21997,100022,Chantel Tremitiere,1611661318,SAC,Sacramento Monarchs,1029700012,1997-06-27,SAC @ LAS,L,36,3,6,0.5,1,1,1.0,2,2,1.0,0,2,2,4,1,0,3,1,9,,17.4,0
21997,100023,Tajama Abraham,1611661318,SAC,Sacramento Monarchs,1029700012,1997-06-27,SAC @ LAS,L,17,0,5,0.0,0,0,,1,2,0.5,2,2,4,2,1,1,0,4,1,,14.8,0
21997,100024,Corissa Yasen,1611661318,SAC,Sacramento Monarchs,1029700012,1997-06-27,SAC @ LAS,L,12,3,8,0.375,0,0,,0,0,,2,0,2,0,2,0,1,0,6,,13.4,0
21997,100027,Latasha Byears,1611661318,SAC,Sacramento Monarchs,1029700012,1997-06-27,SAC @ LAS,L,6,0,1,0.0,0,0,,0,0,,2,0,2,1,0,0,3,4,0,,0.9,0
21997,100003,Lisa Leslie,1611661320,LAS,Los Angeles Sparks,1029700012,1997-06-27,LAS vs. SAC,W,30,4,13,0.308,0,1,0.0,5,6,0.833,3,4,7,4,2,2,5,2,13,,34.4,0
21997,100004,Penny Toler,1611661320,LAS,Los Angeles Sparks,1029700012,1997-06-27,LAS vs. SAC,W,34,7,14,0.5,1,2,0.5,4,4,1.0,1,2,3,7,0,0,1,3,19,,32.1,0
21997,100005,Daedra Charles,1611661320,LAS,Los Angeles Sparks,1029700012,1997-06-27,LAS vs. SAC,W,8,0,1,0.0,0,0,,0,0,,0,1,1,2,0,0,0,0,0,,4.2,0
21997,100006,Haixia Zheng,1611661320,LAS,Los Angeles Sparks,1029700012,1997-06-27,LAS vs. SAC,W,29,10,15,0.667,0,0,,8,8,1.0,3,7,10,0,0,3,1,2,28,,48.0,0
21997,100007,Jamila Wideman,1611661320,LAS,Los Angeles Sparks,1029700012,1997-06-27,LAS vs. SAC,W,35,2,7,0.286,1,4,0.25,0,0,,1,3,4,7,3,0,2,2,5,,27.3,0
21997,100008,Tamecka Dixon,1611661320,LAS,Los Angeles Sparks,1029700012,1997-06-27,LAS vs. SAC,W,25,4,9,0.444,1,1,1.0,2,2,1.0,2,1,3,1,1,0,2,3,11,,17.1,0
21997,100009,Katrina Colleton,1611661320,LAS,Los Angeles Sparks,1029700012,1997-06-27,LAS vs. SAC,W,7,0,2,0.0,0,1,0.0,0,0,,0,1,1,1,2,1,2,0,0,,9.7,0
21997,100011,Linda Burgess,1611661320,LAS,Los Angeles Sparks,1029700012,1997-06-27,LAS vs. SAC,W,6,1,1,1.0,0,0,,2,2,1.0,0,1,1,0,0,1,1,3,4,,7.2,0
21997,100012,Mwadi Mabika,1611661320,LAS,Los Angeles Sparks,1029700012,1997-06-27,LAS vs. SAC,W,19,4,7,0.571,1,1,1.0,0,0,,0,2,2,3,0,1,3,2,9,,15.9,0
21997,100156,Heidi Burge,1611661320,LAS,Los Angeles Sparks,1029700012,1997-06-27,LAS vs. SAC,W,7,2,2,1.0,0,0,,0,0,,2,2,4,0,0,0,1,1,4,,7.8,0
21997,100073,Cynthia Cooper,1611661316,HOU,Houston Comets,1029700013,1997-06-28,HOU @ UTA,W,36,6,17,0.353,3,6,0.5,5,6,0.833,1,3,4,3,2,0,4,0,20,,31.3,0
21997,100074,Wanda Guyton,1611661316,HOU,Houston Comets,1029700013,1997-06-28,HOU @ UTA,W,23,4,7,0.571,0,0,,3,3,1.0,7,2,9,0,0,1,0,3,11,,24.8,0
21997,100075,Janeth Arcain,1611661316,HOU,Houston Comets,1029700013,1997-06-28,HOU @ UTA,W,20,1,6,0.167,0,0,,2,2,1.0,2,0,2,0,2,0,2,1,4,,10.4,0
21997,100076,Tina Thompson,1611661316,HOU,Houston Comets,1029700013,1997-06-28,HOU @ UTA,W,24,3,8,0.375,0,2,0.0,1,1,1.0,2,4,6,0,0,1,1,5,7,,16.2,0
21997,100077,Tammy Jackson,1611661316,HOU,Houston Comets,1029700013,1997-06-28,HOU @ UTA,W,25,6,8,0.75,0,0,,2,4,0.5,2,6,8,2,2,0,5,5,14,,27.6,0
21997,100079,Catarina Pollini,1611661316,HOU,Houston Comets,1029700013,1997-06-28,HOU @ UTA,W,8,0,2,0.0,0,0,,0,0,,0,0,0,0,0,0,0,2,0,,0.0,0
21997,100081,Pietra Gay,1611661316,HOU,Houston Comets,1029700013,1997-06-28,HOU @ UTA,W,1,0,0,,0,0,,2,4,0.5,0,0,0,1,0,0,0,0,2,,3.5,0
21997,100083,Kim Perrot,1611661316,HOU,Houston Comets,1029700013,1997-06-28,HOU @ UTA,W,6,0,1,0.0,0,0,,0,0,,0,2,2,1,0,0,0,0,0,,3.9,0
21997,100084,Fran Harris,1611661316,HOU,Houston Comets,1029700013,1997-06-28,HOU @ UTA,W,23,2,6,0.333,2,4,0.5,7,8,0.875,1,3,4,0,3,1,2,1,13,,27.8,0
21997,100086,Tiffany Woosley,1611661316,HOU,Houston Comets,1029700013,1997-06-28,HOU @ UTA,W,34,2,7,0.286,1,3,0.333,0,0,,0,1,1,2,1,0,2,1,5,,10.2,0
21997,100043,Elena Baranova,1611661319,UTA,Utah Starzz,1029700013,1997-06-28,UTA vs. HOU,L,28,4,7,0.571,1,1,1.0,0,0,,0,6,6,2,1,2,5,4,9,,23.2,0
21997,100044,Lady Grooms,1611661319,UTA,Utah Starzz,1029700013,1997-06-28,UTA vs. HOU,L,32,1,7,0.143,0,1,0.0,0,0,,0,2,2,3,0,1,1,3,2,,10.9,0
21997,100045,Dena Head,1611661319,UTA,Utah Starzz,1029700013,1997-06-28,UTA vs. HOU,L,21,3,5,0.6,0,0,,1,1,1.0,1,2,3,2,0,0,2,3,7,,11.6,0
21997,100046,Wendy Palmer,1611661319,UTA,Utah Starzz,1029700013,1997-06-28,UTA vs. HOU,L,36,6,17,0.353,0,2,0.0,2,5,0.4,3,1,4,4,2,0,1,2,14,,29.8,0
21997,100047,Tammi Reiss,1611661319,UTA,Utah Starzz,1029700013,1997-06-28,UTA vs. HOU,L,14,1,5,0.2,0,2,0.0,0,0,,0,0,0,2,0,0,2,0,2,,3.0,0
21997,100048,Jessie Hicks,1611661319,UTA,Utah Starzz,1029700013,1997-06-28,UTA vs. HOU,L,2,0,0,,0,0,,0,0,,0,0,0,0,0,0,0,0,0,,0.0,0
21997,100049,Raegan Scott,1611661319,UTA,Utah Starzz,1029700013,1997-06-28,UTA vs. HOU,L,6,1,1,1.0,0,0,,0,0,,0,1,1,0,0,0,0,0,2,,3.2,0
21997,100050,Kim Williams,1611661319,UTA,Utah Starzz,1029700013,1997-06-28,UTA vs. HOU,L,13,3,6,0.5,0,2,0.0,2,2,1.0,0,0,0,1,1,0,1,3,8,,11.5,0
21997,100052,Deborah Carter,1611661319,UTA,Utah Starzz,1029700013,1997-06-28,UTA vs. HOU,L,24,2,8,0.25,0,0,,2,2,1.0,2,4,6,0,2,0,2,2,6,,17.2,0
21997,100053,Karen Booker,1611661319,UTA,Utah Starzz,1029700013,1997-06-28,UTA vs. HOU,L,24,3,5,0.6,0,1,0.0,2,3,0.667,2,3,5,4,5,1,3,5,8,,35.0,0
21997,100087,Janice Braxton,1611661315,CLE,Cleveland Rockers,1029700014,1997-06-28,CLE vs. PHO,L,38,5,8,0.625,0,1,0.0,2,2,1.0,2,10,12,2,1,3,3,4,12,,38.4,0
21997,100088,Michelle Edwards,1611661315,CLE,Cleveland Rockers,1029700014,1997-06-28,CLE vs. PHO,L,29,7,13,0.538,0,1,0.0,0,0,,0,2,2,3,3,0,3,4,14,,26.9,0
21997,100089,Isabelle Fijalkowski,1611661315,CLE,Cleveland Rockers,1029700014,1997-06-28,CLE vs. PHO,L,38,4,7,0.571,0,0,,3,6,0.5,1,2,3,5,2,0,3,2,11,,25.1,0
21997,100090,Lynette Woodard,1611661315,CLE,Cleveland Rockers,1029700014,1997-06-28,CLE vs. PHO,L,31,4,9,0.444,0,0,,0,0,,1,1,2,2,0,1,4,2,8,,12.4,0
21997,100091,Eva Nemcova,1611661315,CLE,Cleveland Rockers,1029700014,1997-06-28,CLE vs. PHO,L,35,5,15,0.333,1,5,0.2,1,1,1.0,0,1,1,5,1,1,3,1,12,,23.7,0
21997,100092,Merlakia Jones,1611661315,CLE,Cleveland Rockers,1029700014,1997-06-28,CLE vs. PHO,L,11,1,4,0.25,0,0,,0,0,,0,0,0,2,2,0,0,3,2,,11.0,0
21997,100093,Tina Nicholson,1611661315,CLE,Cleveland Rockers,1029700014,1997-06-28,CLE vs. PHO,L,5,1,2,0.5,1,1,1.0,0,0,,0,1,1,1,0,0,0,2,3,,5.7,0
21997,100095,Jenny Boucek,1611661315,CLE,Cleveland Rockers,1029700014,1997-06-28,CLE vs. PHO,L,6,0,0,,0,0,,1,2,0.5,0,1,1,0,1,0,3,2,1,,2.2,0
21997,100097,Rushia Brown,1611661315,CLE,Cleveland Rockers,1029700014,1997-06-28,CLE vs. PHO,L,5,0,1,0.0,0,0,,0,0,,1,0,1,1,0,0,0,2,0,,2.7,0
21997,100100,Adrienne Johnson,1611661315,CLE,Cleveland Rockers,1029700014,1997-06-28,CLE vs. PHO,L,2,0,2,0.0,0,0,,0,0,,0,0,0,0,0,0,0,0,0,,0.0,0
21997,100029,Michele Timms,1611661317,PHO,Phoenix Mercury,1029700014,1997-06-28,PHO @ CLE,W,32,4,5,0.8,3,3,1.0,2,4,0.5,0,2,2,4,2,0,3,4,13,,24.4,0
21997,100030,Jennifer Gillom,1611661317,PHO,Phoenix Mercury,1029700014,1997-06-28,PHO @ CLE,W,29,6,14,0.429,1,1,1.0,1,2,0.5,0,3,3,1,2,0,3,3,14,,22.1,0
21997,100031,Bridget Pettis,1611661317,PHO,Phoenix Mercury,1029700014,1997-06-28,PHO @ CLE,W,35,5,15,0.333,1,6,0.167,3,4,0.75,1,2,3,3,2,0,8,1,14,,20.1,0
21997,100032,Nancy Lieberman,1611661317,PHO,Phoenix Mercury,1029700014,1997-06-28,PHO @ CLE,W,10,0,1,0.0,0,1,0.0,0,0,,0,1,1,3,1,0,2,2,0,,6.7,0
21997,100033,Toni Foster,1611661317,PHO,Phoenix Mercury,1029700014,1997-06-28,PHO @ CLE,W,24,3,9,0.333,0,0,,3,4,0.75,2,5,7,0,2,2,0,2,9,,29.4,0
21997,100034,Tia Jackson,1611661317,PHO,Phoenix Mercury,1029700014,1997-06-28,PHO @ CLE,W,5,0,2,0.0,0,0,,0,0,,0,1,1,1,0,0,0,2,0,,2.7,0
21997,100035,Umeki Webb,1611661317,PHO,Phoenix Mercury,1029700014,1997-06-28,PHO @ CLE,W,30,2,3,0.667,0,0,,3,4,0.75,1,6,7,0,2,0,2,2,7,,19.4,0
21997,100036,Monique Ambers,1611661317,PHO,Phoenix Mercury,1029700014,1997-06-28,PHO @ CLE,W,4,0,0,,0,0,,0,0,,0,2,2,0,0,0,0,0,0,,2.4,0
21997,100037,Marlies Askamp,1611661317,PHO,Phoenix Mercury,1029700014,1997-06-28,PHO @ CLE,W,23,3,6,0.5,0,0,,5,6,0.833,2,2,4,1,1,0,2,3,11,,18.3,0
21997,100038,Tara Williams,1611661317,PHO,Phoenix Mercury,1029700014,1997-06-28,PHO @ CLE,W,8,0,0,,0,0,,0,0,,0,0,0,0,0,0,0,0,0,,0.0,0
21997,100002,Rebecca Lobo,1611661313,NYL,New York Liberty,1029700015,1997-06-29,NYL vs. PHO,W,34,5,12,0.417,0,3,0.0,3,6,0.5,2,7,9,1,1,1,5,1,13,,26.3,0
21997,100101,Teresa Weatherspoon,1611661313,NYL,New York Liberty,1029700015,1997-06-29,NYL vs. PHO,W,35,3,5,0.6,0,1,0.0,3,5,0.6,3,5,8,5,3,0,4,2,9,,31.1,0
21997,100102,Kym Hampton,1611661313,NYL,New York Liberty,1029700015,1997-06-29,NYL vs. PHO,W,16,1,5,0.2,0,0,,0,0,,0,1,1,0,0,0,1,5,2,,2.2,0
21997,100103,Vickie Johnson,1611661313,NYL,New York Liberty,1029700015,1997-06-29,NYL vs. PHO,W,31,8,17,0.471,0,2,0.0,4,5,0.8,0,3,3,2,0,1,0,3,20,,29.6,0
21997,100104,Sue Wicks,1611661313,NYL,New York Liberty,1029700015,1997-06-29,NYL vs. PHO,W,22,1,3,0.333,0,0,,5,6,0.833,2,3,5,2,0,1,2,3,7,,17.0,0
21997,100105,Sophia Witherspoon,1611661313,NYL,New York Liberty,1029700015,1997-06-29,NYL vs. PHO,W,32,5,11,0.455,2,5,0.4,2,5,0.4,1,2,3,4,2,0,5,2,14,,24.6,0
21997,100106,Trena Trice-Hill,1611661313,NYL,New York Liberty,1029700015,1997-06-29,NYL vs. PHO,W,8,0,0,,0,0,,0,0,,0,1,1,0,0,0,0,3,0,,1.2,0
21997,100107,Kisha Ford,1611661313,NYL,New York Liberty,1029700015,1997-06-29,NYL vs. PHO,W,17,0,5,0.0,0,1,0.0,0,0,,3,1,4,0,1,0,0,2,0,,7.8,0
21997,100108,Rhonda Blades,1611661313,NYL,New York Liberty,1029700015,1997-06-29,NYL vs. PHO,W,5,0,0,,0,0,,0,0,,0,1,1,0,1,0,1,1,0,,3.2,0
21997,100029,Michele Timms,1611661317,PHO,Phoenix Mercury,1029700015,1997-06-29,PHO @ NYL,L,35,2,13,0.154,1,6,0.167,2,2,1.0,2,5,7,5,0,0,2,5,7,,20.9,0
21997,100030,Jennifer Gillom,1611661317,PHO,Phoenix Mercury,1029700015,1997-06-29,PHO @ NYL,L,30,9,19,0.474,2,6,0.333,3,4,0.75,6,4,10,0,1,1,1,5,23,,40.0,0
21997,100031,Bridget Pettis,1611661317,PHO,Phoenix Mercury,1029700015,1997-06-29,PHO @ NYL,L,32,3,14,0.214,3,6,0.5,2,4,0.5,1,0,1,3,1,0,3,3,11,,16.7,0
21997,100032,Nancy Lieberman,1611661317,PHO,Phoenix Mercury,1029700015,1997-06-29,PHO @ NYL,L,12,0,1,0.0,0,0,,0,0,,0,1,1,0,0,0,3,0,0,,-1.8,0
21997,100033,Toni Foster,1611661317,PHO,Phoenix Mercury,1029700015,1997-06-29,PHO @ NYL,L,30,3,7,0.429,0,0,,0,0,,2,3,5,0,3,0,3,4,6,,18.0,0
21997,100034,Tia Jackson,1611661317,PHO,Phoenix Mercury,1029700015,1997-06-29,PHO @ NYL,L,8,0,2,0.0,0,0,,2,2,1.0,2,1,3,1,0,0,3,0,2,,4.1,0
21997,100035,Umeki Webb,1611661317,PHO,Phoenix Mercury,1029700015,1997-06-29,PHO @ NYL,L,33,1,8,0.125,0,1,0.0,1,1,1.0,4,6,10,0,0,0,3,3,3,,12.0,0
21997,100036,Monique Ambers,1611661317,PHO,Phoenix Mercury,1029700015,1997-06-29,PHO @ NYL,L,2,0,0,,0,0,,0,0,,0,0,0,0,0,0,0,1,0,,0.0,0
21997,100037,Marlies Askamp,1611661317,PHO,Phoenix Mercury,1029700015,1997-06-29,PHO @ NYL,L,15,1,6,0.167,0,0,,1,2,0.5,4,2,6,0,0,0,1,3,3,,9.2,0
21997,100038,Tara Williams,1611661317,PHO,Phoenix Mercury,1029700015,1997-06-29,PHO @ NYL,L,3,1,1,1.0,0,0,,0,0,,0,0,0,0,0,0,1,0,2,,1.0,0
21997,100058,Vicky Bullett,1611661314,CHA,Charlotte Sting,1029700016,1997-06-29,CHA vs. CLE,W,28,6,12,0.5,0,0,,0,0,,1,5,6,2,2,2,1,1,12,,33.2,0
21997,100059,Andrea Stinson,1611661314,CHA,Charlotte Sting,1029700016,1997-06-29,CHA vs. CLE,W,33,7,13,0.538,3,3,1.0,2,3,0.667,0,5,5,10,2,3,4,2,19,,51.0,0
21997,100060,Rhonda Mapp,1611661314,CHA,Charlotte Sting,1029700016,1997-06-29,CHA vs. CLE,W,25,4,10,0.4,0,0,,3,6,0.5,2,2,4,2,2,0,2,4,11,,22.8,0
21997,100062,Tora Suber,1611661314,CHA,Charlotte Sting,1029700016,1997-06-29,CHA vs. CLE,W,31,2,4,0.5,1,3,0.333,2,2,1.0,0,6,6,7,0,0,3,1,7,,21.7,0
21997,100063,Sharon Manning,1611661314,CHA,Charlotte Sting,1029700016,1997-06-29,CHA vs. CLE,W,15,2,5,0.4,0,0,,0,0,,0,0,0,1,1,0,2,0,4,,6.5,0
21997,100064,Debra Williams,1611661314,CHA,Charlotte Sting,1029700016,1997-06-29,CHA vs. CLE,W,7,1,3,0.333,1,2,0.5,0,0,,1,0,1,1,0,0,0,0,3,,5.7,0
21997,100065,Andrea Congreaves,1611661314,CHA,Charlotte Sting,1029700016,1997-06-29,CHA vs. CLE,W,12,2,5,0.4,0,1,0.0,1,1,1.0,0,2,2,0,0,0,0,3,5,,7.4,0
21997,100067,Katasha Artis,1611661314,CHA,Charlotte Sting,1029700016,1997-06-29,CHA vs. CLE,W,10,0,1,0.0,0,0,,0,0,,0,2,2,0,1,0,0,1,0,,5.4,0
21997,100155,Nicole Levesque,1611661314,CHA,Charlotte Sting,1029700016,1997-06-29,CHA vs. CLE,W,9,0,1,0.0,0,0,,0,0,,0,2,2,1,0,0,1,2,0,,2.9,0
21997,100374,Penny Moore,1611661314,CHA,Charlotte Sting,1029700016,1997-06-29,CHA vs. CLE,W,30,3,11,0.273,0,1,0.0,0,0,,2,4,6,1,2,0,3,3,6,,17.7,0
21997,100087,Janice Braxton,1611661315,CLE,Cleveland Rockers,1029700016,1997-06-29,CLE @ CHA,L,33,1,9,0.111,0,1,0.0,1,4,0.25,1,6,7,3,0,1,6,1,3,,12.9,0
21997,100089,Isabelle Fijalkowski,1611661315,CLE,Cleveland Rockers,1029700016,1997-06-29,CLE @ CHA,L,24,5,9,0.556,0,0,,5,6,0.833,5,4,9,0,0,0,3,5,15,,22.8,0
21997,100090,Lynette Woodard,1611661315,CLE,Cleveland Rockers,1029700016,1997-06-29,CLE @ CHA,L,33,2,7,0.286,0,1,0.0,0,0,,0,1,1,3,1,0,1,0,4,,11.7,0
21997,100091,Eva Nemcova,1611661315,CLE,Cleveland Rockers,1029700016,1997-06-29,CLE @ CHA,L,35,2,7,0.286,2,4,0.5,2,2,1.0,0,4,4,1,1,2,3,3,8,,20.3,0
21997,100092,Merlakia Jones,1611661315,CLE,Cleveland Rockers,1029700016,1997-06-29,CLE @ CHA,L,12,2,7,0.286,0,0,,0,0,,0,1,1,0,0,1,0,0,4,,8.2,0
21997,100093,Tina Nicholson,1611661315,CLE,Cleveland Rockers,1029700016,1997-06-29,CLE @ CHA,L,13,0,4,0.0,0,2,0.0,0,0,,0,0,0,0,1,0,3,2,0,,0.0,0
21997,100095,Jenny Boucek,1611661315,CLE,Cleveland Rockers,1029700016,1997-06-29,CLE @ CHA,L,26,2,4,0.5,0,2,0.0,0,0,,0,2,2,3,2,0,4,1,4,,12.9,0
21997,100097,Rushia Brown,1611661315,CLE,Cleveland Rockers,1029700016,1997-06-29,CLE @ CHA,L,23,2,9,0.222,0,0,,2,2,1.0,0,5,5,0,2,0,2,4,6,,16.0,0
21997,100100,Adrienne Johnson,1611661315,CLE,Cleveland Rockers,1029700016,1997-06-29,CLE @ CHA,L,1,0,0,,0,0,,0,0,,0,0,0,0,0,0,1,0,0,,-1.0,0
21997,100073,Cynthia Cooper,1611661316,HOU,Houston Comets,1029700017,1997-06-30,HOU vs. LAS,W,41,4,14,0.286,0,3,0.0,3,5,0.6,2,5,7,5,2,0,5,3,11,,27.9,0
21997,100074,Wanda Guyton,1611661316,HOU,Houston Comets,1029700017,1997-06-30,HOU vs. LAS,W,33,4,7,0.571,0,0,,6,10,0.6,2,3,5,1,1,0,5,4,14,,19.5,0
21997,100075,Janeth Arcain,1611661316,HOU,Houston Comets,1029700017,1997-06-30,HOU vs. LAS,W,33,4,6,0.667,0,0,,9,10,0.9,4,3,7,2,0,0,4,2,17,,24.4,0
21997,100076,Tina Thompson,1611661316,HOU,Houston Comets,1029700017,1997-06-30,HOU vs. LAS,W,32,3,10,0.3,1,2,0.5,6,6,1.0,1,6,7,2,2,2,5,4,13,,31.4,0
21997,100077,Tammy Jackson,1611661316,HOU,Houston Comets,1029700017,1997-06-30,HOU vs. LAS,W,25,3,6,0.5,0,0,,2,4,0.5,2,6,8,1,0,0,1,5,8,,18.1,0
21997,100079,Catarina Pollini,1611661316,HOU,Houston Comets,1029700017,1997-06-30,HOU vs. LAS,W,1,0,0,,0,0,,0,0,,0,0,0,0,0,0,0,0,0,,0.0,0
21997,100083,Kim Perrot,1611661316,HOU,Houston Comets,1029700017,1997-06-30,HOU vs. LAS,W,14,0,1,0.0,0,1,0.0,0,0,,0,0,0,2,2,0,2,2,0,,7.0,0
21997,100084,Fran Harris,1611661316,HOU,Houston Comets,1029700017,1997-06-30,HOU vs. LAS,W,17,3,9,0.333,0,1,0.0,0,0,,2,1,3,2,1,0,1,2,6,,14.6,0
21997,100086,Tiffany Woosley,1611661316,HOU,Houston Comets,1029700017,1997-06-30,HOU vs. LAS,W,29,1,6,0.167,0,2,0.0,0,0,,0,2,2,1,3,0,2,2,2,,12.9,0
21997,100003,Lisa Leslie,1611661320,LAS,Los Angeles Sparks,1029700017,1997-06-30,LAS @ HOU,L,42,5,15,0.333,0,1,0.0,11,15,0.733,3,13,16,2,4,3,5,4,21,,59.2,0
21997,100004,Penny Toler,1611661320,LAS,Los Angeles Sparks,1029700017,1997-06-30,LAS @ HOU,L,38,5,16,0.313,1,2,0.5,3,4,0.75,0,1,1,5,0,0,4,2,14,,18.7,0
21997,100005,Daedra Charles,1611661320,LAS,Los Angeles Sparks,1029700017,1997-06-30,LAS @ HOU,L,2,0,0,,0,0,,0,0,,0,0,0,0,0,0,0,2,0,,0.0,0
21997,100006,Haixia Zheng,1611661320,LAS,Los Angeles Sparks,1029700017,1997-06-30,LAS @ HOU,L,16,2,3,0.667,0,0,,0,0,,1,0,1,1,0,0,0,4,4,,6.7,0
21997,100007,Jamila Wideman,1611661320,LAS,Los Angeles Sparks,1029700017,1997-06-30,LAS @ HOU,L,42,3,8,0.375,1,2,0.5,0,0,,2,1,3,3,0,0,5,5,7,,10.1,0
21997,100008,Tamecka Dixon,1611661320,LAS,Los Angeles Sparks,1029700017,1997-06-30,LAS @ HOU,L,35,3,13,0.231,1,5,0.2,1,3,0.333,2,3,5,2,5,3,1,4,8,,40.0,0
21997,100009,Katrina Colleton,1611661320,LAS,Los Angeles Sparks,1029700017,1997-06-30,LAS @ HOU,L,3,0,0,,0,0,,0,0,,1,0,1,0,0,0,1,0,0,,0.2,0
21997,100011,Linda Burgess,1611661320,LAS,Los Angeles Sparks,1029700017,1997-06-30,LAS @ HOU,L,20,2,2,1.0,0,0,,2,2,1.0,4,2,6,0,0,0,2,2,6,,11.2,0
21997,100012,Mwadi Mabika,1611661320,LAS,Los Angeles Sparks,1029700017,1997-06-30,LAS @ HOU,L,17,1,8,0.125,0,1,0.0,0,0,,1,0,1,1,2,0,1,4,2,,9.7,0
21997,100156,Heidi Burge,1611661320,LAS,Los Angeles Sparks,1029700017,1997-06-30,LAS @ HOU,L,10,2,2,1.0,0,0,,0,0,,0,1,1,0,0,0,1,3,4,,4.2,0
21997,100016,Ruthie Bolton,1611661318,SAC,Sacramento Monarchs,1029700018,1997-07-02,SAC vs. UTA,L,42,8,22,0.364,4,14,0.286,0,0,,0,7,7,5,4,0,4,6,20,,43.9,0
21997,100017,Bridgette Gordon,1611661318,SAC,Sacramento Monarchs,1029700018,1997-07-02,SAC vs. UTA,L,39,8,18,0.444,0,4,0.0,2,2,1.0,2,2,4,2,0,1,1,2,18,,27.8,0
21997,100018,Judy Mosley-McAfee,1611661318,SAC,Sacramento Monarchs,1029700018,1997-07-02,SAC vs. UTA,L,35,2,6,0.333,0,0,,0,0,,3,6,9,2,1,1,1,4,4,,22.8,0
21997,100019,Mikiko Hagiwara,1611661318,SAC,Sacramento Monarchs,1029700018,1997-07-02,SAC vs. UTA,L,5,0,1,0.0,0,1,0.0,1,2,0.5,0,0,0,1,0,0,0,0,1,,2.5,0
21997,100020,Pam McGee,1611661318,SAC,Sacramento Monarchs,1029700018,1997-07-02,SAC vs. UTA,L,33,4,13,0.308,0,0,,0,0,,3,2,5,0,2,0,5,2,8,,15.0,0
21997,100021,Denique Graves,1611661318,SAC,Sacramento Monarchs,1029700018,1997-07-02,SAC vs. UTA,L,2,0,0,,0,0,,0,0,,0,0,0,0,0,0,0,0,0,,0.0,0
21997,100022,Chantel Tremitiere,1611661318,SAC,Sacramento Monarchs,1029700018,1997-07-02,SAC vs. UTA,L,41,3,8,0.375,0,0,,1,2,0.5,1,3,4,10,2,0,6,1,7,,26.8,0
21997,100023,Tajama Abraham,1611661318,SAC,Sacramento Monarchs,1029700018,1997-07-02,SAC vs. UTA,L,16,3,6,0.5,0,0,,0,0,,0,1,1,0,1,1,1,1,6,,12.2,0
21997,100024,Corissa Yasen,1611661318,SAC,Sacramento Monarchs,1029700018,1997-07-02,SAC vs. UTA,L,8,1,1,1.0,0,0,,0,0,,1,0,1,0,1,1,2,0,2,,7.2,0
21997,100027,Latasha Byears,1611661318,SAC,Sacramento Monarchs,1029700018,1997-07-02,SAC vs. UTA,L,4,1,1,1.0,0,0,,0,0,,0,0,0,0,0,0,0,1,2,,2.0,0
21997,100043,Elena Baranova,1611661319,UTA,Utah Starzz,1029700018,1997-07-02,UTA @ SAC,W,43,7,15,0.467,1,2,0.5,2,2,1.0,3,7,10,4,3,3,4,0,17,,49.0,0
21997,100044,Lady Grooms,1611661319,UTA,Utah Starzz,1029700018,1997-07-02,UTA @ SAC,W,16,3,9,0.333,0,0,,1,1,1.0,2,1,3,0,1,0,4,0,7,,9.6,0
21997,100045,Dena Head,1611661319,UTA,Utah Starzz,1029700018,1997-07-02,UTA @ SAC,W,27,3,4,0.75,0,0,,5,6,0.833,0,6,6,2,0,0,5,3,11,,16.2,0
21997,100046,Wendy Palmer,1611661319,UTA,Utah Starzz,1029700018,1997-07-02,UTA @ SAC,W,40,8,19,0.421,0,1,0.0,2,6,0.333,5,6,11,1,5,1,5,4,18,,45.7,0
21997,100047,Tammi Reiss,1611661319,UTA,Utah Starzz,1029700018,1997-07-02,UTA @ SAC,W,19,1,4,0.25,1,2,0.5,0,0,,1,0,1,4,1,0,4,1,3,,9.2,0
21997,100048,Jessie Hicks,1611661319,UTA,Utah Starzz,1029700018,1997-07-02,UTA @ SAC,W,5,1,4,0.25,0,0,,0,0,,1,0,1,0,0,0,0,0,2,,3.2,0
21997,100050,Kim Williams,1611661319,UTA,Utah Starzz,1029700018,1997-07-02,UTA @ SAC,W,28,3,9,0.333,0,1,0.0,0,0,,4,0,4,5,0,0,1,1,6,,17.3,0
21997,100052,Deborah Carter,1611661319,UTA,Utah Starzz,1029700018,1997-07-02,UTA @ SAC,W,18,2,4,0.5,0,0,,0,0,,1,3,4,0,1,0,1,0,4,,10.8,0
21997,100053,Karen Booker,1611661319,UTA,Utah Starzz,1029700018,1997-07-02,UTA @ SAC,W,29,2,3,0.667,0,0,,1,2,0.5,1,6,7,2,1,0,3,4,5,,16.4,0
21997,100002,Rebecca Lobo,1611661313,NYL,New York Liberty,1029700019,1997-07-02,NYL vs. HOU,W,29,3,11,0.273,0,2,0.0,3,4,0.75,2,3,5,1,0,1,1,0,9,,18.5,0
21997,100101,Teresa Weatherspoon,1611661313,NYL,New York Liberty,1029700019,1997-07-02,NYL vs. HOU,W,32,4,7,0.571,0,1,0.0,4,4,1.0,1,1,2,6,2,1,2,1,12,,30.4,0
21997,100102,Kym Hampton,1611661313,NYL,New York Liberty,1029700019,1997-07-02,NYL vs. HOU,W,21,2,8,0.25,0,0,,4,6,0.667,4,5,9,0,1,0,3,1,8,,18.8,0
21997,100103,Vickie Johnson,1611661313,NYL,New York Liberty,1029700019,1997-07-02,NYL vs. HOU,W,34,5,15,0.333,0,1,0.0,1,2,0.5,1,1,2,2,0,0,0,2,11,,16.4,0
21997,100104,Sue Wicks,1611661313,NYL,New York Liberty,1029700019,1997-07-02,NYL vs. HOU,W,13,1,3,0.333,0,0,,2,2,1.0,2,3,5,0,0,0,0,2,4,,10.0,0
21997,100105,Sophia Witherspoon,1611661313,NYL,New York Liberty,1029700019,1997-07-02,NYL vs. HOU,W,30,6,9,0.667,1,3,0.333,1,4,0.25,0,1,1,3,2,0,2,4,14,,23.7,0
21997,100106,Trena Trice-Hill,1611661313,NYL,New York Liberty,1029700019,1997-07-02,NYL vs. HOU,W,17,4,4,1.0,1,1,1.0,1,2,0.5,1,1,2,0,1,0,1,3,10,,14.4,0
21997,100107,Kisha Ford,1611661313,NYL,New York Liberty,1029700019,1997-07-02,NYL vs. HOU,W,16,1,5,0.2,0,0,,2,2,1.0,1,2,3,0,0,0,0,2,4,,7.6,0
21997,100108,Rhonda Blades,1611661313,NYL,New York Liberty,1029700019,1997-07-02,NYL vs. HOU,W,8,0,1,0.0,0,1,0.0,0,0,,1,1,2,1,0,0,0,4,0,,3.9,0
21997,100073,Cynthia Cooper,1611661316,HOU,Houston Comets,1029700019,1997-07-02,HOU @ NYL,L,36,6,12,0.5,1,3,0.333,6,7,0.857,1,6,7,6,1,0,3,5,19,,36.4,0
21997,100074,Wanda Guyton,1611661316,HOU,Houston Comets,1029700019,1997-07-02,HOU @ NYL,L,30,3,7,0.429,0,0,,0,0,,5,3,8,0,1,0,3,4,6,,15.6,0
21997,100075,Janeth Arcain,1611661316,HOU,Houston Comets,1029700019,1997-07-02,HOU @ NYL,L,30,4,12,0.333,0,1,0.0,0,0,,1,0,1,1,1,0,2,4,8,,11.7,0
21997,100076,Tina Thompson,1611661316,HOU,Houston Comets,1029700019,1997-07-02,HOU @ NYL,L,37,6,10,0.6,2,3,0.667,1,1,1.0,3,3,6,3,0,0,2,5,15,,24.7,0
21997,100077,Tammy Jackson,1611661316,HOU,Houston Comets,1029700019,1997-07-02,HOU @ NYL,L,10,0,1,0.0,0,0,,0,0,,0,0,0,0,0,0,1,0,0,,-1.0,0
21997,100079,Catarina Pollini,1611661316,HOU,Houston Comets,1029700019,1997-07-02,HOU @ NYL,L,3,1,2,0.5,0,0,,1,2,0.5,0,0,0,0,0,0,1,1,3,,2.0,0
21997,100083,Kim Perrot,1611661316,HOU,Houston Comets,1029700019,1997-07-02,HOU @ NYL,L,12,1,1,1.0,1,1,1.0,0,0,,0,2,2,0,1,0,1,1,3,,7.4,0
21997,100084,Fran Harris,1611661316,HOU,Houston Comets,1029700019,1997-07-02,HOU @ NYL,L,14,1,2,0.5,1,1,1.0,2,4,0.5,1,2,3,4,0,0,1,1,5,,13.6,0
21997,100086,Tiffany Woosley,1611661316,HOU,Houston Comets,1029700019,1997-07-02,HOU @ NYL,L,28,3,9,0.333,2,7,0.286,0,0,,0,1,1,1,1,0,1,1,8,,12.7,0
21997,100087,Janice Braxton,1611661315,CLE,Cleveland Rockers,1029700020,1997-07-03,CLE vs. LAS,L,38,5,11,0.455,0,1,0.0,5,6,0.833,4,6,10,1,8,0,4,4,15,,48.5,0
21997,100089,Isabelle Fijalkowski,1611661315,CLE,Cleveland Rockers,1029700020,1997-07-03,CLE vs. LAS,L,32,5,10,0.5,0,1,0.0,3,3,1.0,2,3,5,1,0,0,3,5,13,,17.5,0
21997,100090,Lynette Woodard,1611661315,CLE,Cleveland Rockers,1029700020,1997-07-03,CLE vs. LAS,L,10,1,2,0.5,0,0,,0,0,,0,0,0,0,0,0,2,2,2,,0.0,0
21997,100091,Eva Nemcova,1611661315,CLE,Cleveland Rockers,1029700020,1997-07-03,CLE vs. LAS,L,37,2,11,0.182,0,2,0.0,3,4,0.75,1,1,2,3,1,0,4,2,7,,12.9,0
21997,100092,Merlakia Jones,1611661315,CLE,Cleveland Rockers,1029700020,1997-07-03,CLE vs. LAS,L,23,6,13,0.462,0,1,0.0,1,2,0.5,1,1,2,0,1,0,5,4,13,,13.4,0
21997,100093,Tina Nicholson,1611661315,CLE,Cleveland Rockers,1029700020,1997-07-03,CLE vs. LAS,L,2,0,2,0.0,0,2,0.0,0,0,,0,0,0,0,0,0,1,1,0,,-1.0,0
21997,100094,Anita Maxwell,1611661315,CLE,Cleveland Rockers,1029700020,1997-07-03,CLE vs. LAS,L,1,0,0,,0,0,,0,0,,0,1,1,0,0,0,0,0,0,,1.2,0
21997,100095,Jenny Boucek,1611661315,CLE,Cleveland Rockers,1029700020,1997-07-03,CLE vs. LAS,L,38,3,3,1.0,0,0,,0,1,0.0,0,3,3,3,2,0,7,1,6,,13.1,0
21997,100097,Rushia Brown,1611661315,CLE,Cleveland Rockers,1029700020,1997-07-03,CLE vs. LAS,L,9,1,3,0.333,0,0,,2,2,1.0,0,1,1,1,1,0,2,3,4,,7.7,0
21997,100100,Adrienne Johnson,1611661315,CLE,Cleveland Rockers,1029700020,1997-07-03,CLE vs. LAS,L,10,1,1,1.0,0,0,,0,0,,0,3,3,0,1,0,0,2,2,,8.6,0
21997,100003,Lisa Leslie,1611661320,LAS,Los Angeles Sparks,1029700020,1997-07-03,LAS @ CLE,W,35,5,12,0.417,0,1,0.0,9,15,0.6,3,4,7,2,4,3,4,4,19,,47.4,0
21997,100004,Penny Toler,1611661320,LAS,Los Angeles Sparks,1029700020,1997-07-03,LAS @ CLE,W,23,3,7,0.429,0,2,0.0,0,0,,1,2,3,2,2,0,6,3,6,,12.6,0
21997,100005,Daedra Charles,1611661320,LAS,Los Angeles Sparks,1029700020,1997-07-03,LAS @ CLE,W,5,1,1,1.0,0,0,,0,0,,1,1,2,0,1,0,0,1,2,,7.4,0
21997,100006,Haixia Zheng,1611661320,LAS,Los Angeles Sparks,1029700020,1997-07-03,LAS @ CLE,W,23,3,7,0.429,0,0,,1,4,0.25,1,4,5,1,2,0,2,5,7,,18.5,0
21997,100007,Jamila Wideman,1611661320,LAS,Los Angeles Sparks,1029700020,1997-07-03,LAS @ CLE,W,39,4,9,0.444,3,6,0.5,5,6,0.833,0,1,1,6,2,0,4,1,16,,28.2,0
21997,100008,Tamecka Dixon,1611661320,LAS,Los Angeles Sparks,1029700020,1997-07-03,LAS @ CLE,W,21,2,3,0.667,0,0,,0,0,,0,2,2,2,2,0,1,2,4,,14.4,0
21997,100009,Katrina Colleton,1611661320,LAS,Los Angeles Sparks,1029700020,1997-07-03,LAS @ CLE,W,16,1,2,0.5,0,0,,0,2,0.0,1,2,3,1,1,0,0,1,2,,10.1,0
21997,100011,Linda Burgess,1611661320,LAS,Los Angeles Sparks,1029700020,1997-07-03,LAS @ CLE,W,17,2,6,0.333,0,0,,2,2,1.0,3,1,4,1,2,0,0,3,6,,18.3,0
21997,100012,Mwadi Mabika,1611661320,LAS,Los Angeles Sparks,1029700020,1997-07-03,LAS @ CLE,W,21,6,9,0.667,0,1,0.0,0,0,,1,0,1,2,4,0,5,4,12,,23.2,0
21997,100029,Michele Timms,1611661317,PHO,Phoenix Mercury,1029700021,1997-07-03,PHO @ UTA,W,30,2,6,0.333,0,3,0.0,2,3,0.667,0,2,2,9,8,0,3,4,6,,42.9,0
21997,100030,Jennifer Gillom,1611661317,PHO,Phoenix Mercury,1029700021,1997-07-03,PHO @ UTA,W,27,8,13,0.615,3,4,0.75,2,2,1.0,2,4,6,1,2,1,2,2,21,,36.7,0
21997,100031,Bridget Pettis,1611661317,PHO,Phoenix Mercury,1029700021,1997-07-03,PHO @ UTA,W,26,6,13,0.462,2,5,0.4,0,0,,1,5,6,7,1,0,2,1,14,,32.7,0
21997,100032,Nancy Lieberman,1611661317,PHO,Phoenix Mercury,1029700021,1997-07-03,PHO @ UTA,W,17,4,8,0.5,1,3,0.333,0,0,,0,1,1,1,1,0,2,2,9,,12.7,0
21997,100033,Toni Foster,1611661317,PHO,Phoenix Mercury,1029700021,1997-07-03,PHO @ UTA,W,25,4,11,0.364,0,0,,2,2,1.0,4,5,9,1,1,2,2,4,10,,29.3,0
21997,100034,Tia Jackson,1611661317,PHO,Phoenix Mercury,1029700021,1997-07-03,PHO @ UTA,W,15,0,3,0.0,0,0,,0,0,,1,0,1,0,1,1,2,4,0,,5.2,0
21997,100035,Umeki Webb,1611661317,PHO,Phoenix Mercury,1029700021,1997-07-03,PHO @ UTA,W,26,1,3,0.333,0,0,,0,0,,1,3,4,3,1,1,2,3,2,,15.3,0
21997,100036,Monique Ambers,1611661317,PHO,Phoenix Mercury,1029700021,1997-07-03,PHO @ UTA,W,10,1,3,0.333,0,0,,2,2,1.0,1,0,1,1,0,1,1,2,4,,8.7,0
21997,100037,Marlies Askamp,1611661317,PHO,Phoenix Mercury,1029700021,1997-07-03,PHO @ UTA,W,18,2,9,0.222,0,0,,2,2,1.0,4,3,7,1,2,0,1,3,6,,20.9,0
21997,100038,Tara Williams,1611661317,PHO,Phoenix Mercury,1029700021,1997-07-03,PHO @ UTA,W,6,2,2,1.0,1,1,1.0,0,0,,0,0,0,1,0,0,0,0,5,,6.5,0
21997,100043,Elena Baranova,1611661319,UTA,Utah Starzz,1029700021,1997-07-03,UTA vs. PHO,L,29,5,13,0.385,0,1,0.0,0,0,,6,6,12,1,0,5,4,3,10,,36.9,0
21997,100044,Lady Grooms,1611661319,UTA,Utah Starzz,1029700021,1997-07-03,UTA vs. PHO,L,17,2,7,0.286,0,2,0.0,2,5,0.4,0,0,0,0,0,0,2,1,6,,4.0,0
21997,100045,Dena Head,1611661319,UTA,Utah Starzz,1029700021,1997-07-03,UTA vs. PHO,L,24,1,4,0.25,1,1,1.0,0,4,0.0,0,1,1,1,0,0,6,2,3,,-0.3,0
21997,100046,Wendy Palmer,1611661319,UTA,Utah Starzz,1029700021,1997-07-03,UTA vs. PHO,L,28,7,17,0.412,1,3,0.333,4,6,0.667,1,2,3,0,1,0,6,5,19,,19.6,0
21997,100047,Tammi Reiss,1611661319,UTA,Utah Starzz,1029700021,1997-07-03,UTA vs. PHO,L,27,2,10,0.2,1,6,0.167,3,6,0.5,2,1,3,1,0,0,3,0,8,,10.1,0
21997,100048,Jessie Hicks,1611661319,UTA,Utah Starzz,1029700021,1997-07-03,UTA vs. PHO,L,4,0,0,,0,0,,0,0,,0,0,0,2,0,0,0,0,0,,3.0,0
21997,100049,Raegan Scott,1611661319,UTA,Utah Starzz,1029700021,1997-07-03,UTA vs. PHO,L,11,0,1,0.0,0,0,,2,2,1.0,2,1,3,1,0,2,0,0,2,,13.1,0
21997,100050,Kim Williams,1611661319,UTA,Utah Starzz,1029700021,1997-07-03,UTA vs. PHO,L,13,2,5,0.4,0,1,0.0,0,1,0.0,1,1,2,2,0,1,3,0,4,,9.4,0
21997,100052,Deborah Carter,1611661319,UTA,Utah Starzz,1029700021,1997-07-03,UTA vs. PHO,L,22,0,3,0.0,0,1,0.0,0,0,,1,5,6,1,3,0,0,1,0,,17.7,0
21997,100053,Karen Booker,1611661319,UTA,Utah Starzz,1029700021,1997-07-03,UTA vs. PHO,L,25,1,3,0.333,0,0,,1,2,0.5,2,3,5,1,2,2,3,3,3,,19.5,0
21997,100002,Rebecca Lobo,1611661313,NYL,New York Liberty,1029700022,1997-07-04,NYL @ HOU,W,35,5,14,0.357,1,4,0.25,2,4,0.5,2,9,11,1,3,2,3,2,13,,39.7,0
21997,100101,Teresa Weatherspoon,1611661313,NYL,New York Liberty,1029700022,1997-07-04,NYL @ HOU,W,37,4,7,0.571,0,0,,2,2,1.0,1,3,4,6,2,0,5,1,10,,24.8,0
21997,100102,Kym Hampton,1611661313,NYL,New York Liberty,1029700022,1997-07-04,NYL @ HOU,W,23,4,7,0.571,0,0,,2,4,0.5,0,2,2,1,1,1,2,4,10,,17.9,0
21997,100104,Sue Wicks,1611661313,NYL,New York Liberty,1029700022,1997-07-04,NYL @ HOU,W,9,0,3,0.0,0,0,,0,0,,0,3,3,1,2,2,0,2,0,,17.1,0
21997,100105,Sophia Witherspoon,1611661313,NYL,New York Liberty,1029700022,1997-07-04,NYL @ HOU,W,36,8,13,0.615,3,5,0.6,2,4,0.5,1,1,2,2,3,1,3,3,21,,35.4,0
21997,100106,Trena Trice-Hill,1611661313,NYL,New York Liberty,1029700022,1997-07-04,NYL @ HOU,W,13,1,3,0.333,0,0,,1,2,0.5,2,0,2,0,0,2,1,0,3,,10.4,0
21997,100107,Kisha Ford,1611661313,NYL,New York Liberty,1029700022,1997-07-04,NYL @ HOU,W,35,2,6,0.333,0,1,0.0,1,2,0.5,4,1,5,1,2,0,1,1,5,,17.5,0
21997,100108,Rhonda Blades,1611661313,NYL,New York Liberty,1029700022,1997-07-04,NYL @ HOU,W,12,1,5,0.2,1,5,0.2,0,0,,0,0,0,1,0,0,0,1,3,,4.5,0
21997,100073,Cynthia Cooper,1611661316,HOU,Houston Comets,1029700022,1997-07-04,HOU vs. NYL,L,34,4,14,0.286,2,7,0.286,3,4,0.75,1,2,3,8,3,1,3,3,13,,37.6,0
21997,100074,Wanda Guyton,1611661316,HOU,Houston Comets,1029700022,1997-07-04,HOU vs. NYL,L,30,3,4,0.75,0,0,,2,6,0.333,4,1,5,2,1,0,3,2,8,,17.0,0
21997,100075,Janeth Arcain,1611661316,HOU,Houston Comets,1029700022,1997-07-04,HOU vs. NYL,L,29,3,7,0.429,0,0,,2,3,0.667,4,3,7,3,1,1,2,0,8,,24.9,0
21997,100076,Tina Thompson,1611661316,HOU,Houston Comets,1029700022,1997-07-04,HOU vs. NYL,L,31,6,16,0.375,3,7,0.429,0,0,,0,3,3,0,1,2,4,3,15,,23.6,0
21997,100077,Tammy Jackson,1611661316,HOU,Houston Comets,1029700022,1997-07-04,HOU vs. NYL,L,9,1,3,0.333,0,0,,0,0,,0,1,1,0,0,0,1,1,2,,2.2,0
21997,100079,Catarina Pollini,1611661316,HOU,Houston Comets,1029700022,1997-07-04,HOU vs. NYL,L,9,0,3,0.0,0,0,,0,0,,1,0,1,1,0,1,1,5,0,,4.7,0
21997,100081,Pietra Gay,1611661316,HOU,Houston Comets,1029700022,1997-07-04,HOU vs. NYL,L,4,0,1,0.0,0,0,,0,0,,0,1,1,0,0,0,0,1,0,,1.2,0
21997,100083,Kim Perrot,1611661316,HOU,Houston Comets,1029700022,1997-07-04,HOU vs. NYL,L,10,0,1,0.0,0,1,0.0,0,0,,2,0,2,1,1,0,1,0,0,,5.9,0
21997,100084,Fran Harris,1611661316,HOU,Houston Comets,1029700022,1997-07-04,HOU vs. NYL,L,23,3,7,0.429,2,3,0.667,0,0,,2,5,7,0,1,0,3,3,8,,16.4,0
21997,100086,Tiffany Woosley,1611661316,HOU,Houston Comets,1029700022,1997-07-04,HOU vs. NYL,L,21,2,3,0.667,0,1,0.0,0,0,,0,0,0,1,0,0,1,0,4,,4.5,0
21997,100058,Vicky Bullett,1611661314,CHA,Charlotte Sting,1029700023,1997-07-05,CHA vs. LAS,W,26,5,7,0.714,0,1,0.0,2,2,1.0,0,4,4,2,2,1,3,1,12,,25.8,0
21997,100059,Andrea Stinson,1611661314,CHA,Charlotte Sting,1029700023,1997-07-05,CHA vs. LAS,W,34,7,12,0.583,1,4,0.25,4,6,0.667,1,2,3,4,2,0,6,1,19,,28.6,0
21997,100060,Rhonda Mapp,1611661314,CHA,Charlotte Sting,1029700023,1997-07-05,CHA vs. LAS,W,20,4,9,0.444,0,0,,0,0,,1,2,3,2,0,1,0,2,8,,17.6,0
21997,100062,Tora Suber,1611661314,CHA,Charlotte Sting,1029700023,1997-07-05,CHA vs. LAS,W,26,1,4,0.25,0,1,0.0,1,2,0.5,0,4,4,9,2,0,2,0,3,,25.3,0
21997,100063,Sharon Manning,1611661314,CHA,Charlotte Sting,1029700023,1997-07-05,CHA vs. LAS,W,17,5,6,0.833,0,0,,0,2,0.0,1,4,5,2,1,0,0,1,10,,22.0,0
21997,100064,Debra Williams,1611661314,CHA,Charlotte Sting,1029700023,1997-07-05,CHA vs. LAS,W,6,2,4,0.5,1,2,0.5,0,0,,0,0,0,1,0,0,1,1,5,,5.5,0
21997,100065,Andrea Congreaves,1611661314,CHA,Charlotte Sting,1029700023,1997-07-05,CHA vs. LAS,W,18,2,5,0.4,1,1,1.0,1,2,0.5,3,1,4,2,0,0,1,1,6,,12.8,0
21997,100067,Katasha Artis,1611661314,CHA,Charlotte Sting,1029700023,1997-07-05,CHA vs. LAS,W,6,0,1,0.0,0,0,,0,0,,1,1,2,2,0,0,1,3,0,,4.4,0
21997,100155,Nicole Levesque,1611661314,CHA,Charlotte Sting,1029700023,1997-07-05,CHA vs. LAS,W,14,0,2,0.0,0,1,0.0,2,2,1.0,0,1,1,2,1,1,5,0,2,,7.2,0
21997,100374,Penny Moore,1611661314,CHA,Charlotte Sting,1029700023,1997-07-05,CHA vs. LAS,W,33,5,8,0.625,0,0,,3,4,0.75,1,4,5,0,0,1,2,2,13,,20.0,0
21997,100003,Lisa Leslie,1611661320,LAS,Los Angeles Sparks,1029700023,1997-07-05,LAS @ CHA,L,31,7,14,0.5,0,1,0.0,2,2,1.0,2,5,7,2,1,1,5,1,16,,28.4,0
21997,100004,Penny Toler,1611661320,LAS,Los Angeles Sparks,1029700023,1997-07-05,LAS @ CHA,L,32,3,11,0.273,0,2,0.0,0,0,,2,5,7,4,2,0,5,5,6,,21.4,0
21997,100005,Daedra Charles,1611661320,LAS,Los Angeles Sparks,1029700023,1997-07-05,LAS @ CHA,L,12,3,4,0.75,0,0,,0,0,,0,2,2,0,0,0,0,2,6,,8.4,0
21997,100006,Haixia Zheng,1611661320,LAS,Los Angeles Sparks,1029700023,1997-07-05,LAS @ CHA,L,17,1,1,1.0,0,0,,2,4,0.5,0,2,2,0,0,1,1,2,4,,8.4,0
21997,100007,Jamila Wideman,1611661320,LAS,Los Angeles Sparks,1029700023,1997-07-05,LAS @ CHA,L,34,1,4,0.25,1,2,0.5,0,0,,0,1,1,6,0,0,3,1,3,,10.2,0
21997,100008,Tamecka Dixon,1611661320,LAS,Los Angeles Sparks,1029700023,1997-07-05,LAS @ CHA,L,28,2,9,0.222,0,2,0.0,1,4,0.25,0,1,1,3,2,0,2,2,5,,14.7,0
21997,100009,Katrina Colleton,1611661320,LAS,Los Angeles Sparks,1029700023,1997-07-05,LAS @ CHA,L,4,1,2,0.5,0,0,,1,1,1.0,0,0,0,1,0,0,0,0,3,,4.5,0
21997,100011,Linda Burgess,1611661320,LAS,Los Angeles Sparks,1029700023,1997-07-05,LAS @ CHA,L,16,5,5,1.0,0,0,,1,2,0.5,1,2,3,0,0,1,1,1,11,,16.6,0
21997,100012,Mwadi Mabika,1611661320,LAS,Los Angeles Sparks,1029700023,1997-07-05,LAS @ CHA,L,22,3,9,0.333,1,4,0.25,2,2,1.0,1,2,3,3,4,0,0,2,9,,29.1,0
21997,100156,Heidi Burge,1611661320,LAS,Los Angeles Sparks,1029700023,1997-07-05,LAS @ CHA,L,4,1,1,1.0,0,0,,1,1,1.0,1,1,2,0,0,0,1,1,3,,4.4,0
21997,100002,Rebecca Lobo,1611661313,NYL,New York Liberty,1029700024,1997-07-05,NYL @ UTA,W,36,3,17,0.176,1,5,0.2,1,1,1.0,1,9,10,0,3,1,2,3,8,,30.0,0
21997,100101,Teresa Weatherspoon,1611661313,NYL,New York Liberty,1029700024,1997-07-05,NYL @ UTA,W,32,2,3,0.667,0,1,0.0,7,9,0.778,3,8,11,5,2,0,8,2,11,,29.7,0
21997,100102,Kym Hampton,1611661313,NYL,New York Liberty,1029700024,1997-07-05,NYL @ UTA,W,27,4,10,0.4,0,0,,4,4,1.0,0,6,6,1,1,0,2,2,12,,21.7,0
21997,100104,Sue Wicks,1611661313,NYL,New York Liberty,1029700024,1997-07-05,NYL @ UTA,W,11,1,2,0.5,0,0,,1,2,0.5,2,1,3,0,1,0,5,3,3,,4.6,0
21997,100105,Sophia Witherspoon,1611661313,NYL,New York Liberty,1029700024,1997-07-05,NYL @ UTA,W,34,4,12,0.333,2,4,0.5,4,4,1.0,2,1,3,2,2,0,2,4,14,,24.6,0
21997,100106,Trena Trice-Hill,1611661313,NYL,New York Liberty,1029700024,1997-07-05,NYL @ UTA,W,12,0,3,0.0,0,1,0.0,0,0,,1,2,3,0,0,1,2,2,0,,4.6,0
21997,100107,Kisha Ford,1611661313,NYL,New York Liberty,1029700024,1997-07-05,NYL @ UTA,W,25,3,5,0.6,2,3,0.667,3,7,0.429,2,0,2,0,1,0,0,2,11,,16.4,0
21997,100108,Rhonda Blades,1611661313,NYL,New York Liberty,1029700024,1997-07-05,NYL @ UTA,W,17,1,1,1.0,1,1,1.0,2,2,1.0,0,2,2,1,1,0,3,2,5,,8.9,0
21997,100109,Jasmina Perazic-Gipe,1611661313,NYL,New York Liberty,1029700024,1997-07-05,NYL @ UTA,W,6,1,2,0.5,0,1,0.0,0,0,,0,0,0,2,0,0,0,1,2,,5.0,0
21997,100043,Elena Baranova,1611661319,UTA,Utah Starzz,1029700024,1997-07-05,UTA vs. NYL,L,37,2,12,0.167,0,3,0.0,2,2,1.0,3,5,8,0,0,2,3,4,6,,18.6,0
21997,100044,Lady Grooms,1611661319,UTA,Utah Starzz,1029700024,1997-07-05,UTA vs. NYL,L,24,4,11,0.364,0,0,,6,8,0.75,2,2,4,3,3,0,4,0,14,,28.3,0
21997,100045,Dena Head,1611661319,UTA,Utah Starzz,1029700024,1997-07-05,UTA vs. NYL,L,16,1,7,0.143,0,3,0.0,2,2,1.0,0,0,0,0,0,0,3,3,4,,1.0,0
21997,100046,Wendy Palmer,1611661319,UTA,Utah Starzz,1029700024,1997-07-05,UTA vs. NYL,L,36,2,12,0.167,0,3,0.0,3,6,0.5,5,5,10,3,7,0,5,5,7,,39.5,0
21997,100047,Tammi Reiss,1611661319,UTA,Utah Starzz,1029700024,1997-07-05,UTA vs. NYL,L,27,0,8,0.0,0,3,0.0,2,2,1.0,2,3,5,1,0,0,2,2,2,,7.5,0
21997,100048,Jessie Hicks,1611661319,UTA,Utah Starzz,1029700024,1997-07-05,UTA vs. NYL,L,2,0,1,0.0,0,0,,0,0,,0,1,1,0,1,0,0,1,0,,4.2,0
21997,100050,Kim Williams,1611661319,UTA,Utah Starzz,1029700024,1997-07-05,UTA vs. NYL,L,15,3,4,0.75,0,0,,1,1,1.0,0,1,1,4,1,0,0,3,7,,17.2,0
21997,100052,Deborah Carter,1611661319,UTA,Utah Starzz,1029700024,1997-07-05,UTA vs. NYL,L,22,4,8,0.5,0,0,,2,3,0.667,3,4,7,0,1,0,1,4,10,,20.4,0
21997,100053,Karen Booker,1611661319,UTA,Utah Starzz,1029700024,1997-07-05,UTA vs. NYL,L,21,1,5,0.2,0,0,,1,2,0.5,5,4,9,1,1,0,3,2,3,,15.3,0
21997,100087,Janice Braxton,1611661315,CLE,Cleveland Rockers,1029700025,1997-07-06,CLE @ SAC,L,36,2,8,0.25,0,0,,3,4,0.75,1,4,5,3,0,0,1,2,7,,16.5,0
21997,100089,Isabelle Fijalkowski,1611661315,CLE,Cleveland Rockers,1029700025,1997-07-06,CLE @ SAC,L,31,6,9,0.667,0,0,,1,1,1.0,4,5,9,3,0,1,5,4,13,,26.3,0
21997,100090,Lynette Woodard,1611661315,CLE,Cleveland Rockers,1029700025,1997-07-06,CLE @ SAC,L,33,6,9,0.667,0,0,,2,4,0.5,0,2,2,3,3,1,4,5,14,,28.9,0
21997,100091,Eva Nemcova,1611661315,CLE,Cleveland Rockers,1029700025,1997-07-06,CLE @ SAC,L,29,4,8,0.5,1,2,0.5,0,0,,0,4,4,1,1,1,4,0,9,,17.3,0
21997,100092,Merlakia Jones,1611661315,CLE,Cleveland Rockers,1029700025,1997-07-06,CLE @ SAC,L,25,7,11,0.636,1,2,0.5,0,0,,1,3,4,1,1,0,3,3,15,,21.3,0
21997,100093,Tina Nicholson,1611661315,CLE,Cleveland Rockers,1029700025,1997-07-06,CLE @ SAC,L,23,0,2,0.0,0,1,0.0,0,0,,0,3,3,5,2,0,2,2,0,,15.1,0
21997,100097,Rushia Brown,1611661315,CLE,Cleveland Rockers,1029700025,1997-07-06,CLE @ SAC,L,11,1,2,0.5,0,0,,3,4,0.75,2,2,4,1,0,0,1,1,5,,10.3,0
21997,100100,Adrienne Johnson,1611661315,CLE,Cleveland Rockers,1029700025,1997-07-06,CLE @ SAC,L,12,2,4,0.5,0,0,,0,0,,0,0,0,0,0,0,1,0,4,,3.0,0
21997,100016,Ruthie Bolton,1611661318,SAC,Sacramento Monarchs,1029700025,1997-07-06,SAC vs. CLE,W,35,9,23,0.391,3,10,0.3,2,2,1.0,1,2,3,4,2,0,2,4,23,,36.6,0
21997,100017,Bridgette Gordon,1611661318,SAC,Sacramento Monarchs,1029700025,1997-07-06,SAC vs. CLE,W,42,4,10,0.4,0,1,0.0,3,5,0.6,5,3,8,2,2,0,0,2,11,,29.6,0
21997,100018,Judy Mosley-McAfee,1611661318,SAC,Sacramento Monarchs,1029700025,1997-07-06,SAC vs. CLE,W,28,1,1,1.0,0,0,,1,1,1.0,1,3,4,1,1,0,5,3,3,,7.3,0
21997,100019,Mikiko Hagiwara,1611661318,SAC,Sacramento Monarchs,1029700025,1997-07-06,SAC vs. CLE,W,11,2,5,0.4,1,4,0.25,0,0,,0,0,0,2,0,0,0,1,5,,8.0,0
21997,100020,Pam McGee,1611661318,SAC,Sacramento Monarchs,1029700025,1997-07-06,SAC vs. CLE,W,21,0,5,0.0,0,0,,0,2,0.0,2,2,4,0,1,1,3,3,0,,7.8,0
21997,100022,Chantel Tremitiere,1611661318,SAC,Sacramento Monarchs,1029700025,1997-07-06,SAC vs. CLE,W,36,4,8,0.5,0,0,,8,8,1.0,0,3,3,4,4,0,4,1,16,,33.6,0
21997,100023,Tajama Abraham,1611661318,SAC,Sacramento Monarchs,1029700025,1997-07-06,SAC vs. CLE,W,18,3,5,0.6,0,0,,0,0,,2,0,2,0,0,0,2,3,6,,6.4,0
21997,100024,Corissa Yasen,1611661318,SAC,Sacramento Monarchs,1029700025,1997-07-06,SAC vs. CLE,W,3,0,0,,0,0,,0,0,,0,0,0,0,0,0,1,0,0,,-1.0,0
21997,100027,Latasha Byears,1611661318,SAC,Sacramento Monarchs,1029700025,1997-07-06,SAC vs. CLE,W,9,2,2,1.0,0,0,,2,2,1.0,1,1,2,0,1,0,0,0,6,,11.4,0
21997,100002,Rebecca Lobo,1611661313,NYL,New York Liberty,1029700026,1997-07-07,NYL @ PHO,L,28,4,11,0.364,0,3,0.0,0,0,,1,4,5,2,0,1,2,4,8,,18.0,0
21997,100101,Teresa Weatherspoon,1611661313,NYL,New York Liberty,1029700026,1997-07-07,NYL @ PHO,L,29,1,2,0.5,0,0,,0,2,0.0,2,3,5,5,2,0,5,5,2,,16.5,0
21997,100102,Kym Hampton,1611661313,NYL,New York Liberty,1029700026,1997-07-07,NYL @ PHO,L,23,2,6,0.333,0,1,0.0,3,6,0.5,0,2,2,2,1,1,2,0,7,,16.4,0
21997,100103,Vickie Johnson,1611661313,NYL,New York Liberty,1029700026,1997-07-07,NYL @ PHO,L,20,5,11,0.455,0,1,0.0,1,2,0.5,2,2,4,1,1,1,4,2,11,,19.3,0
21997,100104,Sue Wicks,1611661313,NYL,New York Liberty,1029700026,1997-07-07,NYL @ PHO,L,15,2,8,0.25,0,1,0.0,0,1,0.0,1,4,5,1,3,0,2,1,4,,18.5,0
21997,100105,Sophia Witherspoon,1611661313,NYL,New York Liberty,1029700026,1997-07-07,NYL @ PHO,L,29,1,12,0.083,0,5,0.0,3,4,0.75,2,4,6,1,3,0,2,2,5,,20.7,0
21997,100106,Trena Trice-Hill,1611661313,NYL,New York Liberty,1029700026,1997-07-07,NYL @ PHO,L,13,0,3,0.0,0,1,0.0,5,6,0.833,1,2,3,0,2,0,0,1,5,,14.6,0
21997,100107,Kisha Ford,1611661313,NYL,New York Liberty,1029700026,1997-07-07,NYL @ PHO,L,23,3,7,0.429,0,2,0.0,0,0,,0,2,2,1,3,0,2,6,6,,16.9,0
21997,100108,Rhonda Blades,1611661313,NYL,New York Liberty,1029700026,1997-07-07,NYL @ PHO,L,14,0,2,0.0,0,2,0.0,0,0,,0,1,1,0,2,0,1,5,0,,6.2,0
21997,100109,Jasmina Perazic-Gipe,1611661313,NYL,New York Liberty,1029700026,1997-07-07,NYL @ PHO,L,6,1,2,0.5,0,1,0.0,0,0,,0,1,1,0,1,0,1,0,2,,5.2,0
21997,100029,Michele Timms,1611661317,PHO,Phoenix Mercury,1029700026,1997-07-07,PHO vs. NYL,W,38,3,9,0.333,0,1,0.0,5,8,0.625,0,3,3,9,3,0,4,4,11,,33.1,0
21997,100030,Jennifer Gillom,1611661317,PHO,Phoenix Mercury,1029700026,1997-07-07,PHO vs. NYL,W,30,6,17,0.353,0,1,0.0,2,2,1.0,4,9,13,0,3,0,6,3,14,,32.6,0
21997,100031,Bridget Pettis,1611661317,PHO,Phoenix Mercury,1029700026,1997-07-07,PHO vs. NYL,W,34,7,13,0.538,3,6,0.5,8,9,0.889,1,2,3,5,1,1,2,2,25,,40.1,0
21997,100032,Nancy Lieberman,1611661317,PHO,Phoenix Mercury,1029700026,1997-07-07,PHO vs. NYL,W,8,1,4,0.25,0,1,0.0,2,2,1.0,0,2,2,0,0,0,2,1,4,,4.4,0
21997,100033,Toni Foster,1611661317,PHO,Phoenix Mercury,1029700026,1997-07-07,PHO vs. NYL,W,29,2,9,0.222,0,0,,5,6,0.833,3,9,12,3,2,2,4,1,9,,35.9,0
21997,100034,Tia Jackson,1611661317,PHO,Phoenix Mercury,1029700026,1997-07-07,PHO vs. NYL,W,7,0,0,,0,0,,0,0,,0,1,1,0,0,0,0,0,0,,1.2,0
21997,100035,Umeki Webb,1611661317,PHO,Phoenix Mercury,1029700026,1997-07-07,PHO vs. NYL,W,31,1,5,0.2,0,0,,1,4,0.25,0,5,5,2,3,0,3,2,3,,18.0,0
21997,100036,Monique Ambers,1611661317,PHO,Phoenix Mercury,1029700026,1997-07-07,PHO vs. NYL,W,8,0,1,0.0,0,0,,1,2,0.5,1,1,2,1,0,0,0,1,1,,4.9,0
21997,100037,Marlies Askamp,1611661317,PHO,Phoenix Mercury,1029700026,1997-07-07,PHO vs. NYL,W,14,1,8,0.125,0,0,,0,0,,5,1,6,0,2,1,1,2,2,,17.2,0
21997,100057,Molly Tuter,1611661317,PHO,Phoenix Mercury,1029700026,1997-07-07,PHO vs. NYL,W,1,0,1,0.0,0,0,,0,0,,0,0,0,0,0,0,0,0,0,,0.0,0
21997,100058,Vicky Bullett,1611661314,CHA,Charlotte Sting,1029700027,1997-07-07,CHA @ HOU,L,33,4,11,0.364,0,0,,0,0,,4,6,10,1,3,4,2,3,8,,40.5,0
21997,100059,Andrea Stinson,1611661314,CHA,Charlotte Sting,1029700027,1997-07-07,CHA @ HOU,L,34,6,12,0.5,0,1,0.0,1,2,0.5,1,2,3,0,2,0,3,3,13,,19.6,0
21997,100060,Rhonda Mapp,1611661314,CHA,Charlotte Sting,1029700027,1997-07-07,CHA @ HOU,L,13,0,2,0.0,0,0,,0,0,,0,4,4,1,0,0,4,3,0,,2.3,0
21997,100062,Tora Suber,1611661314,CHA,Charlotte Sting,1029700027,1997-07-07,CHA @ HOU,L,20,1,8,0.125,0,3,0.0,2,4,0.5,1,1,2,3,1,0,1,1,4,,12.9,0
21997,100063,Sharon Manning,1611661314,CHA,Charlotte Sting,1029700027,1997-07-07,CHA @ HOU,L,17,3,4,0.75,0,0,,3,6,0.5,0,2,2,0,0,1,0,0,9,,14.4,0
21997,100064,Debra Williams,1611661314,CHA,Charlotte Sting,1029700027,1997-07-07,CHA @ HOU,L,14,1,7,0.143,1,4,0.25,0,0,,0,1,1,1,1,0,0,1,3,,8.7,0
21997,100065,Andrea Congreaves,1611661314,CHA,Charlotte Sting,1029700027,1997-07-07,CHA @ HOU,L,18,3,5,0.6,1,1,1.0,2,2,1.0,2,1,3,0,1,0,1,2,9,,14.6,0
21997,100067,Katasha Artis,1611661314,CHA,Charlotte Sting,1029700027,1997-07-07,CHA @ HOU,L,6,0,0,,0,0,,2,4,0.5,0,1,1,0,0,0,2,0,2,,1.2,0
21997,100155,Nicole Levesque,1611661314,CHA,Charlotte Sting,1029700027,1997-07-07,CHA @ HOU,L,20,0,3,0.0,0,3,0.0,0,0,,0,0,0,3,2,0,4,2,0,,6.5,0
21997,100374,Penny Moore,1611661314,CHA,Charlotte Sting,1029700027,1997-07-07,CHA @ HOU,L,25,3,5,0.6,0,0,,2,2,1.0,0,1,1,0,1,1,1,3,8,,14.2,0
21997,100073,Cynthia Cooper,1611661316,HOU,Houston Comets,1029700027,1997-07-07,HOU vs. CHA,W,28,6,13,0.462,2,4,0.5,7,7,1.0,1,3,4,6,3,0,3,2,21,,40.8,0
21997,100074,Wanda Guyton,1611661316,HOU,Houston Comets,1029700027,1997-07-07,HOU vs. CHA,W,27,3,6,0.5,0,0,,0,0,,2,4,6,0,0,0,0,3,6,,13.2,0
21997,100075,Janeth Arcain,1611661316,HOU,Houston Comets,1029700027,1997-07-07,HOU vs. CHA,W,22,6,11,0.545,1,1,1.0,0,0,,1,2,3,3,1,0,3,2,13,,21.1,0
21997,100076,Tina Thompson,1611661316,HOU,Houston Comets,1029700027,1997-07-07,HOU vs. CHA,W,31,5,10,0.5,2,3,0.667,3,3,1.0,5,4,9,0,2,3,3,3,15,,37.8,0
21997,100077,Tammy Jackson,1611661316,HOU,Houston Comets,1029700027,1997-07-07,HOU vs. CHA,W,18,1,3,0.333,0,0,,0,0,,0,4,4,1,2,1,1,5,2,,16.3,0
21997,100079,Catarina Pollini,1611661316,HOU,Houston Comets,1029700027,1997-07-07,HOU vs. CHA,W,4,2,2,1.0,0,0,,0,0,,0,2,2,0,0,0,1,0,4,,5.4,0
21997,100081,Pietra Gay,1611661316,HOU,Houston Comets,1029700027,1997-07-07,HOU vs. CHA,W,4,1,1,1.0,0,0,,0,1,0.0,0,2,2,1,0,0,3,1,2,,2.9,0
21997,100083,Kim Perrot,1611661316,HOU,Houston Comets,1029700027,1997-07-07,HOU vs. CHA,W,26,3,5,0.6,2,3,0.667,0,1,0.0,0,1,1,2,5,0,2,1,8,,25.2,0
21997,100084,Fran Harris,1611661316,HOU,Houston Comets,1029700027,1997-07-07,HOU vs. CHA,W,26,1,11,0.091,0,5,0.0,1,2,0.5,2,3,5,3,0,0,1,1,3,,12.5,0
21997,100086,Tiffany Woosley,1611661316,HOU,Houston Comets,1029700027,1997-07-07,HOU vs. CHA,W,14,0,1,0.0,0,1,0.0,0,2,0.0,0,0,0,0,0,0,2,1,0,,-2.0,0
21997,100016,Ruthie Bolton,1611661318,SAC,Sacramento Monarchs,1029700028,1997-07-07,SAC @ UTA,W,36,8,18,0.444,3,8,0.375,3,4,0.75,1,6,7,3,2,0,2,1,22,,38.9,0
21997,100017,Bridgette Gordon,1611661318,SAC,Sacramento Monarchs,1029700028,1997-07-07,SAC @ UTA,W,34,4,11,0.364,1,3,0.333,1,2,0.5,5,2,7,3,2,0,4,1,10,,24.9,0
21997,100018,Judy Mosley-McAfee,1611661318,SAC,Sacramento Monarchs,1029700028,1997-07-07,SAC @ UTA,W,34,4,9,0.444,0,0,,2,2,1.0,5,2,7,2,1,1,2,4,10,,25.4,0
21997,100019,Mikiko Hagiwara,1611661318,SAC,Sacramento Monarchs,1029700028,1997-07-07,SAC @ UTA,W,13,4,5,0.8,1,2,0.5,0,0,,1,1,2,0,0,0,0,0,9,,11.4,0
21997,100020,Pam McGee,1611661318,SAC,Sacramento Monarchs,1029700028,1997-07-07,SAC @ UTA,W,19,5,7,0.714,0,1,0.0,2,2,1.0,1,2,3,1,1,1,2,2,12,,21.1,0
21997,100022,Chantel Tremitiere,1611661318,SAC,Sacramento Monarchs,1029700028,1997-07-07,SAC @ UTA,W,40,2,6,0.333,0,1,0.0,2,4,0.5,1,6,7,12,1,0,3,0,6,,32.4,0
21997,100023,Tajama Abraham,1611661318,SAC,Sacramento Monarchs,1029700028,1997-07-07,SAC @ UTA,W,21,4,8,0.5,0,0,,0,0,,0,3,3,0,2,2,4,5,8,,19.6,0
21997,100027,Latasha Byears,1611661318,SAC,Sacramento Monarchs,1029700028,1997-07-07,SAC @ UTA,W,3,1,3,0.333,0,0,,0,0,,2,0,2,1,0,0,0,2,2,,5.9,0
21997,100043,Elena Baranova,1611661319,UTA,Utah Starzz,1029700028,1997-07-07,UTA vs. SAC,L,33,4,13,0.308,0,1,0.0,1,1,1.0,3,2,5,3,1,0,2,3,9,,20.5,0
21997,100044,Lady Grooms,1611661319,UTA,Utah Starzz,1029700028,1997-07-07,UTA vs. SAC,L,23,2,7,0.286,0,0,,2,2,1.0,2,2,4,5,1,0,1,1,6,,20.3,0
21997,100045,Dena Head,1611661319,UTA,Utah Starzz,1029700028,1997-07-07,UTA vs. SAC,L,11,1,3,0.333,0,2,0.0,0,0,,0,0,0,2,0,1,2,2,2,,6.0,0
21997,100046,Wendy Palmer,1611661319,UTA,Utah Starzz,1029700028,1997-07-07,UTA vs. SAC,L,33,8,19,0.421,0,1,0.0,4,4,1.0,5,1,6,3,1,0,2,2,20,,32.7,0
21997,100047,Tammi Reiss,1611661319,UTA,Utah Starzz,1029700028,1997-07-07,UTA vs. SAC,L,29,4,8,0.5,1,4,0.25,2,2,1.0,1,0,1,3,1,1,1,4,11,,21.7,0
21997,100048,Jessie Hicks,1611661319,UTA,Utah Starzz,1029700028,1997-07-07,UTA vs. SAC,L,11,2,3,0.667,0,0,,0,0,,1,0,1,0,0,2,1,1,4,,10.2,0
21997,100049,Raegan Scott,1611661319,UTA,Utah Starzz,1029700028,1997-07-07,UTA vs. SAC,L,2,0,0,,0,0,,0,0,,0,1,1,0,0,0,0,0,0,,1.2,0
21997,100050,Kim Williams,1611661319,UTA,Utah Starzz,1029700028,1997-07-07,UTA vs. SAC,L,20,4,10,0.4,1,4,0.25,0,0,,0,2,2,1,1,1,1,2,9,,17.9,0
21997,100052,Deborah Carter,1611661319,UTA,Utah Starzz,1029700028,1997-07-07,UTA vs. SAC,L,16,3,7,0.429,0,2,0.0,0,0,,3,1,4,0,0,1,0,1,6,,13.8,0
21997,100053,Karen Booker,1611661319,UTA,Utah Starzz,1029700028,1997-07-07,UTA vs. SAC,L,22,0,5,0.0,0,1,0.0,2,2,1.0,2,3,5,2,1,2,2,4,2,,18.0,0
21997,100087,Janice Braxton,1611661315,CLE,Cleveland Rockers,1029700029,1997-07-07,CLE @ LAS,W,38,7,12,0.583,0,0,,6,7,0.857,4,4,8,4,0,3,2,4,20,,42.6,0
21997,100089,Isabelle Fijalkowski,1611661315,CLE,Cleveland Rockers,1029700029,1997-07-07,CLE @ LAS,W,23,5,6,0.833,0,0,,2,3,0.667,1,4,5,1,0,0,3,5,12,,16.5,0
21997,100090,Lynette Woodard,1611661315,CLE,Cleveland Rockers,1029700029,1997-07-07,CLE @ LAS,W,36,6,11,0.545,0,0,,8,12,0.667,1,10,11,6,5,1,3,0,20,,57.2,0
21997,100091,Eva Nemcova,1611661315,CLE,Cleveland Rockers,1029700029,1997-07-07,CLE @ LAS,W,33,6,8,0.75,2,2,1.0,0,0,,0,6,6,3,0,0,2,1,14,,23.7,0
21997,100092,Merlakia Jones,1611661315,CLE,Cleveland Rockers,1029700029,1997-07-07,CLE @ LAS,W,32,3,12,0.25,1,1,1.0,2,2,1.0,1,1,2,3,0,0,2,2,9,,13.9,0
21997,100093,Tina Nicholson,1611661315,CLE,Cleveland Rockers,1029700029,1997-07-07,CLE @ LAS,W,10,1,2,0.5,0,1,0.0,0,0,,0,0,0,1,0,0,0,1,2,,3.5,0
21997,100097,Rushia Brown,1611661315,CLE,Cleveland Rockers,1029700029,1997-07-07,CLE @ LAS,W,9,0,1,0.0,0,0,,0,0,,1,0,1,0,1,0,1,0,0,,3.2,0
21997,100100,Adrienne Johnson,1611661315,CLE,Cleveland Rockers,1029700029,1997-07-07,CLE @ LAS,W,12,2,3,0.667,0,0,,0,0,,0,0,0,1,0,0,3,1,4,,2.5,0
21997,100158,Marcie Alberts,1611661315,CLE,Cleveland Rockers,1029700029,1997-07-07,CLE @ LAS,W,7,0,0,,0,0,,0,0,,0,0,0,1,0,0,0,0,0,,1.5,0
21997,100003,Lisa Leslie,1611661320,LAS,Los Angeles Sparks,1029700029,1997-07-07,LAS vs. CLE,L,34,8,17,0.471,1,3,0.333,5,9,0.556,3,6,9,1,0,2,2,4,22,,38.3,0
21997,100004,Penny Toler,1611661320,LAS,Los Angeles Sparks,1029700029,1997-07-07,LAS vs. CLE,L,38,6,17,0.353,0,1,0.0,1,1,1.0,3,2,5,7,4,0,3,3,13,,38.5,0
21997,100005,Daedra Charles,1611661320,LAS,Los Angeles Sparks,1029700029,1997-07-07,LAS vs. CLE,L,9,1,3,0.333,0,0,,0,0,,1,1,2,1,0,0,0,3,2,,5.9,0
21997,100006,Haixia Zheng,1611661320,LAS,Los Angeles Sparks,1029700029,1997-07-07,LAS vs. CLE,L,13,2,6,0.333,0,0,,0,0,,0,2,2,0,0,0,1,2,4,,5.4,0
21997,100007,Jamila Wideman,1611661320,LAS,Los Angeles Sparks,1029700029,1997-07-07,LAS vs. CLE,L,33,1,6,0.167,1,3,0.333,0,0,,0,1,1,8,2,0,0,2,3,,22.2,0
21997,100009,Katrina Colleton,1611661320,LAS,Los Angeles Sparks,1029700029,1997-07-07,LAS vs. CLE,L,19,2,4,0.5,1,1,1.0,2,2,1.0,2,0,2,4,1,1,2,1,7,,19.4,0
21997,100011,Linda Burgess,1611661320,LAS,Los Angeles Sparks,1029700029,1997-07-07,LAS vs. CLE,L,21,3,6,0.5,0,0,,0,0,,0,3,3,1,1,0,2,2,6,,12.1,0
21997,100012,Mwadi Mabika,1611661320,LAS,Los Angeles Sparks,1029700029,1997-07-07,LAS vs. CLE,L,25,4,11,0.364,1,5,0.2,0,0,,2,1,3,2,1,0,0,4,9,,18.6,0
21997,100156,Heidi Burge,1611661320,LAS,Los Angeles Sparks,1029700029,1997-07-07,LAS vs. CLE,L,8,2,3,0.667,0,0,,0,0,,0,2,2,1,0,0,2,1,4,,5.9,0
21997,100073,Cynthia Cooper,1611661316,HOU,Houston Comets,1029700030,1997-07-09,HOU @ PHO,L,37,5,12,0.417,1,4,0.25,5,6,0.833,1,3,4,3,1,0,4,4,16,,24.3,0
21997,100074,Wanda Guyton,1611661316,HOU,Houston Comets,1029700030,1997-07-09,HOU @ PHO,L,24,0,2,0.0,0,0,,3,4,0.75,1,3,4,0,2,0,3,2,3,,10.8,0
21997,100075,Janeth Arcain,1611661316,HOU,Houston Comets,1029700030,1997-07-09,HOU @ PHO,L,20,3,5,0.6,1,1,1.0,5,5,1.0,2,1,3,1,5,0,2,2,12,,30.1,0
21997,100076,Tina Thompson,1611661316,HOU,Houston Comets,1029700030,1997-07-09,HOU @ PHO,L,33,4,14,0.286,0,2,0.0,2,2,1.0,5,2,7,0,0,0,2,5,10,,16.4,0
21997,100077,Tammy Jackson,1611661316,HOU,Houston Comets,1029700030,1997-07-09,HOU @ PHO,L,18,2,6,0.333,0,0,,0,0,,1,1,2,0,2,0,4,2,4,,8.4,0
21997,100083,Kim Perrot,1611661316,HOU,Houston Comets,1029700030,1997-07-09,HOU @ PHO,L,27,2,9,0.222,1,6,0.167,0,0,,0,1,1,4,2,0,2,4,5,,16.2,0
21997,100084,Fran Harris,1611661316,HOU,Houston Comets,1029700030,1997-07-09,HOU @ PHO,L,17,2,2,1.0,1,1,1.0,2,2,1.0,0,4,4,1,0,1,3,3,7,,13.3,0
21997,100085,Yolanda Moore,1611661316,HOU,Houston Comets,1029700030,1997-07-09,HOU @ PHO,L,7,0,1,0.0,0,0,,2,4,0.5,1,0,1,0,0,0,0,2,2,,3.2,0
21997,100086,Tiffany Woosley,1611661316,HOU,Houston Comets,1029700030,1997-07-09,HOU @ PHO,L,17,2,5,0.4,1,3,0.333,0,0,,1,0,1,0,0,0,2,0,5,,4.2,0
21997,100029,Michele Timms,1611661317,PHO,Phoenix Mercury,1029700030,1997-07-09,PHO vs. HOU,W,36,3,8,0.375,1,4,0.25,1,2,0.5,0,1,1,3,4,0,6,3,8,,19.7,0
21997,100030,Jennifer Gillom,1611661317,PHO,Phoenix Mercury,1029700030,1997-07-09,PHO vs. HOU,W,34,5,12,0.417,0,3,0.0,10,12,0.833,0,5,5,1,2,1,0,5,20,,36.5,0
21997,100031,Bridget Pettis,1611661317,PHO,Phoenix Mercury,1029700030,1997-07-09,PHO vs. HOU,W,35,3,14,0.214,1,5,0.2,5,5,1.0,1,3,4,4,2,1,3,2,12,,28.8,0
21997,100032,Nancy Lieberman,1611661317,PHO,Phoenix Mercury,1029700030,1997-07-09,PHO vs. HOU,W,8,0,4,0.0,0,1,0.0,2,2,1.0,1,1,2,1,0,0,1,0,2,,4.9,0
21997,100033,Toni Foster,1611661317,PHO,Phoenix Mercury,1029700030,1997-07-09,PHO vs. HOU,W,20,2,2,1.0,0,0,,0,0,,1,2,3,0,0,1,3,3,4,,7.6,0
21997,100034,Tia Jackson,1611661317,PHO,Phoenix Mercury,1029700030,1997-07-09,PHO vs. HOU,W,13,0,2,0.0,0,0,,3,4,0.75,1,1,2,2,0,0,0,2,3,,8.4,0
21997,100035,Umeki Webb,1611661317,PHO,Phoenix Mercury,1029700030,1997-07-09,PHO vs. HOU,W,32,4,8,0.5,0,0,,1,1,1.0,3,3,6,7,3,1,3,6,9,,35.7,0
21997,100036,Monique Ambers,1611661317,PHO,Phoenix Mercury,1029700030,1997-07-09,PHO vs. HOU,W,5,1,1,1.0,0,0,,1,3,0.333,2,0,2,0,0,0,0,0,3,,5.4,0
21997,100037,Marlies Askamp,1611661317,PHO,Phoenix Mercury,1029700030,1997-07-09,PHO vs. HOU,W,17,4,6,0.667,0,0,,0,0,,6,4,10,0,0,0,2,1,8,,18.0,0
21997,100002,Rebecca Lobo,1611661313,NYL,New York Liberty,1029700031,1997-07-09,NYL @ CHA,L,34,4,14,0.286,2,5,0.4,3,6,0.5,3,5,8,3,1,3,4,6,13,,35.1,0
21997,100101,Teresa Weatherspoon,1611661313,NYL,New York Liberty,1029700031,1997-07-09,NYL @ CHA,L,31,4,7,0.571,0,1,0.0,2,3,0.667,1,0,1,7,1,0,5,5,10,,19.7,0
21997,100102,Kym Hampton,1611661313,NYL,New York Liberty,1029700031,1997-07-09,NYL @ CHA,L,23,3,6,0.5,0,0,,2,5,0.4,1,2,3,0,1,1,2,0,8,,15.6,0
21997,100103,Vickie Johnson,1611661313,NYL,New York Liberty,1029700031,1997-07-09,NYL @ CHA,L,32,5,11,0.455,1,3,0.333,3,3,1.0,1,6,7,1,0,0,4,1,14,,19.9,0
21997,100104,Sue Wicks,1611661313,NYL,New York Liberty,1029700031,1997-07-09,NYL @ CHA,L,10,1,5,0.2,1,2,0.5,2,2,1.0,1,1,2,0,0,0,2,1,5,,5.4,0
21997,100105,Sophia Witherspoon,1611661313,NYL,New York Liberty,1029700031,1997-07-09,NYL @ CHA,L,36,4,12,0.333,2,5,0.4,3,3,1.0,0,4,4,5,1,0,2,2,13,,26.3,0
21997,100106,Trena Trice-Hill,1611661313,NYL,New York Liberty,1029700031,1997-07-09,NYL @ CHA,L,13,2,3,0.667,0,0,,0,2,0.0,3,3,6,1,0,0,1,4,4,,11.7,0
21997,100107,Kisha Ford,1611661313,NYL,New York Liberty,1029700031,1997-07-09,NYL @ CHA,L,12,0,0,,0,0,,0,0,,1,0,1,0,0,1,0,1,0,,4.2,0
21997,100108,Rhonda Blades,1611661313,NYL,New York Liberty,1029700031,1997-07-09,NYL @ CHA,L,9,1,3,0.333,0,1,0.0,0,0,,1,1,2,0,0,0,1,3,2,,3.4,0
21997,100058,Vicky Bullett,1611661314,CHA,Charlotte Sting,1029700031,1997-07-09,CHA vs. NYL,W,22,2,11,0.182,0,0,,2,2,1.0,3,4,7,2,3,3,3,4,6,,32.4,0
21997,100059,Andrea Stinson,1611661314,CHA,Charlotte Sting,1029700031,1997-07-09,CHA vs. NYL,W,37,11,16,0.688,2,5,0.4,5,10,0.5,6,3,9,6,5,2,2,2,29,,67.8,0
21997,100060,Rhonda Mapp,1611661314,CHA,Charlotte Sting,1029700031,1997-07-09,CHA vs. NYL,W,16,4,7,0.571,0,0,,2,2,1.0,2,2,4,3,0,0,0,3,10,,19.3,0
21997,100062,Tora Suber,1611661314,CHA,Charlotte Sting,1029700031,1997-07-09,CHA vs. NYL,W,21,2,5,0.4,2,3,0.667,3,8,0.375,1,0,1,4,0,0,2,3,9,,14.2,0
21997,100063,Sharon Manning,1611661314,CHA,Charlotte Sting,1029700031,1997-07-09,CHA vs. NYL,W,24,2,6,0.333,0,0,,1,2,0.5,2,3,5,1,1,0,0,1,5,,15.5,0
21997,100064,Debra Williams,1611661314,CHA,Charlotte Sting,1029700031,1997-07-09,CHA vs. NYL,W,5,1,2,0.5,0,0,,0,0,,0,0,0,0,0,0,0,0,2,,2.0,0
21997,100065,Andrea Congreaves,1611661314,CHA,Charlotte Sting,1029700031,1997-07-09,CHA vs. NYL,W,18,2,4,0.5,0,0,,5,5,1.0,1,5,6,0,1,0,0,3,9,,19.2,0
21997,100067,Katasha Artis,1611661314,CHA,Charlotte Sting,1029700031,1997-07-09,CHA vs. NYL,W,2,1,1,1.0,0,0,,0,0,,0,0,0,0,0,0,0,1,2,,2.0,0
21997,100155,Nicole Levesque,1611661314,CHA,Charlotte Sting,1029700031,1997-07-09,CHA vs. NYL,W,18,2,5,0.4,1,4,0.25,0,0,,1,2,3,0,0,0,0,1,5,,8.6,0
21997,100374,Penny Moore,1611661314,CHA,Charlotte Sting,1029700031,1997-07-09,CHA vs. NYL,W,37,3,11,0.273,0,0,,4,5,0.8,0,6,6,3,1,1,4,1,10,,23.7,0
21997,100087,Janice Braxton,1611661315,CLE,Cleveland Rockers,1029700032,1997-07-10,CLE vs. SAC,W,35,5,10,0.5,0,0,,9,10,0.9,3,8,11,1,0,0,0,4,19,,33.7,0
21997,100089,Isabelle Fijalkowski,1611661315,CLE,Cleveland Rockers,1029700032,1997-07-10,CLE vs. SAC,W,34,5,12,0.417,0,0,,0,0,,2,3,5,4,1,0,3,4,10,,22.0,0
21997,100090,Lynette Woodard,1611661315,CLE,Cleveland Rockers,1029700032,1997-07-10,CLE vs. SAC,W,37,4,9,0.444,0,0,,4,4,1.0,5,3,8,1,2,0,6,1,12,,23.1,0
21997,100091,Eva Nemcova,1611661315,CLE,Cleveland Rockers,1029700032,1997-07-10,CLE vs. SAC,W,39,4,13,0.308,2,5,0.4,5,7,0.714,2,2,4,3,3,0,4,0,15,,29.3,0
21997,100092,Merlakia Jones,1611661315,CLE,Cleveland Rockers,1029700032,1997-07-10,CLE vs. SAC,W,32,9,16,0.563,0,1,0.0,0,0,,2,6,8,2,1,0,3,2,18,,30.6,0
21997,100093,Tina Nicholson,1611661315,CLE,Cleveland Rockers,1029700032,1997-07-10,CLE vs. SAC,W,6,1,1,1.0,1,1,1.0,0,0,,0,0,0,1,1,0,0,1,3,,7.5,0
21997,100097,Rushia Brown,1611661315,CLE,Cleveland Rockers,1029700032,1997-07-10,CLE vs. SAC,W,11,0,0,,0,0,,0,0,,1,0,1,2,1,0,0,2,0,,7.2,0
21997,100100,Adrienne Johnson,1611661315,CLE,Cleveland Rockers,1029700032,1997-07-10,CLE vs. SAC,W,2,0,1,0.0,0,0,,0,0,,0,0,0,0,0,0,2,1,0,,-2.0,0
21997,100158,Marcie Alberts,1611661315,CLE,Cleveland Rockers,1029700032,1997-07-10,CLE vs. SAC,W,4,0,1,0.0,0,1,0.0,0,0,,0,0,0,1,1,0,1,1,0,,3.5,0
21997,100016,Ruthie Bolton,1611661318,SAC,Sacramento Monarchs,1029700032,1997-07-10,SAC @ CLE,L,36,9,24,0.375,5,15,0.333,2,3,0.667,3,5,8,0,3,0,2,6,25,,41.6,0
21997,100017,Bridgette Gordon,1611661318,SAC,Sacramento Monarchs,1029700032,1997-07-10,SAC @ CLE,L,32,1,12,0.083,0,0,,0,0,,4,0,4,5,1,0,0,0,2,,17.3,0
21997,100018,Judy Mosley-McAfee,1611661318,SAC,Sacramento Monarchs,1029700032,1997-07-10,SAC @ CLE,L,20,1,3,0.333,0,0,,2,2,1.0,3,2,5,0,0,0,2,2,4,,8.0,0
21997,100019,Mikiko Hagiwara,1611661318,SAC,Sacramento Monarchs,1029700032,1997-07-10,SAC @ CLE,L,13,1,3,0.333,1,3,0.333,0,0,,0,0,0,1,1,0,2,1,3,,5.5,0
21997,100020,Pam McGee,1611661318,SAC,Sacramento Monarchs,1029700032,1997-07-10,SAC @ CLE,L,18,3,5,0.6,0,0,,2,2,1.0,0,3,3,0,0,0,4,4,8,,7.6,0
21997,100021,Denique Graves,1611661318,SAC,Sacramento Monarchs,1029700032,1997-07-10,SAC @ CLE,L,1,0,0,,0,0,,0,0,,0,0,0,0,0,0,0,0,0,,0.0,0
21997,100022,Chantel Tremitiere,1611661318,SAC,Sacramento Monarchs,1029700032,1997-07-10,SAC @ CLE,L,40,2,5,0.4,0,1,0.0,3,6,0.5,1,0,1,6,1,0,5,4,7,,15.2,0
21997,100023,Tajama Abraham,1611661318,SAC,Sacramento Monarchs,1029700032,1997-07-10,SAC @ CLE,L,21,3,5,0.6,0,0,,2,2,1.0,3,0,3,1,1,0,7,4,8,,9.1,0
21997,100024,Corissa Yasen,1611661318,SAC,Sacramento Monarchs,1029700032,1997-07-10,SAC @ CLE,L,6,0,1,0.0,0,0,,0,0,,0,0,0,0,0,0,0,0,0,,0.0,0
21997,100027,Latasha Byears,1611661318,SAC,Sacramento Monarchs,1029700032,1997-07-10,SAC @ CLE,L,13,2,7,0.286,0,0,,0,0,,4,1,5,0,3,1,0,2,4,,22.0,0
21997,100002,Rebecca Lobo,1611661313,NYL,New York Liberty,1029700033,1997-07-10,NYL vs. CHA,W,33,6,16,0.375,0,0,,4,6,0.667,0,11,11,2,1,2,1,1,16,,40.2,0
21997,100101,Teresa Weatherspoon,1611661313,NYL,New York Liberty,1029700033,1997-07-10,NYL vs. CHA,W,35,3,5,0.6,0,1,0.0,3,4,0.75,0,2,2,7,8,0,3,1,9,,42.9,0
21997,100102,Kym Hampton,1611661313,NYL,New York Liberty,1029700033,1997-07-10,NYL vs. CHA,W,23,2,8,0.25,0,0,,2,2,1.0,2,6,8,2,2,0,3,3,6,,21.6,0
21997,100103,Vickie Johnson,1611661313,NYL,New York Liberty,1029700033,1997-07-10,NYL vs. CHA,W,27,2,11,0.182,0,0,,0,0,,1,3,4,1,0,0,2,1,4,,8.3,0
21997,100104,Sue Wicks,1611661313,NYL,New York Liberty,1029700033,1997-07-10,NYL vs. CHA,W,10,1,4,0.25,0,0,,0,0,,3,0,3,0,1,0,1,3,2,,7.6,0
21997,100105,Sophia Witherspoon,1611661313,NYL,New York Liberty,1029700033,1997-07-10,NYL vs. CHA,W,29,5,9,0.556,2,4,0.5,3,4,0.75,1,1,2,2,2,0,2,0,15,,24.4,0
21997,100106,Trena Trice-Hill,1611661313,NYL,New York Liberty,1029700033,1997-07-10,NYL vs. CHA,W,14,2,5,0.4,0,1,0.0,2,2,1.0,0,3,3,0,0,0,1,3,6,,8.6,0
21997,100107,Kisha Ford,1611661313,NYL,New York Liberty,1029700033,1997-07-10,NYL vs. CHA,W,22,2,5,0.4,0,1,0.0,0,2,0.0,2,0,2,2,0,0,2,3,4,,7.4,0
21997,100108,Rhonda Blades,1611661313,NYL,New York Liberty,1029700033,1997-07-10,NYL vs. CHA,W,5,0,0,,0,0,,0,0,,0,0,0,0,1,0,1,3,0,,2.0,0
21997,100109,Jasmina Perazic-Gipe,1611661313,NYL,New York Liberty,1029700033,1997-07-10,NYL vs. CHA,W,2,0,0,,0,0,,0,0,,0,0,0,0,1,0,1,0,0,,2.0,0
21997,100058,Vicky Bullett,1611661314,CHA,Charlotte Sting,1029700033,1997-07-10,CHA @ NYL,L,14,1,8,0.125,0,0,,0,0,,1,0,1,2,0,2,2,3,2,,10.2,0
21997,100059,Andrea Stinson,1611661314,CHA,Charlotte Sting,1029700033,1997-07-10,CHA @ NYL,L,39,7,14,0.5,1,5,0.2,5,6,0.833,1,5,6,1,1,0,5,2,20,,26.7,0
21997,100060,Rhonda Mapp,1611661314,CHA,Charlotte Sting,1029700033,1997-07-10,CHA @ NYL,L,15,2,6,0.333,0,0,,1,2,0.5,2,2,4,1,1,0,1,5,5,,13.3,0
21997,100062,Tora Suber,1611661314,CHA,Charlotte Sting,1029700033,1997-07-10,CHA @ NYL,L,9,0,1,0.0,0,1,0.0,0,0,,0,2,2,3,0,0,3,1,0,,3.9,0
21997,100063,Sharon Manning,1611661314,CHA,Charlotte Sting,1029700033,1997-07-10,CHA @ NYL,L,25,2,7,0.286,0,0,,0,0,,3,4,7,0,1,1,4,3,4,,14.4,0
21997,100065,Andrea Congreaves,1611661314,CHA,Charlotte Sting,1029700033,1997-07-10,CHA @ NYL,L,26,1,2,0.5,0,0,,3,4,0.75,0,3,3,1,2,0,3,1,5,,13.1,0
21997,100067,Katasha Artis,1611661314,CHA,Charlotte Sting,1029700033,1997-07-10,CHA @ NYL,L,6,0,1,0.0,0,0,,1,2,0.5,0,1,1,0,0,0,1,0,1,,1.2,0
21997,100155,Nicole Levesque,1611661314,CHA,Charlotte Sting,1029700033,1997-07-10,CHA @ NYL,L,31,2,6,0.333,1,3,0.333,0,0,,0,1,1,0,3,0,3,4,5,,12.2,0
21997,100374,Penny Moore,1611661314,CHA,Charlotte Sting,1029700033,1997-07-10,CHA @ NYL,L,35,3,11,0.273,0,2,0.0,0,0,,1,5,6,0,1,1,2,0,6,,17.2,0
21997,100043,Elena Baranova,1611661319,UTA,Utah Starzz,1029700034,1997-07-11,UTA @ LAS,L,36,5,11,0.455,0,0,,2,2,1.0,1,7,8,3,6,3,2,1,12,,51.1,0
21997,100044,Lady Grooms,1611661319,UTA,Utah Starzz,1029700034,1997-07-11,UTA @ LAS,L,23,4,9,0.444,0,0,,0,0,,0,3,3,0,3,0,3,1,8,,17.6,0
21997,100045,Dena Head,1611661319,UTA,Utah Starzz,1029700034,1997-07-11,UTA @ LAS,L,11,2,5,0.4,0,1,0.0,1,1,1.0,0,1,1,0,1,0,1,0,5,,8.2,0
21997,100046,Wendy Palmer,1611661319,UTA,Utah Starzz,1029700034,1997-07-11,UTA @ LAS,L,34,7,13,0.538,1,4,0.25,2,6,0.333,0,5,5,1,0,1,3,4,17,,24.5,0
21997,100047,Tammi Reiss,1611661319,UTA,Utah Starzz,1029700034,1997-07-11,UTA @ LAS,L,26,3,9,0.333,2,4,0.5,2,2,1.0,2,0,2,2,1,0,5,4,10,,13.4,0
21997,100048,Jessie Hicks,1611661319,UTA,Utah Starzz,1029700034,1997-07-11,UTA @ LAS,L,10,0,2,0.0,0,0,,1,2,0.5,2,0,2,0,2,0,0,6,1,,9.4,0
21997,100049,Raegan Scott,1611661319,UTA,Utah Starzz,1029700034,1997-07-11,UTA @ LAS,L,2,0,0,,0,0,,0,0,,0,0,0,0,0,0,0,0,0,,0.0,0
21997,100050,Kim Williams,1611661319,UTA,Utah Starzz,1029700034,1997-07-11,UTA @ LAS,L,23,4,11,0.364,1,2,0.5,4,6,0.667,4,1,5,3,2,0,4,2,13,,25.5,0
21997,100052,Deborah Carter,1611661319,UTA,Utah Starzz,1029700034,1997-07-11,UTA @ LAS,L,24,0,5,0.0,0,1,0.0,0,2,0.0,2,0,2,1,1,0,2,4,0,,4.9,0
21997,100053,Karen Booker,1611661319,UTA,Utah Starzz,1029700034,1997-07-11,UTA @ LAS,L,11,0,1,0.0,0,1,0.0,2,4,0.5,2,0,2,0,1,0,1,3,2,,6.4,0
21997,100003,Lisa Leslie,1611661320,LAS,Los Angeles Sparks,1029700034,1997-07-11,LAS vs. UTA,W,35,3,15,0.2,0,0,,6,10,0.6,2,6,8,6,1,2,5,2,12,,34.6,0
21997,100004,Penny Toler,1611661320,LAS,Los Angeles Sparks,1029700034,1997-07-11,LAS vs. UTA,W,34,4,8,0.5,0,1,0.0,3,4,0.75,0,2,2,6,3,0,7,6,11,,24.4,0
21997,100005,Daedra Charles,1611661320,LAS,Los Angeles Sparks,1029700034,1997-07-11,LAS vs. UTA,W,10,1,2,0.5,0,0,,0,0,,2,1,3,0,0,1,0,0,2,,8.6,0
21997,100006,Haixia Zheng,1611661320,LAS,Los Angeles Sparks,1029700034,1997-07-11,LAS vs. UTA,W,2,0,0,,0,0,,0,0,,0,0,0,1,0,0,1,1,0,,0.5,0
21997,100007,Jamila Wideman,1611661320,LAS,Los Angeles Sparks,1029700034,1997-07-11,LAS vs. UTA,W,33,2,6,0.333,0,0,,2,2,1.0,0,3,3,2,3,0,4,4,6,,17.6,0
21997,100008,Tamecka Dixon,1611661320,LAS,Los Angeles Sparks,1029700034,1997-07-11,LAS vs. UTA,W,8,2,3,0.667,0,1,0.0,2,2,1.0,0,1,1,1,2,0,3,2,6,,11.7,0
21997,100009,Katrina Colleton,1611661320,LAS,Los Angeles Sparks,1029700034,1997-07-11,LAS vs. UTA,W,8,1,2,0.5,0,1,0.0,0,0,,1,0,1,1,1,0,0,1,2,,7.7,0
21997,100011,Linda Burgess,1611661320,LAS,Los Angeles Sparks,1029700034,1997-07-11,LAS vs. UTA,W,33,9,12,0.75,0,0,,2,4,0.5,3,6,9,0,0,3,2,2,20,,37.8,0
21997,100012,Mwadi Mabika,1611661320,LAS,Los Angeles Sparks,1029700034,1997-07-11,LAS vs. UTA,W,5,0,0,,0,0,,2,2,1.0,0,1,1,0,0,0,1,0,2,,2.2,0
21997,100156,Heidi Burge,1611661320,LAS,Los Angeles Sparks,1029700034,1997-07-11,LAS vs. UTA,W,32,6,9,0.667,0,1,0.0,2,6,0.333,2,7,9,0,3,2,0,2,14,,39.8,0
21997,100073,Cynthia Cooper,1611661316,HOU,Houston Comets,1029700035,1997-07-12,HOU vs. SAC,W,30,7,15,0.467,2,5,0.4,4,6,0.667,1,1,2,8,3,0,4,0,20,,39.4,0
21997,100074,Wanda Guyton,1611661316,HOU,Houston Comets,1029700035,1997-07-12,HOU vs. SAC,W,22,5,7,0.714,0,0,,2,4,0.5,1,1,2,2,1,0,2,2,12,,18.4,0
21997,100075,Janeth Arcain,1611661316,HOU,Houston Comets,1029700035,1997-07-12,HOU vs. SAC,W,26,6,9,0.667,1,2,0.5,0,0,,0,2,2,2,1,0,2,2,13,,19.4,0
21997,100076,Tina Thompson,1611661316,HOU,Houston Comets,1029700035,1997-07-12,HOU vs. SAC,W,29,7,11,0.636,1,3,0.333,0,0,,3,7,10,1,0,2,0,2,15,,34.5,0
21997,100077,Tammy Jackson,1611661316,HOU,Houston Comets,1029700035,1997-07-12,HOU vs. SAC,W,20,1,2,0.5,0,0,,0,0,,0,3,3,3,1,0,3,3,2,,10.1,0
21997,100079,Catarina Pollini,1611661316,HOU,Houston Comets,1029700035,1997-07-12,HOU vs. SAC,W,9,1,2,0.5,0,0,,0,0,,0,1,1,0,0,0,0,3,2,,3.2,0
21997,100083,Kim Perrot,1611661316,HOU,Houston Comets,1029700035,1997-07-12,HOU vs. SAC,W,19,3,6,0.5,3,4,0.75,0,2,0.0,1,3,4,3,4,0,2,0,9,,28.3,0
21997,100084,Fran Harris,1611661316,HOU,Houston Comets,1029700035,1997-07-12,HOU vs. SAC,W,19,2,5,0.4,1,3,0.333,1,2,0.5,0,1,1,1,1,0,1,0,6,,10.7,0
21997,100085,Yolanda Moore,1611661316,HOU,Houston Comets,1029700035,1997-07-12,HOU vs. SAC,W,5,0,1,0.0,0,0,,2,2,1.0,1,0,1,0,0,0,0,0,2,,3.2,0
21997,100086,Tiffany Woosley,1611661316,HOU,Houston Comets,1029700035,1997-07-12,HOU vs. SAC,W,21,3,7,0.429,1,4,0.25,1,1,1.0,0,1,1,3,1,0,1,0,8,,15.7,0
21997,100016,Ruthie Bolton,1611661318,SAC,Sacramento Monarchs,1029700035,1997-07-12,SAC @ HOU,L,24,5,11,0.455,2,6,0.333,2,2,1.0,2,6,8,1,2,0,1,2,14,,30.1,0
21997,100017,Bridgette Gordon,1611661318,SAC,Sacramento Monarchs,1029700035,1997-07-12,SAC @ HOU,L,33,4,13,0.308,0,1,0.0,0,0,,2,3,5,3,1,1,6,2,8,,18.5,0
21997,100018,Judy Mosley-McAfee,1611661318,SAC,Sacramento Monarchs,1029700035,1997-07-12,SAC @ HOU,L,17,2,2,1.0,0,0,,0,0,,1,2,3,1,0,0,0,1,4,,9.1,0
21997,100019,Mikiko Hagiwara,1611661318,SAC,Sacramento Monarchs,1029700035,1997-07-12,SAC @ HOU,L,16,2,5,0.4,2,4,0.5,0,0,,0,0,0,1,0,0,1,0,6,,6.5,0
21997,100020,Pam McGee,1611661318,SAC,Sacramento Monarchs,1029700035,1997-07-12,SAC @ HOU,L,23,2,5,0.4,0,0,,5,6,0.833,2,0,2,0,0,0,1,2,9,,10.4,0
21997,100021,Denique Graves,1611661318,SAC,Sacramento Monarchs,1029700035,1997-07-12,SAC @ HOU,L,6,0,1,0.0,0,0,,0,0,,0,0,0,0,0,0,0,0,0,,0.0,0
21997,100022,Chantel Tremitiere,1611661318,SAC,Sacramento Monarchs,1029700035,1997-07-12,SAC @ HOU,L,38,3,12,0.25,1,4,0.25,0,0,,1,2,3,5,2,0,8,2,7,,16.1,0
21997,100023,Tajama Abraham,1611661318,SAC,Sacramento Monarchs,1029700035,1997-07-12,SAC @ HOU,L,11,0,3,0.0,0,0,,0,0,,1,1,2,0,0,0,1,1,0,,1.4,0
21997,100024,Corissa Yasen,1611661318,SAC,Sacramento Monarchs,1029700035,1997-07-12,SAC @ HOU,L,11,3,6,0.5,0,0,,0,0,,1,2,3,0,1,0,1,1,6,,11.6,0
21997,100027,Latasha Byears,1611661318,SAC,Sacramento Monarchs,1029700035,1997-07-12,SAC @ HOU,L,21,3,4,0.75,0,0,,1,2,0.5,2,3,5,2,0,1,3,3,7,,16.0,0
21997,100058,Vicky Bullett,1611661314,CHA,Charlotte Sting,1029700036,1997-07-12,CHA vs. CLE,W,23,5,11,0.455,1,1,1.0,0,2,0.0,2,4,6,2,1,1,4,2,11,,23.2,0
21997,100059,Andrea Stinson,1611661314,CHA,Charlotte Sting,1029700036,1997-07-12,CHA vs. CLE,W,30,6,12,0.5,0,2,0.0,1,2,0.5,3,3,6,4,1,2,4,0,13,,31.2,0
21997,100060,Rhonda Mapp,1611661314,CHA,Charlotte Sting,1029700036,1997-07-12,CHA vs. CLE,W,17,5,8,0.625,0,0,,4,4,1.0,2,4,6,1,0,0,2,4,14,,20.7,0
21997,100062,Tora Suber,1611661314,CHA,Charlotte Sting,1029700036,1997-07-12,CHA vs. CLE,W,16,1,4,0.25,0,2,0.0,4,4,1.0,1,1,2,1,0,0,1,0,6,,8.9,0
21997,100063,Sharon Manning,1611661314,CHA,Charlotte Sting,1029700036,1997-07-12,CHA vs. CLE,W,23,4,6,0.667,0,0,,0,2,0.0,4,4,8,2,1,0,1,2,8,,22.6,0
21997,100064,Debra Williams,1611661314,CHA,Charlotte Sting,1029700036,1997-07-12,CHA vs. CLE,W,12,1,1,1.0,1,1,1.0,1,2,0.5,0,2,2,2,1,0,0,0,4,,12.4,0
21997,100065,Andrea Congreaves,1611661314,CHA,Charlotte Sting,1029700036,1997-07-12,CHA vs. CLE,W,17,2,5,0.4,0,0,,0,0,,1,8,9,1,0,0,0,2,4,,16.3,0
21997,100067,Katasha Artis,1611661314,CHA,Charlotte Sting,1029700036,1997-07-12,CHA vs. CLE,W,14,2,2,1.0,0,0,,1,3,0.333,0,1,1,1,0,0,1,3,5,,6.7,0
21997,100155,Nicole Levesque,1611661314,CHA,Charlotte Sting,1029700036,1997-07-12,CHA vs. CLE,W,24,2,3,0.667,1,2,0.5,0,0,,0,1,1,5,1,0,0,1,5,,16.7,0
21997,100374,Penny Moore,1611661314,CHA,Charlotte Sting,1029700036,1997-07-12,CHA vs. CLE,W,24,1,7,0.143,0,2,0.0,0,0,,1,5,6,2,1,1,5,3,2,,13.2,0
21997,100087,Janice Braxton,1611661315,CLE,Cleveland Rockers,1029700036,1997-07-12,CLE @ CHA,L,34,1,10,0.1,0,0,,2,5,0.4,3,5,8,1,0,0,3,2,4,,12.1,0
21997,100089,Isabelle Fijalkowski,1611661315,CLE,Cleveland Rockers,1029700036,1997-07-12,CLE @ CHA,L,18,3,7,0.429,0,1,0.0,0,0,,0,1,1,0,1,0,2,6,6,,8.2,0
21997,100090,Lynette Woodard,1611661315,CLE,Cleveland Rockers,1029700036,1997-07-12,CLE @ CHA,L,31,4,11,0.364,0,2,0.0,0,0,,2,3,5,3,2,0,1,3,8,,23.5,0
21997,100091,Eva Nemcova,1611661315,CLE,Cleveland Rockers,1029700036,1997-07-12,CLE @ CHA,L,33,4,13,0.308,0,2,0.0,3,4,0.75,1,1,2,3,0,1,2,2,11,,18.9,0
21997,100092,Merlakia Jones,1611661315,CLE,Cleveland Rockers,1029700036,1997-07-12,CLE @ CHA,L,29,2,11,0.182,0,0,,1,2,0.5,2,1,3,1,0,0,3,0,5,,7.1,0
21997,100093,Tina Nicholson,1611661315,CLE,Cleveland Rockers,1029700036,1997-07-12,CLE @ CHA,L,5,0,0,,0,0,,0,0,,0,0,0,0,0,0,0,0,0,,0.0,0
21997,100094,Anita Maxwell,1611661315,CLE,Cleveland Rockers,1029700036,1997-07-12,CLE @ CHA,L,8,1,2,0.5,0,0,,1,2,0.5,1,1,2,1,0,0,0,0,3,,6.9,0
21997,100097,Rushia Brown,1611661315,CLE,Cleveland Rockers,1029700036,1997-07-12,CLE @ CHA,L,24,2,4,0.5,0,0,,2,6,0.333,5,3,8,1,2,2,5,3,6,,24.1,0
21997,100100,Adrienne Johnson,1611661315,CLE,Cleveland Rockers,1029700036,1997-07-12,CLE @ CHA,L,9,0,4,0.0,0,2,0.0,0,0,,0,1,1,0,1,0,0,0,0,,4.2,0
21997,100158,Marcie Alberts,1611661315,CLE,Cleveland Rockers,1029700036,1997-07-12,CLE @ CHA,L,9,0,1,0.0,0,1,0.0,0,0,,0,0,0,0,0,0,0,0,0,,0.0,0
21997,100029,Michele Timms,1611661317,PHO,Phoenix Mercury,1029700037,1997-07-12,PHO @ UTA,L,40,4,11,0.364,1,4,0.25,3,3,1.0,0,4,4,1,1,0,3,3,12,,18.3,0
21997,100030,Jennifer Gillom,1611661317,PHO,Phoenix Mercury,1029700037,1997-07-12,PHO @ UTA,L,29,4,12,0.333,0,3,0.0,0,0,,2,4,6,1,1,1,0,4,8,,22.7,0
21997,100031,Bridget Pettis,1611661317,PHO,Phoenix Mercury,1029700037,1997-07-12,PHO @ UTA,L,33,4,12,0.333,3,7,0.429,2,2,1.0,2,4,6,1,1,0,5,1,13,,19.7,0
21997,100032,Nancy Lieberman,1611661317,PHO,Phoenix Mercury,1029700037,1997-07-12,PHO @ UTA,L,13,0,4,0.0,0,2,0.0,0,0,,0,2,2,1,0,0,0,2,0,,3.9,0
21997,100033,Toni Foster,1611661317,PHO,Phoenix Mercury,1029700037,1997-07-12,PHO @ UTA,L,37,6,10,0.6,1,1,1.0,1,2,0.5,4,3,7,2,2,2,3,2,14,,34.4,0
21997,100034,Tia Jackson,1611661317,PHO,Phoenix Mercury,1029700037,1997-07-12,PHO @ UTA,L,6,0,1,0.0,0,0,,0,0,,0,0,0,1,0,0,1,0,0,,0.5,0
21997,100035,Umeki Webb,1611661317,PHO,Phoenix Mercury,1029700037,1997-07-12,PHO @ UTA,L,27,1,8,0.125,0,0,,0,0,,0,4,4,3,4,0,3,3,2,,20.3,0
21997,100037,Marlies Askamp,1611661317,PHO,Phoenix Mercury,1029700037,1997-07-12,PHO @ UTA,L,14,0,2,0.0,0,0,,2,2,1.0,0,2,2,0,1,0,0,1,2,,7.4,0
21997,100057,Molly Tuter,1611661317,PHO,Phoenix Mercury,1029700037,1997-07-12,PHO @ UTA,L,1,0,0,,0,0,,0,0,,0,0,0,0,0,0,0,0,0,,0.0,0
21997,100043,Elena Baranova,1611661319,UTA,Utah Starzz,1029700037,1997-07-12,UTA vs. PHO,W,31,4,8,0.5,0,0,,2,2,1.0,2,7,9,2,1,3,2,2,10,,33.8,0
21997,100044,Lady Grooms,1611661319,UTA,Utah Starzz,1029700037,1997-07-12,UTA vs. PHO,W,31,0,3,0.0,0,0,,1,2,0.5,0,3,3,6,0,0,5,0,1,,8.6,0
21997,100045,Dena Head,1611661319,UTA,Utah Starzz,1029700037,1997-07-12,UTA vs. PHO,W,13,1,3,0.333,0,1,0.0,0,0,,0,2,2,2,2,1,4,0,2,,12.4,0
21997,100046,Wendy Palmer,1611661319,UTA,Utah Starzz,1029700037,1997-07-12,UTA vs. PHO,W,37,6,15,0.4,1,2,0.5,2,2,1.0,1,9,10,0,1,0,0,4,15,,30.0,0
21997,100047,Tammi Reiss,1611661319,UTA,Utah Starzz,1029700037,1997-07-12,UTA vs. PHO,W,35,4,8,0.5,2,5,0.4,1,4,0.25,0,2,2,3,0,1,2,3,11,,18.9,0
21997,100048,Jessie Hicks,1611661319,UTA,Utah Starzz,1029700037,1997-07-12,UTA vs. PHO,W,9,0,1,0.0,0,0,,0,0,,0,2,2,0,0,1,0,2,0,,5.4,0
21997,100050,Kim Williams,1611661319,UTA,Utah Starzz,1029700037,1997-07-12,UTA vs. PHO,W,37,5,10,0.5,0,1,0.0,3,4,0.75,1,4,5,3,1,0,6,2,13,,20.5,0
21997,100052,Deborah Carter,1611661319,UTA,Utah Starzz,1029700037,1997-07-12,UTA vs. PHO,W,4,0,1,0.0,0,0,,0,0,,0,0,0,0,1,0,0,0,0,,3.0,0
21997,100053,Karen Booker,1611661319,UTA,Utah Starzz,1029700037,1997-07-12,UTA vs. PHO,W,3,0,2,0.0,0,0,,0,0,,1,0,1,1,0,0,0,1,0,,2.7,0
21997,100029,Michele Timms,1611661317,PHO,Phoenix Mercury,1029700038,1997-07-13,PHO @ LAS,W,40,6,16,0.375,3,8,0.375,2,2,1.0,3,1,4,3,1,0,2,3,17,,27.3,0
21997,100030,Jennifer Gillom,1611661317,PHO,Phoenix Mercury,1029700038,1997-07-13,PHO @ LAS,W,34,7,15,0.467,1,6,0.167,1,1,1.0,0,4,4,1,1,1,2,4,16,,26.3,0
21997,100031,Bridget Pettis,1611661317,PHO,Phoenix Mercury,1029700038,1997-07-13,PHO @ LAS,W,33,1,12,0.083,1,6,0.167,0,0,,1,2,3,2,2,1,2,0,3,,16.6,0
21997,100032,Nancy Lieberman,1611661317,PHO,Phoenix Mercury,1029700038,1997-07-13,PHO @ LAS,W,7,0,0,,0,0,,0,0,,0,1,1,1,0,0,1,1,0,,1.7,0
21997,100033,Toni Foster,1611661317,PHO,Phoenix Mercury,1029700038,1997-07-13,PHO @ LAS,W,25,3,8,0.375,0,0,,1,2,0.5,2,3,5,1,0,0,1,1,7,,13.5,0
21997,100034,Tia Jackson,1611661317,PHO,Phoenix Mercury,1029700038,1997-07-13,PHO @ LAS,W,7,0,2,0.0,0,0,,0,0,,1,0,1,0,1,0,1,1,0,,3.2,0
21997,100035,Umeki Webb,1611661317,PHO,Phoenix Mercury,1029700038,1997-07-13,PHO @ LAS,W,33,2,6,0.333,0,1,0.0,0,0,,3,3,6,1,4,0,1,4,4,,23.7,0
21997,100036,Monique Ambers,1611661317,PHO,Phoenix Mercury,1029700038,1997-07-13,PHO @ LAS,W,2,0,0,,0,0,,0,0,,0,0,0,0,0,0,0,0,0,,0.0,0
21997,100037,Marlies Askamp,1611661317,PHO,Phoenix Mercury,1029700038,1997-07-13,PHO @ LAS,W,19,4,9,0.444,0,0,,2,4,0.5,2,2,4,1,0,0,2,1,10,,14.3,0
21997,100003,Lisa Leslie,1611661320,LAS,Los Angeles Sparks,1029700038,1997-07-13,LAS vs. PHO,L,32,3,9,0.333,0,0,,1,4,0.25,1,4,5,1,0,6,2,4,7,,30.5,0
21997,100004,Penny Toler,1611661320,LAS,Los Angeles Sparks,1029700038,1997-07-13,LAS vs. PHO,L,34,2,8,0.25,1,2,0.5,3,3,1.0,0,2,2,2,0,0,5,1,8,,8.4,0
21997,100005,Daedra Charles,1611661320,LAS,Los Angeles Sparks,1029700038,1997-07-13,LAS vs. PHO,L,15,1,3,0.333,0,0,,0,0,,1,0,1,2,0,0,0,1,2,,6.2,0
21997,100006,Haixia Zheng,1611661320,LAS,Los Angeles Sparks,1029700038,1997-07-13,LAS vs. PHO,L,6,0,0,,0,0,,0,0,,0,2,2,0,0,1,0,2,0,,5.4,0
21997,100007,Jamila Wideman,1611661320,LAS,Los Angeles Sparks,1029700038,1997-07-13,LAS vs. PHO,L,23,0,7,0.0,0,3,0.0,0,0,,1,2,3,1,0,0,1,0,0,,4.1,0
21997,100008,Tamecka Dixon,1611661320,LAS,Los Angeles Sparks,1029700038,1997-07-13,LAS vs. PHO,L,16,4,7,0.571,2,2,1.0,0,0,,0,3,3,2,1,0,2,1,10,,17.6,0
21997,100009,Katrina Colleton,1611661320,LAS,Los Angeles Sparks,1029700038,1997-07-13,LAS vs. PHO,L,6,2,2,1.0,0,0,,0,0,,0,0,0,2,0,0,0,0,4,,7.0,0
21997,100011,Linda Burgess,1611661320,LAS,Los Angeles Sparks,1029700038,1997-07-13,LAS vs. PHO,L,27,5,7,0.714,0,0,,2,2,1.0,2,3,5,1,0,1,5,1,12,,17.5,0
21997,100012,Mwadi Mabika,1611661320,LAS,Los Angeles Sparks,1029700038,1997-07-13,LAS vs. PHO,L,13,2,5,0.4,0,0,,0,0,,2,0,2,1,0,0,1,3,4,,6.9,0
21997,100156,Heidi Burge,1611661320,LAS,Los Angeles Sparks,1029700038,1997-07-13,LAS vs. PHO,L,28,3,10,0.3,0,0,,3,4,0.75,3,8,11,2,2,1,1,5,9,,33.2,0
21997,100002,Rebecca Lobo,1611661313,NYL,New York Liberty,1029700039,1997-07-14,NYL @ CLE,W,34,5,10,0.5,0,0,,8,11,0.727,3,5,8,2,1,1,4,2,18,,32.6,0
21997,100101,Teresa Weatherspoon,1611661313,NYL,New York Liberty,1029700039,1997-07-14,NYL @ CLE,W,29,2,5,0.4,0,1,0.0,2,6,0.333,1,3,4,5,4,0,3,4,6,,27.3,0
21997,100102,Kym Hampton,1611661313,NYL,New York Liberty,1029700039,1997-07-14,NYL @ CLE,W,22,2,8,0.25,0,0,,2,4,0.5,1,4,5,2,4,1,1,3,6,,29.0,0
21997,100103,Vickie Johnson,1611661313,NYL,New York Liberty,1029700039,1997-07-14,NYL @ CLE,W,33,5,9,0.556,0,0,,2,2,1.0,1,2,3,3,0,1,1,1,12,,22.1,0
21997,100104,Sue Wicks,1611661313,NYL,New York Liberty,1029700039,1997-07-14,NYL @ CLE,W,10,1,4,0.25,0,0,,0,2,0.0,2,2,4,2,0,1,1,1,2,,11.8,0
21997,100105,Sophia Witherspoon,1611661313,NYL,New York Liberty,1029700039,1997-07-14,NYL @ CLE,W,32,2,6,0.333,1,3,0.333,5,5,1.0,0,4,4,2,1,1,4,3,10,,19.8,0
21997,100106,Trena Trice-Hill,1611661313,NYL,New York Liberty,1029700039,1997-07-14,NYL @ CLE,W,14,4,7,0.571,0,0,,0,0,,1,1,2,0,0,1,1,4,8,,12.4,0
21997,100107,Kisha Ford,1611661313,NYL,New York Liberty,1029700039,1997-07-14,NYL @ CLE,W,10,0,2,0.0,0,0,,2,2,1.0,0,1,1,0,2,0,3,3,2,,6.2,0
21997,100108,Rhonda Blades,1611661313,NYL,New York Liberty,1029700039,1997-07-14,NYL @ CLE,W,11,0,1,0.0,0,1,0.0,2,2,1.0,0,0,0,2,3,0,1,2,2,,13.0,0
21997,100109,Jasmina Perazic-Gipe,1611661313,NYL,New York Liberty,1029700039,1997-07-14,NYL @ CLE,W,5,1,3,0.333,0,1,0.0,0,0,,1,3,4,0,0,0,1,0,2,,5.8,0
21997,100087,Janice Braxton,1611661315,CLE,Cleveland Rockers,1029700039,1997-07-14,CLE vs. NYL,L,38,6,12,0.5,0,0,,6,12,0.5,0,4,4,3,1,1,2,4,18,,31.3,0
21997,100089,Isabelle Fijalkowski,1611661315,CLE,Cleveland Rockers,1029700039,1997-07-14,CLE vs. NYL,L,22,2,6,0.333,0,0,,2,2,1.0,1,4,5,0,0,0,1,6,6,,11.0,0
21997,100090,Lynette Woodard,1611661315,CLE,Cleveland Rockers,1029700039,1997-07-14,CLE vs. NYL,L,31,5,11,0.455,0,0,,0,0,,1,3,4,0,1,0,5,1,10,,12.8,0
21997,100091,Eva Nemcova,1611661315,CLE,Cleveland Rockers,1029700039,1997-07-14,CLE vs. NYL,L,38,5,11,0.455,0,3,0.0,6,8,0.75,1,3,4,1,3,0,4,4,16,,27.3,0
21997,100092,Merlakia Jones,1611661315,CLE,Cleveland Rockers,1029700039,1997-07-14,CLE vs. NYL,L,18,1,7,0.143,0,0,,0,0,,1,2,3,2,0,0,0,1,2,,8.6,0
21997,100093,Tina Nicholson,1611661315,CLE,Cleveland Rockers,1029700039,1997-07-14,CLE vs. NYL,L,29,0,2,0.0,0,0,,2,2,1.0,1,0,1,9,0,0,3,4,2,,13.7,0
21997,100094,Anita Maxwell,1611661315,CLE,Cleveland Rockers,1029700039,1997-07-14,CLE vs. NYL,L,2,0,1,0.0,0,0,,0,0,,0,1,1,0,0,0,1,0,0,,0.2,0
21997,100097,Rushia Brown,1611661315,CLE,Cleveland Rockers,1029700039,1997-07-14,CLE vs. NYL,L,15,1,2,0.5,0,0,,1,2,0.5,1,1,2,0,1,0,1,5,3,,7.4,0
21997,100100,Adrienne Johnson,1611661315,CLE,Cleveland Rockers,1029700039,1997-07-14,CLE vs. NYL,L,3,0,0,,0,0,,0,0,,0,1,1,0,0,0,0,0,0,,1.2,0
21997,100158,Marcie Alberts,1611661315,CLE,Cleveland Rockers,1029700039,1997-07-14,CLE vs. NYL,L,4,0,0,,0,0,,0,0,,0,0,0,0,0,0,2,1,0,,-2.0,0
21997,100073,Cynthia Cooper,1611661316,HOU,Houston Comets,1029700040,1997-07-14,HOU vs. UTA,W,24,4,6,0.667,1,1,1.0,4,4,1.0,0,0,0,3,0,0,2,3,13,,15.5,0
21997,100074,Wanda Guyton,1611661316,HOU,Houston Comets,1029700040,1997-07-14,HOU vs. UTA,W,23,8,11,0.727,0,0,,1,2,0.5,3,3,6,0,1,0,0,4,17,,27.2,0
21997,100075,Janeth Arcain,1611661316,HOU,Houston Comets,1029700040,1997-07-14,HOU vs. UTA,W,28,5,10,0.5,1,2,0.5,6,6,1.0,1,3,4,2,2,0,1,1,17,,29.8,0
21997,100076,Tina Thompson,1611661316,HOU,Houston Comets,1029700040,1997-07-14,HOU vs. UTA,W,29,3,9,0.333,0,1,0.0,1,1,1.0,0,5,5,2,1,1,0,2,7,,22.0,0
21997,100077,Tammy Jackson,1611661316,HOU,Houston Comets,1029700040,1997-07-14,HOU vs. UTA,W,15,3,6,0.5,0,0,,0,2,0.0,0,3,3,0,1,1,0,2,6,,15.6,0
21997,100079,Catarina Pollini,1611661316,HOU,Houston Comets,1029700040,1997-07-14,HOU vs. UTA,W,7,1,4,0.25,0,0,,2,4,0.5,0,1,1,0,1,0,0,0,4,,8.2,0
21997,100083,Kim Perrot,1611661316,HOU,Houston Comets,1029700040,1997-07-14,HOU vs. UTA,W,25,2,6,0.333,0,3,0.0,1,2,0.5,1,1,2,4,7,0,4,2,5,,30.4,0
21997,100084,Fran Harris,1611661316,HOU,Houston Comets,1029700040,1997-07-14,HOU vs. UTA,W,24,4,7,0.571,0,1,0.0,0,0,,2,6,8,2,2,1,2,0,8,,27.6,0
21997,100085,Yolanda Moore,1611661316,HOU,Houston Comets,1029700040,1997-07-14,HOU vs. UTA,W,6,0,5,0.0,0,0,,2,4,0.5,3,2,5,0,0,0,3,0,2,,5.0,0
21997,100086,Tiffany Woosley,1611661316,HOU,Houston Comets,1029700040,1997-07-14,HOU vs. UTA,W,19,0,3,0.0,0,2,0.0,0,0,,1,2,3,3,1,0,0,1,0,,11.1,0
21997,100043,Elena Baranova,1611661319,UTA,Utah Starzz,1029700040,1997-07-14,UTA @ HOU,L,33,4,9,0.444,0,0,,2,2,1.0,3,10,13,0,0,3,1,4,10,,33.6,0
21997,100044,Lady Grooms,1611661319,UTA,Utah Starzz,1029700040,1997-07-14,UTA @ HOU,L,33,5,7,0.714,0,0,,4,4,1.0,1,1,2,1,1,0,6,2,14,,14.9,0
21997,100045,Dena Head,1611661319,UTA,Utah Starzz,1029700040,1997-07-14,UTA @ HOU,L,15,3,7,0.429,1,2,0.5,0,0,,4,1,5,0,0,0,3,0,7,,10.0,0
21997,100046,Wendy Palmer,1611661319,UTA,Utah Starzz,1029700040,1997-07-14,UTA @ HOU,L,28,5,14,0.357,0,0,,1,2,0.5,2,3,5,2,0,0,3,3,11,,17.0,0
21997,100047,Tammi Reiss,1611661319,UTA,Utah Starzz,1029700040,1997-07-14,UTA @ HOU,L,29,1,12,0.083,1,5,0.2,1,2,0.5,2,2,4,4,2,0,3,3,4,,17.8,0
21997,100048,Jessie Hicks,1611661319,UTA,Utah Starzz,1029700040,1997-07-14,UTA @ HOU,L,7,0,0,,0,0,,2,2,1.0,1,0,1,0,0,0,0,2,2,,3.2,0
21997,100049,Raegan Scott,1611661319,UTA,Utah Starzz,1029700040,1997-07-14,UTA @ HOU,L,5,0,3,0.0,0,0,,0,0,,1,0,1,0,1,1,0,3,0,,7.2,0
21997,100050,Kim Williams,1611661319,UTA,Utah Starzz,1029700040,1997-07-14,UTA @ HOU,L,36,3,14,0.214,0,2,0.0,0,0,,3,3,6,5,1,0,5,3,6,,18.7,0
21997,100052,Deborah Carter,1611661319,UTA,Utah Starzz,1029700040,1997-07-14,UTA @ HOU,L,6,1,3,0.333,0,0,,0,0,,1,0,1,0,0,0,0,0,2,,3.2,0
21997,100053,Karen Booker,1611661319,UTA,Utah Starzz,1029700040,1997-07-14,UTA @ HOU,L,8,0,1,0.0,0,0,,0,0,,1,2,3,0,0,0,1,0,0,,2.6,0
21997,100016,Ruthie Bolton,1611661318,SAC,Sacramento Monarchs,1029700041,1997-07-15,SAC vs. LAS,W,8,0,0,,0,0,,0,0,,1,1,2,0,0,0,0,0,0,,2.4,0
21997,100017,Bridgette Gordon,1611661318,SAC,Sacramento Monarchs,1029700041,1997-07-15,SAC vs. LAS,W,40,7,14,0.5,2,4,0.5,6,6,1.0,1,5,6,4,2,1,6,4,22,,38.2,0
21997,100018,Judy Mosley-McAfee,1611661318,SAC,Sacramento Monarchs,1029700041,1997-07-15,SAC vs. LAS,W,8,0,2,0.0,0,0,,2,2,1.0,0,0,0,0,0,0,1,2,2,,1.0,0
21997,100019,Mikiko Hagiwara,1611661318,SAC,Sacramento Monarchs,1029700041,1997-07-15,SAC vs. LAS,W,28,0,6,0.0,0,5,0.0,0,0,,0,2,2,2,1,0,2,0,0,,6.4,0
21997,100020,Pam McGee,1611661318,SAC,Sacramento Monarchs,1029700041,1997-07-15,SAC vs. LAS,W,18,3,7,0.429,0,0,,4,4,1.0,2,0,2,0,1,1,0,5,10,,18.4,0
21997,100021,Denique Graves,1611661318,SAC,Sacramento Monarchs,1029700041,1997-07-15,SAC vs. LAS,W,5,1,1,1.0,0,0,,0,2,0.0,1,0,1,0,0,0,2,1,2,,1.2,0
21997,100022,Chantel Tremitiere,1611661318,SAC,Sacramento Monarchs,1029700041,1997-07-15,SAC vs. LAS,W,40,5,12,0.417,0,3,0.0,0,2,0.0,2,3,5,4,2,1,5,3,10,,26.0,0
21997,100023,Tajama Abraham,1611661318,SAC,Sacramento Monarchs,1029700041,1997-07-15,SAC vs. LAS,W,18,2,4,0.5,0,0,,5,5,1.0,2,4,6,3,0,0,1,2,9,,19.7,0
21997,100024,Corissa Yasen,1611661318,SAC,Sacramento Monarchs,1029700041,1997-07-15,SAC vs. LAS,W,4,1,1,1.0,0,0,,0,0,,0,0,0,1,0,0,0,2,2,,3.5,0
21997,100027,Latasha Byears,1611661318,SAC,Sacramento Monarchs,1029700041,1997-07-15,SAC vs. LAS,W,31,8,10,0.8,0,0,,5,7,0.714,7,3,10,4,1,1,2,5,21,,43.0,0
21997,100003,Lisa Leslie,1611661320,LAS,Los Angeles Sparks,1029700041,1997-07-15,LAS @ SAC,L,33,5,12,0.417,0,1,0.0,7,10,0.7,2,3,5,1,1,1,1,4,17,,29.5,0
21997,100004,Penny Toler,1611661320,LAS,Los Angeles Sparks,1029700041,1997-07-15,LAS @ SAC,L,35,4,11,0.364,1,3,0.333,3,4,0.75,0,4,4,10,2,0,5,1,12,,32.8,0
21997,100005,Daedra Charles,1611661320,LAS,Los Angeles Sparks,1029700041,1997-07-15,LAS @ SAC,L,18,0,1,0.0,0,0,,1,2,0.5,1,2,3,1,1,1,1,3,1,,11.1,0
21997,100006,Haixia Zheng,1611661320,LAS,Los Angeles Sparks,1029700041,1997-07-15,LAS @ SAC,L,9,2,3,0.667,0,0,,5,6,0.833,0,0,0,0,0,0,0,0,9,,9.0,0
21997,100007,Jamila Wideman,1611661320,LAS,Los Angeles Sparks,1029700041,1997-07-15,LAS @ SAC,L,25,1,4,0.25,0,2,0.0,2,2,1.0,0,2,2,7,0,0,1,0,4,,15.9,0
21997,100008,Tamecka Dixon,1611661320,LAS,Los Angeles Sparks,1029700041,1997-07-15,LAS @ SAC,L,17,4,9,0.444,0,2,0.0,0,0,,0,0,0,2,0,0,1,1,8,,10.0,0
21997,100009,Katrina Colleton,1611661320,LAS,Los Angeles Sparks,1029700041,1997-07-15,LAS @ SAC,L,13,3,4,0.75,2,3,0.667,0,2,0.0,0,0,0,0,1,0,0,2,8,,11.0,0
21997,100011,Linda Burgess,1611661320,LAS,Los Angeles Sparks,1029700041,1997-07-15,LAS @ SAC,L,22,3,9,0.333,0,1,0.0,1,3,0.333,4,1,5,0,3,0,1,1,7,,21.0,0
21997,100012,Mwadi Mabika,1611661320,LAS,Los Angeles Sparks,1029700041,1997-07-15,LAS @ SAC,L,11,2,3,0.667,0,0,,0,0,,1,1,2,1,1,0,1,3,4,,9.9,0
21997,100156,Heidi Burge,1611661320,LAS,Los Angeles Sparks,1029700041,1997-07-15,LAS @ SAC,L,17,1,3,0.333,0,1,0.0,1,2,0.5,0,0,0,1,1,2,4,6,3,,9.5,0
21997,100002,Rebecca Lobo,1611661313,NYL,New York Liberty,1029700042,1997-07-15,NYL vs. CLE,W,21,2,14,0.143,0,0,,2,2,1.0,2,6,8,1,1,1,1,1,6,,22.1,0
21997,100101,Teresa Weatherspoon,1611661313,NYL,New York Liberty,1029700042,1997-07-15,NYL vs. CLE,W,22,1,3,0.333,0,0,,2,3,0.667,0,3,3,8,4,0,3,0,4,,28.6,0
21997,100102,Kym Hampton,1611661313,NYL,New York Liberty,1029700042,1997-07-15,NYL vs. CLE,W,19,5,5,1.0,0,0,,3,3,1.0,2,3,5,1,1,1,0,1,13,,26.5,0
21997,100103,Vickie Johnson,1611661313,NYL,New York Liberty,1029700042,1997-07-15,NYL vs. CLE,W,21,5,8,0.625,0,0,,2,2,1.0,1,3,4,2,0,0,0,4,12,,19.8,0
21997,100104,Sue Wicks,1611661313,NYL,New York Liberty,1029700042,1997-07-15,NYL vs. CLE,W,19,2,5,0.4,0,0,,0,0,,1,7,8,1,1,0,3,3,4,,15.1,0
21997,100105,Sophia Witherspoon,1611661313,NYL,New York Liberty,1029700042,1997-07-15,NYL vs. CLE,W,22,5,7,0.714,2,4,0.5,4,6,0.667,1,1,2,3,1,0,2,1,16,,23.9,0
21997,100106,Trena Trice-Hill,1611661313,NYL,New York Liberty,1029700042,1997-07-15,NYL vs. CLE,W,21,3,5,0.6,0,0,,2,3,0.667,1,3,4,0,1,0,5,4,8,,10.8,0
21997,100107,Kisha Ford,1611661313,NYL,New York Liberty,1029700042,1997-07-15,NYL vs. CLE,W,21,3,7,0.429,0,0,,2,2,1.0,0,3,3,3,2,1,3,0,8,,22.1,0
21997,100108,Rhonda Blades,1611661313,NYL,New York Liberty,1029700042,1997-07-15,NYL vs. CLE,W,18,1,4,0.25,1,3,0.333,0,0,,0,0,0,2,0,0,2,3,3,,4.0,0
21997,100109,Jasmina Perazic-Gipe,1611661313,NYL,New York Liberty,1029700042,1997-07-15,NYL vs. CLE,W,16,1,4,0.25,0,0,,0,0,,0,2,2,1,0,0,3,0,2,,2.9,0
21997,100087,Janice Braxton,1611661315,CLE,Cleveland Rockers,1029700042,1997-07-15,CLE @ NYL,L,27,2,7,0.286,0,0,,4,4,1.0,1,4,5,2,0,1,4,2,8,,16.0,0
21997,100089,Isabelle Fijalkowski,1611661315,CLE,Cleveland Rockers,1029700042,1997-07-15,CLE @ NYL,L,33,4,11,0.364,0,1,0.0,2,2,1.0,1,5,6,3,0,3,1,4,10,,29.7,0
21997,100090,Lynette Woodard,1611661315,CLE,Cleveland Rockers,1029700042,1997-07-15,CLE @ NYL,L,29,5,12,0.417,0,0,,2,4,0.5,1,1,2,3,2,0,1,3,12,,23.9,0
21997,100091,Eva Nemcova,1611661315,CLE,Cleveland Rockers,1029700042,1997-07-15,CLE @ NYL,L,32,4,9,0.444,0,1,0.0,3,4,0.75,2,5,7,1,2,0,1,2,11,,25.9,0
21997,100092,Merlakia Jones,1611661315,CLE,Cleveland Rockers,1029700042,1997-07-15,CLE @ NYL,L,23,3,9,0.333,0,0,,0,0,,0,2,2,2,0,0,4,2,6,,7.4,0
21997,100093,Tina Nicholson,1611661315,CLE,Cleveland Rockers,1029700042,1997-07-15,CLE @ NYL,L,29,2,4,0.5,1,3,0.333,0,0,,0,0,0,1,2,0,4,2,5,,8.5,0
21997,100094,Anita Maxwell,1611661315,CLE,Cleveland Rockers,1029700042,1997-07-15,CLE @ NYL,L,11,2,6,0.333,0,0,,1,2,0.5,0,2,2,2,4,0,1,0,5,,21.4,0
21997,100097,Rushia Brown,1611661315,CLE,Cleveland Rockers,1029700042,1997-07-15,CLE @ NYL,L,3,0,0,,0,0,,0,0,,0,0,0,0,0,0,1,0,0,,-1.0,0
21997,100100,Adrienne Johnson,1611661315,CLE,Cleveland Rockers,1029700042,1997-07-15,CLE @ NYL,L,7,1,2,0.5,0,0,,0,0,,0,0,0,0,1,0,1,1,2,,4.0,0
21997,100158,Marcie Alberts,1611661315,CLE,Cleveland Rockers,1029700042,1997-07-15,CLE @ NYL,L,6,0,0,,0,0,,0,0,,0,1,1,1,1,0,0,0,0,,5.7,0
21997,100029,Michele Timms,1611661317,PHO,Phoenix Mercury,1029700043,1997-07-16,PHO vs. SAC,W,38,6,12,0.5,4,8,0.5,1,1,1.0,1,4,5,5,2,0,2,1,17,,34.5,0
21997,100030,Jennifer Gillom,1611661317,PHO,Phoenix Mercury,1029700043,1997-07-16,PHO vs. SAC,W,24,5,14,0.357,1,3,0.333,8,11,0.727,2,2,4,0,0,0,0,2,19,,23.8,0
21997,100031,Bridget Pettis,1611661317,PHO,Phoenix Mercury,1029700043,1997-07-16,PHO vs. SAC,W,29,5,14,0.357,3,6,0.5,5,6,0.833,5,2,7,0,4,0,2,2,18,,36.4,0
21997,100032,Nancy Lieberman,1611661317,PHO,Phoenix Mercury,1029700043,1997-07-16,PHO vs. SAC,W,11,1,3,0.333,0,1,0.0,0,0,,0,1,1,1,0,0,1,0,2,,3.7,0
21997,100033,Toni Foster,1611661317,PHO,Phoenix Mercury,1029700043,1997-07-16,PHO vs. SAC,W,31,3,5,0.6,0,0,,5,7,0.714,1,3,4,2,3,1,0,3,11,,30.8,0
21997,100034,Tia Jackson,1611661317,PHO,Phoenix Mercury,1029700043,1997-07-16,PHO vs. SAC,W,17,1,3,0.333,0,0,,2,2,1.0,5,0,5,1,1,0,3,1,4,,11.5,0
21997,100035,Umeki Webb,1611661317,PHO,Phoenix Mercury,1029700043,1997-07-16,PHO vs. SAC,W,25,2,10,0.2,0,2,0.0,0,0,,2,1,3,3,0,0,0,3,4,,12.1,0
21997,100036,Monique Ambers,1611661317,PHO,Phoenix Mercury,1029700043,1997-07-16,PHO vs. SAC,W,8,1,1,1.0,0,0,,0,2,0.0,1,1,2,1,0,0,1,2,2,,4.9,0
21997,100037,Marlies Askamp,1611661317,PHO,Phoenix Mercury,1029700043,1997-07-16,PHO vs. SAC,W,16,2,7,0.286,0,0,,3,6,0.5,2,2,4,0,2,0,2,2,7,,15.8,0
21997,100057,Molly Tuter,1611661317,PHO,Phoenix Mercury,1029700043,1997-07-16,PHO vs. SAC,W,1,0,1,0.0,0,0,,0,0,,0,0,0,0,0,0,0,0,0,,0.0,0
21997,100017,Bridgette Gordon,1611661318,SAC,Sacramento Monarchs,1029700043,1997-07-16,SAC @ PHO,L,37,7,12,0.583,1,2,0.5,4,4,1.0,0,3,3,3,3,1,3,2,19,,36.1,0
21997,100018,Judy Mosley-McAfee,1611661318,SAC,Sacramento Monarchs,1029700043,1997-07-16,SAC @ PHO,L,15,3,5,0.6,0,0,,0,0,,2,1,3,2,2,0,1,0,6,,17.6,0
21997,100019,Mikiko Hagiwara,1611661318,SAC,Sacramento Monarchs,1029700043,1997-07-16,SAC @ PHO,L,26,2,9,0.222,0,5,0.0,2,2,1.0,1,2,3,1,0,1,2,0,6,,12.1,0
21997,100020,Pam McGee,1611661318,SAC,Sacramento Monarchs,1029700043,1997-07-16,SAC @ PHO,L,21,3,7,0.429,0,0,,0,0,,4,2,6,1,0,1,4,6,6,,13.7,0
21997,100021,Denique Graves,1611661318,SAC,Sacramento Monarchs,1029700043,1997-07-16,SAC @ PHO,L,3,0,1,0.0,0,0,,0,0,,0,2,2,0,0,0,0,2,0,,2.4,0
21997,100022,Chantel Tremitiere,1611661318,SAC,Sacramento Monarchs,1029700043,1997-07-16,SAC @ PHO,L,28,2,3,0.667,0,0,,1,2,0.5,1,4,5,2,0,0,6,6,5,,8.0,0
21997,100023,Tajama Abraham,1611661318,SAC,Sacramento Monarchs,1029700043,1997-07-16,SAC @ PHO,L,16,2,7,0.286,0,0,,2,2,1.0,0,2,2,0,0,0,1,4,6,,7.4,0
21997,100024,Corissa Yasen,1611661318,SAC,Sacramento Monarchs,1029700043,1997-07-16,SAC @ PHO,L,14,1,3,0.333,0,1,0.0,2,2,1.0,0,1,1,0,1,0,1,0,4,,7.2,0
21997,100026,Yvette Angel,1611661318,SAC,Sacramento Monarchs,1029700043,1997-07-16,SAC @ PHO,L,18,2,6,0.333,0,2,0.0,0,1,0.0,1,2,3,3,1,0,1,0,4,,14.1,0
21997,100027,Latasha Byears,1611661318,SAC,Sacramento Monarchs,1029700043,1997-07-16,SAC @ PHO,L,22,5,7,0.714,0,0,,1,2,0.5,4,4,8,1,1,0,3,5,11,,22.1,0
21997,100058,Vicky Bullett,1611661314,CHA,Charlotte Sting,1029700044,1997-07-16,CHA vs. UTA,W,30,6,13,0.462,0,1,0.0,3,4,0.75,1,6,7,2,1,3,0,3,15,,38.4,0
21997,100059,Andrea Stinson,1611661314,CHA,Charlotte Sting,1029700044,1997-07-16,CHA vs. UTA,W,36,8,12,0.667,3,4,0.75,0,0,,2,8,10,5,3,0,3,2,19,,44.5,0
21997,100060,Rhonda Mapp,1611661314,CHA,Charlotte Sting,1029700044,1997-07-16,CHA vs. UTA,W,16,4,8,0.5,0,0,,1,2,0.5,4,1,5,1,0,0,1,1,9,,15.5,0
21997,100062,Tora Suber,1611661314,CHA,Charlotte Sting,1029700044,1997-07-16,CHA vs. UTA,W,4,0,1,0.0,0,1,0.0,0,0,,0,0,0,0,0,0,2,0,0,,-2.0,0
21997,100063,Sharon Manning,1611661314,CHA,Charlotte Sting,1029700044,1997-07-16,CHA vs. UTA,W,24,2,5,0.4,0,0,,7,10,0.7,2,3,5,1,0,0,1,3,11,,17.5,0
21997,100064,Debra Williams,1611661314,CHA,Charlotte Sting,1029700044,1997-07-16,CHA vs. UTA,W,7,0,0,,0,0,,0,0,,0,1,1,1,0,0,0,0,0,,2.7,0
21997,100065,Andrea Congreaves,1611661314,CHA,Charlotte Sting,1029700044,1997-07-16,CHA vs. UTA,W,10,1,2,0.5,0,0,,1,2,0.5,1,2,3,0,0,0,1,0,3,,5.6,0
21997,100067,Katasha Artis,1611661314,CHA,Charlotte Sting,1029700044,1997-07-16,CHA vs. UTA,W,4,0,1,0.0,0,0,,1,2,0.5,0,0,0,0,0,0,1,0,1,,0.0,0
21997,100155,Nicole Levesque,1611661314,CHA,Charlotte Sting,1029700044,1997-07-16,CHA vs. UTA,W,36,2,7,0.286,1,4,0.25,3,3,1.0,1,0,1,4,0,0,3,3,8,,12.2,0
21997,100374,Penny Moore,1611661314,CHA,Charlotte Sting,1029700044,1997-07-16,CHA vs. UTA,W,33,3,7,0.429,1,2,0.5,2,6,0.333,1,3,4,6,1,0,3,1,9,,22.8,0
21997,100043,Elena Baranova,1611661319,UTA,Utah Starzz,1029700044,1997-07-16,UTA @ CHA,L,22,2,7,0.286,1,2,0.5,2,2,1.0,1,3,4,0,2,1,2,0,7,,18.8,0
21997,100044,Lady Grooms,1611661319,UTA,Utah Starzz,1029700044,1997-07-16,UTA @ CHA,L,31,1,6,0.167,0,0,,0,0,,2,1,3,2,2,0,4,3,2,,10.6,0
21997,100045,Dena Head,1611661319,UTA,Utah Starzz,1029700044,1997-07-16,UTA @ CHA,L,24,2,5,0.4,1,1,1.0,0,0,,0,2,2,2,1,1,2,2,5,,14.4,0
21997,100046,Wendy Palmer,1611661319,UTA,Utah Starzz,1029700044,1997-07-16,UTA @ CHA,L,33,6,15,0.4,1,2,0.5,4,6,0.667,3,3,6,1,2,1,2,4,17,,32.7,0
21997,100047,Tammi Reiss,1611661319,UTA,Utah Starzz,1029700044,1997-07-16,UTA @ CHA,L,26,1,5,0.2,0,2,0.0,2,2,1.0,1,6,7,5,1,0,1,3,4,,21.9,0
21997,100048,Jessie Hicks,1611661319,UTA,Utah Starzz,1029700044,1997-07-16,UTA @ CHA,L,19,4,5,0.8,0,0,,1,2,0.5,1,0,1,0,0,1,1,5,9,,12.2,0
21997,100049,Raegan Scott,1611661319,UTA,Utah Starzz,1029700044,1997-07-16,UTA @ CHA,L,2,0,0,,0,0,,0,0,,0,0,0,0,0,0,0,0,0,,0.0,0
21997,100050,Kim Williams,1611661319,UTA,Utah Starzz,1029700044,1997-07-16,UTA @ CHA,L,33,6,18,0.333,2,4,0.5,3,4,0.75,0,0,0,5,2,1,2,5,17,,31.5,0
21997,100052,Deborah Carter,1611661319,UTA,Utah Starzz,1029700044,1997-07-16,UTA @ CHA,L,5,1,1,1.0,0,0,,0,0,,2,1,3,0,0,0,1,2,2,,4.6,0
21997,100053,Karen Booker,1611661319,UTA,Utah Starzz,1029700044,1997-07-16,UTA @ CHA,L,5,0,1,0.0,0,0,,0,0,,1,0,1,1,0,0,1,1,0,,1.7,0
21997,100073,Cynthia Cooper,1611661316,HOU,Houston Comets,1029700045,1997-07-16,HOU @ LAS,L,35,4,11,0.364,1,5,0.2,8,8,1.0,3,2,5,3,3,1,5,4,17,,34.5,0
21997,100074,Wanda Guyton,1611661316,HOU,Houston Comets,1029700045,1997-07-16,HOU @ LAS,L,25,1,6,0.167,0,0,,0,0,,3,1,4,0,1,0,0,3,2,,9.8,0
21997,100075,Janeth Arcain,1611661316,HOU,Houston Comets,1029700045,1997-07-16,HOU @ LAS,L,27,1,7,0.143,0,2,0.0,2,4,0.5,0,8,8,3,2,0,3,1,4,,21.1,0
21997,100076,Tina Thompson,1611661316,HOU,Houston Comets,1029700045,1997-07-16,HOU @ LAS,L,35,6,15,0.4,0,4,0.0,5,6,0.833,2,4,6,0,2,1,2,4,17,,31.2,0
21997,100077,Tammy Jackson,1611661316,HOU,Houston Comets,1029700045,1997-07-16,HOU @ LAS,L,6,0,4,0.0,0,0,,0,0,,0,0,0,0,1,0,1,2,0,,2.0,0
21997,100079,Catarina Pollini,1611661316,HOU,Houston Comets,1029700045,1997-07-16,HOU @ LAS,L,14,1,1,1.0,0,0,,0,0,,0,3,3,1,1,0,2,5,2,,8.1,0
21997,100083,Kim Perrot,1611661316,HOU,Houston Comets,1029700045,1997-07-16,HOU @ LAS,L,21,3,6,0.5,0,3,0.0,0,0,,1,0,1,2,0,0,6,3,6,,4.2,0
21997,100084,Fran Harris,1611661316,HOU,Houston Comets,1029700045,1997-07-16,HOU @ LAS,L,19,2,6,0.333,0,2,0.0,0,0,,0,1,1,2,0,0,1,1,4,,7.2,0
21997,100085,Yolanda Moore,1611661316,HOU,Houston Comets,1029700045,1997-07-16,HOU @ LAS,L,4,0,1,0.0,0,0,,0,0,,0,0,0,0,0,0,0,1,0,,0.0,0
21997,100086,Tiffany Woosley,1611661316,HOU,Houston Comets,1029700045,1997-07-16,HOU @ LAS,L,14,0,4,0.0,0,3,0.0,0,0,,0,1,1,1,0,0,2,0,0,,0.7,0
21997,100003,Lisa Leslie,1611661320,LAS,Los Angeles Sparks,1029700045,1997-07-16,LAS vs. HOU,W,29,5,14,0.357,0,1,0.0,0,2,0.0,4,6,10,5,3,3,6,4,10,,41.5,0
21997,100004,Penny Toler,1611661320,LAS,Los Angeles Sparks,1029700045,1997-07-16,LAS vs. HOU,W,27,6,11,0.545,0,0,,2,3,0.667,0,3,3,4,3,0,4,1,14,,28.6,0
21997,100005,Daedra Charles,1611661320,LAS,Los Angeles Sparks,1029700045,1997-07-16,LAS vs. HOU,W,10,2,4,0.5,0,0,,2,3,0.667,1,2,3,0,0,1,2,0,6,,10.6,0
21997,100006,Haixia Zheng,1611661320,LAS,Los Angeles Sparks,1029700045,1997-07-16,LAS vs. HOU,W,20,7,11,0.636,0,0,,1,3,0.333,2,3,5,1,0,0,0,2,15,,22.5,0
21997,100007,Jamila Wideman,1611661320,LAS,Los Angeles Sparks,1029700045,1997-07-16,LAS vs. HOU,W,18,0,3,0.0,0,1,0.0,0,0,,0,2,2,4,0,0,0,2,0,,8.4,0
21997,100008,Tamecka Dixon,1611661320,LAS,Los Angeles Sparks,1029700045,1997-07-16,LAS vs. HOU,W,22,3,11,0.273,1,2,0.5,2,2,1.0,2,4,6,3,3,1,1,0,9,,31.7,0
21997,100009,Katrina Colleton,1611661320,LAS,Los Angeles Sparks,1029700045,1997-07-16,LAS vs. HOU,W,22,3,8,0.375,0,1,0.0,2,2,1.0,2,1,3,2,1,0,1,2,8,,16.6,0
21997,100011,Linda Burgess,1611661320,LAS,Los Angeles Sparks,1029700045,1997-07-16,LAS vs. HOU,W,15,1,2,0.5,0,0,,2,2,1.0,1,2,3,1,0,1,2,4,4,,10.1,0
21997,100012,Mwadi Mabika,1611661320,LAS,Los Angeles Sparks,1029700045,1997-07-16,LAS vs. HOU,W,18,1,5,0.2,1,1,1.0,2,6,0.333,4,5,9,1,1,1,2,2,5,,21.3,0
21997,100156,Heidi Burge,1611661320,LAS,Los Angeles Sparks,1029700045,1997-07-16,LAS vs. HOU,W,19,2,4,0.5,0,0,,2,4,0.5,3,3,6,2,1,1,1,0,6,,21.2,0
21997,100058,Vicky Bullett,1611661314,CHA,Charlotte Sting,1029700046,1997-07-17,CHA @ CLE,L,35,10,15,0.667,1,1,1.0,3,4,0.75,2,3,5,3,2,2,4,2,24,,42.5,0
21997,100059,Andrea Stinson,1611661314,CHA,Charlotte Sting,1029700046,1997-07-17,CHA @ CLE,L,34,2,10,0.2,0,2,0.0,3,4,0.75,1,3,4,4,2,0,0,3,7,,23.8,0
21997,100060,Rhonda Mapp,1611661314,CHA,Charlotte Sting,1029700046,1997-07-17,CHA @ CLE,L,15,1,7,0.143,0,0,,3,4,0.75,1,0,1,0,0,0,5,5,5,,1.2,0
21997,100062,Tora Suber,1611661314,CHA,Charlotte Sting,1029700046,1997-07-17,CHA @ CLE,L,8,1,2,0.5,1,1,1.0,1,2,0.5,0,1,1,1,0,1,0,0,4,,9.7,0
21997,100063,Sharon Manning,1611661314,CHA,Charlotte Sting,1029700046,1997-07-17,CHA @ CLE,L,25,2,8,0.25,0,0,,1,2,0.5,3,1,4,0,0,0,3,1,5,,6.8,0
21997,100064,Debra Williams,1611661314,CHA,Charlotte Sting,1029700046,1997-07-17,CHA @ CLE,L,8,0,3,0.0,0,2,0.0,0,0,,0,1,1,0,0,0,1,2,0,,0.2,0
21997,100065,Andrea Congreaves,1611661314,CHA,Charlotte Sting,1029700046,1997-07-17,CHA @ CLE,L,21,0,4,0.0,0,2,0.0,0,0,,2,2,4,1,1,0,2,2,0,,7.3,0
21997,100067,Katasha Artis,1611661314,CHA,Charlotte Sting,1029700046,1997-07-17,CHA @ CLE,L,17,0,1,0.0,0,0,,2,2,1.0,0,4,4,2,1,1,1,0,2,,14.8,0
21997,100155,Nicole Levesque,1611661314,CHA,Charlotte Sting,1029700046,1997-07-17,CHA @ CLE,L,32,0,1,0.0,0,0,,0,0,,0,2,2,1,0,0,2,1,0,,1.9,0
21997,100374,Penny Moore,1611661314,CHA,Charlotte Sting,1029700046,1997-07-17,CHA @ CLE,L,5,0,1,0.0,0,0,,0,0,,0,0,0,1,0,0,0,0,0,,1.5,0
21997,100087,Janice Braxton,1611661315,CLE,Cleveland Rockers,1029700046,1997-07-17,CLE vs. CHA,W,26,4,7,0.571,0,0,,1,1,1.0,0,6,6,1,3,1,1,2,9,,28.7,0
21997,100088,Michelle Edwards,1611661315,CLE,Cleveland Rockers,1029700046,1997-07-17,CLE vs. CHA,W,14,3,4,0.75,0,0,,0,0,,0,1,1,2,2,0,1,0,6,,15.2,0
21997,100089,Isabelle Fijalkowski,1611661315,CLE,Cleveland Rockers,1029700046,1997-07-17,CLE vs. CHA,W,36,3,9,0.333,0,0,,2,2,1.0,4,7,11,6,0,1,2,5,8,,31.2,0
21997,100090,Lynette Woodard,1611661315,CLE,Cleveland Rockers,1029700046,1997-07-17,CLE vs. CHA,W,30,4,11,0.364,0,1,0.0,6,7,0.857,3,3,6,3,2,1,2,2,14,,32.7,0
21997,100091,Eva Nemcova,1611661315,CLE,Cleveland Rockers,1029700046,1997-07-17,CLE vs. CHA,W,35,6,11,0.545,1,4,0.25,1,2,0.5,0,4,4,2,1,1,4,1,14,,23.8,0
21997,100092,Merlakia Jones,1611661315,CLE,Cleveland Rockers,1029700046,1997-07-17,CLE vs. CHA,W,21,2,13,0.154,0,0,,0,0,,3,2,5,1,2,0,3,4,4,,14.5,0
21997,100093,Tina Nicholson,1611661315,CLE,Cleveland Rockers,1029700046,1997-07-17,CLE vs. CHA,W,9,0,1,0.0,0,0,,0,0,,0,0,0,2,1,0,1,0,0,,5.0,0
21997,100094,Anita Maxwell,1611661315,CLE,Cleveland Rockers,1029700046,1997-07-17,CLE vs. CHA,W,1,1,1,1.0,0,0,,0,0,,0,1,1,0,0,0,0,0,2,,3.2,0
21997,100097,Rushia Brown,1611661315,CLE,Cleveland Rockers,1029700046,1997-07-17,CLE vs. CHA,W,17,2,5,0.4,0,0,,2,2,1.0,4,0,4,1,1,0,0,3,6,,15.3,0
21997,100100,Adrienne Johnson,1611661315,CLE,Cleveland Rockers,1029700046,1997-07-17,CLE vs. CHA,W,11,1,2,0.5,0,0,,0,0,,0,0,0,0,0,0,0,0,2,,2.0,0
21997,100002,Rebecca Lobo,1611661313,NYL,New York Liberty,1029700047,1997-07-17,NYL vs. UTA,W,29,7,15,0.467,0,1,0.0,3,6,0.5,4,4,8,1,2,3,2,2,17,,41.1,0
21997,100101,Teresa Weatherspoon,1611661313,NYL,New York Liberty,1029700047,1997-07-17,NYL vs. UTA,W,30,0,2,0.0,0,1,0.0,0,2,0.0,0,3,3,7,5,0,2,1,0,,27.1,0
21997,100102,Kym Hampton,1611661313,NYL,New York Liberty,1029700047,1997-07-17,NYL vs. UTA,W,21,6,9,0.667,0,0,,1,4,0.25,4,5,9,0,0,1,2,2,13,,24.8,0
21997,100103,Vickie Johnson,1611661313,NYL,New York Liberty,1029700047,1997-07-17,NYL vs. UTA,W,26,6,11,0.545,0,1,0.0,1,2,0.5,2,0,2,3,1,0,0,1,13,,22.9,0
21997,100104,Sue Wicks,1611661313,NYL,New York Liberty,1029700047,1997-07-17,NYL vs. UTA,W,11,1,3,0.333,0,0,,2,4,0.5,1,3,4,2,1,1,3,1,4,,14.8,0
21997,100105,Sophia Witherspoon,1611661313,NYL,New York Liberty,1029700047,1997-07-17,NYL vs. UTA,W,31,4,15,0.267,1,7,0.143,4,4,1.0,1,0,1,3,0,0,2,1,13,,16.7,0
21997,100106,Trena Trice-Hill,1611661313,NYL,New York Liberty,1029700047,1997-07-17,NYL vs. UTA,W,19,2,4,0.5,0,0,,0,2,0.0,1,1,2,0,0,0,0,3,4,,6.4,0
21997,100107,Kisha Ford,1611661313,NYL,New York Liberty,1029700047,1997-07-17,NYL vs. UTA,W,19,4,7,0.571,0,0,,3,3,1.0,3,0,3,2,1,0,1,3,11,,19.6,0
21997,100108,Rhonda Blades,1611661313,NYL,New York Liberty,1029700047,1997-07-17,NYL vs. UTA,W,10,2,4,0.5,1,3,0.333,0,0,,0,1,1,2,1,0,3,1,5,,9.2,0
21997,100109,Jasmina Perazic-Gipe,1611661313,NYL,New York Liberty,1029700047,1997-07-17,NYL vs. UTA,W,4,0,0,,0,0,,0,0,,0,1,1,1,1,0,0,0,0,,5.7,0
21997,100043,Elena Baranova,1611661319,UTA,Utah Starzz,1029700047,1997-07-17,UTA @ NYL,L,29,2,7,0.286,0,1,0.0,4,4,1.0,0,5,5,1,1,1,4,2,8,,17.5,0
21997,100044,Lady Grooms,1611661319,UTA,Utah Starzz,1029700047,1997-07-17,UTA @ NYL,L,31,5,9,0.556,1,2,0.5,1,3,0.333,4,2,6,1,1,1,6,2,12,,20.7,0
21997,100045,Dena Head,1611661319,UTA,Utah Starzz,1029700047,1997-07-17,UTA @ NYL,L,14,1,2,0.5,1,2,0.5,0,0,,0,0,0,0,0,0,3,3,3,,0.0,0
21997,100046,Wendy Palmer,1611661319,UTA,Utah Starzz,1029700047,1997-07-17,UTA @ NYL,L,35,5,13,0.385,0,2,0.0,2,2,1.0,1,4,5,2,1,1,3,4,12,,24.0,0
21997,100047,Tammi Reiss,1611661319,UTA,Utah Starzz,1029700047,1997-07-17,UTA @ NYL,L,21,0,2,0.0,0,2,0.0,0,0,,1,2,3,1,0,0,3,3,0,,2.1,0
21997,100048,Jessie Hicks,1611661319,UTA,Utah Starzz,1029700047,1997-07-17,UTA @ NYL,L,12,3,3,1.0,0,0,,1,2,0.5,0,0,0,1,0,1,1,3,7,,10.5,0
21997,100049,Raegan Scott,1611661319,UTA,Utah Starzz,1029700047,1997-07-17,UTA @ NYL,L,6,1,2,0.5,0,0,,0,0,,0,0,0,0,0,0,0,0,2,,2.0,0
21997,100050,Kim Williams,1611661319,UTA,Utah Starzz,1029700047,1997-07-17,UTA @ NYL,L,31,4,9,0.444,0,0,,0,0,,2,3,5,5,3,1,5,4,8,,28.5,0
21997,100052,Deborah Carter,1611661319,UTA,Utah Starzz,1029700047,1997-07-17,UTA @ NYL,L,9,1,3,0.333,0,1,0.0,0,0,,1,1,2,0,0,0,0,2,2,,4.4,0
21997,100053,Karen Booker,1611661319,UTA,Utah Starzz,1029700047,1997-07-17,UTA @ NYL,L,12,0,3,0.0,0,0,,0,0,,2,3,5,2,2,0,6,2,0,,9.0,0
21997,100073,Cynthia Cooper,1611661316,HOU,Houston Comets,1029700048,1997-07-18,HOU @ SAC,W,35,9,21,0.429,6,6,1.0,6,7,0.857,2,3,5,3,3,0,3,1,30,,46.5,0
21997,100074,Wanda Guyton,1611661316,HOU,Houston Comets,1029700048,1997-07-18,HOU @ SAC,W,31,0,2,0.0,0,0,,6,10,0.6,7,1,8,0,0,0,2,3,6,,13.6,0
21997,100075,Janeth Arcain,1611661316,HOU,Houston Comets,1029700048,1997-07-18,HOU @ SAC,W,21,6,12,0.5,0,2,0.0,3,3,1.0,0,1,1,1,1,0,4,3,15,,16.7,0
21997,100076,Tina Thompson,1611661316,HOU,Houston Comets,1029700048,1997-07-18,HOU @ SAC,W,28,7,8,0.875,3,3,1.0,1,1,1.0,0,1,1,1,0,1,1,4,18,,22.7,0
21997,100077,Tammy Jackson,1611661316,HOU,Houston Comets,1029700048,1997-07-18,HOU @ SAC,W,17,1,5,0.2,0,1,0.0,1,2,0.5,6,6,12,0,0,0,3,6,3,,14.4,0
21997,100079,Catarina Pollini,1611661316,HOU,Houston Comets,1029700048,1997-07-18,HOU @ SAC,W,4,0,0,,0,0,,1,4,0.25,0,0,0,0,1,0,0,0,1,,4.0,0
21997,100083,Kim Perrot,1611661316,HOU,Houston Comets,1029700048,1997-07-18,HOU @ SAC,W,22,1,5,0.2,0,2,0.0,0,0,,0,2,2,4,4,0,0,4,2,,22.4,0
21997,100084,Fran Harris,1611661316,HOU,Houston Comets,1029700048,1997-07-18,HOU @ SAC,W,20,2,6,0.333,0,0,,3,3,1.0,0,3,3,3,0,0,0,1,7,,15.1,0
21997,100085,Yolanda Moore,1611661316,HOU,Houston Comets,1029700048,1997-07-18,HOU @ SAC,W,4,0,0,,0,0,,0,0,,0,0,0,0,0,0,1,1,0,,-1.0,0
21997,100086,Tiffany Woosley,1611661316,HOU,Houston Comets,1029700048,1997-07-18,HOU @ SAC,W,18,0,3,0.0,0,0,,0,0,,1,3,4,1,0,0,0,3,0,,6.3,0
21997,100017,Bridgette Gordon,1611661318,SAC,Sacramento Monarchs,1029700048,1997-07-18,SAC vs. HOU,L,40,6,11,0.545,0,2,0.0,6,8,0.75,1,5,6,2,2,0,4,3,18,,30.2,0
21997,100018,Judy Mosley-McAfee,1611661318,SAC,Sacramento Monarchs,1029700048,1997-07-18,SAC vs. HOU,L,15,0,0,,0,0,,0,0,,1,2,3,0,0,0,2,3,0,,1.6,0
21997,100020,Pam McGee,1611661318,SAC,Sacramento Monarchs,1029700048,1997-07-18,SAC vs. HOU,L,25,4,7,0.571,0,0,,3,4,0.75,0,2,2,1,0,0,1,2,11,,13.9,0
21997,100021,Denique Graves,1611661318,SAC,Sacramento Monarchs,1029700048,1997-07-18,SAC vs. HOU,L,3,0,2,0.0,0,0,,2,2,1.0,0,0,0,0,0,0,1,0,2,,1.0,0
21997,100022,Chantel Tremitiere,1611661318,SAC,Sacramento Monarchs,1029700048,1997-07-18,SAC vs. HOU,L,33,3,5,0.6,0,1,0.0,2,2,1.0,0,1,1,1,1,0,5,4,8,,8.7,0
21997,100023,Tajama Abraham,1611661318,SAC,Sacramento Monarchs,1029700048,1997-07-18,SAC vs. HOU,L,10,1,1,1.0,0,0,,5,6,0.833,0,0,0,0,0,0,0,2,7,,7.0,0
21997,100026,Yvette Angel,1611661318,SAC,Sacramento Monarchs,1029700048,1997-07-18,SAC vs. HOU,L,29,2,4,0.5,0,2,0.0,0,2,0.0,0,1,1,3,2,0,2,2,4,,13.7,0
21997,100027,Latasha Byears,1611661318,SAC,Sacramento Monarchs,1029700048,1997-07-18,SAC vs. HOU,L,24,1,3,0.333,0,0,,4,6,0.667,2,3,5,0,0,0,2,4,6,,10.0,0
21997,100161,Laure Savasta,1611661318,SAC,Sacramento Monarchs,1029700048,1997-07-18,SAC vs. HOU,L,21,1,10,0.1,0,4,0.0,2,2,1.0,1,0,1,1,1,0,1,2,4,,8.7,0
21997,100002,Rebecca Lobo,1611661313,NYL,New York Liberty,1029700049,1997-07-19,NYL vs. LAS,W,36,4,11,0.364,0,1,0.0,3,4,0.75,2,4,6,5,1,2,3,1,11,,31.7,0
21997,100101,Teresa Weatherspoon,1611661313,NYL,New York Liberty,1029700049,1997-07-19,NYL vs. LAS,W,31,3,8,0.375,0,0,,0,0,,1,3,4,3,5,0,1,4,6,,29.3,0
21997,100102,Kym Hampton,1611661313,NYL,New York Liberty,1029700049,1997-07-19,NYL vs. LAS,W,28,3,7,0.429,0,0,,5,8,0.625,2,7,9,3,2,1,3,2,11,,32.3,0
21997,100103,Vickie Johnson,1611661313,NYL,New York Liberty,1029700049,1997-07-19,NYL vs. LAS,W,27,2,7,0.286,0,0,,0,1,0.0,2,2,4,1,0,0,3,0,4,,7.3,0
21997,100104,Sue Wicks,1611661313,NYL,New York Liberty,1029700049,1997-07-19,NYL vs. LAS,W,5,0,1,0.0,0,0,,0,0,,1,2,3,1,0,0,0,0,0,,5.1,0
21997,100105,Sophia Witherspoon,1611661313,NYL,New York Liberty,1029700049,1997-07-19,NYL vs. LAS,W,32,7,12,0.583,3,4,0.75,7,8,0.875,0,2,2,1,2,0,6,4,24,,27.9,0
21997,100106,Trena Trice-Hill,1611661313,NYL,New York Liberty,1029700049,1997-07-19,NYL vs. LAS,W,11,3,4,0.75,0,0,,0,0,,3,1,4,0,0,0,3,3,6,,7.8,0
21997,100107,Kisha Ford,1611661313,NYL,New York Liberty,1029700049,1997-07-19,NYL vs. LAS,W,20,0,4,0.0,0,1,0.0,2,2,1.0,2,1,3,0,2,0,1,1,2,,10.6,0
21997,100108,Rhonda Blades,1611661313,NYL,New York Liberty,1029700049,1997-07-19,NYL vs. LAS,W,10,2,4,0.5,1,2,0.5,0,0,,0,1,1,1,1,0,1,1,5,,9.7,0
21997,100003,Lisa Leslie,1611661320,LAS,Los Angeles Sparks,1029700049,1997-07-19,LAS @ NYL,L,36,6,15,0.4,0,2,0.0,0,2,0.0,1,6,7,2,1,1,4,3,12,,25.4,0
21997,100004,Penny Toler,1611661320,LAS,Los Angeles Sparks,1029700049,1997-07-19,LAS @ NYL,L,29,5,9,0.556,2,2,1.0,2,3,0.667,0,2,2,2,1,0,5,2,14,,17.4,0
21997,100005,Daedra Charles,1611661320,LAS,Los Angeles Sparks,1029700049,1997-07-19,LAS @ NYL,L,4,0,0,,0,0,,0,0,,0,1,1,2,0,0,0,0,0,,4.2,0
21997,100006,Haixia Zheng,1611661320,LAS,Los Angeles Sparks,1029700049,1997-07-19,LAS @ NYL,L,11,1,7,0.143,0,0,,0,0,,1,1,2,0,0,0,0,1,2,,4.4,0
21997,100007,Jamila Wideman,1611661320,LAS,Los Angeles Sparks,1029700049,1997-07-19,LAS @ NYL,L,26,0,4,0.0,0,0,,0,0,,0,1,1,4,2,0,2,2,0,,11.2,0
21997,100008,Tamecka Dixon,1611661320,LAS,Los Angeles Sparks,1029700049,1997-07-19,LAS @ NYL,L,17,5,8,0.625,0,0,,0,0,,1,1,2,0,1,0,3,2,10,,12.4,0
21997,100009,Katrina Colleton,1611661320,LAS,Los Angeles Sparks,1029700049,1997-07-19,LAS @ NYL,L,25,3,8,0.375,0,2,0.0,0,0,,0,2,2,2,1,0,2,4,6,,12.4,0
21997,100011,Linda Burgess,1611661320,LAS,Los Angeles Sparks,1029700049,1997-07-19,LAS @ NYL,L,22,3,6,0.5,0,0,,0,0,,3,3,6,0,0,0,1,2,6,,12.2,0
21997,100012,Mwadi Mabika,1611661320,LAS,Los Angeles Sparks,1029700049,1997-07-19,LAS @ NYL,L,12,1,5,0.2,0,3,0.0,0,0,,0,0,0,1,0,0,1,2,2,,2.5,0
21997,100156,Heidi Burge,1611661320,LAS,Los Angeles Sparks,1029700049,1997-07-19,LAS @ NYL,L,18,1,2,0.5,0,0,,3,4,0.75,3,1,4,1,1,0,4,3,5,,10.3,0
21997,100087,Janice Braxton,1611661315,CLE,Cleveland Rockers,1029700050,1997-07-19,CLE vs. UTA,W,30,5,13,0.385,0,0,,9,10,0.9,3,6,9,2,1,4,1,1,19,,46.8,0
21997,100088,Michelle Edwards,1611661315,CLE,Cleveland Rockers,1029700050,1997-07-19,CLE vs. UTA,W,9,1,3,0.333,0,1,0.0,2,4,0.5,0,0,0,2,0,0,1,0,4,,6.0,0
21997,100089,Isabelle Fijalkowski,1611661315,CLE,Cleveland Rockers,1029700050,1997-07-19,CLE vs. UTA,W,26,5,8,0.625,0,0,,3,4,0.75,2,3,5,5,1,0,3,3,13,,26.5,0
21997,100090,Lynette Woodard,1611661315,CLE,Cleveland Rockers,1029700050,1997-07-19,CLE vs. UTA,W,28,6,10,0.6,0,0,,1,1,1.0,2,9,11,6,1,0,1,1,13,,37.2,0
21997,100091,Eva Nemcova,1611661315,CLE,Cleveland Rockers,1029700050,1997-07-19,CLE vs. UTA,W,30,7,11,0.636,1,4,0.25,0,1,0.0,0,2,2,2,1,0,1,1,15,,22.4,0
21997,100092,Merlakia Jones,1611661315,CLE,Cleveland Rockers,1029700050,1997-07-19,CLE vs. UTA,W,12,3,3,1.0,0,0,,3,4,0.75,2,0,2,0,0,0,3,2,9,,8.4,0
21997,100093,Tina Nicholson,1611661315,CLE,Cleveland Rockers,1029700050,1997-07-19,CLE vs. UTA,W,27,2,4,0.5,1,3,0.333,0,0,,0,1,1,6,0,0,2,1,5,,13.2,0
21997,100094,Anita Maxwell,1611661315,CLE,Cleveland Rockers,1029700050,1997-07-19,CLE vs. UTA,W,9,0,3,0.0,0,0,,0,2,0.0,0,1,1,1,0,0,0,2,0,,2.7,0
21997,100097,Rushia Brown,1611661315,CLE,Cleveland Rockers,1029700050,1997-07-19,CLE vs. UTA,W,20,2,3,0.667,0,0,,2,2,1.0,3,3,6,2,5,0,0,1,6,,31.2,0
21997,100100,Adrienne Johnson,1611661315,CLE,Cleveland Rockers,1029700050,1997-07-19,CLE vs. UTA,W,9,5,5,1.0,1,1,1.0,0,0,,0,0,0,2,0,0,3,0,11,,11.0,0
21997,100043,Elena Baranova,1611661319,UTA,Utah Starzz,1029700050,1997-07-19,UTA @ CLE,L,32,9,14,0.643,5,9,0.556,2,2,1.0,3,4,7,4,3,1,3,4,25,,48.4,0
21997,100044,Lady Grooms,1611661319,UTA,Utah Starzz,1029700050,1997-07-19,UTA @ CLE,L,32,1,7,0.143,0,0,,0,0,,2,3,5,3,0,0,4,0,2,,8.5,0
21997,100045,Dena Head,1611661319,UTA,Utah Starzz,1029700050,1997-07-19,UTA @ CLE,L,9,0,0,,0,0,,1,2,0.5,0,0,0,2,0,0,3,0,1,,1.0,0
21997,100046,Wendy Palmer,1611661319,UTA,Utah Starzz,1029700050,1997-07-19,UTA @ CLE,L,25,3,16,0.188,1,2,0.5,4,4,1.0,3,3,6,0,1,0,0,4,11,,21.2,0
21997,100047,Tammi Reiss,1611661319,UTA,Utah Starzz,1029700050,1997-07-19,UTA @ CLE,L,25,1,4,0.25,0,2,0.0,0,0,,0,0,0,0,0,0,1,1,2,,1.0,0
21997,100048,Jessie Hicks,1611661319,UTA,Utah Starzz,1029700050,1997-07-19,UTA @ CLE,L,15,1,5,0.2,0,1,0.0,0,0,,1,0,1,1,2,0,1,5,2,,9.7,0
21997,100049,Raegan Scott,1611661319,UTA,Utah Starzz,1029700050,1997-07-19,UTA @ CLE,L,8,3,6,0.5,0,0,,0,0,,1,0,1,0,0,0,0,0,6,,7.2,0
21997,100050,Kim Williams,1611661319,UTA,Utah Starzz,1029700050,1997-07-19,UTA @ CLE,L,32,7,12,0.583,0,0,,3,3,1.0,0,0,0,4,1,0,1,4,17,,25.0,0
21997,100052,Deborah Carter,1611661319,UTA,Utah Starzz,1029700050,1997-07-19,UTA @ CLE,L,9,0,1,0.0,0,0,,0,0,,0,1,1,1,1,0,0,2,0,,5.7,0
21997,100053,Karen Booker,1611661319,UTA,Utah Starzz,1029700050,1997-07-19,UTA @ CLE,L,13,0,1,0.0,0,0,,2,2,1.0,1,0,1,0,1,0,1,5,2,,5.2,0
21997,100029,Michele Timms,1611661317,PHO,Phoenix Mercury,1029700051,1997-07-21,PHO @ SAC,W,38,1,9,0.111,0,5,0.0,6,7,0.857,0,2,2,7,2,0,3,4,8,,23.9,0
21997,100030,Jennifer Gillom,1611661317,PHO,Phoenix Mercury,1029700051,1997-07-21,PHO @ SAC,W,34,6,11,0.545,1,3,0.333,6,7,0.857,1,3,4,1,3,2,2,4,19,,38.3,0
21997,100031,Bridget Pettis,1611661317,PHO,Phoenix Mercury,1029700051,1997-07-21,PHO @ SAC,W,35,4,8,0.5,0,1,0.0,5,5,1.0,1,3,4,3,6,2,4,1,13,,42.3,0
21997,100032,Nancy Lieberman,1611661317,PHO,Phoenix Mercury,1029700051,1997-07-21,PHO @ SAC,W,9,0,1,0.0,0,1,0.0,0,0,,0,0,0,0,1,0,0,1,0,,3.0,0
21997,100033,Toni Foster,1611661317,PHO,Phoenix Mercury,1029700051,1997-07-21,PHO @ SAC,W,30,7,12,0.583,0,0,,1,3,0.333,4,7,11,2,3,0,2,3,15,,38.2,0
21997,100034,Tia Jackson,1611661317,PHO,Phoenix Mercury,1029700051,1997-07-21,PHO @ SAC,W,8,0,1,0.0,0,0,,1,2,0.5,1,2,3,1,0,0,1,1,1,,5.1,0
21997,100035,Umeki Webb,1611661317,PHO,Phoenix Mercury,1029700051,1997-07-21,PHO @ SAC,W,31,4,7,0.571,0,2,0.0,1,1,1.0,2,3,5,3,2,0,3,2,9,,22.5,0
21997,100036,Monique Ambers,1611661317,PHO,Phoenix Mercury,1029700051,1997-07-21,PHO @ SAC,W,4,0,0,,0,0,,0,0,,0,0,0,0,0,0,1,1,0,,-1.0,0
21997,100037,Marlies Askamp,1611661317,PHO,Phoenix Mercury,1029700051,1997-07-21,PHO @ SAC,W,11,2,6,0.333,0,0,,1,2,0.5,1,2,3,0,0,0,3,1,5,,5.6,0
21997,100017,Bridgette Gordon,1611661318,SAC,Sacramento Monarchs,1029700051,1997-07-21,SAC vs. PHO,L,38,4,12,0.333,0,3,0.0,2,3,0.667,2,2,4,3,2,0,2,2,10,,23.3,0
21997,100018,Judy Mosley-McAfee,1611661318,SAC,Sacramento Monarchs,1029700051,1997-07-21,SAC vs. PHO,L,4,0,2,0.0,0,0,,0,0,,0,0,0,0,0,0,0,1,0,,0.0,0
21997,100019,Mikiko Hagiwara,1611661318,SAC,Sacramento Monarchs,1029700051,1997-07-21,SAC vs. PHO,L,3,0,1,0.0,0,1,0.0,0,0,,0,0,0,0,0,0,0,0,0,,0.0,0
21997,100021,Denique Graves,1611661318,SAC,Sacramento Monarchs,1029700051,1997-07-21,SAC vs. PHO,L,5,1,2,0.5,0,0,,0,0,,0,0,0,0,0,0,1,3,2,,1.0,0
21997,100022,Chantel Tremitiere,1611661318,SAC,Sacramento Monarchs,1029700051,1997-07-21,SAC vs. PHO,L,37,2,7,0.286,0,4,0.0,1,1,1.0,1,4,5,6,3,0,4,5,5,,25.0,0
21997,100023,Tajama Abraham,1611661318,SAC,Sacramento Monarchs,1029700051,1997-07-21,SAC vs. PHO,L,29,6,11,0.545,0,0,,1,6,0.167,2,3,5,2,1,3,3,5,13,,31.0,0
21997,100026,Yvette Angel,1611661318,SAC,Sacramento Monarchs,1029700051,1997-07-21,SAC vs. PHO,L,18,0,2,0.0,0,1,0.0,0,0,,0,1,1,1,1,1,3,1,0,,5.7,0
21997,100027,Latasha Byears,1611661318,SAC,Sacramento Monarchs,1029700051,1997-07-21,SAC vs. PHO,L,38,9,12,0.75,0,0,,3,4,0.75,6,11,17,0,2,0,4,3,21,,43.4,0
21997,100161,Laure Savasta,1611661318,SAC,Sacramento Monarchs,1029700051,1997-07-21,SAC vs. PHO,L,28,3,9,0.333,0,3,0.0,0,0,,1,2,3,3,0,0,8,3,6,,6.1,0
21997,100058,Vicky Bullett,1611661314,CHA,Charlotte Sting,1029700052,1997-07-21,CHA vs. LAS,W,36,6,11,0.545,2,4,0.5,3,3,1.0,1,5,6,1,2,1,6,4,17,,28.7,0
21997,100059,Andrea Stinson,1611661314,CHA,Charlotte Sting,1029700052,1997-07-21,CHA vs. LAS,W,38,8,16,0.5,3,5,0.6,4,6,0.667,1,2,3,8,3,0,5,3,23,,42.6,0
21997,100060,Rhonda Mapp,1611661314,CHA,Charlotte Sting,1029700052,1997-07-21,CHA vs. LAS,W,29,2,7,0.286,0,0,,5,6,0.833,1,10,11,3,0,0,2,5,9,,24.7,0
21997,100062,Tora Suber,1611661314,CHA,Charlotte Sting,1029700052,1997-07-21,CHA vs. LAS,W,21,1,4,0.25,1,2,0.5,2,2,1.0,0,0,0,4,1,0,2,2,5,,12.0,0
21997,100063,Sharon Manning,1611661314,CHA,Charlotte Sting,1029700052,1997-07-21,CHA vs. LAS,W,11,1,2,0.5,0,0,,0,0,,1,1,2,0,1,0,0,0,2,,7.4,0
21997,100065,Andrea Congreaves,1611661314,CHA,Charlotte Sting,1029700052,1997-07-21,CHA vs. LAS,W,27,2,2,1.0,1,1,1.0,0,0,,2,5,7,0,0,1,0,1,5,,16.4,0
21997,100155,Nicole Levesque,1611661314,CHA,Charlotte Sting,1029700052,1997-07-21,CHA vs. LAS,W,21,1,5,0.2,1,5,0.2,2,2,1.0,0,0,0,3,2,0,5,5,5,,10.5,0
21997,100374,Penny Moore,1611661314,CHA,Charlotte Sting,1029700052,1997-07-21,CHA vs. LAS,W,17,4,7,0.571,0,0,,1,2,0.5,1,1,2,1,1,1,1,0,9,,17.9,0
21997,100003,Lisa Leslie,1611661320,LAS,Los Angeles Sparks,1029700052,1997-07-21,LAS @ CHA,L,31,6,15,0.4,0,1,0.0,6,11,0.545,2,3,5,4,3,1,3,4,18,,39.0,0
21997,100004,Penny Toler,1611661320,LAS,Los Angeles Sparks,1029700052,1997-07-21,LAS @ CHA,L,38,6,17,0.353,0,1,0.0,3,4,0.75,4,4,8,4,3,0,6,1,15,,33.6,0
21997,100005,Daedra Charles,1611661320,LAS,Los Angeles Sparks,1029700052,1997-07-21,LAS @ CHA,L,15,1,1,1.0,0,0,,0,0,,0,1,1,1,0,0,0,2,2,,4.7,0
21997,100006,Haixia Zheng,1611661320,LAS,Los Angeles Sparks,1029700052,1997-07-21,LAS @ CHA,L,9,0,1,0.0,0,0,,0,2,0.0,1,0,1,0,0,0,0,1,0,,1.2,0
21997,100007,Jamila Wideman,1611661320,LAS,Los Angeles Sparks,1029700052,1997-07-21,LAS @ CHA,L,11,0,2,0.0,0,2,0.0,2,2,1.0,1,1,2,2,0,0,1,0,2,,6.4,0
21997,100008,Tamecka Dixon,1611661320,LAS,Los Angeles Sparks,1029700052,1997-07-21,LAS @ CHA,L,26,2,8,0.25,2,5,0.4,2,2,1.0,0,0,0,0,0,0,3,3,8,,5.0,0
21997,100009,Katrina Colleton,1611661320,LAS,Los Angeles Sparks,1029700052,1997-07-21,LAS @ CHA,L,26,2,6,0.333,1,2,0.5,2,2,1.0,2,3,5,1,3,0,1,4,7,,22.5,0
21997,100011,Linda Burgess,1611661320,LAS,Los Angeles Sparks,1029700052,1997-07-21,LAS @ CHA,L,11,0,2,0.0,0,0,,0,0,,1,0,1,0,1,0,3,1,0,,1.2,0
21997,100012,Mwadi Mabika,1611661320,LAS,Los Angeles Sparks,1029700052,1997-07-21,LAS @ CHA,L,16,3,6,0.5,0,2,0.0,0,0,,1,2,3,1,1,0,0,0,6,,14.1,0
21997,100156,Heidi Burge,1611661320,LAS,Los Angeles Sparks,1029700052,1997-07-21,LAS @ CHA,L,17,1,1,1.0,0,0,,4,4,1.0,1,3,4,0,0,0,1,4,6,,9.8,0
21997,100073,Cynthia Cooper,1611661316,HOU,Houston Comets,1029700053,1997-07-22,HOU @ PHO,W,37,8,12,0.667,6,7,0.857,10,10,1.0,0,4,4,6,1,0,4,3,32,,44.8,0
21997,100074,Wanda Guyton,1611661316,HOU,Houston Comets,1029700053,1997-07-22,HOU @ PHO,W,32,2,6,0.333,0,0,,1,1,1.0,1,0,1,0,0,0,4,4,5,,2.2,0
21997,100075,Janeth Arcain,1611661316,HOU,Houston Comets,1029700053,1997-07-22,HOU @ PHO,W,36,4,13,0.308,1,3,0.333,5,5,1.0,1,6,7,0,1,0,3,1,14,,22.4,0
21997,100076,Tina Thompson,1611661316,HOU,Houston Comets,1029700053,1997-07-22,HOU @ PHO,W,29,5,8,0.625,3,5,0.6,2,2,1.0,0,4,4,3,1,0,0,5,15,,27.3,0
21997,100077,Tammy Jackson,1611661316,HOU,Houston Comets,1029700053,1997-07-22,HOU @ PHO,W,19,0,0,,0,0,,0,0,,1,5,6,0,2,2,3,4,0,,16.2,0
21997,100083,Kim Perrot,1611661316,HOU,Houston Comets,1029700053,1997-07-22,HOU @ PHO,W,24,2,3,0.667,1,1,1.0,2,2,1.0,0,2,2,5,2,1,2,0,7,,23.9,0
21997,100084,Fran Harris,1611661316,HOU,Houston Comets,1029700053,1997-07-22,HOU @ PHO,W,12,0,4,0.0,0,0,,1,2,0.5,1,0,1,2,0,0,0,1,1,,5.2,0
21997,100086,Tiffany Woosley,1611661316,HOU,Houston Comets,1029700053,1997-07-22,HOU @ PHO,W,11,1,2,0.5,1,1,1.0,0,0,,0,0,0,1,1,0,3,0,3,,4.5,0
21997,100029,Michele Timms,1611661317,PHO,Phoenix Mercury,1029700053,1997-07-22,PHO vs. HOU,L,37,9,18,0.5,4,8,0.5,2,2,1.0,1,0,1,3,1,0,2,4,24,,30.7,0
21997,100030,Jennifer Gillom,1611661317,PHO,Phoenix Mercury,1029700053,1997-07-22,PHO vs. HOU,L,32,1,5,0.2,0,0,,3,4,0.75,1,3,4,1,0,0,3,4,5,,8.3,0
21997,100031,Bridget Pettis,1611661317,PHO,Phoenix Mercury,1029700053,1997-07-22,PHO vs. HOU,L,30,3,11,0.273,2,4,0.5,3,4,0.75,1,6,7,4,3,0,5,1,11,,29.4,0
21997,100032,Nancy Lieberman,1611661317,PHO,Phoenix Mercury,1029700053,1997-07-22,PHO vs. HOU,L,13,3,6,0.5,0,0,,0,0,,0,1,1,2,2,0,2,3,6,,14.2,0
21997,100033,Toni Foster,1611661317,PHO,Phoenix Mercury,1029700053,1997-07-22,PHO vs. HOU,L,28,1,8,0.125,0,1,0.0,4,4,1.0,4,1,5,1,1,0,0,2,6,,16.5,0
21997,100034,Tia Jackson,1611661317,PHO,Phoenix Mercury,1029700053,1997-07-22,PHO vs. HOU,L,13,1,2,0.5,1,1,1.0,0,0,,0,3,3,1,3,0,1,1,3,,16.1,0
21997,100035,Umeki Webb,1611661317,PHO,Phoenix Mercury,1029700053,1997-07-22,PHO vs. HOU,L,27,3,7,0.429,0,1,0.0,3,4,0.75,1,2,3,3,0,0,3,2,9,,14.1,0
21997,100037,Marlies Askamp,1611661317,PHO,Phoenix Mercury,1029700053,1997-07-22,PHO vs. HOU,L,20,2,3,0.667,0,0,,1,2,0.5,1,2,3,1,2,1,1,3,5,,18.1,0
21997,100002,Rebecca Lobo,1611661313,NYL,New York Liberty,1029700054,1997-07-22,NYL vs. UTA,L,28,6,15,0.4,1,3,0.333,1,2,0.5,1,1,2,2,1,3,2,1,14,,29.4,0
21997,100101,Teresa Weatherspoon,1611661313,NYL,New York Liberty,1029700054,1997-07-22,NYL vs. UTA,L,35,3,9,0.333,0,4,0.0,1,2,0.5,1,5,6,6,1,0,1,3,7,,25.2,0
21997,100102,Kym Hampton,1611661313,NYL,New York Liberty,1029700054,1997-07-22,NYL vs. UTA,L,27,3,4,0.75,0,0,,3,4,0.75,1,6,7,2,0,0,1,6,9,,19.4,0
21997,100103,Vickie Johnson,1611661313,NYL,New York Liberty,1029700054,1997-07-22,NYL vs. UTA,L,33,4,10,0.4,0,1,0.0,0,0,,1,3,4,5,0,0,0,3,8,,20.3,0
21997,100104,Sue Wicks,1611661313,NYL,New York Liberty,1029700054,1997-07-22,NYL vs. UTA,L,14,3,5,0.6,0,0,,2,3,0.667,1,3,4,1,0,0,2,2,8,,12.3,0
21997,100105,Sophia Witherspoon,1611661313,NYL,New York Liberty,1029700054,1997-07-22,NYL vs. UTA,L,31,4,14,0.286,2,5,0.4,6,7,0.857,1,3,4,4,5,1,4,0,16,,40.8,0
21997,100106,Trena Trice-Hill,1611661313,NYL,New York Liberty,1029700054,1997-07-22,NYL vs. UTA,L,11,2,4,0.5,0,1,0.0,2,2,1.0,2,1,3,0,0,1,0,1,6,,12.6,0
21997,100107,Kisha Ford,1611661313,NYL,New York Liberty,1029700054,1997-07-22,NYL vs. UTA,L,16,1,3,0.333,0,0,,1,1,1.0,0,0,0,1,0,0,1,3,3,,3.5,0
21997,100108,Rhonda Blades,1611661313,NYL,New York Liberty,1029700054,1997-07-22,NYL vs. UTA,L,5,0,0,,0,0,,0,0,,0,1,1,0,0,0,0,0,0,,1.2,0
21997,100043,Elena Baranova,1611661319,UTA,Utah Starzz,1029700054,1997-07-22,UTA @ NYL,W,33,8,15,0.533,7,9,0.778,0,0,,0,6,6,2,0,5,2,3,23,,46.2,0
21997,100044,Lady Grooms,1611661319,UTA,Utah Starzz,1029700054,1997-07-22,UTA @ NYL,W,25,3,5,0.6,0,0,,4,6,0.667,1,2,3,2,0,0,2,1,10,,14.6,0
21997,100045,Dena Head,1611661319,UTA,Utah Starzz,1029700054,1997-07-22,UTA @ NYL,W,20,3,3,1.0,0,0,,0,0,,2,4,6,3,2,0,2,0,6,,21.7,0
21997,100046,Wendy Palmer,1611661319,UTA,Utah Starzz,1029700054,1997-07-22,UTA @ NYL,W,33,4,11,0.364,0,0,,8,10,0.8,3,7,10,2,2,0,3,4,16,,34.0,0
21997,100047,Tammi Reiss,1611661319,UTA,Utah Starzz,1029700054,1997-07-22,UTA @ NYL,W,40,4,11,0.364,1,3,0.333,0,0,,0,2,2,4,2,0,1,2,9,,22.4,0
21997,100048,Jessie Hicks,1611661319,UTA,Utah Starzz,1029700054,1997-07-22,UTA @ NYL,W,14,3,6,0.5,0,0,,0,0,,1,2,3,0,0,0,0,3,6,,9.6,0
21997,100050,Kim Williams,1611661319,UTA,Utah Starzz,1029700054,1997-07-22,UTA @ NYL,W,35,1,8,0.125,0,1,0.0,6,6,1.0,3,1,4,4,2,1,1,5,8,,26.8,0
21997,100002,Rebecca Lobo,1611661313,NYL,New York Liberty,1029700055,1997-07-23,NYL @ CHA,W,36,5,9,0.556,2,3,0.667,5,6,0.833,1,3,4,0,1,1,3,2,17,,24.8,0
21997,100101,Teresa Weatherspoon,1611661313,NYL,New York Liberty,1029700055,1997-07-23,NYL @ CHA,W,27,2,2,1.0,0,0,,1,2,0.5,0,2,2,4,1,0,1,1,5,,15.4,0
21997,100102,Kym Hampton,1611661313,NYL,New York Liberty,1029700055,1997-07-23,NYL @ CHA,W,22,1,2,0.5,0,0,,0,0,,0,1,1,1,1,0,2,4,2,,5.7,0
21997,100103,Vickie Johnson,1611661313,NYL,New York Liberty,1029700055,1997-07-23,NYL @ CHA,W,30,2,5,0.4,0,0,,2,2,1.0,1,1,2,6,0,0,3,1,6,,14.4,0
21997,100104,Sue Wicks,1611661313,NYL,New York Liberty,1029700055,1997-07-23,NYL @ CHA,W,8,0,1,0.0,0,0,,0,0,,0,2,2,2,0,0,0,1,0,,5.4,0
21997,100105,Sophia Witherspoon,1611661313,NYL,New York Liberty,1029700055,1997-07-23,NYL @ CHA,W,32,5,12,0.417,1,3,0.333,4,5,0.8,0,3,3,3,1,1,2,2,15,,27.1,0
21997,100106,Trena Trice-Hill,1611661313,NYL,New York Liberty,1029700055,1997-07-23,NYL @ CHA,W,14,1,1,1.0,0,0,,2,2,1.0,0,0,0,0,0,0,1,2,4,,3.0,0
21997,100107,Kisha Ford,1611661313,NYL,New York Liberty,1029700055,1997-07-23,NYL @ CHA,W,15,3,7,0.429,0,0,,0,2,0.0,0,0,0,0,3,1,4,2,6,,14.0,0
21997,100108,Rhonda Blades,1611661313,NYL,New York Liberty,1029700055,1997-07-23,NYL @ CHA,W,13,3,3,1.0,2,2,1.0,0,0,,0,1,1,2,0,0,1,1,8,,11.2,0
21997,100109,Jasmina Perazic-Gipe,1611661313,NYL,New York Liberty,1029700055,1997-07-23,NYL @ CHA,W,3,1,1,1.0,0,0,,0,0,,0,2,2,0,0,0,1,0,2,,3.4,0
21997,100058,Vicky Bullett,1611661314,CHA,Charlotte Sting,1029700055,1997-07-23,CHA vs. NYL,L,35,5,13,0.385,0,1,0.0,2,4,0.5,6,5,11,3,4,1,1,4,12,,43.7,0
21997,100059,Andrea Stinson,1611661314,CHA,Charlotte Sting,1029700055,1997-07-23,CHA vs. NYL,L,35,5,16,0.313,1,4,0.25,2,2,1.0,2,2,4,3,0,0,0,3,13,,22.3,0
21997,100060,Rhonda Mapp,1611661314,CHA,Charlotte Sting,1029700055,1997-07-23,CHA vs. NYL,L,31,6,12,0.5,1,1,1.0,4,4,1.0,3,2,5,3,2,0,5,2,17,,28.5,0
21997,100062,Tora Suber,1611661314,CHA,Charlotte Sting,1029700055,1997-07-23,CHA vs. NYL,L,16,2,6,0.333,1,2,0.5,1,1,1.0,0,4,4,2,0,0,3,0,6,,10.8,0
21997,100063,Sharon Manning,1611661314,CHA,Charlotte Sting,1029700055,1997-07-23,CHA vs. NYL,L,12,3,3,1.0,0,0,,0,0,,3,0,3,0,0,0,0,1,6,,9.6,0
21997,100065,Andrea Congreaves,1611661314,CHA,Charlotte Sting,1029700055,1997-07-23,CHA vs. NYL,L,32,2,7,0.286,0,4,0.0,0,0,,3,4,7,1,2,0,1,5,4,,18.9,0
21997,100155,Nicole Levesque,1611661314,CHA,Charlotte Sting,1029700055,1997-07-23,CHA vs. NYL,L,29,1,4,0.25,1,4,0.25,2,2,1.0,0,1,1,3,1,0,4,3,5,,9.7,0
21997,100374,Penny Moore,1611661314,CHA,Charlotte Sting,1029700055,1997-07-23,CHA vs. NYL,L,10,0,1,0.0,0,1,0.0,0,0,,0,0,0,0,1,0,1,0,0,,2.0,0
21997,100087,Janice Braxton,1611661315,CLE,Cleveland Rockers,1029700056,1997-07-23,CLE @ LAS,W,35,2,8,0.25,1,2,0.5,1,2,0.5,0,6,6,5,6,1,3,2,6,,38.7,0
21997,100088,Michelle Edwards,1611661315,CLE,Cleveland Rockers,1029700056,1997-07-23,CLE @ LAS,W,21,2,4,0.5,0,1,0.0,4,6,0.667,0,4,4,6,1,0,3,0,8,,21.8,0
21997,100089,Isabelle Fijalkowski,1611661315,CLE,Cleveland Rockers,1029700056,1997-07-23,CLE @ LAS,W,36,8,10,0.8,0,0,,8,11,0.727,3,1,4,2,0,0,3,4,24,,28.8,0
21997,100090,Lynette Woodard,1611661315,CLE,Cleveland Rockers,1029700056,1997-07-23,CLE @ LAS,W,15,3,5,0.6,0,0,,0,1,0.0,0,1,1,2,0,0,3,3,6,,7.2,0
21997,100091,Eva Nemcova,1611661315,CLE,Cleveland Rockers,1029700056,1997-07-23,CLE @ LAS,W,40,9,13,0.692,1,1,1.0,4,4,1.0,2,3,5,3,2,0,1,1,23,,38.5,0
21997,100092,Merlakia Jones,1611661315,CLE,Cleveland Rockers,1029700056,1997-07-23,CLE @ LAS,W,30,7,11,0.636,0,0,,2,4,0.5,1,4,5,1,2,0,3,2,16,,26.5,0
21997,100093,Tina Nicholson,1611661315,CLE,Cleveland Rockers,1029700056,1997-07-23,CLE @ LAS,W,11,0,1,0.0,0,0,,0,0,,0,0,0,3,0,0,0,1,0,,4.5,0
21997,100097,Rushia Brown,1611661315,CLE,Cleveland Rockers,1029700056,1997-07-23,CLE @ LAS,W,8,0,1,0.0,0,0,,0,0,,0,0,0,0,0,0,1,2,0,,-1.0,0
21997,100100,Adrienne Johnson,1611661315,CLE,Cleveland Rockers,1029700056,1997-07-23,CLE @ LAS,W,4,1,1,1.0,0,0,,4,4,1.0,0,1,1,0,1,0,1,1,6,,9.2,0
21997,100003,Lisa Leslie,1611661320,LAS,Los Angeles Sparks,1029700056,1997-07-23,LAS vs. CLE,L,37,11,21,0.524,2,4,0.5,4,4,1.0,4,9,13,4,3,3,6,1,28,,61.6,0
21997,100004,Penny Toler,1611661320,LAS,Los Angeles Sparks,1029700056,1997-07-23,LAS vs. CLE,L,29,6,13,0.462,0,2,0.0,6,6,1.0,2,2,4,4,0,0,2,1,18,,26.8,0
21997,100005,Daedra Charles,1611661320,LAS,Los Angeles Sparks,1029700056,1997-07-23,LAS vs. CLE,L,12,1,2,0.5,0,0,,0,0,,0,0,0,0,2,0,2,3,2,,6.0,0
21997,100006,Haixia Zheng,1611661320,LAS,Los Angeles Sparks,1029700056,1997-07-23,LAS vs. CLE,L,12,2,2,1.0,0,0,,0,0,,0,1,1,0,0,0,2,3,4,,3.2,0
21997,100007,Jamila Wideman,1611661320,LAS,Los Angeles Sparks,1029700056,1997-07-23,LAS vs. CLE,L,22,1,2,0.5,0,0,,0,0,,1,2,3,7,0,0,2,3,2,,14.1,0
21997,100008,Tamecka Dixon,1611661320,LAS,Los Angeles Sparks,1029700056,1997-07-23,LAS vs. CLE,L,20,2,4,0.5,0,0,,0,0,,1,0,1,2,3,0,1,4,4,,16.2,0
21997,100009,Katrina Colleton,1611661320,LAS,Los Angeles Sparks,1029700056,1997-07-23,LAS vs. CLE,L,27,4,8,0.5,0,1,0.0,1,2,0.5,1,1,2,5,0,0,2,1,9,,16.9,0
21997,100011,Linda Burgess,1611661320,LAS,Los Angeles Sparks,1029700056,1997-07-23,LAS vs. CLE,L,9,2,2,1.0,0,0,,0,0,,0,2,2,0,1,0,0,1,4,,9.4,0
21997,100012,Mwadi Mabika,1611661320,LAS,Los Angeles Sparks,1029700056,1997-07-23,LAS vs. CLE,L,17,5,7,0.714,1,2,0.5,0,0,,1,2,3,0,0,0,1,3,11,,13.6,0
21997,100156,Heidi Burge,1611661320,LAS,Los Angeles Sparks,1029700056,1997-07-23,LAS vs. CLE,L,15,1,4,0.25,0,1,0.0,1,2,0.5,1,1,2,1,1,0,1,4,3,,8.9,0
21997,100029,Michele Timms,1611661317,PHO,Phoenix Mercury,1029700057,1997-07-25,PHO vs. LAS,L,42,4,12,0.333,1,4,0.25,6,7,0.857,1,2,3,9,1,0,1,5,15,,34.1,0
21997,100030,Jennifer Gillom,1611661317,PHO,Phoenix Mercury,1029700057,1997-07-25,PHO vs. LAS,L,41,4,17,0.235,1,4,0.25,8,8,1.0,2,7,9,1,2,1,4,5,17,,34.3,0
21997,100031,Bridget Pettis,1611661317,PHO,Phoenix Mercury,1029700057,1997-07-25,PHO vs. LAS,L,42,6,13,0.462,2,5,0.4,3,3,1.0,2,6,8,4,0,0,2,4,17,,30.6,0
21997,100032,Nancy Lieberman,1611661317,PHO,Phoenix Mercury,1029700057,1997-07-25,PHO vs. LAS,L,4,0,1,0.0,0,0,,0,0,,0,0,0,0,0,0,1,2,0,,-1.0,0
21997,100033,Toni Foster,1611661317,PHO,Phoenix Mercury,1029700057,1997-07-25,PHO vs. LAS,L,26,2,7,0.286,0,1,0.0,7,8,0.875,2,4,6,1,1,0,4,3,11,,18.7,0
21997,100034,Tia Jackson,1611661317,PHO,Phoenix Mercury,1029700057,1997-07-25,PHO vs. LAS,L,21,2,3,0.667,0,0,,0,0,,1,1,2,0,1,3,3,0,4,,15.4,0
21997,100035,Umeki Webb,1611661317,PHO,Phoenix Mercury,1029700057,1997-07-25,PHO vs. LAS,L,26,3,6,0.5,0,0,,1,2,0.5,1,2,3,1,0,0,2,3,7,,10.1,0
21997,100036,Monique Ambers,1611661317,PHO,Phoenix Mercury,1029700057,1997-07-25,PHO vs. LAS,L,2,0,0,,0,0,,0,0,,0,0,0,0,0,0,0,0,0,,0.0,0
21997,100037,Marlies Askamp,1611661317,PHO,Phoenix Mercury,1029700057,1997-07-25,PHO vs. LAS,L,21,2,4,0.5,0,0,,8,9,0.889,0,5,5,0,0,0,2,4,12,,16.0,0
21997,100003,Lisa Leslie,1611661320,LAS,Los Angeles Sparks,1029700057,1997-07-25,LAS @ PHO,W,28,6,19,0.316,0,2,0.0,5,9,0.556,5,3,8,2,2,1,2,6,17,,36.6,0
21997,100004,Penny Toler,1611661320,LAS,Los Angeles Sparks,1029700057,1997-07-25,LAS @ PHO,W,35,5,11,0.455,0,1,0.0,1,2,0.5,1,1,2,4,1,0,2,4,11,,20.4,0
21997,100005,Daedra Charles,1611661320,LAS,Los Angeles Sparks,1029700057,1997-07-25,LAS @ PHO,W,10,1,3,0.333,0,0,,1,1,1.0,1,1,2,1,0,0,0,2,3,,6.9,0
21997,100006,Haixia Zheng,1611661320,LAS,Los Angeles Sparks,1029700057,1997-07-25,LAS @ PHO,W,27,7,9,0.778,0,0,,1,1,1.0,2,3,5,0,0,0,1,4,15,,20.0,0
21997,100007,Jamila Wideman,1611661320,LAS,Los Angeles Sparks,1029700057,1997-07-25,LAS @ PHO,W,14,1,3,0.333,0,0,,1,3,0.333,0,0,0,4,2,1,1,2,3,,17.0,0
21997,100008,Tamecka Dixon,1611661320,LAS,Los Angeles Sparks,1029700057,1997-07-25,LAS @ PHO,W,33,4,10,0.4,2,3,0.667,3,4,0.75,1,3,4,3,1,0,3,3,13,,22.3,0
21997,100009,Katrina Colleton,1611661320,LAS,Los Angeles Sparks,1029700057,1997-07-25,LAS @ PHO,W,22,3,4,0.75,0,0,,1,2,0.5,0,1,1,1,0,0,2,6,7,,7.7,0
21997,100011,Linda Burgess,1611661320,LAS,Los Angeles Sparks,1029700057,1997-07-25,LAS @ PHO,W,22,1,3,0.333,0,0,,3,4,0.75,2,1,3,0,0,0,2,1,5,,6.6,0
21997,100012,Mwadi Mabika,1611661320,LAS,Los Angeles Sparks,1029700057,1997-07-25,LAS @ PHO,W,26,5,12,0.417,1,4,0.25,1,2,0.5,3,4,7,1,3,2,3,3,12,,33.9,0
21997,100156,Heidi Burge,1611661320,LAS,Los Angeles Sparks,1029700057,1997-07-25,LAS @ PHO,W,8,0,1,0.0,0,0,,0,0,,0,1,1,1,0,1,1,2,0,,4.7,0
21997,100073,Cynthia Cooper,1611661316,HOU,Houston Comets,1029700058,1997-07-25,HOU @ SAC,W,35,14,21,0.667,7,9,0.778,9,9,1.0,1,5,6,3,1,0,1,4,44,,57.7,0
21997,100074,Wanda Guyton,1611661316,HOU,Houston Comets,1029700058,1997-07-25,HOU @ SAC,W,34,4,5,0.8,0,0,,1,3,0.333,6,1,7,2,3,0,6,4,9,,23.4,0
21997,100075,Janeth Arcain,1611661316,HOU,Houston Comets,1029700058,1997-07-25,HOU @ SAC,W,32,3,11,0.273,1,2,0.5,0,0,,1,3,4,5,1,0,3,2,7,,19.3,0
21997,100076,Tina Thompson,1611661316,HOU,Houston Comets,1029700058,1997-07-25,HOU @ SAC,W,27,3,5,0.6,2,3,0.667,2,4,0.5,1,2,3,1,0,0,1,5,10,,14.1,0
21997,100077,Tammy Jackson,1611661316,HOU,Houston Comets,1029700058,1997-07-25,HOU @ SAC,W,19,1,6,0.167,0,0,,0,0,,1,1,2,0,3,1,2,2,2,,14.4,0
21997,100083,Kim Perrot,1611661316,HOU,Houston Comets,1029700058,1997-07-25,HOU @ SAC,W,28,3,6,0.5,1,2,0.5,0,2,0.0,0,3,3,4,1,0,3,2,7,,16.6,0
21997,100084,Fran Harris,1611661316,HOU,Houston Comets,1029700058,1997-07-25,HOU @ SAC,W,13,1,4,0.25,0,0,,0,0,,0,2,2,1,1,0,1,0,2,,7.9,0
21997,100086,Tiffany Woosley,1611661316,HOU,Houston Comets,1029700058,1997-07-25,HOU @ SAC,W,12,2,2,1.0,1,1,1.0,0,2,0.0,0,1,1,2,0,1,1,0,5,,11.2,0
21997,100017,Bridgette Gordon,1611661318,SAC,Sacramento Monarchs,1029700058,1997-07-25,SAC vs. HOU,L,38,5,11,0.455,0,2,0.0,3,4,0.75,1,4,5,4,1,0,4,4,13,,24.0,0
21997,100020,Pam McGee,1611661318,SAC,Sacramento Monarchs,1029700058,1997-07-25,SAC vs. HOU,L,23,8,13,0.615,1,2,0.5,0,1,0.0,3,3,6,0,1,0,3,2,17,,24.2,0
21997,100021,Denique Graves,1611661318,SAC,Sacramento Monarchs,1029700058,1997-07-25,SAC vs. HOU,L,1,0,0,,0,0,,0,0,,0,0,0,0,0,0,0,0,0,,0.0,0
21997,100022,Chantel Tremitiere,1611661318,SAC,Sacramento Monarchs,1029700058,1997-07-25,SAC vs. HOU,L,38,4,10,0.4,0,1,0.0,5,5,1.0,1,1,2,5,0,0,4,4,13,,18.9,0
21997,100023,Tajama Abraham,1611661318,SAC,Sacramento Monarchs,1029700058,1997-07-25,SAC vs. HOU,L,17,1,5,0.2,0,0,,0,0,,0,0,0,2,1,0,2,0,2,,6.0,0
21997,100026,Yvette Angel,1611661318,SAC,Sacramento Monarchs,1029700058,1997-07-25,SAC vs. HOU,L,21,3,4,0.75,0,0,,0,0,,0,2,2,2,0,0,3,1,6,,8.4,0
21997,100027,Latasha Byears,1611661318,SAC,Sacramento Monarchs,1029700058,1997-07-25,SAC vs. HOU,L,36,7,13,0.538,0,0,,3,3,1.0,7,10,17,2,2,0,5,6,17,,41.4,0
21997,100161,Laure Savasta,1611661318,SAC,Sacramento Monarchs,1029700058,1997-07-25,SAC vs. HOU,L,26,3,9,0.333,1,3,0.333,1,1,1.0,0,1,1,3,2,1,0,2,8,,22.7,0
21997,100087,Janice Braxton,1611661315,CLE,Cleveland Rockers,1029700059,1997-07-26,CLE @ UTA,W,29,5,12,0.417,0,0,,4,5,0.8,2,5,7,2,1,1,2,4,14,,29.4,0
21997,100088,Michelle Edwards,1611661315,CLE,Cleveland Rockers,1029700059,1997-07-26,CLE @ UTA,W,21,1,2,0.5,0,0,,2,6,0.333,0,4,4,1,1,0,1,2,4,,12.3,0
21997,100089,Isabelle Fijalkowski,1611661315,CLE,Cleveland Rockers,1029700059,1997-07-26,CLE @ UTA,W,25,5,10,0.5,0,0,,5,6,0.833,4,6,10,3,0,1,1,6,15,,33.5,0
21997,100090,Lynette Woodard,1611661315,CLE,Cleveland Rockers,1029700059,1997-07-26,CLE @ UTA,W,23,3,5,0.6,0,0,,1,2,0.5,0,1,1,1,1,0,1,1,7,,11.7,0
21997,100091,Eva Nemcova,1611661315,CLE,Cleveland Rockers,1029700059,1997-07-26,CLE @ UTA,W,27,2,7,0.286,1,4,0.25,2,2,1.0,1,3,4,4,0,0,4,0,7,,13.8,0
21997,100092,Merlakia Jones,1611661315,CLE,Cleveland Rockers,1029700059,1997-07-26,CLE @ UTA,W,22,2,8,0.25,0,0,,2,2,1.0,2,6,8,1,1,0,0,2,6,,20.1,0
21997,100093,Tina Nicholson,1611661315,CLE,Cleveland Rockers,1029700059,1997-07-26,CLE @ UTA,W,16,2,4,0.5,1,2,0.5,1,1,1.0,0,0,0,2,1,0,1,1,6,,11.0,0
21997,100094,Anita Maxwell,1611661315,CLE,Cleveland Rockers,1029700059,1997-07-26,CLE @ UTA,W,2,0,0,,0,0,,0,0,,0,1,1,1,0,0,0,0,0,,2.7,0
21997,100097,Rushia Brown,1611661315,CLE,Cleveland Rockers,1029700059,1997-07-26,CLE @ UTA,W,24,7,11,0.636,0,0,,3,3,1.0,3,2,5,0,2,1,1,2,17,,31.0,0
21997,100100,Adrienne Johnson,1611661315,CLE,Cleveland Rockers,1029700059,1997-07-26,CLE @ UTA,W,11,0,1,0.0,0,0,,1,2,0.5,0,0,0,0,0,0,0,1,1,,1.0,0
21997,100043,Elena Baranova,1611661319,UTA,Utah Starzz,1029700059,1997-07-26,UTA vs. CLE,L,38,8,18,0.444,4,8,0.5,6,10,0.6,4,5,9,0,3,5,1,4,26,,59.8,0
21997,100044,Lady Grooms,1611661319,UTA,Utah Starzz,1029700059,1997-07-26,UTA vs. CLE,L,26,1,4,0.25,0,1,0.0,1,2,0.5,3,2,5,2,1,0,2,2,3,,13.0,0
21997,100045,Dena Head,1611661319,UTA,Utah Starzz,1029700059,1997-07-26,UTA vs. CLE,L,30,4,8,0.5,1,3,0.333,5,5,1.0,3,2,5,2,1,1,3,4,14,,26.0,0
21997,100046,Wendy Palmer,1611661319,UTA,Utah Starzz,1029700059,1997-07-26,UTA vs. CLE,L,29,7,19,0.368,1,3,0.333,3,7,0.429,2,5,7,2,0,1,3,3,18,,29.4,0
21997,100047,Tammi Reiss,1611661319,UTA,Utah Starzz,1029700059,1997-07-26,UTA vs. CLE,L,37,1,6,0.167,1,3,0.333,0,0,,0,2,2,5,2,0,1,2,3,,17.9,0
21997,100048,Jessie Hicks,1611661319,UTA,Utah Starzz,1029700059,1997-07-26,UTA vs. CLE,L,9,0,1,0.0,0,0,,0,0,,1,1,2,0,0,0,0,2,0,,2.4,0
21997,100050,Kim Williams,1611661319,UTA,Utah Starzz,1029700059,1997-07-26,UTA vs. CLE,L,25,1,10,0.1,0,1,0.0,0,0,,2,4,6,2,1,0,2,6,2,,13.2,0
21997,100053,Karen Booker,1611661319,UTA,Utah Starzz,1029700059,1997-07-26,UTA vs. CLE,L,3,0,0,,0,0,,0,0,,0,0,0,0,0,0,1,0,0,,-1.0,0
21997,100055,Greta Koss,1611661319,UTA,Utah Starzz,1029700059,1997-07-26,UTA vs. CLE,L,3,0,0,,0,0,,0,0,,0,0,0,0,0,0,0,0,0,,0.0,0
21997,100002,Rebecca Lobo,1611661313,NYL,New York Liberty,1029700060,1997-07-26,NYL vs. CHA,L,34,5,15,0.333,1,1,1.0,3,4,0.75,8,3,11,1,1,0,6,5,14,,25.7,0
21997,100101,Teresa Weatherspoon,1611661313,NYL,New York Liberty,1029700060,1997-07-26,NYL vs. CHA,L,28,0,1,0.0,0,1,0.0,1,4,0.25,1,2,3,7,2,0,1,4,1,,20.1,0
21997,100102,Kym Hampton,1611661313,NYL,New York Liberty,1029700060,1997-07-26,NYL vs. CHA,L,23,2,8,0.25,0,0,,0,4,0.0,2,4,6,0,1,0,3,1,4,,11.2,0
21997,100103,Vickie Johnson,1611661313,NYL,New York Liberty,1029700060,1997-07-26,NYL vs. CHA,L,29,4,17,0.235,1,4,0.25,0,0,,4,2,6,1,2,0,1,2,9,,22.7,0
21997,100104,Sue Wicks,1611661313,NYL,New York Liberty,1029700060,1997-07-26,NYL vs. CHA,L,12,3,9,0.333,0,0,,2,3,0.667,1,1,2,1,0,0,0,2,8,,11.9,0
21997,100105,Sophia Witherspoon,1611661313,NYL,New York Liberty,1029700060,1997-07-26,NYL vs. CHA,L,32,8,17,0.471,1,4,0.25,4,4,1.0,1,1,2,1,5,0,3,2,21,,36.9,0
21997,100106,Trena Trice-Hill,1611661313,NYL,New York Liberty,1029700060,1997-07-26,NYL vs. CHA,L,11,0,0,,0,0,,2,2,1.0,1,0,1,0,0,0,0,2,2,,3.2,0
21997,100107,Kisha Ford,1611661313,NYL,New York Liberty,1029700060,1997-07-26,NYL vs. CHA,L,19,0,5,0.0,0,2,0.0,0,0,,2,1,3,0,1,0,0,1,0,,6.6,0
21997,100108,Rhonda Blades,1611661313,NYL,New York Liberty,1029700060,1997-07-26,NYL vs. CHA,L,12,1,3,0.333,0,2,0.0,0,2,0.0,0,1,1,1,1,0,2,0,2,,5.7,0
21997,100058,Vicky Bullett,1611661314,CHA,Charlotte Sting,1029700060,1997-07-26,CHA @ NYL,W,19,3,7,0.429,0,1,0.0,3,3,1.0,5,3,8,1,1,1,2,4,9,,24.1,0
21997,100059,Andrea Stinson,1611661314,CHA,Charlotte Sting,1029700060,1997-07-26,CHA @ NYL,W,39,4,10,0.4,0,1,0.0,3,4,0.75,0,8,8,4,2,0,6,0,11,,26.6,0
21997,100060,Rhonda Mapp,1611661314,CHA,Charlotte Sting,1029700060,1997-07-26,CHA @ NYL,W,32,6,7,0.857,0,0,,3,3,1.0,0,8,8,4,2,0,2,3,15,,34.6,0
21997,100062,Tora Suber,1611661314,CHA,Charlotte Sting,1029700060,1997-07-26,CHA @ NYL,W,9,0,2,0.0,0,1,0.0,2,2,1.0,0,0,0,1,0,0,2,2,2,,1.5,0
21997,100063,Sharon Manning,1611661314,CHA,Charlotte Sting,1029700060,1997-07-26,CHA @ NYL,W,25,4,8,0.5,0,0,,0,2,0.0,3,5,8,0,2,0,2,2,8,,21.6,0
21997,100065,Andrea Congreaves,1611661314,CHA,Charlotte Sting,1029700060,1997-07-26,CHA @ NYL,W,26,2,7,0.286,2,6,0.333,1,2,0.5,0,3,3,2,1,0,3,4,7,,13.6,0
21997,100067,Katasha Artis,1611661314,CHA,Charlotte Sting,1029700060,1997-07-26,CHA @ NYL,W,2,0,0,,0,0,,0,0,,0,0,0,0,0,0,0,0,0,,0.0,0
21997,100155,Nicole Levesque,1611661314,CHA,Charlotte Sting,1029700060,1997-07-26,CHA @ NYL,W,32,1,3,0.333,1,3,0.333,0,0,,0,4,4,5,1,0,8,3,3,,10.3,0
21997,100374,Penny Moore,1611661314,CHA,Charlotte Sting,1029700060,1997-07-26,CHA @ NYL,W,16,4,5,0.8,1,1,1.0,0,0,,0,1,1,0,0,0,3,0,9,,7.2,0
21997,100016,Ruthie Bolton,1611661318,SAC,Sacramento Monarchs,1029700061,1997-07-27,SAC vs. LAS,L,33,6,21,0.286,0,7,0.0,4,4,1.0,2,6,8,0,0,0,2,2,16,,23.6,0
21997,100017,Bridgette Gordon,1611661318,SAC,Sacramento Monarchs,1029700061,1997-07-27,SAC vs. LAS,L,29,3,13,0.231,0,1,0.0,3,3,1.0,1,2,3,3,0,0,1,0,9,,16.1,0
21997,100019,Mikiko Hagiwara,1611661318,SAC,Sacramento Monarchs,1029700061,1997-07-27,SAC vs. LAS,L,4,0,0,,0,0,,0,0,,0,0,0,0,0,0,1,0,0,,-1.0,0
21997,100020,Pam McGee,1611661318,SAC,Sacramento Monarchs,1029700061,1997-07-27,SAC vs. LAS,L,25,7,12,0.583,0,0,,2,4,0.5,5,3,8,0,2,1,2,5,16,,32.6,0
21997,100022,Chantel Tremitiere,1611661318,SAC,Sacramento Monarchs,1029700061,1997-07-27,SAC vs. LAS,L,37,2,7,0.286,0,0,,5,6,0.833,1,2,3,0,2,0,2,2,9,,16.6,0
21997,100023,Tajama Abraham,1611661318,SAC,Sacramento Monarchs,1029700061,1997-07-27,SAC vs. LAS,L,18,1,4,0.25,0,0,,1,3,0.333,2,1,3,0,3,0,0,2,3,,15.6,0
21997,100027,Latasha Byears,1611661318,SAC,Sacramento Monarchs,1029700061,1997-07-27,SAC vs. LAS,L,35,3,18,0.167,0,0,,1,2,0.5,3,4,7,6,2,0,1,4,7,,29.4,0
21997,100161,Laure Savasta,1611661318,SAC,Sacramento Monarchs,1029700061,1997-07-27,SAC vs. LAS,L,19,0,2,0.0,0,2,0.0,2,2,1.0,0,1,1,1,0,0,2,4,2,,2.7,0
21997,100003,Lisa Leslie,1611661320,LAS,Los Angeles Sparks,1029700061,1997-07-27,LAS @ SAC,W,20,5,10,0.5,1,2,0.5,3,3,1.0,2,7,9,3,0,2,0,4,14,,35.3,0
21997,100004,Penny Toler,1611661320,LAS,Los Angeles Sparks,1029700061,1997-07-27,LAS @ SAC,W,30,6,14,0.429,0,1,0.0,2,2,1.0,1,5,6,9,2,1,2,0,14,,41.7,0
21997,100005,Daedra Charles,1611661320,LAS,Los Angeles Sparks,1029700061,1997-07-27,LAS @ SAC,W,13,2,4,0.5,0,0,,0,0,,0,3,3,0,0,1,1,0,4,,9.6,0
21997,100006,Haixia Zheng,1611661320,LAS,Los Angeles Sparks,1029700061,1997-07-27,LAS @ SAC,W,23,4,7,0.571,0,0,,2,3,0.667,2,4,6,2,0,1,5,2,10,,18.2,0
21997,100007,Jamila Wideman,1611661320,LAS,Los Angeles Sparks,1029700061,1997-07-27,LAS @ SAC,W,11,0,2,0.0,0,0,,0,0,,1,4,5,3,0,0,0,4,0,,10.5,0
21997,100008,Tamecka Dixon,1611661320,LAS,Los Angeles Sparks,1029700061,1997-07-27,LAS @ SAC,W,31,8,9,0.889,1,1,1.0,3,3,1.0,3,5,8,4,0,0,2,3,20,,33.6,0
21997,100009,Katrina Colleton,1611661320,LAS,Los Angeles Sparks,1029700061,1997-07-27,LAS @ SAC,W,27,3,6,0.5,0,0,,1,2,0.5,1,1,2,1,1,1,1,0,7,,15.9,0
21997,100011,Linda Burgess,1611661320,LAS,Los Angeles Sparks,1029700061,1997-07-27,LAS @ SAC,W,10,1,2,0.5,0,0,,1,2,0.5,1,1,2,0,0,2,4,1,3,,7.4,0
21997,100012,Mwadi Mabika,1611661320,LAS,Los Angeles Sparks,1029700061,1997-07-27,LAS @ SAC,W,17,1,9,0.111,0,2,0.0,3,4,0.75,0,3,3,0,0,0,1,5,5,,7.6,0
21997,100156,Heidi Burge,1611661320,LAS,Los Angeles Sparks,1029700061,1997-07-27,LAS @ SAC,W,18,3,7,0.429,0,0,,1,3,0.333,1,5,6,1,0,1,0,3,7,,18.7,0
21997,100087,Janice Braxton,1611661315,CLE,Cleveland Rockers,1029700062,1997-07-28,CLE @ PHO,W,36,4,6,0.667,0,0,,13,15,0.867,1,9,10,1,1,0,1,3,21,,36.5,0
21997,100088,Michelle Edwards,1611661315,CLE,Cleveland Rockers,1029700062,1997-07-28,CLE @ PHO,W,30,4,8,0.5,1,1,1.0,2,4,0.5,1,2,3,5,1,0,3,2,11,,22.1,0
21997,100089,Isabelle Fijalkowski,1611661315,CLE,Cleveland Rockers,1029700062,1997-07-28,CLE @ PHO,W,23,2,4,0.5,0,0,,2,2,1.0,0,6,6,5,0,1,1,5,6,,22.7,0
21997,100090,Lynette Woodard,1611661315,CLE,Cleveland Rockers,1029700062,1997-07-28,CLE @ PHO,W,30,4,12,0.333,0,0,,2,4,0.5,3,2,5,3,2,1,5,2,10,,24.5,0
21997,100091,Eva Nemcova,1611661315,CLE,Cleveland Rockers,1029700062,1997-07-28,CLE @ PHO,W,35,10,17,0.588,2,4,0.5,0,0,,1,1,2,2,4,0,4,3,22,,35.4,0
21997,100092,Merlakia Jones,1611661315,CLE,Cleveland Rockers,1029700062,1997-07-28,CLE @ PHO,W,10,0,3,0.0,0,0,,0,0,,0,1,1,0,1,0,0,1,0,,4.2,0
21997,100093,Tina Nicholson,1611661315,CLE,Cleveland Rockers,1029700062,1997-07-28,CLE @ PHO,W,10,1,2,0.5,0,0,,0,0,,0,1,1,1,0,0,0,0,2,,4.7,0
21997,100097,Rushia Brown,1611661315,CLE,Cleveland Rockers,1029700062,1997-07-28,CLE @ PHO,W,21,2,4,0.5,0,0,,0,0,,1,6,7,0,1,0,2,2,4,,13.4,0
21997,100100,Adrienne Johnson,1611661315,CLE,Cleveland Rockers,1029700062,1997-07-28,CLE @ PHO,W,5,0,0,,0,0,,0,0,,0,0,0,0,0,0,0,0,0,,0.0,0
21997,100030,Jennifer Gillom,1611661317,PHO,Phoenix Mercury,1029700062,1997-07-28,PHO vs. CLE,L,32,6,16,0.375,1,4,0.25,6,9,0.667,0,0,0,1,2,0,2,5,19,,24.5,0
21997,100031,Bridget Pettis,1611661317,PHO,Phoenix Mercury,1029700062,1997-07-28,PHO vs. CLE,L,34,5,12,0.417,3,8,0.375,3,4,0.75,0,2,2,3,0,1,3,0,16,,22.9,0
21997,100032,Nancy Lieberman,1611661317,PHO,Phoenix Mercury,1029700062,1997-07-28,PHO vs. CLE,L,15,1,2,0.5,1,1,1.0,1,2,0.5,0,2,2,1,0,0,2,0,4,,5.9,0
21997,100033,Toni Foster,1611661317,PHO,Phoenix Mercury,1029700062,1997-07-28,PHO vs. CLE,L,25,5,7,0.714,0,0,,0,0,,1,4,5,1,1,0,1,4,10,,19.5,0
21997,100034,Tia Jackson,1611661317,PHO,Phoenix Mercury,1029700062,1997-07-28,PHO vs. CLE,L,27,2,9,0.222,0,1,0.0,0,0,,0,6,6,4,2,1,4,2,4,,22.2,0
21997,100035,Umeki Webb,1611661317,PHO,Phoenix Mercury,1029700062,1997-07-28,PHO vs. CLE,L,36,2,9,0.222,0,2,0.0,0,0,,0,2,2,2,6,0,2,6,4,,25.4,0
21997,100036,Monique Ambers,1611661317,PHO,Phoenix Mercury,1029700062,1997-07-28,PHO vs. CLE,L,3,0,0,,0,0,,0,0,,0,0,0,0,0,0,0,2,0,,0.0,0
21997,100037,Marlies Askamp,1611661317,PHO,Phoenix Mercury,1029700062,1997-07-28,PHO vs. CLE,L,20,2,8,0.25,0,0,,3,3,1.0,5,3,8,0,0,0,0,3,7,,16.6,0
21997,100041,Ryneldi Becenti,1611661317,PHO,Phoenix Mercury,1029700062,1997-07-28,PHO vs. CLE,L,8,0,0,,0,0,,0,0,,0,0,0,0,1,0,1,0,0,,2.0,0
21997,100087,Janice Braxton,1611661315,CLE,Cleveland Rockers,1029700063,1997-07-29,CLE @ HOU,W,26,1,4,0.25,1,1,1.0,2,2,1.0,0,7,7,1,1,1,2,0,5,,18.9,0
21997,100088,Michelle Edwards,1611661315,CLE,Cleveland Rockers,1029700063,1997-07-29,CLE @ HOU,W,35,3,8,0.375,1,2,0.5,1,2,0.5,2,4,6,5,2,0,7,2,8,,21.7,0
21997,100089,Isabelle Fijalkowski,1611661315,CLE,Cleveland Rockers,1029700063,1997-07-29,CLE @ HOU,W,32,5,8,0.625,0,0,,2,4,0.5,2,2,4,5,1,1,2,4,12,,28.3,0
21997,100090,Lynette Woodard,1611661315,CLE,Cleveland Rockers,1029700063,1997-07-29,CLE @ HOU,W,18,1,3,0.333,0,0,,1,3,0.333,0,1,1,1,1,0,0,0,3,,8.7,0
21997,100091,Eva Nemcova,1611661315,CLE,Cleveland Rockers,1029700063,1997-07-29,CLE @ HOU,W,31,5,6,0.833,2,3,0.667,6,6,1.0,1,5,6,2,1,0,5,3,18,,26.2,0
21997,100092,Merlakia Jones,1611661315,CLE,Cleveland Rockers,1029700063,1997-07-29,CLE @ HOU,W,22,4,7,0.571,0,0,,4,8,0.5,0,4,4,0,1,0,3,2,12,,16.8,0
21997,100093,Tina Nicholson,1611661315,CLE,Cleveland Rockers,1029700063,1997-07-29,CLE @ HOU,W,5,0,0,,0,0,,0,0,,0,0,0,1,1,0,2,1,0,,2.5,0
21997,100097,Rushia Brown,1611661315,CLE,Cleveland Rockers,1029700063,1997-07-29,CLE @ HOU,W,22,7,11,0.636,0,0,,1,2,0.5,0,2,2,2,3,1,1,2,15,,31.4,0
21997,100100,Adrienne Johnson,1611661315,CLE,Cleveland Rockers,1029700063,1997-07-29,CLE @ HOU,W,9,0,3,0.0,0,0,,0,0,,1,1,2,2,0,0,1,1,0,,4.4,0
21997,100073,Cynthia Cooper,1611661316,HOU,Houston Comets,1029700063,1997-07-29,HOU vs. CLE,L,32,7,17,0.412,3,13,0.231,4,4,1.0,1,0,1,5,1,0,3,3,21,,29.7,0
21997,100075,Janeth Arcain,1611661316,HOU,Houston Comets,1029700063,1997-07-29,HOU vs. CLE,L,33,2,9,0.222,0,1,0.0,0,0,,3,3,6,3,0,0,6,3,4,,9.7,0
21997,100076,Tina Thompson,1611661316,HOU,Houston Comets,1029700063,1997-07-29,HOU vs. CLE,L,38,8,18,0.444,2,8,0.25,6,6,1.0,2,7,9,0,1,0,2,5,24,,35.8,0
21997,100077,Tammy Jackson,1611661316,HOU,Houston Comets,1029700063,1997-07-29,HOU vs. CLE,L,26,1,6,0.167,0,0,,0,0,,5,1,6,0,4,0,2,3,2,,19.2,0
21997,100083,Kim Perrot,1611661316,HOU,Houston Comets,1029700063,1997-07-29,HOU vs. CLE,L,23,0,3,0.0,0,2,0.0,0,2,0.0,2,2,4,3,2,0,3,4,0,,12.3,0
21997,100084,Fran Harris,1611661316,HOU,Houston Comets,1029700063,1997-07-29,HOU vs. CLE,L,15,3,6,0.5,0,0,,0,0,,0,2,2,1,1,0,3,1,6,,9.9,0
21997,100085,Yolanda Moore,1611661316,HOU,Houston Comets,1029700063,1997-07-29,HOU vs. CLE,L,16,2,2,1.0,0,0,,0,2,0.0,0,2,2,0,1,0,0,0,4,,9.4,0
21997,100086,Tiffany Woosley,1611661316,HOU,Houston Comets,1029700063,1997-07-29,HOU vs. CLE,L,17,1,3,0.333,1,2,0.5,0,0,,0,0,0,3,1,0,0,1,3,,10.5,0
21997,100002,Rebecca Lobo,1611661313,NYL,New York Liberty,1029700064,1997-07-30,NYL vs. SAC,W,35,6,13,0.462,0,0,,1,2,0.5,6,6,12,2,0,3,2,3,13,,37.4,0
21997,100101,Teresa Weatherspoon,1611661313,NYL,New York Liberty,1029700064,1997-07-30,NYL vs. SAC,W,40,5,8,0.625,0,2,0.0,3,5,0.6,1,7,8,10,0,0,4,0,13,,33.6,0
21997,100102,Kym Hampton,1611661313,NYL,New York Liberty,1029700064,1997-07-30,NYL vs. SAC,W,28,5,10,0.5,0,0,,1,2,0.5,1,2,3,4,1,4,1,1,11,,34.6,0
21997,100103,Vickie Johnson,1611661313,NYL,New York Liberty,1029700064,1997-07-30,NYL vs. SAC,W,38,2,11,0.182,0,0,,0,0,,2,5,7,2,2,0,3,3,4,,18.4,0
21997,100104,Sue Wicks,1611661313,NYL,New York Liberty,1029700064,1997-07-30,NYL vs. SAC,W,13,1,3,0.333,0,0,,0,0,,1,2,3,2,1,1,0,1,2,,14.6,0
21997,100105,Sophia Witherspoon,1611661313,NYL,New York Liberty,1029700064,1997-07-30,NYL vs. SAC,W,33,8,16,0.5,4,8,0.5,6,6,1.0,3,0,3,0,1,0,2,3,26,,30.6,0
21997,100106,Trena Trice-Hill,1611661313,NYL,New York Liberty,1029700064,1997-07-30,NYL vs. SAC,W,14,0,3,0.0,0,0,,0,0,,0,2,2,0,1,0,1,1,0,,4.4,0
21997,100107,Kisha Ford,1611661313,NYL,New York Liberty,1029700064,1997-07-30,NYL vs. SAC,W,19,2,4,0.5,0,1,0.0,0,0,,0,0,0,0,2,0,2,3,4,,8.0,0
21997,100108,Rhonda Blades,1611661313,NYL,New York Liberty,1029700064,1997-07-30,NYL vs. SAC,W,5,0,1,0.0,0,0,,0,0,,0,0,0,0,0,0,1,0,0,,-1.0,0
21997,100016,Ruthie Bolton,1611661318,SAC,Sacramento Monarchs,1029700064,1997-07-30,SAC @ NYL,L,40,5,20,0.25,1,9,0.111,2,2,1.0,1,4,5,0,4,0,2,4,13,,29.0,0
21997,100017,Bridgette Gordon,1611661318,SAC,Sacramento Monarchs,1029700064,1997-07-30,SAC @ NYL,L,39,7,14,0.5,4,6,0.667,5,7,0.714,3,1,4,3,1,0,2,2,23,,33.3,0
21997,100019,Mikiko Hagiwara,1611661318,SAC,Sacramento Monarchs,1029700064,1997-07-30,SAC @ NYL,L,9,1,1,1.0,1,1,1.0,0,0,,0,1,1,0,0,0,0,0,3,,4.2,0
21997,100020,Pam McGee,1611661318,SAC,Sacramento Monarchs,1029700064,1997-07-30,SAC @ NYL,L,30,3,9,0.333,0,0,,2,2,1.0,2,5,7,0,0,2,5,6,8,,17.4,0
21997,100021,Denique Graves,1611661318,SAC,Sacramento Monarchs,1029700064,1997-07-30,SAC @ NYL,L,7,1,2,0.5,0,0,,0,0,,0,0,0,0,0,1,0,0,2,,5.0,0
21997,100022,Chantel Tremitiere,1611661318,SAC,Sacramento Monarchs,1029700064,1997-07-30,SAC @ NYL,L,45,3,9,0.333,0,0,,1,2,0.5,3,6,9,7,2,0,5,3,7,,29.3,0
21997,100023,Tajama Abraham,1611661318,SAC,Sacramento Monarchs,1029700064,1997-07-30,SAC @ NYL,L,8,0,4,0.0,0,0,,0,0,,1,1,2,0,0,0,2,1,0,,0.4,0
21997,100027,Latasha Byears,1611661318,SAC,Sacramento Monarchs,1029700064,1997-07-30,SAC @ NYL,L,35,4,11,0.364,0,0,,2,2,1.0,6,4,10,0,1,0,3,5,10,,22.0,0
21997,100161,Laure Savasta,1611661318,SAC,Sacramento Monarchs,1029700064,1997-07-30,SAC @ NYL,L,2,0,0,,0,0,,0,0,,0,0,0,0,0,0,1,0,0,,-1.0,0
21997,100162,Margo Clark,1611661318,SAC,Sacramento Monarchs,1029700064,1997-07-30,SAC @ NYL,L,10,1,1,1.0,0,0,,0,0,,0,1,1,0,0,0,1,1,2,,2.2,0
21997,100058,Vicky Bullett,1611661314,CHA,Charlotte Sting,1029700065,1997-07-30,CHA vs. PHO,W,35,6,15,0.4,1,1,1.0,7,10,0.7,3,4,7,2,0,1,1,5,20,,33.4,0
21997,100059,Andrea Stinson,1611661314,CHA,Charlotte Sting,1029700065,1997-07-30,CHA vs. PHO,W,32,3,8,0.375,1,3,0.333,1,2,0.5,3,3,6,3,0,0,3,2,8,,16.7,0
21997,100060,Rhonda Mapp,1611661314,CHA,Charlotte Sting,1029700065,1997-07-30,CHA vs. PHO,W,31,6,12,0.5,0,1,0.0,7,8,0.875,3,6,9,3,1,2,1,4,19,,42.3,0
21997,100062,Tora Suber,1611661314,CHA,Charlotte Sting,1029700065,1997-07-30,CHA vs. PHO,W,12,1,3,0.333,0,1,0.0,2,2,1.0,0,1,1,0,0,1,2,0,4,,6.2,0
21997,100063,Sharon Manning,1611661314,CHA,Charlotte Sting,1029700065,1997-07-30,CHA vs. PHO,W,9,0,1,0.0,0,0,,0,0,,0,2,2,0,0,0,3,0,0,,-0.6,0
21997,100065,Andrea Congreaves,1611661314,CHA,Charlotte Sting,1029700065,1997-07-30,CHA vs. PHO,W,29,5,7,0.714,0,1,0.0,3,5,0.6,7,9,16,1,0,0,3,2,13,,30.7,0
21997,100067,Katasha Artis,1611661314,CHA,Charlotte Sting,1029700065,1997-07-30,CHA vs. PHO,W,2,0,0,,0,0,,0,0,,0,0,0,0,0,0,0,0,0,,0.0,0
21997,100071,Susie Hopson-Shelton,1611661314,CHA,Charlotte Sting,1029700065,1997-07-30,CHA vs. PHO,W,2,1,1,1.0,0,0,,0,0,,0,0,0,0,0,0,0,0,2,,2.0,0
21997,100155,Nicole Levesque,1611661314,CHA,Charlotte Sting,1029700065,1997-07-30,CHA vs. PHO,W,34,1,4,0.25,0,2,0.0,0,0,,0,2,2,5,4,1,7,1,2,,19.9,0
21997,100374,Penny Moore,1611661314,CHA,Charlotte Sting,1029700065,1997-07-30,CHA vs. PHO,W,14,0,5,0.0,0,1,0.0,0,2,0.0,0,1,1,1,1,0,2,1,0,,3.7,0
21997,100029,Michele Timms,1611661317,PHO,Phoenix Mercury,1029700065,1997-07-30,PHO @ CHA,L,32,5,14,0.357,3,5,0.6,2,2,1.0,2,0,2,4,2,0,2,2,15,,27.4,0
21997,100030,Jennifer Gillom,1611661317,PHO,Phoenix Mercury,1029700065,1997-07-30,PHO @ CHA,L,32,7,11,0.636,0,0,,2,3,0.667,1,3,4,2,1,2,2,5,16,,30.8,0
21997,100031,Bridget Pettis,1611661317,PHO,Phoenix Mercury,1029700065,1997-07-30,PHO @ CHA,L,27,3,16,0.188,1,9,0.111,0,0,,2,3,5,2,3,0,2,2,7,,23.0,0
21997,100032,Nancy Lieberman,1611661317,PHO,Phoenix Mercury,1029700065,1997-07-30,PHO @ CHA,L,15,4,7,0.571,1,3,0.333,0,0,,0,0,0,0,2,0,2,3,9,,13.0,0
21997,100033,Toni Foster,1611661317,PHO,Phoenix Mercury,1029700065,1997-07-30,PHO @ CHA,L,30,4,8,0.5,0,0,,1,3,0.333,3,2,5,2,2,0,1,3,9,,23.0,0
21997,100034,Tia Jackson,1611661317,PHO,Phoenix Mercury,1029700065,1997-07-30,PHO @ CHA,L,15,2,5,0.4,0,1,0.0,2,2,1.0,1,2,3,1,1,0,3,2,6,,11.1,0
21997,100035,Umeki Webb,1611661317,PHO,Phoenix Mercury,1029700065,1997-07-30,PHO @ CHA,L,27,0,3,0.0,0,0,,1,2,0.5,2,2,4,0,1,0,0,2,1,,8.8,0
21997,100036,Monique Ambers,1611661317,PHO,Phoenix Mercury,1029700065,1997-07-30,PHO @ CHA,L,2,0,0,,0,0,,0,0,,0,0,0,0,0,0,0,0,0,,0.0,0
21997,100037,Marlies Askamp,1611661317,PHO,Phoenix Mercury,1029700065,1997-07-30,PHO @ CHA,L,20,1,5,0.2,0,0,,2,2,1.0,2,4,6,2,1,0,2,4,4,,15.2,0
21997,100043,Elena Baranova,1611661319,UTA,Utah Starzz,1029700066,1997-07-30,UTA @ LAS,L,34,6,13,0.462,0,4,0.0,1,4,0.25,2,5,7,4,2,0,4,4,13,,29.4,0
21997,100044,Lady Grooms,1611661319,UTA,Utah Starzz,1029700066,1997-07-30,UTA @ LAS,L,20,1,3,0.333,0,0,,2,2,1.0,1,1,2,2,0,0,3,0,4,,6.4,0
21997,100045,Dena Head,1611661319,UTA,Utah Starzz,1029700066,1997-07-30,UTA @ LAS,L,23,1,8,0.125,1,2,0.5,0,0,,1,2,3,7,0,1,2,1,3,,18.1,0
21997,100046,Wendy Palmer,1611661319,UTA,Utah Starzz,1029700066,1997-07-30,UTA @ LAS,L,31,4,15,0.267,0,0,,4,6,0.667,5,3,8,0,3,1,3,3,12,,30.6,0
21997,100047,Tammi Reiss,1611661319,UTA,Utah Starzz,1029700066,1997-07-30,UTA @ LAS,L,34,5,10,0.5,2,4,0.5,3,3,1.0,0,1,1,3,1,0,0,2,15,,23.7,0
21997,100048,Jessie Hicks,1611661319,UTA,Utah Starzz,1029700066,1997-07-30,UTA @ LAS,L,14,3,6,0.5,0,0,,0,0,,2,0,2,0,1,0,1,5,6,,10.4,0
21997,100050,Kim Williams,1611661319,UTA,Utah Starzz,1029700066,1997-07-30,UTA @ LAS,L,25,5,12,0.417,2,4,0.5,0,1,0.0,2,3,5,0,1,0,3,4,12,,18.0,0
21997,100053,Karen Booker,1611661319,UTA,Utah Starzz,1029700066,1997-07-30,UTA @ LAS,L,17,1,3,0.333,0,0,,2,2,1.0,2,2,4,2,1,1,3,4,4,,14.8,0
21997,100055,Greta Koss,1611661319,UTA,Utah Starzz,1029700066,1997-07-30,UTA @ LAS,L,2,0,0,,0,0,,0,0,,0,0,0,0,0,0,0,0,0,,0.0,0
21997,100003,Lisa Leslie,1611661320,LAS,Los Angeles Sparks,1029700066,1997-07-30,LAS vs. UTA,W,34,8,16,0.5,1,3,0.333,6,10,0.6,2,9,11,7,3,2,1,2,23,,60.7,0
21997,100004,Penny Toler,1611661320,LAS,Los Angeles Sparks,1029700066,1997-07-30,LAS vs. UTA,W,32,7,13,0.538,0,1,0.0,3,3,1.0,1,2,3,5,0,0,5,1,17,,23.1,0
21997,100005,Daedra Charles,1611661320,LAS,Los Angeles Sparks,1029700066,1997-07-30,LAS vs. UTA,W,13,1,3,0.333,0,0,,0,0,,1,1,2,0,2,0,2,1,2,,8.4,0
21997,100006,Haixia Zheng,1611661320,LAS,Los Angeles Sparks,1029700066,1997-07-30,LAS vs. UTA,W,18,3,5,0.6,0,0,,0,0,,1,3,4,0,2,1,0,4,6,,19.8,0
21997,100007,Jamila Wideman,1611661320,LAS,Los Angeles Sparks,1029700066,1997-07-30,LAS vs. UTA,W,16,0,4,0.0,0,2,0.0,0,0,,3,1,4,3,0,0,3,2,0,,6.3,0
21997,100008,Tamecka Dixon,1611661320,LAS,Los Angeles Sparks,1029700066,1997-07-30,LAS vs. UTA,W,30,5,10,0.5,2,2,1.0,5,7,0.714,1,3,4,4,4,0,2,3,17,,37.8,0
21997,100009,Katrina Colleton,1611661320,LAS,Los Angeles Sparks,1029700066,1997-07-30,LAS vs. UTA,W,21,3,6,0.5,0,0,,0,2,0.0,1,1,2,1,0,1,1,0,6,,11.9,0
21997,100011,Linda Burgess,1611661320,LAS,Los Angeles Sparks,1029700066,1997-07-30,LAS vs. UTA,W,14,4,7,0.571,0,0,,2,2,1.0,5,4,9,0,0,1,3,1,10,,20.8,0
21997,100012,Mwadi Mabika,1611661320,LAS,Los Angeles Sparks,1029700066,1997-07-30,LAS vs. UTA,W,15,2,8,0.25,0,4,0.0,0,0,,1,1,2,0,0,2,0,0,4,,12.4,0
21997,100156,Heidi Burge,1611661320,LAS,Los Angeles Sparks,1029700066,1997-07-30,LAS vs. UTA,W,7,2,2,1.0,0,0,,2,4,0.5,1,0,1,1,0,0,0,0,6,,8.7,0
21997,100087,Janice Braxton,1611661315,CLE,Cleveland Rockers,1029700067,1997-07-31,CLE vs. PHO,W,25,6,6,1.0,0,0,,3,3,1.0,0,4,4,2,0,2,1,3,15,,27.8,0
21997,100088,Michelle Edwards,1611661315,CLE,Cleveland Rockers,1029700067,1997-07-31,CLE vs. PHO,W,28,4,7,0.571,0,1,0.0,4,6,0.667,1,4,5,6,3,0,3,1,12,,33.0,0
21997,100089,Isabelle Fijalkowski,1611661315,CLE,Cleveland Rockers,1029700067,1997-07-31,CLE vs. PHO,W,25,3,5,0.6,0,0,,0,0,,1,2,3,4,0,1,3,5,6,,15.6,0
21997,100090,Lynette Woodard,1611661315,CLE,Cleveland Rockers,1029700067,1997-07-31,CLE vs. PHO,W,26,6,11,0.545,0,1,0.0,3,4,0.75,1,4,5,0,0,1,2,1,15,,22.0,0
21997,100091,Eva Nemcova,1611661315,CLE,Cleveland Rockers,1029700067,1997-07-31,CLE vs. PHO,W,31,6,10,0.6,1,3,0.333,4,5,0.8,0,2,2,4,2,0,2,0,17,,29.4,0
21997,100092,Merlakia Jones,1611661315,CLE,Cleveland Rockers,1029700067,1997-07-31,CLE vs. PHO,W,15,1,5,0.2,0,0,,0,0,,1,1,2,0,3,0,2,1,2,,11.4,0
21997,100093,Tina Nicholson,1611661315,CLE,Cleveland Rockers,1029700067,1997-07-31,CLE vs. PHO,W,9,2,3,0.667,2,3,0.667,0,0,,0,1,1,2,1,0,2,2,6,,11.2,0
21997,100094,Anita Maxwell,1611661315,CLE,Cleveland Rockers,1029700067,1997-07-31,CLE vs. PHO,W,13,1,6,0.167,0,0,,0,0,,0,1,1,1,0,0,3,1,2,,1.7,0
21997,100097,Rushia Brown,1611661315,CLE,Cleveland Rockers,1029700067,1997-07-31,CLE vs. PHO,W,16,2,4,0.5,0,0,,0,0,,2,1,3,0,2,0,1,3,4,,12.6,0
21997,100100,Adrienne Johnson,1611661315,CLE,Cleveland Rockers,1029700067,1997-07-31,CLE vs. PHO,W,12,0,3,0.0,0,0,,0,0,,1,0,1,2,0,1,3,2,0,,4.2,0
21997,100029,Michele Timms,1611661317,PHO,Phoenix Mercury,1029700067,1997-07-31,PHO @ CLE,L,22,2,8,0.25,1,3,0.333,0,0,,0,2,2,2,0,0,5,4,5,,5.4,0
21997,100030,Jennifer Gillom,1611661317,PHO,Phoenix Mercury,1029700067,1997-07-31,PHO @ CLE,L,30,5,17,0.294,1,2,0.5,1,1,1.0,0,1,1,1,4,0,1,2,12,,25.7,0
21997,100031,Bridget Pettis,1611661317,PHO,Phoenix Mercury,1029700067,1997-07-31,PHO @ CLE,L,32,3,15,0.2,1,5,0.2,3,4,0.75,4,0,4,2,1,0,5,4,10,,15.8,0
21997,100032,Nancy Lieberman,1611661317,PHO,Phoenix Mercury,1029700067,1997-07-31,PHO @ CLE,L,20,2,3,0.667,1,1,1.0,1,2,0.5,2,2,4,4,1,0,2,1,6,,17.8,0
21997,100033,Toni Foster,1611661317,PHO,Phoenix Mercury,1029700067,1997-07-31,PHO @ CLE,L,24,3,6,0.5,0,0,,1,2,0.5,3,2,5,0,4,3,4,3,7,,30.0,0
21997,100034,Tia Jackson,1611661317,PHO,Phoenix Mercury,1029700067,1997-07-31,PHO @ CLE,L,16,4,8,0.5,1,2,0.5,2,2,1.0,5,3,8,0,2,1,3,2,11,,26.6,0
21997,100035,Umeki Webb,1611661317,PHO,Phoenix Mercury,1029700067,1997-07-31,PHO @ CLE,L,25,0,3,0.0,0,0,,2,4,0.5,4,2,6,2,3,1,0,4,2,,24.2,0
21997,100036,Monique Ambers,1611661317,PHO,Phoenix Mercury,1029700067,1997-07-31,PHO @ CLE,L,6,1,1,1.0,0,0,,0,0,,2,0,2,1,0,0,1,0,2,,4.9,0
21997,100037,Marlies Askamp,1611661317,PHO,Phoenix Mercury,1029700067,1997-07-31,PHO @ CLE,L,25,5,10,0.5,0,0,,2,4,0.5,3,1,4,1,3,1,2,1,12,,28.3,0
21997,100073,Cynthia Cooper,1611661316,HOU,Houston Comets,1029700068,1997-08-01,HOU @ LAS,W,38,9,19,0.474,5,9,0.556,11,12,0.917,2,1,3,5,2,0,3,2,34,,48.1,0
21997,100075,Janeth Arcain,1611661316,HOU,Houston Comets,1029700068,1997-08-01,HOU @ LAS,W,31,2,10,0.2,0,1,0.0,4,4,1.0,1,6,7,2,1,0,0,2,8,,22.4,0
21997,100076,Tina Thompson,1611661316,HOU,Houston Comets,1029700068,1997-08-01,HOU @ LAS,W,38,4,12,0.333,0,2,0.0,6,6,1.0,2,7,9,1,1,0,4,4,14,,25.3,0
21997,100077,Tammy Jackson,1611661316,HOU,Houston Comets,1029700068,1997-08-01,HOU @ LAS,W,24,5,7,0.714,0,0,,3,3,1.0,4,3,7,0,3,0,3,5,13,,27.4,0
21997,100079,Catarina Pollini,1611661316,HOU,Houston Comets,1029700068,1997-08-01,HOU @ LAS,W,2,0,0,,0,0,,0,0,,0,0,0,0,0,0,0,1,0,,0.0,0
21997,100083,Kim Perrot,1611661316,HOU,Houston Comets,1029700068,1997-08-01,HOU @ LAS,W,31,1,7,0.143,1,5,0.2,3,4,0.75,1,4,5,3,4,0,2,4,6,,26.5,0
21997,100084,Fran Harris,1611661316,HOU,Houston Comets,1029700068,1997-08-01,HOU @ LAS,W,11,1,2,0.5,0,1,0.0,0,0,,1,1,2,0,0,0,0,0,2,,4.4,0
21997,100085,Yolanda Moore,1611661316,HOU,Houston Comets,1029700068,1997-08-01,HOU @ LAS,W,16,2,3,0.667,0,0,,0,0,,1,2,3,0,0,0,1,2,4,,6.6,0
21997,100086,Tiffany Woosley,1611661316,HOU,Houston Comets,1029700068,1997-08-01,HOU @ LAS,W,9,0,1,0.0,0,1,0.0,0,0,,1,1,2,2,1,0,0,0,0,,8.4,0
21997,100003,Lisa Leslie,1611661320,LAS,Los Angeles Sparks,1029700068,1997-08-01,LAS vs. HOU,L,35,4,9,0.444,0,1,0.0,3,5,0.6,1,5,6,1,1,0,6,4,11,,16.7,0
21997,100004,Penny Toler,1611661320,LAS,Los Angeles Sparks,1029700068,1997-08-01,LAS vs. HOU,L,39,6,14,0.429,0,2,0.0,5,5,1.0,1,3,4,3,0,2,1,2,17,,31.3,0
21997,100005,Daedra Charles,1611661320,LAS,Los Angeles Sparks,1029700068,1997-08-01,LAS vs. HOU,L,8,0,2,0.0,0,0,,0,0,,0,1,1,0,0,0,0,2,0,,1.2,0
21997,100006,Haixia Zheng,1611661320,LAS,Los Angeles Sparks,1029700068,1997-08-01,LAS vs. HOU,L,12,3,6,0.5,0,0,,0,0,,1,2,3,1,1,1,1,1,6,,16.1,0
21997,100007,Jamila Wideman,1611661320,LAS,Los Angeles Sparks,1029700068,1997-08-01,LAS vs. HOU,L,23,1,4,0.25,0,2,0.0,2,4,0.5,0,2,2,1,0,0,2,2,4,,5.9,0
21997,100008,Tamecka Dixon,1611661320,LAS,Los Angeles Sparks,1029700068,1997-08-01,LAS vs. HOU,L,17,2,6,0.333,0,1,0.0,2,2,1.0,0,1,1,2,2,0,3,5,6,,13.2,0
21997,100009,Katrina Colleton,1611661320,LAS,Los Angeles Sparks,1029700068,1997-08-01,LAS vs. HOU,L,32,2,7,0.286,0,2,0.0,0,0,,1,2,3,1,1,0,1,3,4,,11.1,0
21997,100011,Linda Burgess,1611661320,LAS,Los Angeles Sparks,1029700068,1997-08-01,LAS vs. HOU,L,15,1,2,0.5,0,0,,2,2,1.0,1,3,4,0,0,0,2,2,4,,6.8,0
21997,100012,Mwadi Mabika,1611661320,LAS,Los Angeles Sparks,1029700068,1997-08-01,LAS vs. HOU,L,7,1,2,0.5,0,0,,0,0,,0,0,0,0,0,0,1,2,2,,1.0,0
21997,100156,Heidi Burge,1611661320,LAS,Los Angeles Sparks,1029700068,1997-08-01,LAS vs. HOU,L,12,1,3,0.333,0,1,0.0,1,2,0.5,1,1,2,0,0,1,0,1,3,,8.4,0
21997,100058,Vicky Bullett,1611661314,CHA,Charlotte Sting,1029700069,1997-08-01,CHA vs. SAC,W,32,6,9,0.667,0,1,0.0,4,6,0.667,1,3,4,2,2,2,2,1,16,,33.8,0
21997,100059,Andrea Stinson,1611661314,CHA,Charlotte Sting,1029700069,1997-08-01,CHA vs. SAC,W,35,8,20,0.4,0,1,0.0,0,1,0.0,2,0,2,7,3,0,0,0,16,,37.9,0
21997,100060,Rhonda Mapp,1611661314,CHA,Charlotte Sting,1029700069,1997-08-01,CHA vs. SAC,W,25,7,11,0.636,0,1,0.0,6,7,0.857,3,5,8,2,2,2,2,3,20,,42.6,0
21997,100062,Tora Suber,1611661314,CHA,Charlotte Sting,1029700069,1997-08-01,CHA vs. SAC,W,5,0,1,0.0,0,1,0.0,0,0,,0,0,0,1,0,0,0,0,0,,1.5,0
21997,100063,Sharon Manning,1611661314,CHA,Charlotte Sting,1029700069,1997-08-01,CHA vs. SAC,W,17,3,5,0.6,0,0,,2,5,0.4,3,5,8,2,1,1,2,3,8,,24.6,0
21997,100065,Andrea Congreaves,1611661314,CHA,Charlotte Sting,1029700069,1997-08-01,CHA vs. SAC,W,23,3,6,0.5,1,2,0.5,3,5,0.6,4,3,7,5,1,1,0,0,10,,31.9,0
21997,100067,Katasha Artis,1611661314,CHA,Charlotte Sting,1029700069,1997-08-01,CHA vs. SAC,W,7,0,1,0.0,0,0,,0,0,,0,0,0,1,1,0,0,1,0,,4.5,0
21997,100071,Susie Hopson-Shelton,1611661314,CHA,Charlotte Sting,1029700069,1997-08-01,CHA vs. SAC,W,7,1,3,0.333,0,0,,0,0,,0,1,1,0,0,0,0,0,2,,3.2,0
21997,100155,Nicole Levesque,1611661314,CHA,Charlotte Sting,1029700069,1997-08-01,CHA vs. SAC,W,37,5,11,0.455,2,5,0.4,0,0,,0,4,4,4,2,1,1,3,12,,30.8,0
21997,100374,Penny Moore,1611661314,CHA,Charlotte Sting,1029700069,1997-08-01,CHA vs. SAC,W,12,0,4,0.0,0,3,0.0,1,2,0.5,1,1,2,1,0,0,1,2,1,,3.9,0
21997,100016,Ruthie Bolton,1611661318,SAC,Sacramento Monarchs,1029700069,1997-08-01,SAC @ CHA,L,35,6,15,0.4,3,6,0.5,3,4,0.75,3,6,9,1,1,0,0,3,18,,33.3,0
21997,100017,Bridgette Gordon,1611661318,SAC,Sacramento Monarchs,1029700069,1997-08-01,SAC @ CHA,L,34,5,10,0.5,0,1,0.0,2,3,0.667,1,2,3,1,0,0,2,2,12,,15.1,0
21997,100020,Pam McGee,1611661318,SAC,Sacramento Monarchs,1029700069,1997-08-01,SAC @ CHA,L,23,3,5,0.6,0,0,,3,4,0.75,0,1,1,0,1,0,4,5,9,,9.2,0
21997,100021,Denique Graves,1611661318,SAC,Sacramento Monarchs,1029700069,1997-08-01,SAC @ CHA,L,5,1,4,0.25,0,0,,2,2,1.0,1,0,1,0,0,0,0,0,4,,5.2,0
21997,100022,Chantel Tremitiere,1611661318,SAC,Sacramento Monarchs,1029700069,1997-08-01,SAC @ CHA,L,33,3,7,0.429,0,0,,4,5,0.8,1,7,8,4,1,0,7,0,10,,21.6,0
21997,100023,Tajama Abraham,1611661318,SAC,Sacramento Monarchs,1029700069,1997-08-01,SAC @ CHA,L,12,1,3,0.333,0,0,,0,0,,1,3,4,0,0,0,4,5,2,,2.8,0
21997,100026,Yvette Angel,1611661318,SAC,Sacramento Monarchs,1029700069,1997-08-01,SAC @ CHA,L,5,1,4,0.25,1,1,1.0,0,0,,1,1,2,0,0,0,0,1,3,,5.4,0
21997,100027,Latasha Byears,1611661318,SAC,Sacramento Monarchs,1029700069,1997-08-01,SAC @ CHA,L,25,1,4,0.25,0,0,,0,0,,0,5,5,1,1,0,1,2,2,,11.5,0
21997,100161,Laure Savasta,1611661318,SAC,Sacramento Monarchs,1029700069,1997-08-01,SAC @ CHA,L,13,0,2,0.0,0,1,0.0,0,0,,0,0,0,1,0,0,1,1,0,,0.5,0
21997,100162,Margo Clark,1611661318,SAC,Sacramento Monarchs,1029700069,1997-08-01,SAC @ CHA,L,15,0,1,0.0,0,0,,1,2,0.5,0,2,2,0,0,1,0,2,1,,6.4,0
21997,100002,Rebecca Lobo,1611661313,NYL,New York Liberty,1029700070,1997-08-02,NYL vs. PHO,W,37,7,14,0.5,0,3,0.0,4,7,0.571,0,5,5,2,0,4,5,0,18,,34.0,0
21997,100101,Teresa Weatherspoon,1611661313,NYL,New York Liberty,1029700070,1997-08-02,NYL vs. PHO,W,35,1,4,0.25,0,1,0.0,6,8,0.75,1,2,3,5,3,0,3,2,8,,25.1,0
21997,100102,Kym Hampton,1611661313,NYL,New York Liberty,1029700070,1997-08-02,NYL vs. PHO,W,21,5,8,0.625,0,0,,2,6,0.333,6,4,10,3,2,0,2,1,12,,32.5,0
21997,100103,Vickie Johnson,1611661313,NYL,New York Liberty,1029700070,1997-08-02,NYL vs. PHO,W,25,3,8,0.375,0,0,,0,0,,1,5,6,6,1,0,2,0,6,,23.2,0
21997,100104,Sue Wicks,1611661313,NYL,New York Liberty,1029700070,1997-08-02,NYL vs. PHO,W,17,3,4,0.75,1,1,1.0,2,2,1.0,3,2,5,2,0,2,0,4,9,,24.0,0
21997,100105,Sophia Witherspoon,1611661313,NYL,New York Liberty,1029700070,1997-08-02,NYL vs. PHO,W,30,7,12,0.583,1,3,0.333,5,9,0.556,1,1,2,2,3,0,3,2,20,,31.4,0
21997,100106,Trena Trice-Hill,1611661313,NYL,New York Liberty,1029700070,1997-08-02,NYL vs. PHO,W,5,0,1,0.0,0,1,0.0,0,0,,1,1,2,0,0,0,1,0,0,,1.4,0
21997,100107,Kisha Ford,1611661313,NYL,New York Liberty,1029700070,1997-08-02,NYL vs. PHO,W,17,3,7,0.429,0,1,0.0,0,0,,2,2,4,1,6,2,0,2,6,,36.3,0
21997,100108,Rhonda Blades,1611661313,NYL,New York Liberty,1029700070,1997-08-02,NYL vs. PHO,W,11,0,5,0.0,0,5,0.0,1,2,0.5,0,0,0,1,1,0,2,4,1,,3.5,0
21997,100109,Jasmina Perazic-Gipe,1611661313,NYL,New York Liberty,1029700070,1997-08-02,NYL vs. PHO,W,2,0,0,,0,0,,0,0,,1,0,1,0,0,0,0,0,0,,1.2,0
21997,100019,Mikiko Hagiwara,1611661317,PHO,Phoenix Mercury,1029700070,1997-08-02,PHO @ NYL,L,7,0,1,0.0,0,0,,0,0,,0,1,1,1,1,0,1,0,0,,4.7,0
21997,100029,Michele Timms,1611661317,PHO,Phoenix Mercury,1029700070,1997-08-02,PHO @ NYL,L,38,6,17,0.353,4,8,0.5,4,4,1.0,2,1,3,6,2,0,2,3,20,,36.6,0
21997,100030,Jennifer Gillom,1611661317,PHO,Phoenix Mercury,1029700070,1997-08-02,PHO @ NYL,L,33,6,19,0.316,1,2,0.5,1,1,1.0,4,5,9,1,0,1,2,5,14,,27.3,0
21997,100031,Bridget Pettis,1611661317,PHO,Phoenix Mercury,1029700070,1997-08-02,PHO @ NYL,L,30,5,11,0.455,2,4,0.5,2,2,1.0,2,1,3,0,1,0,6,5,14,,14.6,0
21997,100032,Nancy Lieberman,1611661317,PHO,Phoenix Mercury,1029700070,1997-08-02,PHO @ NYL,L,12,2,7,0.286,0,1,0.0,0,0,,1,1,2,1,0,1,1,3,4,,9.9,0
21997,100033,Toni Foster,1611661317,PHO,Phoenix Mercury,1029700070,1997-08-02,PHO @ NYL,L,21,3,7,0.429,0,1,0.0,0,0,,3,4,7,0,2,2,4,4,6,,22.4,0
21997,100034,Tia Jackson,1611661317,PHO,Phoenix Mercury,1029700070,1997-08-02,PHO @ NYL,L,22,2,2,1.0,1,1,1.0,0,0,,1,4,5,1,1,1,2,3,5,,16.5,0
21997,100035,Umeki Webb,1611661317,PHO,Phoenix Mercury,1029700070,1997-08-02,PHO @ NYL,L,19,1,7,0.143,0,0,,3,4,0.75,4,2,6,1,2,0,3,4,5,,16.7,0
21997,100037,Marlies Askamp,1611661317,PHO,Phoenix Mercury,1029700070,1997-08-02,PHO @ NYL,L,18,1,4,0.25,0,0,,0,0,,2,2,4,2,1,0,2,1,2,,10.8,0
21997,100087,Janice Braxton,1611661315,CLE,Cleveland Rockers,1029700071,1997-08-02,CLE vs. SAC,W,32,3,7,0.429,0,0,,3,6,0.5,2,6,8,0,0,2,2,1,9,,22.6,0
21997,100088,Michelle Edwards,1611661315,CLE,Cleveland Rockers,1029700071,1997-08-02,CLE vs. SAC,W,37,7,13,0.538,1,1,1.0,2,5,0.4,2,7,9,7,1,0,11,3,17,,30.3,0
21997,100089,Isabelle Fijalkowski,1611661315,CLE,Cleveland Rockers,1029700071,1997-08-02,CLE vs. SAC,W,35,10,14,0.714,1,1,1.0,1,1,1.0,3,6,9,2,3,2,3,3,22,,47.8,0
21997,100090,Lynette Woodard,1611661315,CLE,Cleveland Rockers,1029700071,1997-08-02,CLE vs. SAC,W,31,1,12,0.083,0,0,,2,2,1.0,3,4,7,1,3,1,3,2,4,,22.9,0
21997,100091,Eva Nemcova,1611661315,CLE,Cleveland Rockers,1029700071,1997-08-02,CLE vs. SAC,W,34,4,10,0.4,1,1,1.0,9,9,1.0,1,3,4,5,3,0,1,1,18,,38.3,0
21997,100092,Merlakia Jones,1611661315,CLE,Cleveland Rockers,1029700071,1997-08-02,CLE vs. SAC,W,13,0,3,0.0,0,0,,0,0,,1,3,4,1,0,0,0,1,0,,6.3,0
21997,100093,Tina Nicholson,1611661315,CLE,Cleveland Rockers,1029700071,1997-08-02,CLE vs. SAC,W,5,0,0,,0,0,,0,0,,0,0,0,0,0,0,0,1,0,,0.0,0
21997,100097,Rushia Brown,1611661315,CLE,Cleveland Rockers,1029700071,1997-08-02,CLE vs. SAC,W,13,1,3,0.333,0,0,,0,0,,1,3,4,1,1,1,1,3,2,,13.3,0
21997,100016,Ruthie Bolton,1611661318,SAC,Sacramento Monarchs,1029700071,1997-08-02,SAC @ CLE,L,36,7,14,0.5,4,9,0.444,1,2,0.5,0,2,2,3,1,1,5,2,19,,26.9,0
21997,100017,Bridgette Gordon,1611661318,SAC,Sacramento Monarchs,1029700071,1997-08-02,SAC @ CLE,L,37,2,10,0.2,0,1,0.0,7,9,0.778,2,3,5,0,1,0,4,1,11,,16.0,0
21997,100020,Pam McGee,1611661318,SAC,Sacramento Monarchs,1029700071,1997-08-02,SAC @ CLE,L,33,4,14,0.286,0,0,,2,3,0.667,5,3,8,0,3,0,3,5,10,,25.6,0
21997,100021,Denique Graves,1611661318,SAC,Sacramento Monarchs,1029700071,1997-08-02,SAC @ CLE,L,4,0,2,0.0,0,0,,0,0,,0,0,0,0,0,0,1,1,0,,-1.0,0
21997,100022,Chantel Tremitiere,1611661318,SAC,Sacramento Monarchs,1029700071,1997-08-02,SAC @ CLE,L,39,2,5,0.4,0,0,,1,2,0.5,1,2,3,5,4,0,1,4,5,,27.1,0
21997,100023,Tajama Abraham,1611661318,SAC,Sacramento Monarchs,1029700071,1997-08-02,SAC @ CLE,L,9,0,4,0.0,0,0,,0,0,,1,0,1,1,0,0,0,3,0,,2.7,0
21997,100027,Latasha Byears,1611661318,SAC,Sacramento Monarchs,1029700071,1997-08-02,SAC @ CLE,L,28,2,9,0.222,0,0,,0,0,,4,7,11,1,2,0,3,6,4,,21.7,0
21997,100028,Danielle Viglione,1611661318,SAC,Sacramento Monarchs,1029700071,1997-08-02,SAC @ CLE,L,3,0,1,0.0,0,0,,0,0,,0,1,1,0,0,0,0,0,0,,1.2,0
21997,100161,Laure Savasta,1611661318,SAC,Sacramento Monarchs,1029700071,1997-08-02,SAC @ CLE,L,4,0,1,0.0,0,1,0.0,0,0,,0,0,0,0,0,0,2,0,0,,-2.0,0
21997,100162,Margo Clark,1611661318,SAC,Sacramento Monarchs,1029700071,1997-08-02,SAC @ CLE,L,7,1,2,0.5,0,0,,0,0,,0,1,1,1,1,0,0,3,2,,7.7,0
21997,100073,Cynthia Cooper,1611661316,HOU,Houston Comets,1029700072,1997-08-02,HOU @ UTA,L,38,4,9,0.444,1,5,0.2,6,7,0.857,1,3,4,5,2,0,7,2,15,,26.3,0
21997,100075,Janeth Arcain,1611661316,HOU,Houston Comets,1029700072,1997-08-02,HOU @ UTA,L,29,4,8,0.5,0,2,0.0,1,1,1.0,4,0,4,1,2,0,5,3,9,,16.3,0
21997,100076,Tina Thompson,1611661316,HOU,Houston Comets,1029700072,1997-08-02,HOU @ UTA,L,36,7,17,0.412,4,10,0.4,2,2,1.0,0,3,3,5,0,0,1,4,20,,30.1,0
21997,100077,Tammy Jackson,1611661316,HOU,Houston Comets,1029700072,1997-08-02,HOU @ UTA,L,31,1,5,0.2,0,0,,2,2,1.0,2,4,6,0,4,1,4,5,4,,22.2,0
21997,100083,Kim Perrot,1611661316,HOU,Houston Comets,1029700072,1997-08-02,HOU @ UTA,L,22,1,7,0.143,1,6,0.167,0,0,,0,0,0,2,3,0,2,2,3,,13.0,0
21997,100084,Fran Harris,1611661316,HOU,Houston Comets,1029700072,1997-08-02,HOU @ UTA,L,12,1,3,0.333,0,0,,1,2,0.5,0,4,4,0,0,0,1,1,3,,6.8,0
21997,100085,Yolanda Moore,1611661316,HOU,Houston Comets,1029700072,1997-08-02,HOU @ UTA,L,13,0,1,0.0,0,0,,0,0,,0,0,0,0,0,0,0,2,0,,0.0,0
21997,100086,Tiffany Woosley,1611661316,HOU,Houston Comets,1029700072,1997-08-02,HOU @ UTA,L,19,3,5,0.6,3,4,0.75,0,0,,0,0,0,0,1,0,2,1,9,,10.0,0
21997,100043,Elena Baranova,1611661319,UTA,Utah Starzz,1029700072,1997-08-02,UTA vs. HOU,W,38,6,13,0.462,3,6,0.5,2,2,1.0,3,9,12,1,2,1,3,2,17,,38.9,0
21997,100044,Lady Grooms,1611661319,UTA,Utah Starzz,1029700072,1997-08-02,UTA vs. HOU,W,23,2,5,0.4,0,0,,1,2,0.5,2,2,4,3,1,0,4,1,5,,13.3,0
21997,100045,Dena Head,1611661319,UTA,Utah Starzz,1029700072,1997-08-02,UTA vs. HOU,W,22,3,8,0.375,1,2,0.5,8,8,1.0,1,1,2,3,2,0,2,2,15,,25.9,0
21997,100046,Wendy Palmer,1611661319,UTA,Utah Starzz,1029700072,1997-08-02,UTA vs. HOU,W,35,5,11,0.455,0,1,0.0,4,4,1.0,2,4,6,1,3,0,4,1,14,,27.7,0
21997,100047,Tammi Reiss,1611661319,UTA,Utah Starzz,1029700072,1997-08-02,UTA vs. HOU,W,30,5,9,0.556,2,3,0.667,2,2,1.0,3,4,7,2,1,0,3,4,14,,25.4,0
21997,100048,Jessie Hicks,1611661319,UTA,Utah Starzz,1029700072,1997-08-02,UTA vs. HOU,W,7,2,3,0.667,0,0,,0,0,,1,0,1,0,1,0,0,0,4,,8.2,0
21997,100050,Kim Williams,1611661319,UTA,Utah Starzz,1029700072,1997-08-02,UTA vs. HOU,W,15,2,3,0.667,0,0,,0,0,,0,2,2,1,2,0,2,1,4,,11.9,0
21997,100051,Megan Compain,1611661319,UTA,Utah Starzz,1029700072,1997-08-02,UTA vs. HOU,W,3,0,0,,0,0,,0,0,,0,0,0,1,0,0,1,0,0,,0.5,0
21997,100053,Karen Booker,1611661319,UTA,Utah Starzz,1029700072,1997-08-02,UTA vs. HOU,W,8,0,0,,0,0,,0,0,,1,0,1,0,0,0,3,2,0,,-1.8,0
21997,100055,Greta Koss,1611661319,UTA,Utah Starzz,1029700072,1997-08-02,UTA vs. HOU,W,19,0,0,,0,0,,1,2,0.5,0,0,0,3,0,1,1,2,1,,7.5,0
21997,100058,Vicky Bullett,1611661314,CHA,Charlotte Sting,1029700073,1997-08-03,CHA @ LAS,W,39,6,14,0.429,0,1,0.0,0,0,,1,2,3,4,4,4,3,3,12,,42.6,0
21997,100059,Andrea Stinson,1611661314,CHA,Charlotte Sting,1029700073,1997-08-03,CHA @ LAS,W,38,9,15,0.6,1,1,1.0,0,0,,1,6,7,7,1,0,5,1,19,,35.9,0
21997,100060,Rhonda Mapp,1611661314,CHA,Charlotte Sting,1029700073,1997-08-03,CHA @ LAS,W,32,6,11,0.545,1,1,1.0,8,10,0.8,0,1,1,1,0,0,5,4,21,,18.7,0
21997,100062,Tora Suber,1611661314,CHA,Charlotte Sting,1029700073,1997-08-03,CHA @ LAS,W,26,4,7,0.571,2,4,0.5,2,2,1.0,0,3,3,4,0,0,1,3,12,,20.6,0
21997,100063,Sharon Manning,1611661314,CHA,Charlotte Sting,1029700073,1997-08-03,CHA @ LAS,W,8,0,2,0.0,0,0,,0,0,,0,0,0,0,1,1,2,0,0,,4.0,0
21997,100065,Andrea Congreaves,1611661314,CHA,Charlotte Sting,1029700073,1997-08-03,CHA @ LAS,W,13,0,0,,0,0,,2,2,1.0,0,3,3,0,1,0,0,0,2,,8.6,0
21997,100067,Katasha Artis,1611661314,CHA,Charlotte Sting,1029700073,1997-08-03,CHA @ LAS,W,4,0,1,0.0,0,0,,0,0,,0,0,0,0,0,0,0,1,0,,0.0,0
21997,100155,Nicole Levesque,1611661314,CHA,Charlotte Sting,1029700073,1997-08-03,CHA @ LAS,W,24,2,4,0.5,2,4,0.5,0,0,,1,0,1,2,1,0,2,1,6,,11.2,0
21997,100374,Penny Moore,1611661314,CHA,Charlotte Sting,1029700073,1997-08-03,CHA @ LAS,W,16,2,3,0.667,1,1,1.0,0,0,,0,2,2,0,0,1,0,0,5,,10.4,0
21997,100003,Lisa Leslie,1611661320,LAS,Los Angeles Sparks,1029700073,1997-08-03,LAS vs. CHA,L,33,5,11,0.455,0,3,0.0,4,6,0.667,1,9,10,5,4,3,3,4,14,,51.5,0
21997,100004,Penny Toler,1611661320,LAS,Los Angeles Sparks,1029700073,1997-08-03,LAS vs. CHA,L,36,8,15,0.533,0,2,0.0,3,4,0.75,2,3,5,7,2,0,3,3,19,,38.5,0
21997,100005,Daedra Charles,1611661320,LAS,Los Angeles Sparks,1029700073,1997-08-03,LAS vs. CHA,L,3,0,1,0.0,0,0,,0,0,,0,0,0,0,1,0,1,1,0,,2.0,0
21997,100006,Haixia Zheng,1611661320,LAS,Los Angeles Sparks,1029700073,1997-08-03,LAS vs. CHA,L,31,5,9,0.556,0,0,,1,2,0.5,3,3,6,0,0,0,3,4,11,,15.2,0
21997,100007,Jamila Wideman,1611661320,LAS,Los Angeles Sparks,1029700073,1997-08-03,LAS vs. CHA,L,7,0,1,0.0,0,1,0.0,2,2,1.0,1,0,1,0,0,0,1,0,2,,2.2,0
21997,100008,Tamecka Dixon,1611661320,LAS,Los Angeles Sparks,1029700073,1997-08-03,LAS vs. CHA,L,36,8,15,0.533,1,1,1.0,1,2,0.5,1,2,3,2,5,0,2,1,18,,37.6,0
21997,100009,Katrina Colleton,1611661320,LAS,Los Angeles Sparks,1029700073,1997-08-03,LAS vs. CHA,L,29,2,6,0.333,0,0,,0,0,,1,1,2,1,0,1,2,1,4,,8.9,0
21997,100011,Linda Burgess,1611661320,LAS,Los Angeles Sparks,1029700073,1997-08-03,LAS vs. CHA,L,7,0,0,,0,0,,0,0,,0,1,1,0,0,0,2,1,0,,-0.8,0
21997,100012,Mwadi Mabika,1611661320,LAS,Los Angeles Sparks,1029700073,1997-08-03,LAS vs. CHA,L,6,1,2,0.5,0,1,0.0,0,0,,0,0,0,0,0,0,0,0,2,,2.0,0
21997,100156,Heidi Burge,1611661320,LAS,Los Angeles Sparks,1029700073,1997-08-03,LAS vs. CHA,L,12,0,2,0.0,0,0,,0,0,,0,2,2,0,0,0,0,2,0,,2.4,0
21997,100019,Mikiko Hagiwara,1611661317,PHO,Phoenix Mercury,1029700074,1997-08-04,PHO vs. SAC,W,17,1,5,0.2,1,4,0.25,1,2,0.5,0,1,1,1,0,0,0,1,4,,6.7,0
21997,100029,Michele Timms,1611661317,PHO,Phoenix Mercury,1029700074,1997-08-04,PHO vs. SAC,W,36,1,5,0.2,0,3,0.0,1,2,0.5,0,2,2,3,4,0,4,4,3,,17.9,0
21997,100030,Jennifer Gillom,1611661317,PHO,Phoenix Mercury,1029700074,1997-08-04,PHO vs. SAC,W,27,2,7,0.286,0,1,0.0,10,14,0.714,2,4,6,0,0,0,0,2,14,,21.2,0
21997,100031,Bridget Pettis,1611661317,PHO,Phoenix Mercury,1029700074,1997-08-04,PHO vs. SAC,W,31,5,12,0.417,3,6,0.5,10,10,1.0,1,1,2,3,4,1,4,2,23,,40.9,0
21997,100032,Nancy Lieberman,1611661317,PHO,Phoenix Mercury,1029700074,1997-08-04,PHO vs. SAC,W,6,1,2,0.5,0,0,,0,0,,0,1,1,1,0,0,0,1,2,,4.7,0
21997,100033,Toni Foster,1611661317,PHO,Phoenix Mercury,1029700074,1997-08-04,PHO vs. SAC,W,33,6,8,0.75,0,0,,4,4,1.0,2,6,8,3,2,1,2,6,16,,37.1,0
21997,100034,Tia Jackson,1611661317,PHO,Phoenix Mercury,1029700074,1997-08-04,PHO vs. SAC,W,11,1,3,0.333,0,0,,1,2,0.5,0,1,1,0,2,0,0,1,3,,10.2,0
21997,100035,Umeki Webb,1611661317,PHO,Phoenix Mercury,1029700074,1997-08-04,PHO vs. SAC,W,20,2,5,0.4,0,0,,2,2,1.0,0,3,3,1,3,1,1,4,6,,22.1,0
21997,100036,Monique Ambers,1611661317,PHO,Phoenix Mercury,1029700074,1997-08-04,PHO vs. SAC,W,1,0,0,,0,0,,0,0,,0,1,1,0,0,0,0,0,0,,1.2,0
21997,100037,Marlies Askamp,1611661317,PHO,Phoenix Mercury,1029700074,1997-08-04,PHO vs. SAC,W,18,3,6,0.5,0,1,0.0,6,9,0.667,3,3,6,3,0,1,0,0,12,,26.7,0
21997,100016,Ruthie Bolton,1611661318,SAC,Sacramento Monarchs,1029700074,1997-08-04,SAC @ PHO,L,32,8,14,0.571,4,8,0.5,2,6,0.333,1,4,5,2,0,0,4,5,22,,27.0,0
21997,100017,Bridgette Gordon,1611661318,SAC,Sacramento Monarchs,1029700074,1997-08-04,SAC @ PHO,L,38,1,9,0.111,0,1,0.0,4,4,1.0,1,2,3,5,2,0,4,3,6,,19.1,0
21997,100020,Pam McGee,1611661318,SAC,Sacramento Monarchs,1029700074,1997-08-04,SAC @ PHO,L,23,6,11,0.545,0,0,,1,3,0.333,3,1,4,0,1,1,3,6,13,,20.8,0
21997,100021,Denique Graves,1611661318,SAC,Sacramento Monarchs,1029700074,1997-08-04,SAC @ PHO,L,2,0,1,0.0,0,0,,0,0,,0,0,0,0,0,0,1,1,0,,-1.0,0
21997,100022,Chantel Tremitiere,1611661318,SAC,Sacramento Monarchs,1029700074,1997-08-04,SAC @ PHO,L,40,3,8,0.375,1,1,1.0,2,2,1.0,1,4,5,2,1,0,6,4,9,,15.0,0
21997,100023,Tajama Abraham,1611661318,SAC,Sacramento Monarchs,1029700074,1997-08-04,SAC @ PHO,L,12,0,2,0.0,0,0,,1,3,0.333,1,0,1,0,0,0,0,3,1,,2.2,0
21997,100027,Latasha Byears,1611661318,SAC,Sacramento Monarchs,1029700074,1997-08-04,SAC @ PHO,L,31,2,8,0.25,0,0,,3,4,0.75,5,7,12,1,0,0,5,6,7,,17.9,0
21997,100028,Danielle Viglione,1611661318,SAC,Sacramento Monarchs,1029700074,1997-08-04,SAC @ PHO,L,5,0,1,0.0,0,1,0.0,0,0,,0,1,1,0,0,0,0,1,0,,1.2,0
21997,100161,Laure Savasta,1611661318,SAC,Sacramento Monarchs,1029700074,1997-08-04,SAC @ PHO,L,7,0,1,0.0,0,0,,0,0,,0,0,0,0,0,0,0,0,0,,0.0,0
21997,100162,Margo Clark,1611661318,SAC,Sacramento Monarchs,1029700074,1997-08-04,SAC @ PHO,L,10,1,2,0.5,0,1,0.0,0,0,,0,2,2,0,0,0,1,3,2,,3.4,0
21997,100058,Vicky Bullett,1611661314,CHA,Charlotte Sting,1029700075,1997-08-04,CHA @ UTA,L,35,6,16,0.375,0,0,,1,2,0.5,6,4,10,3,2,0,3,4,13,,32.5,0
21997,100059,Andrea Stinson,1611661314,CHA,Charlotte Sting,1029700075,1997-08-04,CHA @ UTA,L,40,6,15,0.4,0,1,0.0,3,4,0.75,3,3,6,4,2,5,0,1,15,,49.2,0
21997,100060,Rhonda Mapp,1611661314,CHA,Charlotte Sting,1029700075,1997-08-04,CHA @ UTA,L,24,1,4,0.25,0,0,,3,4,0.75,0,3,3,4,0,0,2,4,5,,12.6,0
21997,100062,Tora Suber,1611661314,CHA,Charlotte Sting,1029700075,1997-08-04,CHA @ UTA,L,23,4,6,0.667,3,4,0.75,0,2,0.0,0,3,3,1,3,0,1,0,11,,24.1,0
21997,100063,Sharon Manning,1611661314,CHA,Charlotte Sting,1029700075,1997-08-04,CHA @ UTA,L,19,5,9,0.556,0,0,,1,2,0.5,3,3,6,0,0,0,1,1,11,,17.2,0
21997,100065,Andrea Congreaves,1611661314,CHA,Charlotte Sting,1029700075,1997-08-04,CHA @ UTA,L,8,1,2,0.5,0,0,,0,0,,0,0,0,0,0,0,0,1,2,,2.0,0
21997,100067,Katasha Artis,1611661314,CHA,Charlotte Sting,1029700075,1997-08-04,CHA @ UTA,L,2,1,1,1.0,0,0,,0,0,,0,0,0,0,0,0,1,0,2,,1.0,0
21997,100071,Susie Hopson-Shelton,1611661314,CHA,Charlotte Sting,1029700075,1997-08-04,CHA @ UTA,L,2,1,1,1.0,0,0,,0,0,,0,0,0,1,0,0,0,0,2,,3.5,0
21997,100155,Nicole Levesque,1611661314,CHA,Charlotte Sting,1029700075,1997-08-04,CHA @ UTA,L,21,1,5,0.2,1,4,0.25,0,0,,0,1,1,1,1,0,4,2,3,,4.7,0
21997,100374,Penny Moore,1611661314,CHA,Charlotte Sting,1029700075,1997-08-04,CHA @ UTA,L,26,3,8,0.375,0,1,0.0,0,0,,1,1,2,0,0,0,2,1,6,,6.4,0
21997,100043,Elena Baranova,1611661319,UTA,Utah Starzz,1029700075,1997-08-04,UTA vs. CHA,W,33,6,13,0.462,3,7,0.429,2,2,1.0,0,5,5,2,2,2,3,4,17,,35.0,0
21997,100044,Lady Grooms,1611661319,UTA,Utah Starzz,1029700075,1997-08-04,UTA vs. CHA,W,26,3,7,0.429,0,0,,0,0,,0,4,4,4,3,0,3,0,6,,22.8,0
21997,100045,Dena Head,1611661319,UTA,Utah Starzz,1029700075,1997-08-04,UTA vs. CHA,W,15,2,5,0.4,0,1,0.0,0,0,,0,2,2,2,0,0,2,2,4,,7.4,0
21997,100046,Wendy Palmer,1611661319,UTA,Utah Starzz,1029700075,1997-08-04,UTA vs. CHA,W,32,3,9,0.333,0,1,0.0,3,3,1.0,1,8,9,4,0,0,3,2,9,,22.8,0
21997,100047,Tammi Reiss,1611661319,UTA,Utah Starzz,1029700075,1997-08-04,UTA vs. CHA,W,38,5,9,0.556,3,3,1.0,4,6,0.667,0,2,2,8,1,0,1,1,17,,33.4,0
21997,100048,Jessie Hicks,1611661319,UTA,Utah Starzz,1029700075,1997-08-04,UTA vs. CHA,W,15,3,4,0.75,0,0,,0,2,0.0,1,1,2,1,2,1,1,3,6,,17.9,0
21997,100050,Kim Williams,1611661319,UTA,Utah Starzz,1029700075,1997-08-04,UTA vs. CHA,W,12,4,5,0.8,0,0,,0,0,,3,3,6,1,1,0,1,1,8,,18.7,0
21997,100053,Karen Booker,1611661319,UTA,Utah Starzz,1029700075,1997-08-04,UTA vs. CHA,W,3,0,1,0.0,0,0,,0,0,,0,0,0,1,0,0,0,0,0,,1.5,0
21997,100055,Greta Koss,1611661319,UTA,Utah Starzz,1029700075,1997-08-04,UTA vs. CHA,W,26,2,2,1.0,0,0,,2,2,1.0,0,0,0,0,1,1,1,0,6,,11.0,0
21997,100087,Janice Braxton,1611661315,CLE,Cleveland Rockers,1029700076,1997-08-05,CLE vs. HOU,L,36,4,8,0.5,0,0,,6,6,1.0,0,6,6,2,2,1,5,5,14,,28.2,0
21997,100088,Michelle Edwards,1611661315,CLE,Cleveland Rockers,1029700076,1997-08-05,CLE vs. HOU,L,40,7,14,0.5,0,0,,3,4,0.75,1,2,3,7,3,0,7,2,17,,33.1,0
21997,100089,Isabelle Fijalkowski,1611661315,CLE,Cleveland Rockers,1029700076,1997-08-05,CLE vs. HOU,L,21,1,4,0.25,0,0,,3,3,1.0,1,3,4,2,2,0,1,6,5,,17.8,0
21997,100090,Lynette Woodard,1611661315,CLE,Cleveland Rockers,1029700076,1997-08-05,CLE vs. HOU,L,22,1,5,0.2,0,1,0.0,0,0,,0,1,1,2,1,1,1,0,2,,11.2,0
21997,100091,Eva Nemcova,1611661315,CLE,Cleveland Rockers,1029700076,1997-08-05,CLE vs. HOU,L,38,5,9,0.556,1,3,0.333,1,1,1.0,0,0,0,1,3,1,3,3,12,,22.5,0
21997,100092,Merlakia Jones,1611661315,CLE,Cleveland Rockers,1029700076,1997-08-05,CLE vs. HOU,L,23,2,7,0.286,1,1,1.0,2,4,0.5,2,0,2,1,1,0,1,2,7,,12.9,0
21997,100097,Rushia Brown,1611661315,CLE,Cleveland Rockers,1029700076,1997-08-05,CLE vs. HOU,L,20,1,2,0.5,0,0,,7,10,0.7,1,0,1,0,0,2,0,5,9,,16.2,0
21997,100073,Cynthia Cooper,1611661316,HOU,Houston Comets,1029700076,1997-08-05,HOU @ CLE,W,37,8,13,0.615,4,6,0.667,10,11,0.909,1,3,4,6,3,1,4,3,30,,51.8,0
21997,100074,Wanda Guyton,1611661316,HOU,Houston Comets,1029700076,1997-08-05,HOU @ CLE,W,31,1,6,0.167,0,0,,0,0,,2,5,7,0,1,1,2,5,2,,14.4,0
21997,100075,Janeth Arcain,1611661316,HOU,Houston Comets,1029700076,1997-08-05,HOU @ CLE,W,33,4,8,0.5,0,1,0.0,6,6,1.0,3,5,8,4,2,0,4,3,14,,31.6,0
21997,100076,Tina Thompson,1611661316,HOU,Houston Comets,1029700076,1997-08-05,HOU @ CLE,W,24,4,7,0.571,1,4,0.25,3,5,0.6,3,2,5,1,0,1,5,4,12,,17.5,0
21997,100077,Tammy Jackson,1611661316,HOU,Houston Comets,1029700076,1997-08-05,HOU @ CLE,W,21,3,5,0.6,0,0,,2,6,0.333,2,3,5,0,2,0,3,3,8,,17.0,0
21997,100083,Kim Perrot,1611661316,HOU,Houston Comets,1029700076,1997-08-05,HOU @ CLE,W,33,3,6,0.5,2,5,0.4,0,0,,1,1,2,1,3,0,1,2,8,,19.9,0
21997,100084,Fran Harris,1611661316,HOU,Houston Comets,1029700076,1997-08-05,HOU @ CLE,W,11,0,4,0.0,0,0,,2,2,1.0,1,0,1,0,0,0,0,1,2,,3.2,0
21997,100085,Yolanda Moore,1611661316,HOU,Houston Comets,1029700076,1997-08-05,HOU @ CLE,W,3,0,1,0.0,0,0,,0,0,,0,0,0,0,0,0,0,1,0,,0.0,0
21997,100086,Tiffany Woosley,1611661316,HOU,Houston Comets,1029700076,1997-08-05,HOU @ CLE,W,7,0,1,0.0,0,0,,0,0,,1,0,1,1,0,0,0,1,0,,2.7,0
21997,100002,Rebecca Lobo,1611661313,NYL,New York Liberty,1029700077,1997-08-05,NYL vs. LAS,L,34,2,14,0.143,0,4,0.0,0,2,0.0,2,8,10,2,2,0,3,4,4,,22.0,0
21997,100101,Teresa Weatherspoon,1611661313,NYL,New York Liberty,1029700077,1997-08-05,NYL vs. LAS,L,33,2,5,0.4,0,0,,0,0,,0,9,9,3,4,0,4,5,4,,27.3,0
21997,100102,Kym Hampton,1611661313,NYL,New York Liberty,1029700077,1997-08-05,NYL vs. LAS,L,25,4,10,0.4,0,0,,4,6,0.667,2,6,8,2,1,1,4,2,12,,26.6,0
21997,100103,Vickie Johnson,1611661313,NYL,New York Liberty,1029700077,1997-08-05,NYL vs. LAS,L,34,4,10,0.4,0,0,,0,0,,2,0,2,3,0,0,2,3,8,,12.9,0
21997,100104,Sue Wicks,1611661313,NYL,New York Liberty,1029700077,1997-08-05,NYL vs. LAS,L,13,2,7,0.286,0,0,,0,0,,6,1,7,1,0,1,1,1,4,,15.9,0
21997,100105,Sophia Witherspoon,1611661313,NYL,New York Liberty,1029700077,1997-08-05,NYL vs. LAS,L,27,5,17,0.294,2,5,0.4,0,3,0.0,1,0,1,1,1,0,3,1,12,,14.7,0
21997,100106,Trena Trice-Hill,1611661313,NYL,New York Liberty,1029700077,1997-08-05,NYL vs. LAS,L,9,0,1,0.0,0,0,,0,0,,1,0,1,0,0,0,3,3,0,,-1.8,0
21997,100107,Kisha Ford,1611661313,NYL,New York Liberty,1029700077,1997-08-05,NYL vs. LAS,L,12,0,0,,0,0,,1,2,0.5,0,0,0,0,1,0,2,2,1,,2.0,0
21997,100108,Rhonda Blades,1611661313,NYL,New York Liberty,1029700077,1997-08-05,NYL vs. LAS,L,13,2,6,0.333,1,3,0.333,0,0,,0,0,0,2,0,0,1,1,5,,7.0,0
21997,100003,Lisa Leslie,1611661320,LAS,Los Angeles Sparks,1029700077,1997-08-05,LAS @ NYL,W,26,3,8,0.375,0,0,,4,5,0.8,3,11,14,0,0,3,5,5,10,,30.8,0
21997,100004,Penny Toler,1611661320,LAS,Los Angeles Sparks,1029700077,1997-08-05,LAS @ NYL,W,26,5,10,0.5,0,0,,6,6,1.0,0,1,1,3,2,0,3,1,16,,24.7,0
21997,100005,Daedra Charles,1611661320,LAS,Los Angeles Sparks,1029700077,1997-08-05,LAS @ NYL,W,16,0,3,0.0,0,0,,2,2,1.0,1,3,4,0,0,0,0,2,2,,6.8,0
21997,100006,Haixia Zheng,1611661320,LAS,Los Angeles Sparks,1029700077,1997-08-05,LAS @ NYL,W,20,3,7,0.429,0,0,,0,0,,1,5,6,1,1,0,2,3,6,,15.7,0
21997,100007,Jamila Wideman,1611661320,LAS,Los Angeles Sparks,1029700077,1997-08-05,LAS @ NYL,W,17,1,4,0.25,0,0,,0,0,,0,0,0,0,3,0,2,0,2,,9.0,0
21997,100008,Tamecka Dixon,1611661320,LAS,Los Angeles Sparks,1029700077,1997-08-05,LAS @ NYL,W,33,7,14,0.5,0,0,,2,2,1.0,1,4,5,0,2,1,3,2,16,,28.0,0
21997,100009,Katrina Colleton,1611661320,LAS,Los Angeles Sparks,1029700077,1997-08-05,LAS @ NYL,W,35,3,7,0.429,0,1,0.0,2,2,1.0,1,2,3,1,5,0,2,1,8,,26.1,0
21997,100011,Linda Burgess,1611661320,LAS,Los Angeles Sparks,1029700077,1997-08-05,LAS @ NYL,W,14,2,2,1.0,0,0,,1,2,0.5,2,4,6,0,0,0,2,1,5,,10.2,0
21997,100156,Heidi Burge,1611661320,LAS,Los Angeles Sparks,1029700077,1997-08-05,LAS @ NYL,W,13,1,4,0.25,0,0,,0,2,0.0,0,2,2,1,0,2,2,3,2,,9.9,0
21997,100019,Mikiko Hagiwara,1611661317,PHO,Phoenix Mercury,1029700078,1997-08-06,PHO vs. UTA,W,17,2,3,0.667,2,3,0.667,0,0,,0,2,2,0,0,0,3,0,6,,5.4,0
21997,100029,Michele Timms,1611661317,PHO,Phoenix Mercury,1029700078,1997-08-06,PHO vs. UTA,W,33,6,14,0.429,2,6,0.333,4,4,1.0,0,3,3,7,3,2,3,3,18,,44.1,0
21997,100030,Jennifer Gillom,1611661317,PHO,Phoenix Mercury,1029700078,1997-08-06,PHO vs. UTA,W,20,5,8,0.625,0,0,,1,2,0.5,0,3,3,0,1,0,0,1,11,,17.6,0
21997,100031,Bridget Pettis,1611661317,PHO,Phoenix Mercury,1029700078,1997-08-06,PHO vs. UTA,W,31,3,9,0.333,1,4,0.25,0,0,,2,6,8,5,3,1,2,0,7,,34.1,0
21997,100032,Nancy Lieberman,1611661317,PHO,Phoenix Mercury,1029700078,1997-08-06,PHO vs. UTA,W,7,0,0,,0,0,,0,0,,0,0,0,4,0,0,2,1,0,,4.0,0
21997,100033,Toni Foster,1611661317,PHO,Phoenix Mercury,1029700078,1997-08-06,PHO vs. UTA,W,33,6,11,0.545,0,1,0.0,3,5,0.6,4,3,7,0,2,1,3,1,15,,29.4,0
21997,100034,Tia Jackson,1611661317,PHO,Phoenix Mercury,1029700078,1997-08-06,PHO vs. UTA,W,12,2,3,0.667,0,1,0.0,1,1,1.0,0,0,0,0,1,1,3,2,5,,8.0,0
21997,100035,Umeki Webb,1611661317,PHO,Phoenix Mercury,1029700078,1997-08-06,PHO vs. UTA,W,25,0,10,0.0,0,1,0.0,4,4,1.0,3,6,9,3,3,1,1,3,4,,30.3,0
21997,100036,Monique Ambers,1611661317,PHO,Phoenix Mercury,1029700078,1997-08-06,PHO vs. UTA,W,3,0,0,,0,0,,0,0,,0,1,1,0,0,0,0,2,0,,1.2,0
21997,100037,Marlies Askamp,1611661317,PHO,Phoenix Mercury,1029700078,1997-08-06,PHO vs. UTA,W,19,4,6,0.667,0,0,,4,6,0.667,4,5,9,2,1,0,2,3,12,,26.8,0
21997,100043,Elena Baranova,1611661319,UTA,Utah Starzz,1029700078,1997-08-06,UTA @ PHO,L,28,7,13,0.538,2,8,0.25,0,0,,0,5,5,3,2,1,7,4,16,,28.5,0
21997,100044,Lady Grooms,1611661319,UTA,Utah Starzz,1029700078,1997-08-06,UTA @ PHO,L,26,2,7,0.286,0,0,,0,0,,0,1,1,1,2,0,3,2,4,,9.7,0
21997,100045,Dena Head,1611661319,UTA,Utah Starzz,1029700078,1997-08-06,UTA @ PHO,L,7,0,1,0.0,0,0,,0,0,,0,1,1,0,0,0,2,2,0,,-0.8,0
21997,100046,Wendy Palmer,1611661319,UTA,Utah Starzz,1029700078,1997-08-06,UTA @ PHO,L,31,4,13,0.308,1,2,0.5,4,7,0.571,1,4,5,1,4,0,0,3,13,,32.5,0
21997,100047,Tammi Reiss,1611661319,UTA,Utah Starzz,1029700078,1997-08-06,UTA @ PHO,L,32,0,6,0.0,0,2,0.0,1,2,0.5,1,1,2,5,1,0,3,2,1,,10.9,0
21997,100048,Jessie Hicks,1611661319,UTA,Utah Starzz,1029700078,1997-08-06,UTA @ PHO,L,15,0,2,0.0,0,0,,0,0,,0,2,2,0,1,0,1,5,0,,4.4,0
21997,100050,Kim Williams,1611661319,UTA,Utah Starzz,1029700078,1997-08-06,UTA @ PHO,L,20,2,6,0.333,0,1,0.0,0,0,,0,1,1,1,1,0,2,2,4,,7.7,0
21997,100051,Megan Compain,1611661319,UTA,Utah Starzz,1029700078,1997-08-06,UTA @ PHO,L,5,0,2,0.0,0,2,0.0,0,0,,0,0,0,0,1,0,0,1,0,,3.0,0
21997,100053,Karen Booker,1611661319,UTA,Utah Starzz,1029700078,1997-08-06,UTA @ PHO,L,5,0,2,0.0,0,0,,0,0,,0,0,0,1,0,2,0,2,0,,7.5,0
21997,100055,Greta Koss,1611661319,UTA,Utah Starzz,1029700078,1997-08-06,UTA @ PHO,L,31,4,6,0.667,0,0,,0,0,,0,2,2,0,1,0,2,0,8,,11.4,0
21997,100058,Vicky Bullett,1611661314,CHA,Charlotte Sting,1029700079,1997-08-06,CHA @ SAC,L,37,7,15,0.467,0,1,0.0,5,5,1.0,5,4,9,3,2,4,3,2,19,,49.3,0
21997,100059,Andrea Stinson,1611661314,CHA,Charlotte Sting,1029700079,1997-08-06,CHA @ SAC,L,40,7,21,0.333,0,4,0.0,1,2,0.5,1,3,4,5,1,1,4,3,15,,29.3,0
21997,100060,Rhonda Mapp,1611661314,CHA,Charlotte Sting,1029700079,1997-08-06,CHA @ SAC,L,29,6,10,0.6,0,0,,3,6,0.5,2,4,6,2,0,0,3,5,15,,22.2,0
21997,100062,Tora Suber,1611661314,CHA,Charlotte Sting,1029700079,1997-08-06,CHA @ SAC,L,20,0,2,0.0,0,2,0.0,0,0,,0,0,0,2,0,0,1,2,0,,2.0,0
21997,100063,Sharon Manning,1611661314,CHA,Charlotte Sting,1029700079,1997-08-06,CHA @ SAC,L,11,0,3,0.0,0,0,,0,2,0.0,2,0,2,1,1,0,2,1,0,,4.9,0
21997,100065,Andrea Congreaves,1611661314,CHA,Charlotte Sting,1029700079,1997-08-06,CHA @ SAC,L,36,5,8,0.625,1,1,1.0,4,4,1.0,2,4,6,2,1,1,1,0,15,,30.2,0
21997,100067,Katasha Artis,1611661314,CHA,Charlotte Sting,1029700079,1997-08-06,CHA @ SAC,L,4,0,0,,0,0,,0,0,,0,0,0,0,1,0,0,1,0,,3.0,0
21997,100155,Nicole Levesque,1611661314,CHA,Charlotte Sting,1029700079,1997-08-06,CHA @ SAC,L,20,0,1,0.0,0,0,,0,0,,1,0,1,1,0,0,1,0,0,,1.7,0
21997,100374,Penny Moore,1611661314,CHA,Charlotte Sting,1029700079,1997-08-06,CHA @ SAC,L,3,0,1,0.0,0,0,,0,0,,0,1,1,0,0,0,0,1,0,,1.2,0
21997,100016,Ruthie Bolton,1611661318,SAC,Sacramento Monarchs,1029700079,1997-08-06,SAC vs. CHA,W,37,9,21,0.429,4,6,0.667,2,4,0.5,2,3,5,5,3,0,0,2,24,,46.5,0
21997,100017,Bridgette Gordon,1611661318,SAC,Sacramento Monarchs,1029700079,1997-08-06,SAC vs. CHA,W,35,6,14,0.429,0,1,0.0,7,10,0.7,6,3,9,3,1,0,3,3,19,,34.3,0
21997,100020,Pam McGee,1611661318,SAC,Sacramento Monarchs,1029700079,1997-08-06,SAC vs. CHA,W,32,5,11,0.455,0,0,,2,2,1.0,1,3,4,2,0,1,2,4,12,,20.8,0
21997,100021,Denique Graves,1611661318,SAC,Sacramento Monarchs,1029700079,1997-08-06,SAC vs. CHA,W,3,0,0,,0,0,,0,0,,0,2,2,0,0,1,1,1,0,,4.4,0
21997,100022,Chantel Tremitiere,1611661318,SAC,Sacramento Monarchs,1029700079,1997-08-06,SAC vs. CHA,W,40,2,4,0.5,0,1,0.0,2,2,1.0,0,6,6,3,2,0,4,3,6,,19.7,0
21997,100023,Tajama Abraham,1611661318,SAC,Sacramento Monarchs,1029700079,1997-08-06,SAC vs. CHA,W,16,2,3,0.667,0,0,,0,0,,0,1,1,1,0,0,1,0,4,,5.7,0
21997,100024,Corissa Yasen,1611661318,SAC,Sacramento Monarchs,1029700079,1997-08-06,SAC vs. CHA,W,12,1,3,0.333,0,0,,0,0,,1,0,1,1,0,0,0,2,2,,4.7,0
21997,100027,Latasha Byears,1611661318,SAC,Sacramento Monarchs,1029700079,1997-08-06,SAC vs. CHA,W,25,5,8,0.625,0,0,,0,0,,3,3,6,4,2,1,5,6,10,,27.2,0
21997,100087,Janice Braxton,1611661315,CLE,Cleveland Rockers,1029700080,1997-08-07,CLE vs. LAS,L,36,2,10,0.2,0,0,,6,9,0.667,1,6,7,0,1,0,1,4,10,,20.4,0
21997,100088,Michelle Edwards,1611661315,CLE,Cleveland Rockers,1029700080,1997-08-07,CLE vs. LAS,L,46,5,11,0.455,1,4,0.25,3,8,0.375,0,3,3,5,2,0,4,3,14,,27.1,0
21997,100089,Isabelle Fijalkowski,1611661315,CLE,Cleveland Rockers,1029700080,1997-08-07,CLE vs. LAS,L,30,4,14,0.286,0,0,,5,6,0.833,5,5,10,3,0,0,2,6,13,,27.5,0
21997,100090,Lynette Woodard,1611661315,CLE,Cleveland Rockers,1029700080,1997-08-07,CLE vs. LAS,L,37,2,14,0.143,0,1,0.0,2,4,0.5,4,4,8,5,2,0,3,5,6,,26.1,0
21997,100091,Eva Nemcova,1611661315,CLE,Cleveland Rockers,1029700080,1997-08-07,CLE vs. LAS,L,46,8,18,0.444,2,6,0.333,4,4,1.0,5,3,8,1,1,0,1,1,22,,35.1,0
21997,100092,Merlakia Jones,1611661315,CLE,Cleveland Rockers,1029700080,1997-08-07,CLE vs. LAS,L,13,2,6,0.333,0,0,,4,4,1.0,2,2,4,0,0,0,0,0,8,,12.8,0
21997,100093,Tina Nicholson,1611661315,CLE,Cleveland Rockers,1029700080,1997-08-07,CLE vs. LAS,L,4,0,1,0.0,0,1,0.0,0,0,,0,0,0,0,0,0,1,0,0,,-1.0,0
21997,100097,Rushia Brown,1611661315,CLE,Cleveland Rockers,1029700080,1997-08-07,CLE vs. LAS,L,34,4,10,0.4,0,0,,3,3,1.0,4,3,7,0,2,1,0,5,11,,28.4,0
21997,100100,Adrienne Johnson,1611661315,CLE,Cleveland Rockers,1029700080,1997-08-07,CLE vs. LAS,L,4,0,2,0.0,0,0,,0,0,,2,0,2,0,0,0,2,0,0,,0.4,0
21997,100003,Lisa Leslie,1611661320,LAS,Los Angeles Sparks,1029700080,1997-08-07,LAS @ CLE,W,34,7,16,0.438,2,2,1.0,1,6,0.167,4,10,14,5,1,4,3,5,17,,53.3,0
21997,100004,Penny Toler,1611661320,LAS,Los Angeles Sparks,1029700080,1997-08-07,LAS @ CLE,W,32,4,12,0.333,0,1,0.0,1,2,0.5,0,2,2,3,2,0,2,6,9,,19.9,0
21997,100005,Daedra Charles,1611661320,LAS,Los Angeles Sparks,1029700080,1997-08-07,LAS @ CLE,W,12,0,2,0.0,0,0,,2,2,1.0,1,2,3,0,1,0,1,3,2,,7.6,0
21997,100006,Haixia Zheng,1611661320,LAS,Los Angeles Sparks,1029700080,1997-08-07,LAS @ CLE,W,36,10,14,0.714,0,0,,2,3,0.667,3,4,7,1,1,2,1,5,22,,39.9,0
21997,100007,Jamila Wideman,1611661320,LAS,Los Angeles Sparks,1029700080,1997-08-07,LAS @ CLE,W,22,1,2,0.5,0,0,,0,0,,0,4,4,3,1,0,2,2,2,,12.3,0
21997,100008,Tamecka Dixon,1611661320,LAS,Los Angeles Sparks,1029700080,1997-08-07,LAS @ CLE,W,44,7,12,0.583,0,1,0.0,9,12,0.75,0,2,2,3,1,0,3,5,23,,29.9,0
21997,100009,Katrina Colleton,1611661320,LAS,Los Angeles Sparks,1029700080,1997-08-07,LAS @ CLE,W,42,2,6,0.333,0,1,0.0,0,0,,0,1,1,4,1,0,4,5,4,,10.2,0
21997,100011,Linda Burgess,1611661320,LAS,Los Angeles Sparks,1029700080,1997-08-07,LAS @ CLE,W,24,4,7,0.571,0,0,,0,0,,1,5,6,1,1,1,1,1,8,,21.7,0
21997,100156,Heidi Burge,1611661320,LAS,Los Angeles Sparks,1029700080,1997-08-07,LAS @ CLE,W,4,0,0,,0,0,,0,0,,0,0,0,1,0,0,1,1,0,,0.5,0
21997,100072,Sheryl Swoopes,1611661316,HOU,Houston Comets,1029700081,1997-08-07,HOU vs. PHO,W,5,0,0,,0,0,,0,0,,0,0,0,0,0,0,0,0,0,,0.0,0
21997,100073,Cynthia Cooper,1611661316,HOU,Houston Comets,1029700081,1997-08-07,HOU vs. PHO,W,33,10,16,0.625,4,8,0.5,10,12,0.833,2,6,8,2,2,0,4,0,34,,48.6,0
21997,100074,Wanda Guyton,1611661316,HOU,Houston Comets,1029700081,1997-08-07,HOU vs. PHO,W,25,1,2,0.5,0,0,,1,2,0.5,2,1,3,0,1,0,1,2,3,,8.6,0
21997,100075,Janeth Arcain,1611661316,HOU,Houston Comets,1029700081,1997-08-07,HOU vs. PHO,W,28,7,12,0.583,0,1,0.0,1,2,0.5,1,2,3,0,3,0,4,0,15,,23.6,0
21997,100076,Tina Thompson,1611661316,HOU,Houston Comets,1029700081,1997-08-07,HOU vs. PHO,W,34,4,10,0.4,1,1,1.0,2,5,0.4,2,8,10,1,0,3,0,2,11,,33.5,0
21997,100077,Tammy Jackson,1611661316,HOU,Houston Comets,1029700081,1997-08-07,HOU vs. PHO,W,21,1,2,0.5,0,0,,2,2,1.0,1,0,1,0,1,1,0,3,4,,11.2,0
21997,100083,Kim Perrot,1611661316,HOU,Houston Comets,1029700081,1997-08-07,HOU vs. PHO,W,26,1,7,0.143,1,5,0.2,0,4,0.0,0,3,3,6,0,0,3,4,3,,12.6,0
21997,100084,Fran Harris,1611661316,HOU,Houston Comets,1029700081,1997-08-07,HOU vs. PHO,W,14,1,3,0.333,0,0,,0,0,,0,2,2,1,0,0,0,3,2,,5.9,0
21997,100086,Tiffany Woosley,1611661316,HOU,Houston Comets,1029700081,1997-08-07,HOU vs. PHO,W,14,1,4,0.25,0,1,0.0,0,0,,0,0,0,0,1,0,1,0,2,,4.0,0
21997,100019,Mikiko Hagiwara,1611661317,PHO,Phoenix Mercury,1029700081,1997-08-07,PHO @ HOU,L,22,2,4,0.5,1,3,0.333,2,2,1.0,1,2,3,0,0,0,1,1,7,,9.6,0
21997,100029,Michele Timms,1611661317,PHO,Phoenix Mercury,1029700081,1997-08-07,PHO @ HOU,L,38,8,16,0.5,3,7,0.429,5,6,0.833,0,6,6,4,1,0,3,5,24,,37.2,0
21997,100030,Jennifer Gillom,1611661317,PHO,Phoenix Mercury,1029700081,1997-08-07,PHO @ HOU,L,30,8,10,0.8,2,3,0.667,2,2,1.0,0,5,5,0,0,0,4,5,20,,22.0,0
21997,100031,Bridget Pettis,1611661317,PHO,Phoenix Mercury,1029700081,1997-08-07,PHO @ HOU,L,31,2,11,0.182,0,3,0.0,2,2,1.0,1,1,2,3,3,0,1,1,6,,20.9,0
21997,100033,Toni Foster,1611661317,PHO,Phoenix Mercury,1029700081,1997-08-07,PHO @ HOU,L,23,3,11,0.273,0,0,,1,2,0.5,1,5,6,1,1,0,0,3,7,,18.7,0
21997,100034,Tia Jackson,1611661317,PHO,Phoenix Mercury,1029700081,1997-08-07,PHO @ HOU,L,8,0,4,0.0,0,0,,0,0,,1,0,1,1,0,0,0,1,0,,2.7,0
21997,100035,Umeki Webb,1611661317,PHO,Phoenix Mercury,1029700081,1997-08-07,PHO @ HOU,L,26,1,3,0.333,0,0,,0,0,,1,1,2,0,3,1,3,5,2,,13.4,0
21997,100036,Monique Ambers,1611661317,PHO,Phoenix Mercury,1029700081,1997-08-07,PHO @ HOU,L,3,0,1,0.0,0,0,,0,0,,0,2,2,0,0,0,1,0,0,,1.4,0
21997,100037,Marlies Askamp,1611661317,PHO,Phoenix Mercury,1029700081,1997-08-07,PHO @ HOU,L,16,2,4,0.5,0,0,,0,0,,2,2,4,1,1,2,1,1,4,,18.3,0
21997,100038,Tara Williams,1611661317,PHO,Phoenix Mercury,1029700081,1997-08-07,PHO @ HOU,L,3,0,1,0.0,0,0,,0,0,,0,1,1,0,0,0,0,1,0,,1.2,0
21997,100016,Ruthie Bolton,1611661318,SAC,Sacramento Monarchs,1029700082,1997-08-08,SAC vs. UTA,W,37,11,18,0.611,5,9,0.556,7,8,0.875,1,3,4,5,3,0,1,1,34,,54.3,0
21997,100017,Bridgette Gordon,1611661318,SAC,Sacramento Monarchs,1029700082,1997-08-08,SAC vs. UTA,W,36,6,9,0.667,0,0,,1,1,1.0,2,3,5,3,0,0,1,2,13,,22.5,0
21997,100020,Pam McGee,1611661318,SAC,Sacramento Monarchs,1029700082,1997-08-08,SAC vs. UTA,W,22,4,7,0.571,0,1,0.0,5,7,0.714,1,3,4,2,0,2,2,5,13,,24.8,0
21997,100021,Denique Graves,1611661318,SAC,Sacramento Monarchs,1029700082,1997-08-08,SAC vs. UTA,W,1,0,0,,0,0,,0,0,,0,0,0,0,0,0,1,0,0,,-1.0,0
21997,100022,Chantel Tremitiere,1611661318,SAC,Sacramento Monarchs,1029700082,1997-08-08,SAC vs. UTA,W,37,5,9,0.556,0,0,,4,4,1.0,0,3,3,9,3,0,4,3,14,,36.1,0
21997,100023,Tajama Abraham,1611661318,SAC,Sacramento Monarchs,1029700082,1997-08-08,SAC vs. UTA,W,17,3,5,0.6,0,0,,2,2,1.0,0,3,3,0,0,1,3,2,8,,11.6,0
21997,100024,Corissa Yasen,1611661318,SAC,Sacramento Monarchs,1029700082,1997-08-08,SAC vs. UTA,W,7,0,2,0.0,0,0,,0,0,,0,1,1,0,1,0,0,0,0,,4.2,0
21997,100027,Latasha Byears,1611661318,SAC,Sacramento Monarchs,1029700082,1997-08-08,SAC vs. UTA,W,34,2,8,0.25,0,0,,7,10,0.7,5,6,11,2,2,0,2,4,11,,31.2,0
21997,100028,Danielle Viglione,1611661318,SAC,Sacramento Monarchs,1029700082,1997-08-08,SAC vs. UTA,W,6,0,0,,0,0,,0,0,,0,0,0,0,0,0,0,1,0,,0.0,0
21997,100161,Laure Savasta,1611661318,SAC,Sacramento Monarchs,1029700082,1997-08-08,SAC vs. UTA,W,3,0,1,0.0,0,1,0.0,0,0,,0,0,0,0,0,0,2,1,0,,-2.0,0
21997,100043,Elena Baranova,1611661319,UTA,Utah Starzz,1029700082,1997-08-08,UTA @ SAC,L,32,4,13,0.308,3,9,0.333,0,3,0.0,3,2,5,2,0,0,2,4,11,,18.0,0
21997,100044,Lady Grooms,1611661319,UTA,Utah Starzz,1029700082,1997-08-08,UTA @ SAC,L,19,3,3,1.0,0,0,,0,0,,0,2,2,4,0,0,2,3,6,,12.4,0
21997,100045,Dena Head,1611661319,UTA,Utah Starzz,1029700082,1997-08-08,UTA @ SAC,L,2,0,0,,0,0,,0,0,,0,1,1,1,0,0,2,0,0,,0.7,0
21997,100046,Wendy Palmer,1611661319,UTA,Utah Starzz,1029700082,1997-08-08,UTA @ SAC,L,34,8,20,0.4,0,1,0.0,9,12,0.75,7,2,9,3,3,0,2,3,25,,47.3,0
21997,100047,Tammi Reiss,1611661319,UTA,Utah Starzz,1029700082,1997-08-08,UTA @ SAC,L,40,4,12,0.333,0,4,0.0,5,5,1.0,1,2,3,4,0,0,5,3,13,,17.6,0
21997,100048,Jessie Hicks,1611661319,UTA,Utah Starzz,1029700082,1997-08-08,UTA @ SAC,L,14,1,5,0.2,0,0,,0,0,,0,1,1,2,0,0,0,1,2,,6.2,0
21997,100050,Kim Williams,1611661319,UTA,Utah Starzz,1029700082,1997-08-08,UTA @ SAC,L,30,7,12,0.583,0,0,,2,2,1.0,3,2,5,3,3,0,3,5,16,,32.5,0
21997,100051,Megan Compain,1611661319,UTA,Utah Starzz,1029700082,1997-08-08,UTA @ SAC,L,2,0,0,,0,0,,0,0,,0,0,0,0,1,1,1,2,0,,5.0,0
21997,100055,Greta Koss,1611661319,UTA,Utah Starzz,1029700082,1997-08-08,UTA @ SAC,L,27,2,4,0.5,0,0,,1,2,0.5,1,1,2,2,3,1,2,3,5,,20.4,0
21997,100072,Sheryl Swoopes,1611661316,HOU,Houston Comets,1029700083,1997-08-09,HOU vs. LAS,W,8,0,1,0.0,0,1,0.0,0,0,,0,0,0,0,0,1,0,0,0,,3.0,0
21997,100073,Cynthia Cooper,1611661316,HOU,Houston Comets,1029700083,1997-08-09,HOU vs. LAS,W,39,7,15,0.467,0,4,0.0,3,4,0.75,1,0,1,8,1,0,7,4,17,,26.2,0
21997,100074,Wanda Guyton,1611661316,HOU,Houston Comets,1029700083,1997-08-09,HOU vs. LAS,W,21,3,10,0.3,0,0,,1,4,0.25,6,0,6,0,4,0,0,3,7,,26.2,0
21997,100075,Janeth Arcain,1611661316,HOU,Houston Comets,1029700083,1997-08-09,HOU vs. LAS,W,31,2,4,0.5,0,0,,5,5,1.0,1,2,3,5,3,0,2,3,9,,27.1,0
21997,100076,Tina Thompson,1611661316,HOU,Houston Comets,1029700083,1997-08-09,HOU vs. LAS,W,37,6,13,0.462,2,3,0.667,0,1,0.0,6,4,10,0,2,1,4,3,14,,31.0,0
21997,100077,Tammy Jackson,1611661316,HOU,Houston Comets,1029700083,1997-08-09,HOU vs. LAS,W,21,2,4,0.5,0,0,,0,1,0.0,1,5,6,0,3,0,1,3,4,,19.2,0
21997,100083,Kim Perrot,1611661316,HOU,Houston Comets,1029700083,1997-08-09,HOU vs. LAS,W,32,7,14,0.5,4,10,0.4,1,4,0.25,1,2,3,2,3,0,3,2,19,,31.6,0
21997,100084,Fran Harris,1611661316,HOU,Houston Comets,1029700083,1997-08-09,HOU vs. LAS,W,8,1,3,0.333,0,1,0.0,0,0,,0,0,0,0,0,0,1,1,2,,1.0,0
21997,100086,Tiffany Woosley,1611661316,HOU,Houston Comets,1029700083,1997-08-09,HOU vs. LAS,W,3,0,1,0.0,0,1,0.0,0,0,,0,0,0,0,0,0,1,0,0,,-1.0,0
21997,100003,Lisa Leslie,1611661320,LAS,Los Angeles Sparks,1029700083,1997-08-09,LAS @ HOU,L,23,1,3,0.333,0,0,,1,2,0.5,0,6,6,2,0,2,5,5,3,,14.2,0
21997,100004,Penny Toler,1611661320,LAS,Los Angeles Sparks,1029700083,1997-08-09,LAS @ HOU,L,32,7,16,0.438,0,0,,4,4,1.0,2,1,3,4,1,0,4,1,18,,26.6,0
21997,100005,Daedra Charles,1611661320,LAS,Los Angeles Sparks,1029700083,1997-08-09,LAS @ HOU,L,5,1,3,0.333,0,0,,0,0,,2,0,2,0,0,0,0,0,2,,4.4,0
21997,100006,Haixia Zheng,1611661320,LAS,Los Angeles Sparks,1029700083,1997-08-09,LAS @ HOU,L,28,5,9,0.556,0,0,,2,2,1.0,3,4,7,1,0,2,5,5,12,,22.9,0
21997,100007,Jamila Wideman,1611661320,LAS,Los Angeles Sparks,1029700083,1997-08-09,LAS @ HOU,L,10,0,1,0.0,0,1,0.0,0,2,0.0,0,0,0,3,0,0,1,0,0,,3.5,0
21997,100008,Tamecka Dixon,1611661320,LAS,Los Angeles Sparks,1029700083,1997-08-09,LAS @ HOU,L,38,7,15,0.467,2,5,0.4,5,6,0.833,0,3,3,0,4,0,4,4,21,,32.6,0
21997,100009,Katrina Colleton,1611661320,LAS,Los Angeles Sparks,1029700083,1997-08-09,LAS @ HOU,L,30,2,3,0.667,2,2,1.0,1,2,0.5,0,3,3,2,3,0,1,3,7,,21.6,0
21997,100011,Linda Burgess,1611661320,LAS,Los Angeles Sparks,1029700083,1997-08-09,LAS @ HOU,L,25,3,5,0.6,0,0,,0,0,,2,4,6,0,1,1,2,2,6,,17.2,0
21997,100156,Heidi Burge,1611661320,LAS,Los Angeles Sparks,1029700083,1997-08-09,LAS @ HOU,L,9,1,2,0.5,0,0,,0,0,,1,1,2,0,0,0,1,2,2,,3.4,0
21997,100058,Vicky Bullett,1611661314,CHA,Charlotte Sting,1029700084,1997-08-09,CHA vs. PHO,W,37,9,21,0.429,1,1,1.0,2,2,1.0,4,5,9,1,1,4,1,2,21,,47.3,0
21997,100059,Andrea Stinson,1611661314,CHA,Charlotte Sting,1029700084,1997-08-09,CHA vs. PHO,W,40,9,14,0.643,0,0,,7,9,0.778,2,5,7,4,1,0,4,1,25,,38.4,0
21997,100060,Rhonda Mapp,1611661314,CHA,Charlotte Sting,1029700084,1997-08-09,CHA vs. PHO,W,28,3,10,0.3,0,0,,2,2,1.0,1,5,6,1,1,0,2,4,8,,17.7,0
21997,100062,Tora Suber,1611661314,CHA,Charlotte Sting,1029700084,1997-08-09,CHA vs. PHO,W,1,0,0,,0,0,,0,0,,0,0,0,0,0,0,0,1,0,,0.0,0
21997,100063,Sharon Manning,1611661314,CHA,Charlotte Sting,1029700084,1997-08-09,CHA vs. PHO,W,13,1,2,0.5,0,0,,1,2,0.5,0,1,1,0,1,0,1,2,3,,6.2,0
21997,100065,Andrea Congreaves,1611661314,CHA,Charlotte Sting,1029700084,1997-08-09,CHA vs. PHO,W,34,2,7,0.286,1,4,0.25,3,4,0.75,4,7,11,7,0,0,2,4,8,,29.7,0
21997,100067,Katasha Artis,1611661314,CHA,Charlotte Sting,1029700084,1997-08-09,CHA vs. PHO,W,3,0,2,0.0,0,0,,0,0,,0,2,2,1,0,0,0,1,0,,3.9,0
21997,100071,Susie Hopson-Shelton,1611661314,CHA,Charlotte Sting,1029700084,1997-08-09,CHA vs. PHO,W,1,0,0,,0,0,,0,0,,0,0,0,0,0,0,0,1,0,,0.0,0
21997,100155,Nicole Levesque,1611661314,CHA,Charlotte Sting,1029700084,1997-08-09,CHA vs. PHO,W,26,1,3,0.333,0,0,,2,2,1.0,1,4,5,2,0,0,3,3,4,,10.0,0
21997,100374,Penny Moore,1611661314,CHA,Charlotte Sting,1029700084,1997-08-09,CHA vs. PHO,W,17,4,6,0.667,1,1,1.0,1,4,0.25,1,3,4,2,0,0,0,0,10,,17.8,0
21997,100019,Mikiko Hagiwara,1611661317,PHO,Phoenix Mercury,1029700084,1997-08-09,PHO @ CHA,L,26,0,6,0.0,0,5,0.0,2,4,0.5,1,1,2,1,0,0,1,1,2,,4.9,0
21997,100029,Michele Timms,1611661317,PHO,Phoenix Mercury,1029700084,1997-08-09,PHO @ CHA,L,38,3,11,0.273,3,8,0.375,4,4,1.0,2,3,5,2,0,0,4,3,13,,18.0,0
21997,100030,Jennifer Gillom,1611661317,PHO,Phoenix Mercury,1029700084,1997-08-09,PHO @ CHA,L,32,2,13,0.154,0,3,0.0,7,10,0.7,1,3,4,0,0,0,2,2,11,,13.8,0
21997,100031,Bridget Pettis,1611661317,PHO,Phoenix Mercury,1029700084,1997-08-09,PHO @ CHA,L,26,6,12,0.5,0,4,0.0,2,2,1.0,0,1,1,3,2,0,1,5,14,,24.7,0
21997,100033,Toni Foster,1611661317,PHO,Phoenix Mercury,1029700084,1997-08-09,PHO @ CHA,L,31,3,7,0.429,0,0,,0,0,,2,5,7,0,2,1,1,4,6,,22.4,0
21997,100034,Tia Jackson,1611661317,PHO,Phoenix Mercury,1029700084,1997-08-09,PHO @ CHA,L,9,1,2,0.5,0,0,,2,2,1.0,2,0,2,0,0,0,0,2,4,,6.4,0
21997,100035,Umeki Webb,1611661317,PHO,Phoenix Mercury,1029700084,1997-08-09,PHO @ CHA,L,22,0,3,0.0,0,1,0.0,5,6,0.833,0,1,1,2,1,1,1,4,5,,14.2,0
21997,100036,Monique Ambers,1611661317,PHO,Phoenix Mercury,1029700084,1997-08-09,PHO @ CHA,L,2,0,0,,0,0,,0,0,,0,1,1,0,0,0,0,0,0,,1.2,0
21997,100037,Marlies Askamp,1611661317,PHO,Phoenix Mercury,1029700084,1997-08-09,PHO @ CHA,L,14,1,4,0.25,0,0,,2,2,1.0,1,3,4,1,0,0,0,1,4,,10.3,0
21997,100002,Rebecca Lobo,1611661313,NYL,New York Liberty,1029700085,1997-08-10,NYL @ SAC,L,38,2,6,0.333,1,2,0.5,2,4,0.5,0,1,1,2,1,3,8,3,7,,15.2,0
21997,100101,Teresa Weatherspoon,1611661313,NYL,New York Liberty,1029700085,1997-08-10,NYL @ SAC,L,36,4,8,0.5,0,2,0.0,0,0,,0,3,3,6,4,1,1,2,8,,34.6,0
21997,100102,Kym Hampton,1611661313,NYL,New York Liberty,1029700085,1997-08-10,NYL @ SAC,L,25,6,11,0.545,0,0,,5,5,1.0,3,3,6,2,2,0,1,4,17,,32.2,0
21997,100103,Vickie Johnson,1611661313,NYL,New York Liberty,1029700085,1997-08-10,NYL @ SAC,L,32,5,13,0.385,1,3,0.333,2,2,1.0,2,3,5,3,1,0,3,5,13,,23.5,0
21997,100104,Sue Wicks,1611661313,NYL,New York Liberty,1029700085,1997-08-10,NYL @ SAC,L,3,0,0,,0,0,,0,0,,0,1,1,0,0,0,2,0,0,,-0.8,0
21997,100105,Sophia Witherspoon,1611661313,NYL,New York Liberty,1029700085,1997-08-10,NYL @ SAC,L,33,3,15,0.2,3,7,0.429,2,2,1.0,3,2,5,2,1,0,5,4,11,,18.0,0
21997,100106,Trena Trice-Hill,1611661313,NYL,New York Liberty,1029700085,1997-08-10,NYL @ SAC,L,14,4,5,0.8,0,0,,0,0,,2,1,3,0,0,0,0,3,8,,11.6,0
21997,100107,Kisha Ford,1611661313,NYL,New York Liberty,1029700085,1997-08-10,NYL @ SAC,L,12,1,3,0.333,0,0,,0,0,,0,0,0,1,0,0,0,1,2,,3.5,0
21997,100108,Rhonda Blades,1611661313,NYL,New York Liberty,1029700085,1997-08-10,NYL @ SAC,L,7,1,1,1.0,1,1,1.0,0,0,,1,0,1,1,0,0,2,1,3,,3.7,0
21997,100016,Ruthie Bolton,1611661318,SAC,Sacramento Monarchs,1029700085,1997-08-10,SAC vs. NYL,W,39,6,15,0.4,1,6,0.167,2,2,1.0,0,7,7,4,1,0,1,2,15,,31.4,0
21997,100017,Bridgette Gordon,1611661318,SAC,Sacramento Monarchs,1029700085,1997-08-10,SAC vs. NYL,W,38,7,9,0.778,1,1,1.0,4,6,0.667,4,1,5,2,2,0,4,2,19,,30.0,0
21997,100020,Pam McGee,1611661318,SAC,Sacramento Monarchs,1029700085,1997-08-10,SAC vs. NYL,W,34,1,9,0.111,0,0,,6,8,0.75,1,3,4,3,2,0,4,4,8,,19.3,0
21997,100022,Chantel Tremitiere,1611661318,SAC,Sacramento Monarchs,1029700085,1997-08-10,SAC vs. NYL,W,39,2,5,0.4,0,0,,3,6,0.5,1,1,2,5,4,0,5,4,7,,23.9,0
21997,100023,Tajama Abraham,1611661318,SAC,Sacramento Monarchs,1029700085,1997-08-10,SAC vs. NYL,W,11,2,4,0.5,0,0,,0,0,,1,0,1,0,0,1,2,1,4,,6.2,0
21997,100024,Corissa Yasen,1611661318,SAC,Sacramento Monarchs,1029700085,1997-08-10,SAC vs. NYL,W,3,0,1,0.0,0,0,,0,0,,0,0,0,0,0,0,0,0,0,,0.0,0
21997,100027,Latasha Byears,1611661318,SAC,Sacramento Monarchs,1029700085,1997-08-10,SAC vs. NYL,W,35,8,11,0.727,1,1,1.0,6,7,0.857,4,4,8,3,3,0,5,3,23,,41.1,0
21997,100161,Laure Savasta,1611661318,SAC,Sacramento Monarchs,1029700085,1997-08-10,SAC vs. NYL,W,1,0,0,,0,0,,0,0,,0,0,0,0,0,0,1,0,0,,-1.0,0
21997,100058,Vicky Bullett,1611661314,CHA,Charlotte Sting,1029700086,1997-08-11,CHA vs. HOU,L,36,3,8,0.375,0,1,0.0,2,2,1.0,1,2,3,2,2,3,4,4,8,,25.6,0
21997,100059,Andrea Stinson,1611661314,CHA,Charlotte Sting,1029700086,1997-08-11,CHA vs. HOU,L,37,7,14,0.5,1,2,0.5,2,2,1.0,1,4,5,6,0,1,8,1,17,,27.0,0
21997,100060,Rhonda Mapp,1611661314,CHA,Charlotte Sting,1029700086,1997-08-11,CHA vs. HOU,L,32,7,12,0.583,0,0,,1,2,0.5,2,2,4,2,0,0,2,3,15,,20.8,0
21997,100062,Tora Suber,1611661314,CHA,Charlotte Sting,1029700086,1997-08-11,CHA vs. HOU,L,4,0,1,0.0,0,1,0.0,0,0,,0,0,0,0,0,0,2,0,0,,-2.0,0
21997,100063,Sharon Manning,1611661314,CHA,Charlotte Sting,1029700086,1997-08-11,CHA vs. HOU,L,9,1,2,0.5,0,0,,0,0,,0,2,2,0,0,0,1,0,2,,3.4,0
21997,100065,Andrea Congreaves,1611661314,CHA,Charlotte Sting,1029700086,1997-08-11,CHA vs. HOU,L,39,4,7,0.571,2,4,0.5,2,2,1.0,1,4,5,3,1,0,0,1,12,,25.5,0
21997,100067,Katasha Artis,1611661314,CHA,Charlotte Sting,1029700086,1997-08-11,CHA vs. HOU,L,2,0,0,,0,0,,0,0,,0,0,0,0,0,0,1,0,0,,-1.0,0
21997,100155,Nicole Levesque,1611661314,CHA,Charlotte Sting,1029700086,1997-08-11,CHA vs. HOU,L,14,0,1,0.0,0,1,0.0,0,0,,0,0,0,2,0,0,1,1,0,,2.0,0
21997,100374,Penny Moore,1611661314,CHA,Charlotte Sting,1029700086,1997-08-11,CHA vs. HOU,L,27,4,5,0.8,0,0,,0,0,,0,2,2,1,1,0,0,2,8,,14.9,0
21997,100072,Sheryl Swoopes,1611661316,HOU,Houston Comets,1029700086,1997-08-11,HOU @ CHA,W,3,0,1,0.0,0,0,,0,0,,0,0,0,1,0,0,0,1,0,,1.5,0
21997,100073,Cynthia Cooper,1611661316,HOU,Houston Comets,1029700086,1997-08-11,HOU @ CHA,W,40,15,19,0.789,5,7,0.714,4,5,0.8,2,3,5,4,8,0,2,1,39,,73.0,0
21997,100074,Wanda Guyton,1611661316,HOU,Houston Comets,1029700086,1997-08-11,HOU @ CHA,W,33,0,5,0.0,0,0,,0,0,,0,3,3,1,1,0,2,2,0,,6.1,0
21997,100075,Janeth Arcain,1611661316,HOU,Houston Comets,1029700086,1997-08-11,HOU @ CHA,W,28,2,3,0.667,0,0,,0,0,,2,0,2,0,0,0,0,2,4,,6.4,0
21997,100076,Tina Thompson,1611661316,HOU,Houston Comets,1029700086,1997-08-11,HOU @ CHA,W,21,3,7,0.429,1,3,0.333,1,2,0.5,0,3,3,0,1,1,3,6,8,,14.6,0
21997,100077,Tammy Jackson,1611661316,HOU,Houston Comets,1029700086,1997-08-11,HOU @ CHA,W,23,2,3,0.667,0,0,,1,2,0.5,3,4,7,2,0,1,2,1,5,,17.4,0
21997,100083,Kim Perrot,1611661316,HOU,Houston Comets,1029700086,1997-08-11,HOU @ CHA,W,31,6,11,0.545,1,6,0.167,0,0,,0,2,2,7,3,0,3,0,13,,31.9,0
21997,100084,Fran Harris,1611661316,HOU,Houston Comets,1029700086,1997-08-11,HOU @ CHA,W,10,0,3,0.0,0,0,,0,0,,0,0,0,1,0,0,0,0,0,,1.5,0
21997,100085,Yolanda Moore,1611661316,HOU,Houston Comets,1029700086,1997-08-11,HOU @ CHA,W,3,0,0,,0,0,,0,0,,0,0,0,0,0,0,0,0,0,,0.0,0
21997,100086,Tiffany Woosley,1611661316,HOU,Houston Comets,1029700086,1997-08-11,HOU @ CHA,W,8,1,4,0.25,1,4,0.25,0,0,,0,1,1,0,0,0,0,0,3,,4.2,0
21997,100088,Michelle Edwards,1611661315,CLE,Cleveland Rockers,1029700087,1997-08-11,CLE @ UTA,W,37,2,5,0.4,0,1,0.0,0,2,0.0,1,6,7,6,3,1,3,2,4,,30.4,0
21997,100089,Isabelle Fijalkowski,1611661315,CLE,Cleveland Rockers,1029700087,1997-08-11,CLE @ UTA,W,27,4,10,0.4,0,0,,0,0,,2,2,4,0,1,1,1,5,8,,17.8,0
21997,100090,Lynette Woodard,1611661315,CLE,Cleveland Rockers,1029700087,1997-08-11,CLE @ UTA,W,19,4,8,0.5,0,0,,1,1,1.0,1,4,5,2,1,0,3,0,9,,18.0,0
21997,100091,Eva Nemcova,1611661315,CLE,Cleveland Rockers,1029700087,1997-08-11,CLE @ UTA,W,37,6,12,0.5,3,4,0.75,0,0,,0,6,6,4,1,0,4,4,15,,27.2,0
21997,100092,Merlakia Jones,1611661315,CLE,Cleveland Rockers,1029700087,1997-08-11,CLE @ UTA,W,23,5,13,0.385,0,0,,9,10,0.9,1,2,3,1,0,1,1,0,19,,26.1,0
21997,100093,Tina Nicholson,1611661315,CLE,Cleveland Rockers,1029700087,1997-08-11,CLE @ UTA,W,3,0,0,,0,0,,0,0,,0,0,0,0,0,0,1,1,0,,-1.0,0
21997,100095,Jenny Boucek,1611661315,CLE,Cleveland Rockers,1029700087,1997-08-11,CLE @ UTA,W,3,0,0,,0,0,,0,0,,0,0,0,0,0,0,0,0,0,,0.0,0
21997,100097,Rushia Brown,1611661315,CLE,Cleveland Rockers,1029700087,1997-08-11,CLE @ UTA,W,36,4,7,0.571,0,0,,5,8,0.625,4,7,11,2,2,1,1,3,13,,37.2,0
21997,100100,Adrienne Johnson,1611661315,CLE,Cleveland Rockers,1029700087,1997-08-11,CLE @ UTA,W,15,2,3,0.667,0,0,,2,2,1.0,1,3,4,0,0,0,1,0,6,,9.8,0
21997,100043,Elena Baranova,1611661319,UTA,Utah Starzz,1029700087,1997-08-11,UTA vs. CLE,L,34,3,14,0.214,1,4,0.25,4,6,0.667,3,6,9,3,3,3,2,4,11,,42.3,0
21997,100044,Lady Grooms,1611661319,UTA,Utah Starzz,1029700087,1997-08-11,UTA vs. CLE,L,26,2,3,0.667,0,0,,4,6,0.667,0,1,1,5,0,0,1,2,8,,15.7,0
21997,100045,Dena Head,1611661319,UTA,Utah Starzz,1029700087,1997-08-11,UTA vs. CLE,L,19,2,7,0.286,0,0,,0,0,,1,1,2,2,1,0,1,3,4,,11.4,0
21997,100046,Wendy Palmer,1611661319,UTA,Utah Starzz,1029700087,1997-08-11,UTA vs. CLE,L,28,4,9,0.444,0,1,0.0,0,0,,4,7,11,1,0,0,0,4,8,,22.7,0
21997,100047,Tammi Reiss,1611661319,UTA,Utah Starzz,1029700087,1997-08-11,UTA vs. CLE,L,34,5,13,0.385,2,6,0.333,0,0,,0,1,1,4,1,0,3,1,12,,19.2,0
21997,100048,Jessie Hicks,1611661319,UTA,Utah Starzz,1029700087,1997-08-11,UTA vs. CLE,L,12,3,5,0.6,0,0,,0,0,,0,2,2,0,1,0,0,3,6,,11.4,0
21997,100050,Kim Williams,1611661319,UTA,Utah Starzz,1029700087,1997-08-11,UTA vs. CLE,L,18,1,4,0.25,0,0,,0,0,,0,1,1,1,2,0,2,2,2,,8.7,0
21997,100051,Megan Compain,1611661319,UTA,Utah Starzz,1029700087,1997-08-11,UTA vs. CLE,L,9,0,1,0.0,0,0,,0,0,,0,1,1,1,2,0,1,1,0,,7.7,0
21997,100053,Karen Booker,1611661319,UTA,Utah Starzz,1029700087,1997-08-11,UTA vs. CLE,L,11,3,6,0.5,0,0,,0,0,,1,1,2,0,0,3,2,3,6,,15.4,0
21997,100055,Greta Koss,1611661319,UTA,Utah Starzz,1029700087,1997-08-11,UTA vs. CLE,L,9,1,1,1.0,0,0,,0,0,,0,1,1,0,0,0,1,0,2,,2.2,0
21997,100072,Sheryl Swoopes,1611661316,HOU,Houston Comets,1029700088,1997-08-12,HOU vs. UTA,W,21,7,13,0.538,2,4,0.5,2,2,1.0,3,3,6,2,0,0,0,0,18,,28.2,0
21997,100073,Cynthia Cooper,1611661316,HOU,Houston Comets,1029700088,1997-08-12,HOU vs. UTA,W,36,7,14,0.5,1,2,0.5,6,7,0.857,1,3,4,4,2,0,2,2,21,,35.8,0
21997,100074,Wanda Guyton,1611661316,HOU,Houston Comets,1029700088,1997-08-12,HOU vs. UTA,W,24,2,5,0.4,0,0,,0,0,,4,3,7,0,2,1,1,4,4,,20.4,0
21997,100075,Janeth Arcain,1611661316,HOU,Houston Comets,1029700088,1997-08-12,HOU vs. UTA,W,20,2,5,0.4,0,1,0.0,4,4,1.0,0,2,2,2,1,0,1,0,8,,15.4,0
21997,100076,Tina Thompson,1611661316,HOU,Houston Comets,1029700088,1997-08-12,HOU vs. UTA,W,32,4,13,0.308,0,2,0.0,3,4,0.75,5,2,7,2,2,1,0,2,11,,31.4,0
21997,100077,Tammy Jackson,1611661316,HOU,Houston Comets,1029700088,1997-08-12,HOU vs. UTA,W,21,2,4,0.5,0,0,,0,0,,1,2,3,0,3,0,1,3,4,,15.6,0
21997,100083,Kim Perrot,1611661316,HOU,Houston Comets,1029700088,1997-08-12,HOU vs. UTA,W,34,4,10,0.4,2,7,0.286,0,0,,0,3,3,5,3,0,2,3,10,,28.1,0
21997,100084,Fran Harris,1611661316,HOU,Houston Comets,1029700088,1997-08-12,HOU vs. UTA,W,6,0,2,0.0,0,0,,0,0,,0,1,1,0,1,0,1,0,0,,3.2,0
21997,100085,Yolanda Moore,1611661316,HOU,Houston Comets,1029700088,1997-08-12,HOU vs. UTA,W,2,0,1,0.0,0,0,,0,0,,0,0,0,0,0,0,0,0,0,,0.0,0
21997,100086,Tiffany Woosley,1611661316,HOU,Houston Comets,1029700088,1997-08-12,HOU vs. UTA,W,4,0,0,,0,0,,0,0,,0,0,0,0,0,0,1,0,0,,-1.0,0
21997,100043,Elena Baranova,1611661319,UTA,Utah Starzz,1029700088,1997-08-12,UTA @ HOU,L,35,3,9,0.333,3,5,0.6,0,2,0.0,1,3,4,1,0,1,5,4,9,,13.3,0
21997,100044,Lady Grooms,1611661319,UTA,Utah Starzz,1029700088,1997-08-12,UTA @ HOU,L,33,4,8,0.5,0,0,,0,0,,1,3,4,4,0,0,5,1,8,,13.8,0
21997,100045,Dena Head,1611661319,UTA,Utah Starzz,1029700088,1997-08-12,UTA @ HOU,L,12,1,7,0.143,0,2,0.0,2,2,1.0,5,1,6,0,0,0,1,2,4,,10.2,0
21997,100046,Wendy Palmer,1611661319,UTA,Utah Starzz,1029700088,1997-08-12,UTA @ HOU,L,38,7,15,0.467,0,1,0.0,4,8,0.5,3,8,11,0,1,0,4,1,18,,30.2,0
21997,100047,Tammi Reiss,1611661319,UTA,Utah Starzz,1029700088,1997-08-12,UTA @ HOU,L,30,3,7,0.429,1,4,0.25,1,1,1.0,1,2,3,3,1,0,1,2,8,,18.1,0
21997,100050,Kim Williams,1611661319,UTA,Utah Starzz,1029700088,1997-08-12,UTA @ HOU,L,17,2,8,0.25,1,2,0.5,0,2,0.0,2,1,3,1,0,1,0,4,5,,13.1,0
21997,100053,Karen Booker,1611661319,UTA,Utah Starzz,1029700088,1997-08-12,UTA @ HOU,L,9,0,0,,0,0,,0,0,,0,1,1,1,0,1,2,1,0,,3.7,0
21997,100055,Greta Koss,1611661319,UTA,Utah Starzz,1029700088,1997-08-12,UTA @ HOU,L,26,1,1,1.0,0,0,,2,2,1.0,0,5,5,0,3,0,2,1,4,,17.0,0
21997,100002,Rebecca Lobo,1611661313,NYL,New York Liberty,1029700089,1997-08-12,NYL @ PHO,L,28,1,6,0.167,0,1,0.0,2,2,1.0,2,6,8,0,0,1,1,5,4,,15.6,0
21997,100101,Teresa Weatherspoon,1611661313,NYL,New York Liberty,1029700089,1997-08-12,NYL @ PHO,L,38,0,4,0.0,0,2,0.0,0,0,,2,2,4,8,3,0,8,5,0,,17.8,0
21997,100102,Kym Hampton,1611661313,NYL,New York Liberty,1029700089,1997-08-12,NYL @ PHO,L,29,4,8,0.5,0,0,,6,10,0.6,2,9,11,0,1,0,0,1,14,,30.2,0
21997,100103,Vickie Johnson,1611661313,NYL,New York Liberty,1029700089,1997-08-12,NYL @ PHO,L,23,3,6,0.5,0,0,,0,0,,1,1,2,2,1,0,4,1,6,,10.4,0
21997,100104,Sue Wicks,1611661313,NYL,New York Liberty,1029700089,1997-08-12,NYL @ PHO,L,7,1,1,1.0,0,0,,0,0,,0,1,1,0,0,0,1,1,2,,2.2,0
21997,100105,Sophia Witherspoon,1611661313,NYL,New York Liberty,1029700089,1997-08-12,NYL @ PHO,L,31,5,12,0.417,0,3,0.0,2,5,0.4,1,2,3,0,1,0,3,2,12,,15.6,0
21997,100106,Trena Trice-Hill,1611661313,NYL,New York Liberty,1029700089,1997-08-12,NYL @ PHO,L,16,3,6,0.5,0,1,0.0,6,8,0.75,1,3,4,0,0,1,3,1,12,,16.8,0
21997,100107,Kisha Ford,1611661313,NYL,New York Liberty,1029700089,1997-08-12,NYL @ PHO,L,14,4,9,0.444,0,0,,3,5,0.6,2,0,2,1,0,0,1,5,11,,13.9,0
21997,100108,Rhonda Blades,1611661313,NYL,New York Liberty,1029700089,1997-08-12,NYL @ PHO,L,14,2,4,0.5,2,4,0.5,0,0,,0,0,0,3,0,0,3,6,6,,7.5,0
21997,100019,Mikiko Hagiwara,1611661317,PHO,Phoenix Mercury,1029700089,1997-08-12,PHO vs. NYL,W,16,2,2,1.0,2,2,1.0,0,2,0.0,0,1,1,0,1,0,0,0,6,,10.2,0
21997,100029,Michele Timms,1611661317,PHO,Phoenix Mercury,1029700089,1997-08-12,PHO vs. NYL,W,37,1,11,0.091,1,6,0.167,4,6,0.667,1,4,5,7,5,0,2,5,7,,36.5,0
21997,100030,Jennifer Gillom,1611661317,PHO,Phoenix Mercury,1029700089,1997-08-12,PHO vs. NYL,W,33,10,16,0.625,2,2,1.0,1,2,0.5,1,7,8,0,0,1,4,5,23,,31.6,0
21997,100031,Bridget Pettis,1611661317,PHO,Phoenix Mercury,1029700089,1997-08-12,PHO vs. NYL,W,31,1,9,0.111,1,5,0.2,11,13,0.846,4,1,5,3,1,1,2,2,14,,28.5,0
21997,100033,Toni Foster,1611661317,PHO,Phoenix Mercury,1029700089,1997-08-12,PHO vs. NYL,W,21,1,6,0.167,0,0,,1,1,1.0,0,1,1,0,1,0,1,2,3,,6.2,0
21997,100034,Tia Jackson,1611661317,PHO,Phoenix Mercury,1029700089,1997-08-12,PHO vs. NYL,W,7,1,2,0.5,0,1,0.0,1,2,0.5,1,0,1,0,0,0,0,0,3,,4.2,0
21997,100035,Umeki Webb,1611661317,PHO,Phoenix Mercury,1029700089,1997-08-12,PHO vs. NYL,W,26,1,2,0.5,0,0,,2,2,1.0,0,2,2,3,3,0,3,2,4,,16.9,0
21997,100036,Monique Ambers,1611661317,PHO,Phoenix Mercury,1029700089,1997-08-12,PHO vs. NYL,W,1,0,0,,0,0,,1,2,0.5,0,0,0,0,0,0,1,0,1,,0.0,0
21997,100037,Marlies Askamp,1611661317,PHO,Phoenix Mercury,1029700089,1997-08-12,PHO vs. NYL,W,25,4,6,0.667,0,0,,8,8,1.0,2,3,5,4,0,1,1,4,16,,30.0,0
21997,100038,Tara Williams,1611661317,PHO,Phoenix Mercury,1029700089,1997-08-12,PHO vs. NYL,W,3,0,1,0.0,0,0,,0,0,,0,0,0,0,0,0,0,2,0,,0.0,0
21997,100088,Michelle Edwards,1611661315,CLE,Cleveland Rockers,1029700090,1997-08-12,CLE @ SAC,L,38,5,9,0.556,0,1,0.0,4,7,0.571,1,2,3,4,1,0,4,1,14,,22.6,0
21997,100089,Isabelle Fijalkowski,1611661315,CLE,Cleveland Rockers,1029700090,1997-08-12,CLE @ SAC,L,33,4,13,0.308,0,0,,7,8,0.875,5,4,9,5,2,0,8,6,15,,31.3,0
21997,100090,Lynette Woodard,1611661315,CLE,Cleveland Rockers,1029700090,1997-08-12,CLE @ SAC,L,15,1,3,0.333,0,0,,0,0,,0,2,2,2,1,0,1,2,2,,9.4,0
21997,100091,Eva Nemcova,1611661315,CLE,Cleveland Rockers,1029700090,1997-08-12,CLE @ SAC,L,34,5,9,0.556,2,3,0.667,4,4,1.0,0,2,2,1,1,0,3,2,16,,19.9,0
21997,100092,Merlakia Jones,1611661315,CLE,Cleveland Rockers,1029700090,1997-08-12,CLE @ SAC,L,25,5,9,0.556,1,2,0.5,2,2,1.0,0,1,1,1,0,0,1,5,13,,14.7,0
21997,100094,Anita Maxwell,1611661315,CLE,Cleveland Rockers,1029700090,1997-08-12,CLE @ SAC,L,16,3,6,0.5,0,0,,1,2,0.5,1,1,2,2,0,0,1,2,7,,11.4,0
21997,100095,Jenny Boucek,1611661315,CLE,Cleveland Rockers,1029700090,1997-08-12,CLE @ SAC,L,2,0,0,,0,0,,0,0,,0,0,0,0,0,0,0,0,0,,0.0,0
21997,100097,Rushia Brown,1611661315,CLE,Cleveland Rockers,1029700090,1997-08-12,CLE @ SAC,L,29,4,9,0.444,0,0,,1,2,0.5,4,5,9,2,2,0,0,4,9,,28.8,0
21997,100100,Adrienne Johnson,1611661315,CLE,Cleveland Rockers,1029700090,1997-08-12,CLE @ SAC,L,8,0,1,0.0,0,0,,0,0,,1,0,1,0,0,0,1,1,0,,0.2,0
21997,100016,Ruthie Bolton,1611661318,SAC,Sacramento Monarchs,1029700090,1997-08-12,SAC vs. CLE,W,36,12,15,0.8,6,9,0.667,4,4,1.0,0,2,2,3,2,0,1,2,34,,45.9,0
21997,100017,Bridgette Gordon,1611661318,SAC,Sacramento Monarchs,1029700090,1997-08-12,SAC vs. CLE,W,38,7,14,0.5,0,2,0.0,5,6,0.833,3,1,4,3,2,0,4,2,19,,30.3,0
21997,100020,Pam McGee,1611661318,SAC,Sacramento Monarchs,1029700090,1997-08-12,SAC vs. CLE,W,28,3,7,0.429,0,0,,3,4,0.75,1,7,8,2,1,1,3,5,9,,24.6,0
21997,100021,Denique Graves,1611661318,SAC,Sacramento Monarchs,1029700090,1997-08-12,SAC vs. CLE,W,2,0,0,,0,0,,0,2,0.0,0,0,0,0,0,0,0,1,0,,0.0,0
21997,100022,Chantel Tremitiere,1611661318,SAC,Sacramento Monarchs,1029700090,1997-08-12,SAC vs. CLE,W,40,0,8,0.0,0,1,0.0,2,2,1.0,0,3,3,4,3,0,3,4,2,,17.6,0
21997,100023,Tajama Abraham,1611661318,SAC,Sacramento Monarchs,1029700090,1997-08-12,SAC vs. CLE,W,13,1,4,0.25,0,0,,2,2,1.0,0,0,0,0,0,0,0,4,4,,4.0,0
21997,100024,Corissa Yasen,1611661318,SAC,Sacramento Monarchs,1029700090,1997-08-12,SAC vs. CLE,W,9,0,3,0.0,0,0,,0,2,0.0,0,0,0,0,2,0,1,2,0,,5.0,0
21997,100027,Latasha Byears,1611661318,SAC,Sacramento Monarchs,1029700090,1997-08-12,SAC vs. CLE,W,34,4,4,1.0,0,0,,5,6,0.833,4,7,11,4,2,1,2,2,13,,39.2,0
21997,100088,Michelle Edwards,1611661315,CLE,Cleveland Rockers,1029700091,1997-08-14,CLE @ PHO,L,34,1,6,0.167,0,0,,8,12,0.667,0,4,4,7,1,0,6,6,10,,22.3,0
21997,100089,Isabelle Fijalkowski,1611661315,CLE,Cleveland Rockers,1029700091,1997-08-14,CLE @ PHO,L,31,4,7,0.571,0,0,,3,3,1.0,1,3,4,0,0,2,6,6,11,,15.8,0
21997,100090,Lynette Woodard,1611661315,CLE,Cleveland Rockers,1029700091,1997-08-14,CLE @ PHO,L,15,1,4,0.25,0,0,,0,0,,0,2,2,1,3,0,2,0,2,,12.9,0
21997,100091,Eva Nemcova,1611661315,CLE,Cleveland Rockers,1029700091,1997-08-14,CLE @ PHO,L,38,2,9,0.222,1,2,0.5,2,3,0.667,0,8,8,1,2,0,5,3,7,,19.1,0
21997,100092,Merlakia Jones,1611661315,CLE,Cleveland Rockers,1029700091,1997-08-14,CLE @ PHO,L,27,5,9,0.556,1,1,1.0,3,4,0.75,1,1,2,1,0,0,2,1,14,,15.9,0
21997,100095,Jenny Boucek,1611661315,CLE,Cleveland Rockers,1029700091,1997-08-14,CLE @ PHO,L,6,0,0,,0,0,,0,0,,0,0,0,2,0,0,1,1,0,,2.0,0
21997,100097,Rushia Brown,1611661315,CLE,Cleveland Rockers,1029700091,1997-08-14,CLE @ PHO,L,37,2,5,0.4,0,0,,3,4,0.75,3,5,8,1,1,2,2,4,7,,25.1,0
21997,100100,Adrienne Johnson,1611661315,CLE,Cleveland Rockers,1029700091,1997-08-14,CLE @ PHO,L,12,2,4,0.5,0,0,,0,0,,2,2,4,0,1,0,1,1,4,,10.8,0
21997,100019,Mikiko Hagiwara,1611661317,PHO,Phoenix Mercury,1029700091,1997-08-14,PHO vs. CLE,W,24,1,5,0.2,0,1,0.0,0,0,,0,0,0,2,0,0,1,4,2,,4.0,0
21997,100029,Michele Timms,1611661317,PHO,Phoenix Mercury,1029700091,1997-08-14,PHO vs. CLE,W,33,3,15,0.2,3,9,0.333,5,8,0.625,1,6,7,6,1,0,1,2,14,,33.4,0
21997,100030,Jennifer Gillom,1611661317,PHO,Phoenix Mercury,1029700091,1997-08-14,PHO vs. CLE,W,32,7,14,0.5,0,1,0.0,5,6,0.833,3,2,5,2,2,1,2,1,19,,35.0,0
21997,100031,Bridget Pettis,1611661317,PHO,Phoenix Mercury,1029700091,1997-08-14,PHO vs. CLE,W,19,1,4,0.25,0,3,0.0,2,2,1.0,0,2,2,2,0,0,2,1,4,,7.4,0
21997,100032,Nancy Lieberman,1611661317,PHO,Phoenix Mercury,1029700091,1997-08-14,PHO vs. CLE,W,7,1,1,1.0,0,0,,0,0,,0,2,2,2,1,1,0,0,2,,13.4,0
21997,100033,Toni Foster,1611661317,PHO,Phoenix Mercury,1029700091,1997-08-14,PHO vs. CLE,W,20,1,3,0.333,0,1,0.0,1,2,0.5,4,3,7,0,4,0,0,5,3,,23.4,0
21997,100034,Tia Jackson,1611661317,PHO,Phoenix Mercury,1029700091,1997-08-14,PHO vs. CLE,W,12,2,3,0.667,0,0,,0,0,,0,0,0,0,2,0,1,1,4,,9.0,0
21997,100035,Umeki Webb,1611661317,PHO,Phoenix Mercury,1029700091,1997-08-14,PHO vs. CLE,W,23,0,3,0.0,0,1,0.0,0,2,0.0,1,1,2,0,1,0,2,3,0,,3.4,0
21997,100037,Marlies Askamp,1611661317,PHO,Phoenix Mercury,1029700091,1997-08-14,PHO vs. CLE,W,21,2,6,0.333,0,0,,0,0,,3,3,6,1,0,0,4,4,4,,8.7,0
21997,100038,Tara Williams,1611661317,PHO,Phoenix Mercury,1029700091,1997-08-14,PHO vs. CLE,W,9,3,7,0.429,3,4,0.75,0,0,,0,0,0,0,0,0,1,1,9,,8.0,0
21997,100058,Vicky Bullett,1611661314,CHA,Charlotte Sting,1029700092,1997-08-14,CHA vs. SAC,W,37,6,11,0.545,0,0,,2,2,1.0,1,8,9,4,2,1,4,4,14,,35.8,0
21997,100059,Andrea Stinson,1611661314,CHA,Charlotte Sting,1029700092,1997-08-14,CHA vs. SAC,W,35,7,18,0.389,0,3,0.0,2,4,0.5,2,1,3,4,2,0,4,3,16,,27.6,0
21997,100060,Rhonda Mapp,1611661314,CHA,Charlotte Sting,1029700092,1997-08-14,CHA vs. SAC,W,25,5,9,0.556,1,1,1.0,1,2,0.5,3,6,9,5,5,0,3,5,12,,42.3,0
21997,100062,Tora Suber,1611661314,CHA,Charlotte Sting,1029700092,1997-08-14,CHA vs. SAC,W,13,2,4,0.5,1,3,0.333,0,0,,0,1,1,1,0,0,3,0,5,,4.7,0
21997,100063,Sharon Manning,1611661314,CHA,Charlotte Sting,1029700092,1997-08-14,CHA vs. SAC,W,18,3,5,0.6,0,0,,1,1,1.0,3,1,4,0,4,0,1,0,7,,22.8,0
21997,100065,Andrea Congreaves,1611661314,CHA,Charlotte Sting,1029700092,1997-08-14,CHA vs. SAC,W,32,2,3,0.667,1,1,1.0,2,4,0.5,2,6,8,2,1,0,1,1,7,,21.6,0
21997,100155,Nicole Levesque,1611661314,CHA,Charlotte Sting,1029700092,1997-08-14,CHA vs. SAC,W,27,1,2,0.5,1,1,1.0,2,2,1.0,0,2,2,4,0,0,4,4,5,,9.4,0
21997,100374,Penny Moore,1611661314,CHA,Charlotte Sting,1029700092,1997-08-14,CHA vs. SAC,W,13,1,8,0.125,0,2,0.0,0,0,,2,4,6,0,0,1,2,0,2,,10.2,0
21997,100016,Ruthie Bolton,1611661318,SAC,Sacramento Monarchs,1029700092,1997-08-14,SAC @ CHA,L,31,6,18,0.333,1,6,0.167,0,0,,0,1,1,1,1,0,1,2,13,,17.7,0
21997,100017,Bridgette Gordon,1611661318,SAC,Sacramento Monarchs,1029700092,1997-08-14,SAC @ CHA,L,34,4,10,0.4,0,0,,1,2,0.5,2,1,3,2,1,0,0,1,9,,18.6,0
21997,100020,Pam McGee,1611661318,SAC,Sacramento Monarchs,1029700092,1997-08-14,SAC @ CHA,L,29,2,6,0.333,0,0,,6,11,0.545,0,5,5,3,3,0,5,5,10,,24.5,0
21997,100021,Denique Graves,1611661318,SAC,Sacramento Monarchs,1029700092,1997-08-14,SAC @ CHA,L,1,0,0,,0,0,,0,0,,0,1,1,0,0,0,0,0,0,,1.2,0
21997,100022,Chantel Tremitiere,1611661318,SAC,Sacramento Monarchs,1029700092,1997-08-14,SAC @ CHA,L,40,1,4,0.25,1,3,0.333,0,0,,0,2,2,2,6,0,5,3,3,,21.4,0
21997,100023,Tajama Abraham,1611661318,SAC,Sacramento Monarchs,1029700092,1997-08-14,SAC @ CHA,L,12,1,1,1.0,0,0,,0,0,,0,0,0,0,1,0,3,2,2,,2.0,0
21997,100024,Corissa Yasen,1611661318,SAC,Sacramento Monarchs,1029700092,1997-08-14,SAC @ CHA,L,10,1,5,0.2,0,0,,0,0,,1,0,1,0,0,0,1,1,2,,2.2,0
21997,100027,Latasha Byears,1611661318,SAC,Sacramento Monarchs,1029700092,1997-08-14,SAC @ CHA,L,37,5,11,0.455,0,1,0.0,0,0,,3,8,11,2,2,0,3,1,10,,29.2,0
21997,100028,Danielle Viglione,1611661318,SAC,Sacramento Monarchs,1029700092,1997-08-14,SAC @ CHA,L,6,1,1,1.0,0,0,,0,0,,0,0,0,1,0,0,0,1,2,,3.5,0
21997,100002,Rebecca Lobo,1611661313,NYL,New York Liberty,1029700093,1997-08-15,NYL vs. SAC,W,30,2,4,0.5,0,1,0.0,2,4,0.5,2,3,5,4,0,1,4,3,6,,17.0,0
21997,100101,Teresa Weatherspoon,1611661313,NYL,New York Liberty,1029700093,1997-08-15,NYL vs. SAC,W,34,5,7,0.714,1,2,0.5,8,8,1.0,0,0,0,8,3,0,2,2,19,,38.0,0
21997,100102,Kym Hampton,1611661313,NYL,New York Liberty,1029700093,1997-08-15,NYL vs. SAC,W,29,3,7,0.429,0,0,,0,0,,3,5,8,3,1,2,1,0,6,,28.1,0
21997,100103,Vickie Johnson,1611661313,NYL,New York Liberty,1029700093,1997-08-15,NYL vs. SAC,W,29,5,12,0.417,0,1,0.0,0,0,,1,3,4,0,1,0,2,2,10,,15.8,0
21997,100104,Sue Wicks,1611661313,NYL,New York Liberty,1029700093,1997-08-15,NYL vs. SAC,W,16,1,5,0.2,0,1,0.0,1,2,0.5,1,4,5,2,1,3,4,1,3,,20.0,0
21997,100105,Sophia Witherspoon,1611661313,NYL,New York Liberty,1029700093,1997-08-15,NYL vs. SAC,W,29,7,10,0.7,3,5,0.6,4,4,1.0,1,2,3,1,3,1,1,2,21,,37.1,0
21997,100106,Trena Trice-Hill,1611661313,NYL,New York Liberty,1029700093,1997-08-15,NYL vs. SAC,W,5,0,0,,0,0,,0,0,,0,0,0,0,0,0,3,3,0,,-3.0,0
21997,100107,Kisha Ford,1611661313,NYL,New York Liberty,1029700093,1997-08-15,NYL vs. SAC,W,9,2,2,1.0,0,0,,0,0,,0,1,1,0,0,0,3,2,4,,2.2,0
21997,100108,Rhonda Blades,1611661313,NYL,New York Liberty,1029700093,1997-08-15,NYL vs. SAC,W,11,1,2,0.5,0,1,0.0,6,10,0.6,0,1,1,2,0,0,1,0,8,,11.2,0
21997,100110,Cassandra Crumpton-Moorer,1611661313,NYL,New York Liberty,1029700093,1997-08-15,NYL vs. SAC,W,8,1,3,0.333,0,1,0.0,0,0,,1,1,2,1,0,0,1,0,2,,4.9,0
21997,100016,Ruthie Bolton,1611661318,SAC,Sacramento Monarchs,1029700093,1997-08-15,SAC @ NYL,L,35,5,12,0.417,2,6,0.333,1,2,0.5,1,0,1,1,6,0,3,4,13,,30.7,0
21997,100017,Bridgette Gordon,1611661318,SAC,Sacramento Monarchs,1029700093,1997-08-15,SAC @ NYL,L,34,5,7,0.714,0,0,,2,2,1.0,3,1,4,5,0,0,5,2,12,,19.3,0
21997,100020,Pam McGee,1611661318,SAC,Sacramento Monarchs,1029700093,1997-08-15,SAC @ NYL,L,29,6,11,0.545,1,2,0.5,4,7,0.571,1,2,3,0,0,0,3,3,17,,17.6,0
21997,100022,Chantel Tremitiere,1611661318,SAC,Sacramento Monarchs,1029700093,1997-08-15,SAC @ NYL,L,37,2,7,0.286,0,2,0.0,2,2,1.0,2,4,6,4,2,0,7,6,6,,18.2,0
21997,100023,Tajama Abraham,1611661318,SAC,Sacramento Monarchs,1029700093,1997-08-15,SAC @ NYL,L,12,2,4,0.5,0,0,,0,0,,0,0,0,0,0,1,1,0,4,,6.0,0
21997,100024,Corissa Yasen,1611661318,SAC,Sacramento Monarchs,1029700093,1997-08-15,SAC @ NYL,L,9,0,2,0.0,0,0,,0,0,,0,1,1,0,3,0,0,0,0,,10.2,0
21997,100027,Latasha Byears,1611661318,SAC,Sacramento Monarchs,1029700093,1997-08-15,SAC @ NYL,L,36,4,11,0.364,0,2,0.0,1,1,1.0,1,7,8,4,3,0,5,5,9,,28.6,0
21997,100028,Danielle Viglione,1611661318,SAC,Sacramento Monarchs,1029700093,1997-08-15,SAC @ NYL,L,4,1,4,0.25,0,2,0.0,0,0,,0,0,0,0,1,0,0,1,2,,5.0,0
21997,100161,Laure Savasta,1611661318,SAC,Sacramento Monarchs,1029700093,1997-08-15,SAC @ NYL,L,4,0,0,,0,0,,0,0,,0,0,0,1,0,0,0,0,0,,1.5,0
21997,100058,Vicky Bullett,1611661314,CHA,Charlotte Sting,1029700094,1997-08-16,CHA vs. HOU,W,38,2,9,0.222,0,0,,5,6,0.833,5,6,11,4,0,1,0,3,9,,31.2,0
21997,100059,Andrea Stinson,1611661314,CHA,Charlotte Sting,1029700094,1997-08-16,CHA vs. HOU,W,38,11,18,0.611,2,5,0.4,1,2,0.5,1,4,5,0,2,0,5,2,25,,32.0,0
21997,100060,Rhonda Mapp,1611661314,CHA,Charlotte Sting,1029700094,1997-08-16,CHA vs. HOU,W,31,6,8,0.75,0,0,,5,6,0.833,3,5,8,2,1,3,5,4,17,,36.6,0
21997,100062,Tora Suber,1611661314,CHA,Charlotte Sting,1029700094,1997-08-16,CHA vs. HOU,W,7,0,1,0.0,0,1,0.0,0,0,,0,1,1,1,0,0,2,0,0,,0.7,0
21997,100063,Sharon Manning,1611661314,CHA,Charlotte Sting,1029700094,1997-08-16,CHA vs. HOU,W,11,2,2,1.0,0,0,,0,2,0.0,1,2,3,0,0,0,1,1,4,,6.6,0
21997,100065,Andrea Congreaves,1611661314,CHA,Charlotte Sting,1029700094,1997-08-16,CHA vs. HOU,W,31,5,7,0.714,2,3,0.667,2,3,0.667,2,4,6,5,0,0,2,3,14,,26.7,0
21997,100155,Nicole Levesque,1611661314,CHA,Charlotte Sting,1029700094,1997-08-16,CHA vs. HOU,W,33,2,5,0.4,1,3,0.333,0,0,,0,3,3,8,0,0,2,0,5,,18.6,0
21997,100374,Penny Moore,1611661314,CHA,Charlotte Sting,1029700094,1997-08-16,CHA vs. HOU,W,11,2,4,0.5,1,1,1.0,1,2,0.5,0,0,0,1,0,0,1,4,6,,6.5,0
21997,100072,Sheryl Swoopes,1611661316,HOU,Houston Comets,1029700094,1997-08-16,HOU @ CHA,L,19,9,13,0.692,2,5,0.4,0,0,,0,1,1,1,2,1,1,1,20,,30.7,0
21997,100073,Cynthia Cooper,1611661316,HOU,Houston Comets,1029700094,1997-08-16,HOU @ CHA,L,38,5,12,0.417,2,8,0.25,5,6,0.833,1,0,1,4,1,0,3,3,17,,24.2,0
21997,100074,Wanda Guyton,1611661316,HOU,Houston Comets,1029700094,1997-08-16,HOU @ CHA,L,25,2,5,0.4,0,0,,0,2,0.0,4,1,5,0,0,0,1,5,4,,9.0,0
21997,100075,Janeth Arcain,1611661316,HOU,Houston Comets,1029700094,1997-08-16,HOU @ CHA,L,22,4,11,0.364,0,1,0.0,2,3,0.667,1,1,2,0,2,0,1,3,10,,17.4,0
21997,100076,Tina Thompson,1611661316,HOU,Houston Comets,1029700094,1997-08-16,HOU @ CHA,L,24,5,13,0.385,1,5,0.2,5,6,0.833,2,4,6,1,1,1,2,3,16,,28.7,0
21997,100077,Tammy Jackson,1611661316,HOU,Houston Comets,1029700094,1997-08-16,HOU @ CHA,L,29,1,2,0.5,0,0,,2,2,1.0,2,1,3,0,2,0,2,3,4,,11.6,0
21997,100083,Kim Perrot,1611661316,HOU,Houston Comets,1029700094,1997-08-16,HOU @ CHA,L,36,0,5,0.0,0,3,0.0,0,0,,0,3,3,7,2,0,1,1,0,,19.1,0
21997,100084,Fran Harris,1611661316,HOU,Houston Comets,1029700094,1997-08-16,HOU @ CHA,L,5,0,2,0.0,0,0,,0,0,,0,0,0,0,0,0,0,0,0,,0.0,0
21997,100086,Tiffany Woosley,1611661316,HOU,Houston Comets,1029700094,1997-08-16,HOU @ CHA,L,2,0,1,0.0,0,1,0.0,0,0,,0,0,0,0,0,0,0,0,0,,0.0,0
21997,100043,Elena Baranova,1611661319,UTA,Utah Starzz,1029700095,1997-08-16,UTA vs. LAS,L,29,2,12,0.167,1,5,0.2,0,0,,1,1,2,2,0,3,2,1,5,,17.4,0
21997,100044,Lady Grooms,1611661319,UTA,Utah Starzz,1029700095,1997-08-16,UTA vs. LAS,L,31,1,4,0.25,0,0,,2,2,1.0,0,2,2,2,1,0,0,3,4,,12.4,0
21997,100045,Dena Head,1611661319,UTA,Utah Starzz,1029700095,1997-08-16,UTA vs. LAS,L,7,1,1,1.0,1,1,1.0,0,0,,0,0,0,1,0,1,0,1,3,,7.5,0
21997,100046,Wendy Palmer,1611661319,UTA,Utah Starzz,1029700095,1997-08-16,UTA vs. LAS,L,36,10,31,0.323,0,2,0.0,7,11,0.636,5,8,13,1,1,0,3,3,27,,44.1,0
21997,100047,Tammi Reiss,1611661319,UTA,Utah Starzz,1029700095,1997-08-16,UTA vs. LAS,L,24,2,9,0.222,0,2,0.0,0,0,,2,1,3,4,0,0,0,0,4,,13.6,0
21997,100048,Jessie Hicks,1611661319,UTA,Utah Starzz,1029700095,1997-08-16,UTA vs. LAS,L,5,1,2,0.5,0,0,,0,0,,0,1,1,1,0,0,0,2,2,,4.7,0
21997,100050,Kim Williams,1611661319,UTA,Utah Starzz,1029700095,1997-08-16,UTA vs. LAS,L,17,4,7,0.571,0,0,,2,2,1.0,0,2,2,1,1,0,2,1,10,,14.9,0
21997,100052,Deborah Carter,1611661319,UTA,Utah Starzz,1029700095,1997-08-16,UTA vs. LAS,L,15,2,2,1.0,0,0,,0,1,0.0,0,3,3,0,0,0,0,3,4,,7.6,0
21997,100053,Karen Booker,1611661319,UTA,Utah Starzz,1029700095,1997-08-16,UTA vs. LAS,L,9,1,2,0.5,0,0,,0,0,,1,0,1,1,0,1,3,3,2,,4.7,0
21997,100055,Greta Koss,1611661319,UTA,Utah Starzz,1029700095,1997-08-16,UTA vs. LAS,L,27,1,6,0.167,0,1,0.0,1,2,0.5,3,4,7,2,0,0,0,1,3,,14.4,0
21997,100003,Lisa Leslie,1611661320,LAS,Los Angeles Sparks,1029700095,1997-08-16,LAS @ UTA,W,29,9,18,0.5,1,2,0.5,4,8,0.5,2,10,12,1,0,2,1,5,23,,43.9,0
21997,100004,Penny Toler,1611661320,LAS,Los Angeles Sparks,1029700095,1997-08-16,LAS @ UTA,W,34,3,6,0.5,0,0,,1,2,0.5,2,2,4,8,0,0,3,2,7,,20.8,0
21997,100005,Daedra Charles,1611661320,LAS,Los Angeles Sparks,1029700095,1997-08-16,LAS @ UTA,W,11,2,3,0.667,0,0,,0,0,,0,2,2,1,1,0,0,0,4,,10.9,0
21997,100006,Haixia Zheng,1611661320,LAS,Los Angeles Sparks,1029700095,1997-08-16,LAS @ UTA,W,27,7,10,0.7,0,0,,2,3,0.667,0,8,8,1,1,3,4,4,16,,35.1,0
21997,100007,Jamila Wideman,1611661320,LAS,Los Angeles Sparks,1029700095,1997-08-16,LAS @ UTA,W,16,0,2,0.0,0,2,0.0,0,0,,0,0,0,5,0,0,1,1,0,,6.5,0
21997,100008,Tamecka Dixon,1611661320,LAS,Los Angeles Sparks,1029700095,1997-08-16,LAS @ UTA,W,30,3,12,0.25,1,2,0.5,5,7,0.714,0,4,4,0,0,0,1,1,12,,15.8,0
21997,100009,Katrina Colleton,1611661320,LAS,Los Angeles Sparks,1029700095,1997-08-16,LAS @ UTA,W,24,0,3,0.0,0,1,0.0,0,2,0.0,2,3,5,4,0,2,1,1,0,,17.0,0
21997,100011,Linda Burgess,1611661320,LAS,Los Angeles Sparks,1029700095,1997-08-16,LAS @ UTA,W,25,5,8,0.625,1,1,1.0,1,2,0.5,2,4,6,2,0,0,1,2,12,,21.2,0
21997,100014,Kim Gessig,1611661320,LAS,Los Angeles Sparks,1029700095,1997-08-16,LAS @ UTA,W,4,0,0,,0,0,,0,0,,0,1,1,0,0,0,1,2,0,,0.2,0
21997,100002,Rebecca Lobo,1611661313,NYL,New York Liberty,1029700096,1997-08-17,NYL vs. HOU,L,37,5,14,0.357,2,5,0.4,1,2,0.5,2,4,6,1,2,1,7,4,13,,23.7,0
21997,100101,Teresa Weatherspoon,1611661313,NYL,New York Liberty,1029700096,1997-08-17,NYL vs. HOU,L,32,3,7,0.429,0,2,0.0,3,5,0.6,2,3,5,5,2,0,4,5,9,,24.5,0
21997,100102,Kym Hampton,1611661313,NYL,New York Liberty,1029700096,1997-08-17,NYL vs. HOU,L,21,1,5,0.2,0,0,,2,2,1.0,2,3,5,0,0,0,0,1,4,,10.0,0
21997,100103,Vickie Johnson,1611661313,NYL,New York Liberty,1029700096,1997-08-17,NYL vs. HOU,L,25,3,10,0.3,0,0,,0,0,,4,2,6,2,0,0,2,3,6,,14.2,0
21997,100104,Sue Wicks,1611661313,NYL,New York Liberty,1029700096,1997-08-17,NYL vs. HOU,L,10,2,5,0.4,0,1,0.0,0,0,,1,0,1,1,0,0,3,2,4,,3.7,0
21997,100105,Sophia Witherspoon,1611661313,NYL,New York Liberty,1029700096,1997-08-17,NYL vs. HOU,L,30,2,12,0.167,0,6,0.0,3,4,0.75,1,3,4,1,2,0,3,2,7,,16.3,0
21997,100106,Trena Trice-Hill,1611661313,NYL,New York Liberty,1029700096,1997-08-17,NYL vs. HOU,L,12,2,3,0.667,0,0,,0,1,0.0,1,1,2,0,0,1,0,1,4,,9.4,0
21997,100107,Kisha Ford,1611661313,NYL,New York Liberty,1029700096,1997-08-17,NYL vs. HOU,L,15,1,4,0.25,0,2,0.0,0,0,,1,1,2,3,0,0,2,1,2,,6.9,0
21997,100108,Rhonda Blades,1611661313,NYL,New York Liberty,1029700096,1997-08-17,NYL vs. HOU,L,18,2,5,0.4,2,5,0.4,0,0,,2,1,3,1,0,0,1,4,6,,10.1,0
21997,100072,Sheryl Swoopes,1611661316,HOU,Houston Comets,1029700096,1997-08-17,HOU @ NYL,W,23,5,6,0.833,0,0,,1,4,0.25,0,1,1,0,2,1,1,2,11,,20.2,0
21997,100073,Cynthia Cooper,1611661316,HOU,Houston Comets,1029700096,1997-08-17,HOU @ NYL,W,34,5,13,0.385,2,5,0.4,5,5,1.0,0,1,1,2,2,0,4,2,17,,23.2,0
21997,100074,Wanda Guyton,1611661316,HOU,Houston Comets,1029700096,1997-08-17,HOU @ NYL,W,10,0,1,0.0,0,0,,0,0,,0,0,0,0,1,1,0,2,0,,6.0,0
21997,100075,Janeth Arcain,1611661316,HOU,Houston Comets,1029700096,1997-08-17,HOU @ NYL,W,25,2,5,0.4,0,0,,7,8,0.875,1,1,2,0,0,1,1,2,11,,15.4,0
21997,100076,Tina Thompson,1611661316,HOU,Houston Comets,1029700096,1997-08-17,HOU @ NYL,W,38,4,14,0.286,1,4,0.25,7,8,0.875,5,7,12,1,0,1,4,2,16,,30.9,0
21997,100077,Tammy Jackson,1611661316,HOU,Houston Comets,1029700096,1997-08-17,HOU @ NYL,W,31,2,6,0.333,0,0,,1,2,0.5,3,9,12,0,3,1,1,2,5,,30.4,0
21997,100083,Kim Perrot,1611661316,HOU,Houston Comets,1029700096,1997-08-17,HOU @ NYL,W,38,4,6,0.667,1,2,0.5,1,2,0.5,0,2,2,6,3,0,3,2,10,,27.4,0
21997,100085,Yolanda Moore,1611661316,HOU,Houston Comets,1029700096,1997-08-17,HOU @ NYL,W,1,0,0,,0,0,,0,0,,0,0,0,0,0,0,0,0,0,,0.0,0
21997,100019,Mikiko Hagiwara,1611661317,PHO,Phoenix Mercury,1029700097,1997-08-17,PHO vs. UTA,W,17,1,7,0.143,1,6,0.167,0,0,,1,0,1,1,0,0,0,2,3,,5.7,0
21997,100029,Michele Timms,1611661317,PHO,Phoenix Mercury,1029700097,1997-08-17,PHO vs. UTA,W,42,2,11,0.182,2,6,0.333,1,2,0.5,4,3,7,5,8,0,2,3,7,,44.9,0
21997,100030,Jennifer Gillom,1611661317,PHO,Phoenix Mercury,1029700097,1997-08-17,PHO vs. UTA,W,36,7,16,0.438,0,2,0.0,1,2,0.5,3,4,7,1,3,0,4,3,15,,29.9,0
21997,100031,Bridget Pettis,1611661317,PHO,Phoenix Mercury,1029700097,1997-08-17,PHO vs. UTA,W,17,1,6,0.167,0,2,0.0,2,2,1.0,1,0,1,2,1,1,0,1,4,,14.2,0
21997,100032,Nancy Lieberman,1611661317,PHO,Phoenix Mercury,1029700097,1997-08-17,PHO vs. UTA,W,20,1,8,0.125,0,3,0.0,2,2,1.0,0,2,2,4,1,0,3,1,4,,12.4,0
21997,100033,Toni Foster,1611661317,PHO,Phoenix Mercury,1029700097,1997-08-17,PHO vs. UTA,W,21,5,6,0.833,0,0,,0,0,,1,3,4,0,1,1,2,5,10,,18.8,0
21997,100034,Tia Jackson,1611661317,PHO,Phoenix Mercury,1029700097,1997-08-17,PHO vs. UTA,W,13,1,3,0.333,0,0,,2,2,1.0,0,1,1,2,1,0,0,1,4,,11.2,0
21997,100035,Umeki Webb,1611661317,PHO,Phoenix Mercury,1029700097,1997-08-17,PHO vs. UTA,W,28,2,6,0.333,0,0,,4,4,1.0,0,3,3,4,4,0,1,2,8,,28.6,0
21997,100037,Marlies Askamp,1611661317,PHO,Phoenix Mercury,1029700097,1997-08-17,PHO vs. UTA,W,23,5,11,0.455,0,0,,2,3,0.667,3,2,5,0,0,1,0,1,12,,21.0,0
21997,100038,Tara Williams,1611661317,PHO,Phoenix Mercury,1029700097,1997-08-17,PHO vs. UTA,W,8,2,7,0.286,0,2,0.0,0,0,,0,1,1,0,1,0,0,0,4,,8.2,0
21997,100043,Elena Baranova,1611661319,UTA,Utah Starzz,1029700097,1997-08-17,UTA @ PHO,L,33,3,8,0.375,2,5,0.4,2,2,1.0,0,6,6,2,1,1,7,4,10,,19.2,0
21997,100044,Lady Grooms,1611661319,UTA,Utah Starzz,1029700097,1997-08-17,UTA @ PHO,L,34,1,3,0.333,0,0,,0,4,0.0,2,1,3,2,0,0,8,3,2,,0.6,0
21997,100046,Wendy Palmer,1611661319,UTA,Utah Starzz,1029700097,1997-08-17,UTA @ PHO,L,40,6,17,0.353,0,0,,9,11,0.818,1,9,10,2,3,0,3,3,21,,42.0,0
21997,100047,Tammi Reiss,1611661319,UTA,Utah Starzz,1029700097,1997-08-17,UTA @ PHO,L,42,5,12,0.417,3,5,0.6,4,4,1.0,1,3,4,4,2,0,3,3,17,,30.8,0
21997,100050,Kim Williams,1611661319,UTA,Utah Starzz,1029700097,1997-08-17,UTA @ PHO,L,16,3,6,0.5,0,1,0.0,0,0,,0,3,3,0,3,0,2,3,6,,16.6,0
21997,100052,Deborah Carter,1611661319,UTA,Utah Starzz,1029700097,1997-08-17,UTA @ PHO,L,9,0,3,0.0,0,0,,0,0,,1,2,3,1,0,0,3,0,0,,2.1,0
21997,100053,Karen Booker,1611661319,UTA,Utah Starzz,1029700097,1997-08-17,UTA @ PHO,L,14,2,2,1.0,0,0,,0,1,0.0,1,2,3,0,2,0,2,3,4,,11.6,0
21997,100055,Greta Koss,1611661319,UTA,Utah Starzz,1029700097,1997-08-17,UTA @ PHO,L,37,1,3,0.333,1,1,1.0,0,0,,4,7,11,1,0,0,5,2,3,,12.7,0
21997,100058,Vicky Bullett,1611661314,CHA,Charlotte Sting,1029700098,1997-08-17,CHA @ CLE,L,19,2,10,0.2,0,0,,1,2,0.5,2,1,3,0,0,1,0,3,5,,11.6,0
21997,100059,Andrea Stinson,1611661314,CHA,Charlotte Sting,1029700098,1997-08-17,CHA @ CLE,L,27,1,8,0.125,0,1,0.0,0,0,,0,1,1,3,0,0,1,0,2,,6.7,0
21997,100060,Rhonda Mapp,1611661314,CHA,Charlotte Sting,1029700098,1997-08-17,CHA @ CLE,L,22,5,12,0.417,0,0,,2,3,0.667,4,4,8,3,0,1,1,1,12,,28.1,0
21997,100062,Tora Suber,1611661314,CHA,Charlotte Sting,1029700098,1997-08-17,CHA @ CLE,L,33,2,7,0.286,2,5,0.4,4,6,0.667,0,1,1,4,2,0,2,4,10,,21.2,0
21997,100063,Sharon Manning,1611661314,CHA,Charlotte Sting,1029700098,1997-08-17,CHA @ CLE,L,26,2,6,0.333,0,0,,1,4,0.25,2,3,5,1,1,0,0,3,5,,15.5,0
21997,100065,Andrea Congreaves,1611661314,CHA,Charlotte Sting,1029700098,1997-08-17,CHA @ CLE,L,20,1,1,1.0,1,1,1.0,0,0,,0,2,2,1,0,0,1,4,3,,5.9,0
21997,100067,Katasha Artis,1611661314,CHA,Charlotte Sting,1029700098,1997-08-17,CHA @ CLE,L,14,0,3,0.0,0,1,0.0,1,2,0.5,0,2,2,0,1,0,1,1,1,,5.4,0
21997,100071,Susie Hopson-Shelton,1611661314,CHA,Charlotte Sting,1029700098,1997-08-17,CHA @ CLE,L,13,3,5,0.6,0,0,,2,2,1.0,1,1,2,0,1,0,1,1,8,,12.4,0
21997,100155,Nicole Levesque,1611661314,CHA,Charlotte Sting,1029700098,1997-08-17,CHA @ CLE,L,3,0,0,,0,0,,0,0,,0,0,0,0,0,0,0,0,0,,0.0,0
21997,100374,Penny Moore,1611661314,CHA,Charlotte Sting,1029700098,1997-08-17,CHA @ CLE,L,23,1,8,0.125,0,2,0.0,1,2,0.5,0,1,1,1,1,2,3,1,3,,11.7,0
21997,100087,Janice Braxton,1611661315,CLE,Cleveland Rockers,1029700098,1997-08-17,CLE vs. CHA,W,34,3,6,0.5,1,1,1.0,0,0,,3,12,15,4,0,1,2,1,7,,32.0,0
21997,100088,Michelle Edwards,1611661315,CLE,Cleveland Rockers,1029700098,1997-08-17,CLE vs. CHA,W,30,4,10,0.4,0,2,0.0,2,4,0.5,1,3,4,3,0,0,2,2,10,,17.3,0
21997,100089,Isabelle Fijalkowski,1611661315,CLE,Cleveland Rockers,1029700098,1997-08-17,CLE vs. CHA,W,27,6,7,0.857,0,0,,7,9,0.778,1,5,6,2,1,0,2,4,19,,30.2,0
21997,100090,Lynette Woodard,1611661315,CLE,Cleveland Rockers,1029700098,1997-08-17,CLE vs. CHA,W,18,2,2,1.0,0,0,,0,0,,0,3,3,2,2,0,4,2,4,,12.6,0
21997,100091,Eva Nemcova,1611661315,CLE,Cleveland Rockers,1029700098,1997-08-17,CLE vs. CHA,W,30,8,12,0.667,3,4,0.75,2,2,1.0,0,4,4,4,2,0,1,0,21,,36.8,0
21997,100092,Merlakia Jones,1611661315,CLE,Cleveland Rockers,1029700098,1997-08-17,CLE vs. CHA,W,21,3,8,0.375,0,0,,2,2,1.0,2,2,4,1,2,0,2,4,8,,18.3,0
21997,100093,Tina Nicholson,1611661315,CLE,Cleveland Rockers,1029700098,1997-08-17,CLE vs. CHA,W,6,1,1,1.0,0,0,,0,0,,0,0,0,3,0,0,0,1,2,,6.5,0
21997,100095,Jenny Boucek,1611661315,CLE,Cleveland Rockers,1029700098,1997-08-17,CLE vs. CHA,W,8,0,2,0.0,0,1,0.0,1,2,0.5,1,0,1,1,0,0,3,0,1,,0.7,0
21997,100097,Rushia Brown,1611661315,CLE,Cleveland Rockers,1029700098,1997-08-17,CLE vs. CHA,W,18,3,5,0.6,0,0,,1,2,0.5,0,5,5,0,1,0,0,5,7,,16.0,0
21997,100100,Adrienne Johnson,1611661315,CLE,Cleveland Rockers,1029700098,1997-08-17,CLE vs. CHA,W,8,1,5,0.2,0,0,,0,0,,0,0,0,0,0,0,0,0,2,,2.0,0
21997,100019,Mikiko Hagiwara,1611661317,PHO,Phoenix Mercury,1029700099,1997-08-18,PHO @ LAS,L,11,0,2,0.0,0,0,,0,0,,1,1,2,1,0,0,0,0,0,,3.9,0
21997,100029,Michele Timms,1611661317,PHO,Phoenix Mercury,1029700099,1997-08-18,PHO @ LAS,L,38,3,11,0.273,1,5,0.2,4,6,0.667,0,4,4,4,4,0,0,4,11,,33.8,0
21997,100030,Jennifer Gillom,1611661317,PHO,Phoenix Mercury,1029700099,1997-08-18,PHO @ LAS,L,35,8,18,0.444,1,5,0.2,1,2,0.5,2,4,6,0,0,0,1,5,18,,24.2,0
21997,100031,Bridget Pettis,1611661317,PHO,Phoenix Mercury,1029700099,1997-08-18,PHO @ LAS,L,23,2,7,0.286,0,2,0.0,8,8,1.0,1,1,2,2,0,0,3,2,12,,14.4,0
21997,100032,Nancy Lieberman,1611661317,PHO,Phoenix Mercury,1029700099,1997-08-18,PHO @ LAS,L,7,0,1,0.0,0,1,0.0,0,0,,0,0,0,2,0,0,1,1,0,,2.0,0
21997,100033,Toni Foster,1611661317,PHO,Phoenix Mercury,1029700099,1997-08-18,PHO @ LAS,L,15,2,5,0.4,0,0,,0,0,,0,2,2,1,1,0,1,5,4,,9.9,0
21997,100034,Tia Jackson,1611661317,PHO,Phoenix Mercury,1029700099,1997-08-18,PHO @ LAS,L,16,1,2,0.5,0,0,,0,0,,0,1,1,3,0,0,1,1,2,,6.7,0
21997,100035,Umeki Webb,1611661317,PHO,Phoenix Mercury,1029700099,1997-08-18,PHO @ LAS,L,22,3,4,0.75,0,0,,1,2,0.5,2,2,4,3,5,0,0,4,7,,31.3,0
21997,100037,Marlies Askamp,1611661317,PHO,Phoenix Mercury,1029700099,1997-08-18,PHO @ LAS,L,21,2,9,0.222,0,0,,2,3,0.667,4,5,9,0,2,0,2,3,6,,20.8,0
21997,100038,Tara Williams,1611661317,PHO,Phoenix Mercury,1029700099,1997-08-18,PHO @ LAS,L,12,3,8,0.375,0,3,0.0,0,0,,0,1,1,1,1,0,0,2,6,,11.7,0
21997,100003,Lisa Leslie,1611661320,LAS,Los Angeles Sparks,1029700099,1997-08-18,LAS vs. PHO,W,34,8,15,0.533,0,2,0.0,10,13,0.769,6,9,15,2,0,2,5,4,26,,48.0,0
21997,100004,Penny Toler,1611661320,LAS,Los Angeles Sparks,1029700099,1997-08-18,LAS vs. PHO,W,34,2,8,0.25,0,1,0.0,4,6,0.667,0,1,1,8,0,0,4,3,8,,17.2,0
21997,100005,Daedra Charles,1611661320,LAS,Los Angeles Sparks,1029700099,1997-08-18,LAS vs. PHO,W,4,0,1,0.0,0,0,,0,0,,1,3,4,0,0,1,1,2,0,,6.8,0
21997,100006,Haixia Zheng,1611661320,LAS,Los Angeles Sparks,1029700099,1997-08-18,LAS vs. PHO,W,33,4,6,0.667,0,0,,0,0,,0,4,4,2,1,2,2,3,8,,22.8,0
21997,100007,Jamila Wideman,1611661320,LAS,Los Angeles Sparks,1029700099,1997-08-18,LAS vs. PHO,W,7,0,0,,0,0,,0,0,,0,0,0,0,0,0,0,1,0,,0.0,0
21997,100008,Tamecka Dixon,1611661320,LAS,Los Angeles Sparks,1029700099,1997-08-18,LAS vs. PHO,W,38,7,17,0.412,0,4,0.0,9,11,0.818,4,5,9,3,2,0,2,3,23,,42.3,0
21997,100009,Katrina Colleton,1611661320,LAS,Los Angeles Sparks,1029700099,1997-08-18,LAS vs. PHO,W,35,3,4,0.75,1,1,1.0,1,2,0.5,1,3,4,3,2,1,2,0,8,,24.3,0
21997,100011,Linda Burgess,1611661320,LAS,Los Angeles Sparks,1029700099,1997-08-18,LAS vs. PHO,W,15,1,6,0.167,0,0,,0,2,0.0,0,5,5,0,0,0,3,2,2,,5.0,0
21997,100002,Rebecca Lobo,1611661313,NYL,New York Liberty,1029700100,1997-08-19,NYL @ UTA,L,38,11,20,0.55,3,4,0.75,2,4,0.5,3,6,9,1,1,5,1,2,27,,56.3,0
21997,100101,Teresa Weatherspoon,1611661313,NYL,New York Liberty,1029700100,1997-08-19,NYL @ UTA,L,31,4,9,0.444,0,3,0.0,1,2,0.5,3,1,4,5,0,0,3,3,9,,18.3,0
21997,100102,Kym Hampton,1611661313,NYL,New York Liberty,1029700100,1997-08-19,NYL @ UTA,L,21,4,5,0.8,0,0,,4,5,0.8,3,5,8,1,0,0,1,4,12,,22.1,0
21997,100103,Vickie Johnson,1611661313,NYL,New York Liberty,1029700100,1997-08-19,NYL @ UTA,L,29,3,9,0.333,0,0,,0,0,,2,2,4,2,0,1,0,3,6,,16.8,0
21997,100104,Sue Wicks,1611661313,NYL,New York Liberty,1029700100,1997-08-19,NYL @ UTA,L,18,2,9,0.222,0,1,0.0,0,0,,3,3,6,2,4,1,2,4,4,,27.2,0
21997,100105,Sophia Witherspoon,1611661313,NYL,New York Liberty,1029700100,1997-08-19,NYL @ UTA,L,34,2,15,0.133,0,7,0.0,4,4,1.0,2,1,3,3,0,0,1,2,8,,15.1,0
21997,100106,Trena Trice-Hill,1611661313,NYL,New York Liberty,1029700100,1997-08-19,NYL @ UTA,L,3,1,2,0.5,0,0,,0,1,0.0,1,1,2,0,0,0,2,3,2,,2.4,0
21997,100107,Kisha Ford,1611661313,NYL,New York Liberty,1029700100,1997-08-19,NYL @ UTA,L,5,0,1,0.0,0,0,,0,0,,0,0,0,1,0,0,0,1,0,,1.5,0
21997,100108,Rhonda Blades,1611661313,NYL,New York Liberty,1029700100,1997-08-19,NYL @ UTA,L,18,2,8,0.25,1,7,0.143,2,2,1.0,1,1,2,4,1,0,1,5,7,,17.4,0
21997,100110,Cassandra Crumpton-Moorer,1611661313,NYL,New York Liberty,1029700100,1997-08-19,NYL @ UTA,L,3,0,1,0.0,0,0,,0,0,,0,0,0,0,0,0,0,0,0,,0.0,0
21997,100043,Elena Baranova,1611661319,UTA,Utah Starzz,1029700100,1997-08-19,UTA vs. NYL,W,31,3,13,0.231,2,6,0.333,3,4,0.75,3,5,8,2,2,2,4,3,11,,31.6,0
21997,100044,Lady Grooms,1611661319,UTA,Utah Starzz,1029700100,1997-08-19,UTA vs. NYL,W,18,1,2,0.5,0,0,,0,0,,0,3,3,0,0,0,0,1,2,,5.6,0
21997,100045,Dena Head,1611661319,UTA,Utah Starzz,1029700100,1997-08-19,UTA vs. NYL,W,22,3,9,0.333,0,0,,5,6,0.833,2,4,6,4,0,0,1,3,11,,23.2,0
21997,100046,Wendy Palmer,1611661319,UTA,Utah Starzz,1029700100,1997-08-19,UTA vs. NYL,W,36,6,10,0.6,0,0,,7,10,0.7,3,6,9,3,1,0,4,2,19,,33.3,0
21997,100047,Tammi Reiss,1611661319,UTA,Utah Starzz,1029700100,1997-08-19,UTA vs. NYL,W,28,3,6,0.5,1,2,0.5,3,4,0.75,0,3,3,3,0,0,1,4,10,,17.1,0
21997,100048,Jessie Hicks,1611661319,UTA,Utah Starzz,1029700100,1997-08-19,UTA vs. NYL,W,5,1,1,1.0,0,0,,0,0,,0,0,0,0,0,0,0,2,2,,2.0,0
21997,100050,Kim Williams,1611661319,UTA,Utah Starzz,1029700100,1997-08-19,UTA vs. NYL,W,12,4,7,0.571,0,0,,0,0,,1,1,2,2,2,1,0,3,8,,22.4,0
21997,100052,Deborah Carter,1611661319,UTA,Utah Starzz,1029700100,1997-08-19,UTA vs. NYL,W,11,2,6,0.333,0,0,,0,0,,0,1,1,1,0,0,0,0,4,,6.7,0
21997,100053,Karen Booker,1611661319,UTA,Utah Starzz,1029700100,1997-08-19,UTA vs. NYL,W,8,0,0,,0,0,,2,2,1.0,0,5,5,0,0,0,2,0,2,,6.0,0
21997,100055,Greta Koss,1611661319,UTA,Utah Starzz,1029700100,1997-08-19,UTA vs. NYL,W,29,3,4,0.75,1,1,1.0,5,6,0.833,0,0,0,1,1,1,2,2,12,,17.5,0
21997,100058,Vicky Bullett,1611661314,CHA,Charlotte Sting,1029700101,1997-08-19,CHA @ HOU,L,40,10,15,0.667,0,1,0.0,4,5,0.8,1,1,2,1,4,3,3,2,24,,45.9,0
21997,100059,Andrea Stinson,1611661314,CHA,Charlotte Sting,1029700101,1997-08-19,CHA @ HOU,L,38,5,16,0.313,1,4,0.25,0,0,,1,5,6,7,0,1,4,3,11,,27.7,0
21997,100060,Rhonda Mapp,1611661314,CHA,Charlotte Sting,1029700101,1997-08-19,CHA @ HOU,L,34,5,11,0.455,0,1,0.0,5,6,0.833,3,4,7,5,0,0,3,5,15,,27.9,0
21997,100062,Tora Suber,1611661314,CHA,Charlotte Sting,1029700101,1997-08-19,CHA @ HOU,L,14,1,1,1.0,1,1,1.0,0,0,,0,0,0,1,0,0,2,1,3,,2.5,0
21997,100063,Sharon Manning,1611661314,CHA,Charlotte Sting,1029700101,1997-08-19,CHA @ HOU,L,6,0,1,0.0,0,0,,0,0,,0,0,0,0,1,1,0,1,0,,6.0,0
21997,100065,Andrea Congreaves,1611661314,CHA,Charlotte Sting,1029700101,1997-08-19,CHA @ HOU,L,33,2,3,0.667,1,2,0.5,0,0,,0,4,4,1,0,0,1,5,5,,10.3,0
21997,100155,Nicole Levesque,1611661314,CHA,Charlotte Sting,1029700101,1997-08-19,CHA @ HOU,L,26,3,4,0.75,3,4,0.75,0,0,,0,2,2,4,0,0,1,2,9,,16.4,0
21997,100374,Penny Moore,1611661314,CHA,Charlotte Sting,1029700101,1997-08-19,CHA @ HOU,L,9,1,3,0.333,0,0,,0,0,,1,0,1,1,0,0,0,1,2,,4.7,0
21997,100072,Sheryl Swoopes,1611661316,HOU,Houston Comets,1029700101,1997-08-19,HOU vs. CHA,W,12,0,3,0.0,0,2,0.0,1,2,0.5,1,2,3,1,1,1,1,1,1,,11.1,0
21997,100073,Cynthia Cooper,1611661316,HOU,Houston Comets,1029700101,1997-08-19,HOU vs. CHA,W,39,10,15,0.667,5,7,0.714,6,8,0.75,3,2,5,4,0,0,4,1,31,,39.0,0
21997,100074,Wanda Guyton,1611661316,HOU,Houston Comets,1029700101,1997-08-19,HOU vs. CHA,W,28,0,1,0.0,0,0,,2,2,1.0,4,6,10,1,0,0,2,3,2,,13.5,0
21997,100075,Janeth Arcain,1611661316,HOU,Houston Comets,1029700101,1997-08-19,HOU vs. CHA,W,35,8,15,0.533,1,3,0.333,3,4,0.75,1,1,2,0,3,1,1,2,20,,33.4,0
21997,100076,Tina Thompson,1611661316,HOU,Houston Comets,1029700101,1997-08-19,HOU vs. CHA,W,35,6,15,0.4,2,6,0.333,2,2,1.0,4,4,8,4,1,0,1,4,16,,33.6,0
21997,100077,Tammy Jackson,1611661316,HOU,Houston Comets,1029700101,1997-08-19,HOU vs. CHA,W,17,0,4,0.0,0,0,,4,4,1.0,0,1,1,0,1,0,0,3,4,,8.2,0
21997,100083,Kim Perrot,1611661316,HOU,Houston Comets,1029700101,1997-08-19,HOU vs. CHA,W,34,1,7,0.143,1,6,0.167,0,0,,2,3,5,3,2,0,1,0,3,,18.5,0
21997,100019,Mikiko Hagiwara,1611661317,PHO,Phoenix Mercury,1029700102,1997-08-20,PHO @ SAC,W,11,1,2,0.5,1,2,0.5,0,0,,0,0,0,1,0,0,0,1,3,,4.5,0
21997,100029,Michele Timms,1611661317,PHO,Phoenix Mercury,1029700102,1997-08-20,PHO @ SAC,W,36,2,8,0.25,2,5,0.4,3,4,0.75,0,4,4,3,4,0,5,3,9,,25.3,0
21997,100030,Jennifer Gillom,1611661317,PHO,Phoenix Mercury,1029700102,1997-08-20,PHO @ SAC,W,33,6,11,0.545,1,2,0.5,2,2,1.0,0,2,2,2,1,0,4,2,15,,19.4,0
21997,100031,Bridget Pettis,1611661317,PHO,Phoenix Mercury,1029700102,1997-08-20,PHO @ SAC,W,28,5,11,0.455,1,2,0.5,7,8,0.875,0,1,1,3,2,0,4,2,18,,25.7,0
21997,100032,Nancy Lieberman,1611661317,PHO,Phoenix Mercury,1029700102,1997-08-20,PHO @ SAC,W,6,0,0,,0,0,,0,0,,0,0,0,1,0,0,1,2,0,,0.5,0
21997,100033,Toni Foster,1611661317,PHO,Phoenix Mercury,1029700102,1997-08-20,PHO @ SAC,W,32,1,3,0.333,0,0,,5,8,0.625,5,6,11,2,3,0,3,1,7,,29.2,0
21997,100034,Tia Jackson,1611661317,PHO,Phoenix Mercury,1029700102,1997-08-20,PHO @ SAC,W,7,0,1,0.0,0,0,,0,0,,1,1,2,1,1,0,1,1,0,,5.9,0
21997,100035,Umeki Webb,1611661317,PHO,Phoenix Mercury,1029700102,1997-08-20,PHO @ SAC,W,30,2,3,0.667,0,0,,2,3,0.667,0,3,3,4,4,0,3,4,6,,24.6,0
21997,100037,Marlies Askamp,1611661317,PHO,Phoenix Mercury,1029700102,1997-08-20,PHO @ SAC,W,14,3,5,0.6,0,0,,5,5,1.0,0,0,0,0,1,0,1,0,11,,13.0,0
21997,100038,Tara Williams,1611661317,PHO,Phoenix Mercury,1029700102,1997-08-20,PHO @ SAC,W,3,0,0,,0,0,,0,0,,0,0,0,0,0,0,0,1,0,,0.0,0
21997,100016,Ruthie Bolton,1611661318,SAC,Sacramento Monarchs,1029700102,1997-08-20,SAC vs. PHO,L,38,5,18,0.278,0,6,0.0,2,2,1.0,0,2,2,5,4,0,4,6,12,,29.9,0
21997,100017,Bridgette Gordon,1611661318,SAC,Sacramento Monarchs,1029700102,1997-08-20,SAC vs. PHO,L,32,4,6,0.667,0,0,,0,0,,0,4,4,3,2,1,2,3,8,,24.3,0
21997,100020,Pam McGee,1611661318,SAC,Sacramento Monarchs,1029700102,1997-08-20,SAC vs. PHO,L,23,1,5,0.2,0,0,,0,0,,2,1,3,0,0,1,4,5,2,,4.6,0
21997,100021,Denique Graves,1611661318,SAC,Sacramento Monarchs,1029700102,1997-08-20,SAC vs. PHO,L,8,1,1,1.0,0,0,,0,0,,0,1,1,0,0,0,2,0,2,,1.2,0
21997,100022,Chantel Tremitiere,1611661318,SAC,Sacramento Monarchs,1029700102,1997-08-20,SAC vs. PHO,L,29,0,0,,0,0,,0,0,,0,4,4,4,0,0,4,2,0,,6.8,0
21997,100023,Tajama Abraham,1611661318,SAC,Sacramento Monarchs,1029700102,1997-08-20,SAC vs. PHO,L,16,4,5,0.8,0,0,,0,0,,1,1,2,0,0,0,3,5,8,,7.4,0
21997,100024,Corissa Yasen,1611661318,SAC,Sacramento Monarchs,1029700102,1997-08-20,SAC vs. PHO,L,24,4,7,0.571,0,0,,2,4,0.5,3,2,5,3,0,0,0,3,10,,20.5,0
21997,100027,Latasha Byears,1611661318,SAC,Sacramento Monarchs,1029700102,1997-08-20,SAC vs. PHO,L,18,2,6,0.333,0,0,,0,2,0.0,2,0,2,0,0,0,3,4,4,,3.4,0
21997,100028,Danielle Viglione,1611661318,SAC,Sacramento Monarchs,1029700102,1997-08-20,SAC vs. PHO,L,1,0,0,,0,0,,0,0,,0,0,0,0,0,0,0,0,0,,0.0,0
21997,100161,Laure Savasta,1611661318,SAC,Sacramento Monarchs,1029700102,1997-08-20,SAC vs. PHO,L,11,3,6,0.5,2,3,0.667,0,2,0.0,0,0,0,1,0,0,2,1,8,,7.5,0
21997,100002,Rebecca Lobo,1611661313,NYL,New York Liberty,1029700103,1997-08-20,NYL @ LAS,L,36,5,12,0.417,0,1,0.0,0,0,,0,3,3,4,0,3,2,4,10,,26.6,0
21997,100101,Teresa Weatherspoon,1611661313,NYL,New York Liberty,1029700103,1997-08-20,NYL @ LAS,L,34,1,2,0.5,0,0,,2,2,1.0,0,3,3,12,2,0,4,2,4,,27.6,0
21997,100102,Kym Hampton,1611661313,NYL,New York Liberty,1029700103,1997-08-20,NYL @ LAS,L,21,1,4,0.25,0,0,,2,2,1.0,1,2,3,0,2,0,1,3,4,,12.6,0
21997,100103,Vickie Johnson,1611661313,NYL,New York Liberty,1029700103,1997-08-20,NYL @ LAS,L,36,5,12,0.417,0,0,,3,3,1.0,3,2,5,2,3,0,2,4,13,,29.0,0
21997,100104,Sue Wicks,1611661313,NYL,New York Liberty,1029700103,1997-08-20,NYL @ LAS,L,13,4,5,0.8,0,0,,0,1,0.0,0,5,5,2,0,0,2,4,8,,15.0,0
21997,100105,Sophia Witherspoon,1611661313,NYL,New York Liberty,1029700103,1997-08-20,NYL @ LAS,L,34,12,19,0.632,0,3,0.0,3,4,0.75,1,1,2,2,2,0,3,0,27,,35.4,0
21997,100106,Trena Trice-Hill,1611661313,NYL,New York Liberty,1029700103,1997-08-20,NYL @ LAS,L,10,2,3,0.667,0,0,,1,2,0.5,1,3,4,0,0,0,0,1,5,,9.8,0
21997,100107,Kisha Ford,1611661313,NYL,New York Liberty,1029700103,1997-08-20,NYL @ LAS,L,7,1,2,0.5,0,0,,0,0,,0,0,0,3,0,0,0,1,2,,6.5,0
21997,100108,Rhonda Blades,1611661313,NYL,New York Liberty,1029700103,1997-08-20,NYL @ LAS,L,9,1,3,0.333,1,1,1.0,0,0,,0,0,0,1,0,0,2,0,3,,2.5,0
21997,100003,Lisa Leslie,1611661320,LAS,Los Angeles Sparks,1029700103,1997-08-20,LAS vs. NYL,W,35,4,7,0.571,0,0,,5,8,0.625,1,6,7,2,1,2,5,1,13,,28.4,0
21997,100004,Penny Toler,1611661320,LAS,Los Angeles Sparks,1029700103,1997-08-20,LAS vs. NYL,W,36,7,14,0.5,1,2,0.5,2,3,0.667,0,2,2,6,0,0,2,1,17,,26.4,0
21997,100005,Daedra Charles,1611661320,LAS,Los Angeles Sparks,1029700103,1997-08-20,LAS vs. NYL,W,14,3,5,0.6,0,0,,0,1,0.0,0,1,1,0,0,2,0,1,6,,13.2,0
21997,100006,Haixia Zheng,1611661320,LAS,Los Angeles Sparks,1029700103,1997-08-20,LAS vs. NYL,W,22,5,7,0.714,0,0,,3,3,1.0,3,6,9,1,0,0,3,4,13,,22.3,0
21997,100007,Jamila Wideman,1611661320,LAS,Los Angeles Sparks,1029700103,1997-08-20,LAS vs. NYL,W,19,0,1,0.0,0,1,0.0,2,2,1.0,0,1,1,3,0,0,4,1,2,,3.7,0
21997,100008,Tamecka Dixon,1611661320,LAS,Los Angeles Sparks,1029700103,1997-08-20,LAS vs. NYL,W,23,5,8,0.625,0,0,,2,2,1.0,0,3,3,3,3,0,1,4,12,,28.1,0
21997,100009,Katrina Colleton,1611661320,LAS,Los Angeles Sparks,1029700103,1997-08-20,LAS vs. NYL,W,31,4,8,0.5,1,2,0.5,0,0,,3,3,6,3,4,0,3,0,9,,29.7,0
21997,100011,Linda Burgess,1611661320,LAS,Los Angeles Sparks,1029700103,1997-08-20,LAS vs. NYL,W,20,2,8,0.25,0,0,,2,2,1.0,1,1,2,0,1,0,0,4,6,,11.4,0
21997,100087,Janice Braxton,1611661315,CLE,Cleveland Rockers,1029700104,1997-08-21,CLE @ HOU,W,35,4,10,0.4,1,1,1.0,1,2,0.5,0,5,5,3,1,0,1,3,10,,22.5,0
21997,100088,Michelle Edwards,1611661315,CLE,Cleveland Rockers,1029700104,1997-08-21,CLE @ HOU,W,34,6,14,0.429,0,1,0.0,3,4,0.75,0,3,3,2,3,0,4,1,15,,26.6,0
21997,100089,Isabelle Fijalkowski,1611661315,CLE,Cleveland Rockers,1029700104,1997-08-21,CLE @ HOU,W,21,4,8,0.5,0,0,,4,6,0.667,3,1,4,3,0,0,3,5,12,,18.3,0
21997,100090,Lynette Woodard,1611661315,CLE,Cleveland Rockers,1029700104,1997-08-21,CLE @ HOU,W,19,1,4,0.25,0,0,,2,4,0.5,1,4,5,0,1,0,2,3,4,,11.0,0
21997,100091,Eva Nemcova,1611661315,CLE,Cleveland Rockers,1029700104,1997-08-21,CLE @ HOU,W,34,4,5,0.8,1,2,0.5,0,0,,0,2,2,1,0,0,2,5,9,,10.9,0
21997,100092,Merlakia Jones,1611661315,CLE,Cleveland Rockers,1029700104,1997-08-21,CLE @ HOU,W,27,5,6,0.833,0,0,,0,0,,1,0,1,0,2,0,3,2,10,,14.2,0
21997,100093,Tina Nicholson,1611661315,CLE,Cleveland Rockers,1029700104,1997-08-21,CLE @ HOU,W,6,1,1,1.0,1,1,1.0,0,0,,0,0,0,0,0,0,0,0,3,,3.0,0
21997,100097,Rushia Brown,1611661315,CLE,Cleveland Rockers,1029700104,1997-08-21,CLE @ HOU,W,24,4,4,1.0,0,0,,5,6,0.833,0,4,4,0,0,0,0,1,13,,17.8,0
21997,100072,Sheryl Swoopes,1611661316,HOU,Houston Comets,1029700104,1997-08-21,HOU vs. CLE,L,17,1,8,0.125,0,2,0.0,0,0,,0,2,2,0,2,0,0,0,2,,10.4,0
21997,100073,Cynthia Cooper,1611661316,HOU,Houston Comets,1029700104,1997-08-21,HOU vs. CLE,L,33,4,15,0.267,0,6,0.0,7,9,0.778,1,2,3,9,0,0,5,2,15,,27.1,0
21997,100074,Wanda Guyton,1611661316,HOU,Houston Comets,1029700104,1997-08-21,HOU vs. CLE,L,34,3,3,1.0,0,0,,4,7,0.571,7,3,10,0,3,0,0,4,10,,31.0,0
21997,100075,Janeth Arcain,1611661316,HOU,Houston Comets,1029700104,1997-08-21,HOU vs. CLE,L,32,5,11,0.455,2,4,0.5,0,0,,1,2,3,1,1,0,2,1,12,,18.1,0
21997,100076,Tina Thompson,1611661316,HOU,Houston Comets,1029700104,1997-08-21,HOU vs. CLE,L,27,4,10,0.4,1,3,0.333,2,2,1.0,4,4,8,0,0,0,4,5,11,,16.6,0
21997,100077,Tammy Jackson,1611661316,HOU,Houston Comets,1029700104,1997-08-21,HOU vs. CLE,L,18,2,3,0.667,0,0,,0,0,,0,0,0,2,0,0,1,4,4,,6.0,0
21997,100083,Kim Perrot,1611661316,HOU,Houston Comets,1029700104,1997-08-21,HOU vs. CLE,L,33,6,8,0.75,5,6,0.833,1,2,0.5,0,1,1,1,2,0,2,3,18,,24.7,0
21997,100086,Tiffany Woosley,1611661316,HOU,Houston Comets,1029700104,1997-08-21,HOU vs. CLE,L,6,1,1,1.0,1,1,1.0,0,0,,0,1,1,0,0,0,0,1,3,,4.2,0
21997,100058,Vicky Bullett,1611661314,CHA,Charlotte Sting,1029700105,1997-08-21,CHA @ UTA,W,32,5,13,0.385,0,1,0.0,4,4,1.0,1,5,6,2,2,2,1,4,14,,35.2,0
21997,100059,Andrea Stinson,1611661314,CHA,Charlotte Sting,1029700105,1997-08-21,CHA @ UTA,W,40,5,16,0.313,1,3,0.333,3,4,0.75,1,4,5,2,0,3,3,3,14,,29.0,0
21997,100060,Rhonda Mapp,1611661314,CHA,Charlotte Sting,1029700105,1997-08-21,CHA @ UTA,W,34,6,11,0.545,0,0,,0,0,,3,6,9,4,3,1,4,2,12,,36.8,0
21997,100062,Tora Suber,1611661314,CHA,Charlotte Sting,1029700105,1997-08-21,CHA @ UTA,W,21,1,1,1.0,1,1,1.0,0,0,,0,2,2,1,1,0,0,2,3,,9.9,0
21997,100063,Sharon Manning,1611661314,CHA,Charlotte Sting,1029700105,1997-08-21,CHA @ UTA,W,13,3,7,0.429,0,0,,0,0,,0,1,1,0,0,0,0,0,6,,7.2,0
21997,100065,Andrea Congreaves,1611661314,CHA,Charlotte Sting,1029700105,1997-08-21,CHA @ UTA,W,38,2,7,0.286,1,3,0.333,3,4,0.75,1,6,7,3,1,1,3,2,8,,23.9,0
21997,100155,Nicole Levesque,1611661314,CHA,Charlotte Sting,1029700105,1997-08-21,CHA @ UTA,W,20,3,4,0.75,2,3,0.667,1,2,0.5,0,5,5,4,0,0,0,1,9,,21.0,0
21997,100374,Penny Moore,1611661314,CHA,Charlotte Sting,1029700105,1997-08-21,CHA @ UTA,W,2,0,1,0.0,0,1,0.0,0,0,,0,0,0,0,0,0,1,0,0,,-1.0,0
21997,100043,Elena Baranova,1611661319,UTA,Utah Starzz,1029700105,1997-08-21,UTA vs. CHA,L,33,5,16,0.313,1,5,0.2,0,0,,4,4,8,3,1,3,2,3,11,,35.1,0
21997,100044,Lady Grooms,1611661319,UTA,Utah Starzz,1029700105,1997-08-21,UTA vs. CHA,L,14,0,2,0.0,0,0,,0,0,,0,1,1,1,0,0,0,0,0,,2.7,0
21997,100045,Dena Head,1611661319,UTA,Utah Starzz,1029700105,1997-08-21,UTA vs. CHA,L,23,4,8,0.5,1,3,0.333,1,1,1.0,0,0,0,3,1,1,1,0,10,,19.5,0
21997,100046,Wendy Palmer,1611661319,UTA,Utah Starzz,1029700105,1997-08-21,UTA vs. CHA,L,35,7,20,0.35,2,6,0.333,4,5,0.8,4,10,14,3,3,0,2,3,20,,48.3,0
21997,100047,Tammi Reiss,1611661319,UTA,Utah Starzz,1029700105,1997-08-21,UTA vs. CHA,L,32,1,9,0.111,1,6,0.167,2,4,0.5,2,1,3,3,2,0,1,0,5,,18.1,0
21997,100048,Jessie Hicks,1611661319,UTA,Utah Starzz,1029700105,1997-08-21,UTA vs. CHA,L,12,2,6,0.333,0,0,,0,0,,1,3,4,0,2,1,0,0,4,,17.8,0
21997,100050,Kim Williams,1611661319,UTA,Utah Starzz,1029700105,1997-08-21,UTA vs. CHA,L,12,1,5,0.2,1,3,0.333,0,0,,1,3,4,0,0,0,2,2,3,,5.8,0
21997,100052,Deborah Carter,1611661319,UTA,Utah Starzz,1029700105,1997-08-21,UTA vs. CHA,L,9,1,3,0.333,1,2,0.5,0,0,,1,0,1,1,0,0,1,1,3,,4.7,0
21997,100053,Karen Booker,1611661319,UTA,Utah Starzz,1029700105,1997-08-21,UTA vs. CHA,L,4,0,1,0.0,0,0,,0,0,,0,2,2,0,0,0,0,0,0,,2.4,0
21997,100055,Greta Koss,1611661319,UTA,Utah Starzz,1029700105,1997-08-21,UTA vs. CHA,L,26,0,2,0.0,0,0,,0,0,,2,4,6,1,0,0,2,4,0,,6.7,0
21997,100058,Vicky Bullett,1611661314,CHA,Charlotte Sting,1029700106,1997-08-22,CHA @ PHO,L,33,6,8,0.75,0,0,,0,0,,0,3,3,3,1,2,4,3,12,,25.1,0
21997,100059,Andrea Stinson,1611661314,CHA,Charlotte Sting,1029700106,1997-08-22,CHA @ PHO,L,36,2,11,0.182,0,1,0.0,4,6,0.667,2,4,6,7,0,0,6,3,8,,19.7,0
21997,100060,Rhonda Mapp,1611661314,CHA,Charlotte Sting,1029700106,1997-08-22,CHA @ PHO,L,22,2,7,0.286,0,1,0.0,0,2,0.0,0,1,1,2,0,0,3,5,4,,5.2,0
21997,100062,Tora Suber,1611661314,CHA,Charlotte Sting,1029700106,1997-08-22,CHA @ PHO,L,20,4,6,0.667,1,3,0.333,0,0,,1,0,1,1,0,1,3,2,9,,11.7,0
21997,100063,Sharon Manning,1611661314,CHA,Charlotte Sting,1029700106,1997-08-22,CHA @ PHO,L,12,1,3,0.333,0,0,,0,0,,2,1,3,1,2,0,0,1,2,,13.1,0
21997,100065,Andrea Congreaves,1611661314,CHA,Charlotte Sting,1029700106,1997-08-22,CHA @ PHO,L,28,6,7,0.857,1,2,0.5,0,0,,1,1,2,2,1,0,3,0,13,,18.4,0
21997,100067,Katasha Artis,1611661314,CHA,Charlotte Sting,1029700106,1997-08-22,CHA @ PHO,L,3,0,0,,0,0,,0,0,,0,0,0,1,1,0,0,0,0,,4.5,0
21997,100071,Susie Hopson-Shelton,1611661314,CHA,Charlotte Sting,1029700106,1997-08-22,CHA @ PHO,L,4,1,1,1.0,0,0,,0,0,,0,2,2,0,0,0,1,1,2,,3.4,0
21997,100155,Nicole Levesque,1611661314,CHA,Charlotte Sting,1029700106,1997-08-22,CHA @ PHO,L,20,3,4,0.75,3,4,0.75,0,0,,0,3,3,1,1,0,2,2,9,,15.1,0
21997,100374,Penny Moore,1611661314,CHA,Charlotte Sting,1029700106,1997-08-22,CHA @ PHO,L,22,2,6,0.333,0,2,0.0,0,0,,1,1,2,1,1,0,1,0,4,,9.9,0
21997,100019,Mikiko Hagiwara,1611661317,PHO,Phoenix Mercury,1029700106,1997-08-22,PHO vs. CHA,W,9,0,1,0.0,0,1,0.0,0,0,,1,0,1,2,0,0,0,0,0,,4.2,0
21997,100029,Michele Timms,1611661317,PHO,Phoenix Mercury,1029700106,1997-08-22,PHO vs. CHA,W,30,3,8,0.375,3,4,0.75,4,4,1.0,0,2,2,8,3,0,6,2,13,,30.4,0
21997,100030,Jennifer Gillom,1611661317,PHO,Phoenix Mercury,1029700106,1997-08-22,PHO vs. CHA,W,33,7,11,0.636,0,0,,3,3,1.0,2,3,5,1,1,1,4,3,17,,26.5,0
21997,100031,Bridget Pettis,1611661317,PHO,Phoenix Mercury,1029700106,1997-08-22,PHO vs. CHA,W,35,10,15,0.667,3,6,0.5,4,4,1.0,0,3,3,2,1,0,2,1,27,,34.6,0
21997,100032,Nancy Lieberman,1611661317,PHO,Phoenix Mercury,1029700106,1997-08-22,PHO vs. CHA,W,11,1,2,0.5,0,0,,0,0,,0,1,1,5,1,0,0,0,2,,13.7,0
21997,100033,Toni Foster,1611661317,PHO,Phoenix Mercury,1029700106,1997-08-22,PHO vs. CHA,W,29,4,6,0.667,0,0,,2,2,1.0,0,4,4,1,4,1,3,0,10,,28.3,0
21997,100035,Umeki Webb,1611661317,PHO,Phoenix Mercury,1029700106,1997-08-22,PHO vs. CHA,W,35,1,3,0.333,0,0,,2,3,0.667,1,2,3,4,3,0,4,5,4,,18.6,0
21997,100037,Marlies Askamp,1611661317,PHO,Phoenix Mercury,1029700106,1997-08-22,PHO vs. CHA,W,13,2,5,0.4,0,0,,1,1,1.0,0,4,4,0,1,0,1,1,5,,11.8,0
21997,100038,Tara Williams,1611661317,PHO,Phoenix Mercury,1029700106,1997-08-22,PHO vs. CHA,W,5,0,2,0.0,0,0,,0,0,,1,0,1,0,0,0,1,0,0,,0.2,0
21997,100016,Ruthie Bolton,1611661318,SAC,Sacramento Monarchs,1029700107,1997-08-22,SAC @ LAS,L,34,5,15,0.333,2,6,0.333,0,0,,5,3,8,1,1,0,3,0,12,,23.1,0
21997,100017,Bridgette Gordon,1611661318,SAC,Sacramento Monarchs,1029700107,1997-08-22,SAC @ LAS,L,30,6,15,0.4,0,1,0.0,2,3,0.667,2,2,4,3,1,1,1,2,14,,28.3,0
21997,100020,Pam McGee,1611661318,SAC,Sacramento Monarchs,1029700107,1997-08-22,SAC @ LAS,L,26,5,12,0.417,0,1,0.0,1,2,0.5,3,1,4,1,0,0,2,6,11,,15.3,0
21997,100021,Denique Graves,1611661318,SAC,Sacramento Monarchs,1029700107,1997-08-22,SAC @ LAS,L,3,0,3,0.0,0,0,,0,0,,0,2,2,0,0,0,0,1,0,,2.4,0
21997,100022,Chantel Tremitiere,1611661318,SAC,Sacramento Monarchs,1029700107,1997-08-22,SAC @ LAS,L,37,3,12,0.25,1,4,0.25,3,5,0.6,2,3,5,6,5,0,2,1,10,,38.0,0
21997,100023,Tajama Abraham,1611661318,SAC,Sacramento Monarchs,1029700107,1997-08-22,SAC @ LAS,L,14,1,3,0.333,0,0,,0,0,,1,4,5,0,0,1,2,5,2,,9.0,0
21997,100024,Corissa Yasen,1611661318,SAC,Sacramento Monarchs,1029700107,1997-08-22,SAC @ LAS,L,13,2,2,1.0,0,0,,0,0,,1,0,1,0,2,0,3,2,4,,8.2,0
21997,100027,Latasha Byears,1611661318,SAC,Sacramento Monarchs,1029700107,1997-08-22,SAC @ LAS,L,31,6,19,0.316,0,1,0.0,7,9,0.778,3,3,6,4,6,2,1,5,19,,55.2,0
21997,100161,Laure Savasta,1611661318,SAC,Sacramento Monarchs,1029700107,1997-08-22,SAC @ LAS,L,12,1,3,0.333,1,2,0.5,2,2,1.0,0,1,1,1,1,0,1,1,5,,9.7,0
21997,100003,Lisa Leslie,1611661320,LAS,Los Angeles Sparks,1029700107,1997-08-22,LAS vs. SAC,W,31,5,9,0.556,0,1,0.0,2,5,0.4,1,11,12,4,1,1,7,3,12,,31.4,0
21997,100004,Penny Toler,1611661320,LAS,Los Angeles Sparks,1029700107,1997-08-22,LAS vs. SAC,W,30,8,13,0.615,0,1,0.0,3,4,0.75,2,2,4,8,2,0,6,0,19,,35.8,0
21997,100005,Daedra Charles,1611661320,LAS,Los Angeles Sparks,1029700107,1997-08-22,LAS vs. SAC,W,11,1,2,0.5,0,0,,0,0,,0,1,1,0,0,0,0,0,2,,3.2,0
21997,100006,Haixia Zheng,1611661320,LAS,Los Angeles Sparks,1029700107,1997-08-22,LAS vs. SAC,W,29,10,11,0.909,0,0,,1,4,0.25,0,9,9,1,1,2,3,2,21,,39.3,0
21997,100007,Jamila Wideman,1611661320,LAS,Los Angeles Sparks,1029700107,1997-08-22,LAS vs. SAC,W,20,1,4,0.25,0,0,,2,2,1.0,0,2,2,3,1,0,2,4,4,,11.9,0
21997,100008,Tamecka Dixon,1611661320,LAS,Los Angeles Sparks,1029700107,1997-08-22,LAS vs. SAC,W,17,1,2,0.5,0,0,,2,2,1.0,1,0,1,4,1,0,1,4,4,,13.2,0
21997,100009,Katrina Colleton,1611661320,LAS,Los Angeles Sparks,1029700107,1997-08-22,LAS vs. SAC,W,20,2,4,0.5,0,0,,2,2,1.0,0,0,0,3,1,0,0,0,6,,13.5,0
21997,100011,Linda Burgess,1611661320,LAS,Los Angeles Sparks,1029700107,1997-08-22,LAS vs. SAC,W,26,5,9,0.556,0,0,,4,4,1.0,1,3,4,0,2,1,1,1,14,,26.8,0
21997,100012,Mwadi Mabika,1611661320,LAS,Los Angeles Sparks,1029700107,1997-08-22,LAS vs. SAC,W,7,0,1,0.0,0,0,,1,2,0.5,1,0,1,0,1,0,0,1,1,,5.2,0
21997,100156,Heidi Burge,1611661320,LAS,Los Angeles Sparks,1029700107,1997-08-22,LAS vs. SAC,W,9,2,5,0.4,0,0,,1,1,1.0,1,2,3,1,1,0,3,5,5,,10.1,0
21997,100002,Rebecca Lobo,1611661313,NYL,New York Liberty,1029700108,1997-08-23,NYL @ CLE,L,33,5,12,0.417,1,2,0.5,0,0,,2,6,8,2,0,1,3,2,11,,23.6,0
21997,100101,Teresa Weatherspoon,1611661313,NYL,New York Liberty,1029700108,1997-08-23,NYL @ CLE,L,28,2,3,0.667,1,2,0.5,3,6,0.5,0,3,3,5,4,0,0,2,8,,31.1,0
21997,100102,Kym Hampton,1611661313,NYL,New York Liberty,1029700108,1997-08-23,NYL @ CLE,L,29,5,10,0.5,0,0,,3,4,0.75,4,5,9,1,1,2,1,4,13,,33.3,0
21997,100103,Vickie Johnson,1611661313,NYL,New York Liberty,1029700108,1997-08-23,NYL @ CLE,L,34,4,7,0.571,0,1,0.0,0,0,,0,1,1,5,1,0,1,1,8,,18.7,0
21997,100104,Sue Wicks,1611661313,NYL,New York Liberty,1029700108,1997-08-23,NYL @ CLE,L,7,0,3,0.0,0,0,,0,0,,1,0,1,1,0,0,2,2,0,,0.7,0
21997,100105,Sophia Witherspoon,1611661313,NYL,New York Liberty,1029700108,1997-08-23,NYL @ CLE,L,33,5,13,0.385,1,4,0.25,0,0,,1,2,3,3,1,2,2,2,11,,26.1,0
21997,100106,Trena Trice-Hill,1611661313,NYL,New York Liberty,1029700108,1997-08-23,NYL @ CLE,L,11,6,9,0.667,0,0,,5,6,0.833,4,1,5,0,2,1,1,2,17,,31.0,0
21997,100107,Kisha Ford,1611661313,NYL,New York Liberty,1029700108,1997-08-23,NYL @ CLE,L,13,1,1,1.0,1,1,1.0,0,0,,0,0,0,1,0,0,2,1,3,,2.5,0
21997,100108,Rhonda Blades,1611661313,NYL,New York Liberty,1029700108,1997-08-23,NYL @ CLE,L,12,0,0,,0,0,,0,0,,0,0,0,0,0,0,2,2,0,,-2.0,0
21997,100087,Janice Braxton,1611661315,CLE,Cleveland Rockers,1029700108,1997-08-23,CLE vs. NYL,W,35,7,14,0.5,1,1,1.0,4,5,0.8,3,5,8,1,4,3,0,2,19,,51.1,0
21997,100088,Michelle Edwards,1611661315,CLE,Cleveland Rockers,1029700108,1997-08-23,CLE vs. NYL,W,39,6,11,0.545,2,3,0.667,0,0,,0,1,1,5,2,0,2,4,14,,26.7,0
21997,100089,Isabelle Fijalkowski,1611661315,CLE,Cleveland Rockers,1029700108,1997-08-23,CLE vs. NYL,W,32,3,9,0.333,0,0,,0,0,,0,1,1,3,0,2,2,4,6,,15.7,0
21997,100090,Lynette Woodard,1611661315,CLE,Cleveland Rockers,1029700108,1997-08-23,CLE vs. NYL,W,26,2,7,0.286,0,0,,2,3,0.667,3,2,5,5,2,0,3,1,6,,22.5,0
21997,100091,Eva Nemcova,1611661315,CLE,Cleveland Rockers,1029700108,1997-08-23,CLE vs. NYL,W,35,5,8,0.625,2,3,0.667,2,2,1.0,1,6,7,2,2,0,4,0,14,,27.4,0
21997,100092,Merlakia Jones,1611661315,CLE,Cleveland Rockers,1029700108,1997-08-23,CLE vs. NYL,W,11,2,5,0.4,0,1,0.0,0,2,0.0,1,0,1,0,2,0,4,4,4,,7.2,0
21997,100095,Jenny Boucek,1611661315,CLE,Cleveland Rockers,1029700108,1997-08-23,CLE vs. NYL,W,1,0,0,,0,0,,0,0,,0,0,0,0,0,0,0,2,0,,0.0,0
21997,100097,Rushia Brown,1611661315,CLE,Cleveland Rockers,1029700108,1997-08-23,CLE vs. NYL,W,13,2,3,0.667,0,0,,0,0,,2,3,5,0,0,0,0,0,4,,10.0,0
21997,100100,Adrienne Johnson,1611661315,CLE,Cleveland Rockers,1029700108,1997-08-23,CLE vs. NYL,W,8,2,5,0.4,1,1,1.0,0,0,,0,1,1,1,0,0,0,1,5,,7.7,0
21997,100002,Rebecca Lobo,1611661313,NYL,New York Liberty,1029700109,1997-08-24,NYL vs. CLE,W,39,9,15,0.6,0,1,0.0,2,2,1.0,3,4,7,1,1,0,2,5,20,,30.9,0
21997,100101,Teresa Weatherspoon,1611661313,NYL,New York Liberty,1029700109,1997-08-24,NYL vs. CLE,W,43,2,3,0.667,1,2,0.5,4,4,1.0,0,1,1,8,4,0,4,3,9,,30.2,0
21997,100102,Kym Hampton,1611661313,NYL,New York Liberty,1029700109,1997-08-24,NYL vs. CLE,W,34,7,12,0.583,0,0,,7,8,0.875,2,4,6,5,3,1,3,4,21,,44.7,0
21997,100103,Vickie Johnson,1611661313,NYL,New York Liberty,1029700109,1997-08-24,NYL vs. CLE,W,42,6,9,0.667,0,0,,0,0,,4,2,6,3,2,0,2,2,12,,27.7,0
21997,100104,Sue Wicks,1611661313,NYL,New York Liberty,1029700109,1997-08-24,NYL vs. CLE,W,5,0,0,,0,0,,0,0,,0,0,0,0,0,0,3,0,0,,-3.0,0
21997,100105,Sophia Witherspoon,1611661313,NYL,New York Liberty,1029700109,1997-08-24,NYL vs. CLE,W,36,4,15,0.267,3,7,0.429,0,0,,1,4,5,5,0,0,3,3,11,,21.5,0
21997,100106,Trena Trice-Hill,1611661313,NYL,New York Liberty,1029700109,1997-08-24,NYL vs. CLE,W,12,1,1,1.0,0,0,,0,0,,0,1,1,1,0,1,3,3,2,,4.7,0
21997,100107,Kisha Ford,1611661313,NYL,New York Liberty,1029700109,1997-08-24,NYL vs. CLE,W,12,2,3,0.667,0,1,0.0,0,0,,1,1,2,0,0,0,1,3,4,,5.4,0
21997,100108,Rhonda Blades,1611661313,NYL,New York Liberty,1029700109,1997-08-24,NYL vs. CLE,W,2,0,0,,0,0,,0,0,,0,0,0,0,0,0,0,0,0,,0.0,0
21997,100087,Janice Braxton,1611661315,CLE,Cleveland Rockers,1029700109,1997-08-24,CLE @ NYL,L,39,3,7,0.429,0,1,0.0,9,10,0.9,0,4,4,1,1,0,2,3,15,,22.3,0
21997,100088,Michelle Edwards,1611661315,CLE,Cleveland Rockers,1029700109,1997-08-24,CLE @ NYL,L,43,4,9,0.444,0,1,0.0,1,3,0.333,1,1,2,3,2,0,4,1,9,,17.9,0
21997,100089,Isabelle Fijalkowski,1611661315,CLE,Cleveland Rockers,1029700109,1997-08-24,CLE @ NYL,L,24,2,6,0.333,0,0,,4,4,1.0,4,0,4,0,0,0,2,5,8,,10.8,0
21997,100090,Lynette Woodard,1611661315,CLE,Cleveland Rockers,1029700109,1997-08-24,CLE @ NYL,L,15,1,4,0.25,0,0,,0,0,,0,2,2,3,0,0,0,0,2,,8.9,0
21997,100091,Eva Nemcova,1611661315,CLE,Cleveland Rockers,1029700109,1997-08-24,CLE @ NYL,L,32,4,8,0.5,1,2,0.5,4,4,1.0,1,2,3,4,1,0,4,4,13,,21.6,0
21997,100092,Merlakia Jones,1611661315,CLE,Cleveland Rockers,1029700109,1997-08-24,CLE @ NYL,L,32,5,11,0.455,0,1,0.0,3,4,0.75,2,1,3,1,1,0,0,3,13,,21.1,0
21997,100093,Tina Nicholson,1611661315,CLE,Cleveland Rockers,1029700109,1997-08-24,CLE @ NYL,L,6,0,0,,0,0,,0,0,,1,0,1,2,0,0,0,1,0,,4.2,0
21997,100097,Rushia Brown,1611661315,CLE,Cleveland Rockers,1029700109,1997-08-24,CLE @ NYL,L,27,5,8,0.625,0,0,,0,0,,1,0,1,2,3,2,2,5,10,,27.2,0
21997,100100,Adrienne Johnson,1611661315,CLE,Cleveland Rockers,1029700109,1997-08-24,CLE @ NYL,L,7,1,3,0.333,0,0,,0,1,0.0,0,1,1,0,0,0,3,0,2,,0.2,0
21997,100019,Mikiko Hagiwara,1611661317,PHO,Phoenix Mercury,1029700110,1997-08-24,PHO vs. LAS,W,9,0,1,0.0,0,1,0.0,0,0,,0,0,0,0,0,0,0,0,0,,0.0,0
21997,100029,Michele Timms,1611661317,PHO,Phoenix Mercury,1029700110,1997-08-24,PHO vs. LAS,W,41,3,7,0.429,1,3,0.333,2,2,1.0,1,5,6,7,3,1,3,5,9,,35.7,0
21997,100030,Jennifer Gillom,1611661317,PHO,Phoenix Mercury,1029700110,1997-08-24,PHO vs. LAS,W,42,12,27,0.444,1,2,0.5,4,5,0.8,1,7,8,1,3,1,2,2,29,,50.1,0
21997,100031,Bridget Pettis,1611661317,PHO,Phoenix Mercury,1029700110,1997-08-24,PHO vs. LAS,W,33,1,8,0.125,1,5,0.2,0,0,,1,8,9,2,4,0,4,2,3,,24.8,0
21997,100032,Nancy Lieberman,1611661317,PHO,Phoenix Mercury,1029700110,1997-08-24,PHO vs. LAS,W,2,0,0,,0,0,,0,0,,0,0,0,0,0,0,1,0,0,,-1.0,0
21997,100033,Toni Foster,1611661317,PHO,Phoenix Mercury,1029700110,1997-08-24,PHO vs. LAS,W,17,1,5,0.2,0,0,,2,4,0.5,3,1,4,1,2,0,0,1,4,,16.3,0
21997,100034,Tia Jackson,1611661317,PHO,Phoenix Mercury,1029700110,1997-08-24,PHO vs. LAS,W,12,1,3,0.333,0,0,,2,2,1.0,1,0,1,3,1,0,3,0,4,,9.7,0
21997,100035,Umeki Webb,1611661317,PHO,Phoenix Mercury,1029700110,1997-08-24,PHO vs. LAS,W,38,4,10,0.4,0,1,0.0,1,2,0.5,3,1,4,4,4,0,1,3,9,,30.8,0
21997,100037,Marlies Askamp,1611661317,PHO,Phoenix Mercury,1029700110,1997-08-24,PHO vs. LAS,W,31,4,10,0.4,0,0,,7,9,0.778,5,4,9,2,0,0,4,3,15,,24.8,0
21997,100003,Lisa Leslie,1611661320,LAS,Los Angeles Sparks,1029700110,1997-08-24,LAS @ PHO,L,41,5,9,0.556,0,0,,0,0,,2,12,14,1,0,2,6,3,10,,28.3,0
21997,100004,Penny Toler,1611661320,LAS,Los Angeles Sparks,1029700110,1997-08-24,LAS @ PHO,L,34,8,18,0.444,0,1,0.0,0,0,,0,4,4,4,2,0,5,4,16,,27.8,0
21997,100005,Daedra Charles,1611661320,LAS,Los Angeles Sparks,1029700110,1997-08-24,LAS @ PHO,L,13,0,1,0.0,0,1,0.0,0,0,,0,0,0,0,0,1,0,3,0,,3.0,0
21997,100006,Haixia Zheng,1611661320,LAS,Los Angeles Sparks,1029700110,1997-08-24,LAS @ PHO,L,23,2,2,1.0,0,0,,0,1,0.0,0,3,3,0,0,1,3,3,4,,7.6,0
21997,100007,Jamila Wideman,1611661320,LAS,Los Angeles Sparks,1029700110,1997-08-24,LAS @ PHO,L,11,2,5,0.4,0,2,0.0,0,0,,0,1,1,0,0,0,1,1,4,,4.2,0
21997,100008,Tamecka Dixon,1611661320,LAS,Los Angeles Sparks,1029700110,1997-08-24,LAS @ PHO,L,39,8,16,0.5,3,7,0.429,6,9,0.667,1,2,3,1,1,0,3,5,25,,30.1,0
21997,100009,Katrina Colleton,1611661320,LAS,Los Angeles Sparks,1029700110,1997-08-24,LAS @ PHO,L,40,1,5,0.2,1,1,1.0,0,0,,1,0,1,0,3,1,2,2,3,,14.2,0
21997,100011,Linda Burgess,1611661320,LAS,Los Angeles Sparks,1029700110,1997-08-24,LAS @ PHO,L,22,2,4,0.5,0,0,,2,3,0.667,1,3,4,2,4,0,2,3,6,,23.8,0
21997,100156,Heidi Burge,1611661320,LAS,Los Angeles Sparks,1029700110,1997-08-24,LAS @ PHO,L,2,0,0,,0,0,,0,0,,0,1,1,0,0,0,0,0,0,,1.2,0
21997,100058,Vicky Bullett,1611661314,CHA,Charlotte Sting,1029700111,1997-08-24,CHA vs. UTA,W,36,5,11,0.455,1,1,1.0,3,4,0.75,2,9,11,4,3,3,1,1,14,,50.2,0
21997,100059,Andrea Stinson,1611661314,CHA,Charlotte Sting,1029700111,1997-08-24,CHA vs. UTA,W,38,6,14,0.429,3,6,0.5,2,3,0.667,3,6,9,2,2,1,2,1,17,,37.8,0
21997,100060,Rhonda Mapp,1611661314,CHA,Charlotte Sting,1029700111,1997-08-24,CHA vs. UTA,W,34,6,12,0.5,0,0,,4,4,1.0,2,5,7,4,0,0,3,5,16,,27.4,0
21997,100062,Tora Suber,1611661314,CHA,Charlotte Sting,1029700111,1997-08-24,CHA vs. UTA,W,5,0,1,0.0,0,0,,0,0,,0,0,0,0,0,0,0,0,0,,0.0,0
21997,100063,Sharon Manning,1611661314,CHA,Charlotte Sting,1029700111,1997-08-24,CHA vs. UTA,W,10,3,5,0.6,0,0,,1,2,0.5,1,2,3,0,0,0,0,1,7,,10.6,0
21997,100065,Andrea Congreaves,1611661314,CHA,Charlotte Sting,1029700111,1997-08-24,CHA vs. UTA,W,31,2,6,0.333,1,4,0.25,0,0,,0,3,3,1,1,0,1,1,5,,12.1,0
21997,100155,Nicole Levesque,1611661314,CHA,Charlotte Sting,1029700111,1997-08-24,CHA vs. UTA,W,35,1,5,0.2,1,5,0.2,0,0,,0,1,1,8,0,0,3,1,3,,13.2,0
21997,100374,Penny Moore,1611661314,CHA,Charlotte Sting,1029700111,1997-08-24,CHA vs. UTA,W,11,4,7,0.571,0,0,,0,0,,0,3,3,1,0,1,1,2,8,,15.1,0
21997,100043,Elena Baranova,1611661319,UTA,Utah Starzz,1029700111,1997-08-24,UTA @ CHA,L,32,1,7,0.143,0,3,0.0,1,2,0.5,1,9,10,4,3,1,1,2,3,,32.0,0
21997,100044,Lady Grooms,1611661319,UTA,Utah Starzz,1029700111,1997-08-24,UTA @ CHA,L,16,1,10,0.1,0,2,0.0,4,4,1.0,6,1,7,0,1,0,2,1,6,,15.4,0
21997,100045,Dena Head,1611661319,UTA,Utah Starzz,1029700111,1997-08-24,UTA @ CHA,L,32,4,11,0.364,0,1,0.0,0,0,,1,4,5,2,1,0,2,3,8,,18.0,0
21997,100046,Wendy Palmer,1611661319,UTA,Utah Starzz,1029700111,1997-08-24,UTA @ CHA,L,33,4,10,0.4,1,1,1.0,0,0,,1,3,4,3,1,0,2,2,9,,19.3,0
21997,100047,Tammi Reiss,1611661319,UTA,Utah Starzz,1029700111,1997-08-24,UTA @ CHA,L,19,1,7,0.143,0,3,0.0,2,2,1.0,1,0,1,1,0,0,1,1,4,,5.7,0
21997,100048,Jessie Hicks,1611661319,UTA,Utah Starzz,1029700111,1997-08-24,UTA @ CHA,L,26,5,11,0.455,0,0,,3,4,0.75,2,1,3,2,0,1,4,3,13,,18.6,0
21997,100050,Kim Williams,1611661319,UTA,Utah Starzz,1029700111,1997-08-24,UTA @ CHA,L,13,2,7,0.286,0,0,,0,2,0.0,1,0,1,0,0,0,0,2,4,,5.2,0
21997,100051,Megan Compain,1611661319,UTA,Utah Starzz,1029700111,1997-08-24,UTA @ CHA,L,20,2,4,0.5,1,2,0.5,0,0,,0,4,4,0,0,0,3,2,5,,6.8,0
21997,100053,Karen Booker,1611661319,UTA,Utah Starzz,1029700111,1997-08-24,UTA @ CHA,L,2,0,0,,0,0,,0,0,,0,0,0,0,0,0,0,0,0,,0.0,0
21997,100055,Greta Koss,1611661319,UTA,Utah Starzz,1029700111,1997-08-24,UTA @ CHA,L,7,0,0,,0,0,,0,0,,2,1,3,0,0,0,0,0,0,,3.6,0
21997,100072,Sheryl Swoopes,1611661316,HOU,Houston Comets,1029700112,1997-08-24,HOU vs. SAC,L,21,3,8,0.375,0,2,0.0,6,6,1.0,2,0,2,2,0,0,1,0,12,,16.4,0
21997,100073,Cynthia Cooper,1611661316,HOU,Houston Comets,1029700112,1997-08-24,HOU vs. SAC,L,28,5,16,0.313,0,7,0.0,6,8,0.75,0,1,1,5,2,0,1,5,16,,29.7,0
21997,100074,Wanda Guyton,1611661316,HOU,Houston Comets,1029700112,1997-08-24,HOU vs. SAC,L,26,2,5,0.4,0,0,,1,2,0.5,2,2,4,0,1,0,2,3,5,,10.8,0
21997,100075,Janeth Arcain,1611661316,HOU,Houston Comets,1029700112,1997-08-24,HOU vs. SAC,L,19,3,10,0.3,0,2,0.0,0,0,,1,2,3,1,1,0,1,2,6,,13.1,0
21997,100076,Tina Thompson,1611661316,HOU,Houston Comets,1029700112,1997-08-24,HOU vs. SAC,L,29,4,9,0.444,0,1,0.0,2,2,1.0,5,4,9,0,1,1,3,5,10,,23.8,0
21997,100077,Tammy Jackson,1611661316,HOU,Houston Comets,1029700112,1997-08-24,HOU vs. SAC,L,12,0,1,0.0,0,0,,0,2,0.0,1,1,2,0,0,1,0,2,0,,5.4,0
21997,100083,Kim Perrot,1611661316,HOU,Houston Comets,1029700112,1997-08-24,HOU vs. SAC,L,24,1,7,0.143,0,3,0.0,0,2,0.0,2,5,7,0,3,0,3,1,2,,16.4,0
21997,100084,Fran Harris,1611661316,HOU,Houston Comets,1029700112,1997-08-24,HOU vs. SAC,L,12,1,2,0.5,0,0,,0,0,,1,1,2,0,2,0,3,1,2,,7.4,0
21997,100085,Yolanda Moore,1611661316,HOU,Houston Comets,1029700112,1997-08-24,HOU vs. SAC,L,13,1,4,0.25,0,0,,0,0,,0,1,1,1,0,0,2,0,2,,2.7,0
21997,100086,Tiffany Woosley,1611661316,HOU,Houston Comets,1029700112,1997-08-24,HOU vs. SAC,L,16,1,3,0.333,1,2,0.5,0,0,,0,2,2,1,1,0,1,2,3,,8.9,0
21997,100016,Ruthie Bolton,1611661318,SAC,Sacramento Monarchs,1029700112,1997-08-24,SAC @ HOU,W,30,4,16,0.25,0,5,0.0,4,6,0.667,2,6,8,1,3,0,2,4,12,,30.1,0
21997,100017,Bridgette Gordon,1611661318,SAC,Sacramento Monarchs,1029700112,1997-08-24,SAC @ HOU,W,37,6,13,0.462,1,1,1.0,3,4,0.75,4,5,9,1,1,1,5,2,16,,29.3,0
21997,100020,Pam McGee,1611661318,SAC,Sacramento Monarchs,1029700112,1997-08-24,SAC @ HOU,W,29,7,8,0.875,0,0,,2,4,0.5,3,3,6,0,2,0,1,5,16,,28.2,0
21997,100021,Denique Graves,1611661318,SAC,Sacramento Monarchs,1029700112,1997-08-24,SAC @ HOU,W,6,0,1,0.0,0,0,,0,0,,0,1,1,0,0,0,2,1,0,,-0.8,0
21997,100022,Chantel Tremitiere,1611661318,SAC,Sacramento Monarchs,1029700112,1997-08-24,SAC @ HOU,W,39,3,11,0.273,2,6,0.333,3,4,0.75,1,3,4,4,1,0,3,3,11,,21.8,0
21997,100023,Tajama Abraham,1611661318,SAC,Sacramento Monarchs,1029700112,1997-08-24,SAC @ HOU,W,15,2,5,0.4,0,0,,1,1,1.0,4,1,5,1,1,0,1,1,5,,14.5,0
21997,100024,Corissa Yasen,1611661318,SAC,Sacramento Monarchs,1029700112,1997-08-24,SAC @ HOU,W,13,0,1,0.0,0,0,,0,0,,0,0,0,1,1,0,1,1,0,,3.5,0
21997,100027,Latasha Byears,1611661318,SAC,Sacramento Monarchs,1029700112,1997-08-24,SAC @ HOU,W,25,4,8,0.5,0,0,,0,0,,2,4,6,3,1,1,3,5,8,,22.7,0
21997,100161,Laure Savasta,1611661318,SAC,Sacramento Monarchs,1029700112,1997-08-24,SAC @ HOU,W,6,0,1,0.0,0,0,,0,0,,0,0,0,0,0,0,0,0,0,,0.0,0
