SEASON_ID,PLAYER_ID,PLAYER_NAME,TEAM_ID,TEAM_ABBREVIATION,TEAM_NAME,GAME_ID,GAME_DATE,MATCHUP,WL,MIN,FGM,FGA,FG_PCT,FG3M,FG3A,FG3_PCT,FTM,FTA,FT_PCT,OREB,DREB,REB,AST,STL,BLK,TOV,PF,PTS,PLUS_MINUS,FANTASY_PTS,VIDEO_AVAILABLE
21998,100058,Vicky Bullett,1611661314,CHA,Charlotte Sting,1029800001,1998-06-11,CHA vs. WAS,W,27,2,7,0.286,0,0,,0,0,,0,7,7,3,4,2,3,2,4,,31.9,0
21998,100059,Andrea Stinson,1611661314,CHA,Charlotte Sting,1029800001,1998-06-11,CHA vs. WAS,W,31,8,12,0.667,3,4,0.75,0,0,,1,1,2,4,2,1,0,4,19,,36.4,0
21998,100060,Rhonda Mapp,1611661314,CHA,Charlotte Sting,1029800001,1998-06-11,CHA vs. WAS,W,29,5,8,0.625,0,0,,2,2,1.0,1,3,4,1,2,0,2,3,12,,22.3,0
21998,100062,Tora Suber,1611661314,CHA,Charlotte Sting,1029800001,1998-06-11,CHA vs. WAS,W,15,4,7,0.571,1,4,0.25,2,3,0.667,0,0,0,4,3,0,0,0,11,,26.0,0
21998,100063,Sharon Manning,1611661314,CHA,Charlotte Sting,1029800001,1998-06-11,CHA vs. WAS,W,17,3,4,0.75,0,0,,3,4,0.75,0,1,1,2,4,0,1,1,9,,24.2,0
21998,100065,Andrea Congreaves,1611661314,CHA,Charlotte Sting,1029800001,1998-06-11,CHA vs. WAS,W,10,0,2,0.0,0,2,0.0,0,0,,0,0,0,1,0,0,0,0,0,,1.5,0
21998,100070,Tia Paschal,1611661314,CHA,Charlotte Sting,1029800001,1998-06-11,CHA vs. WAS,W,3,0,1,0.0,0,0,,0,0,,0,1,1,0,0,0,0,1,0,,1.2,0
21998,100178,Sonia Chase,1611661314,CHA,Charlotte Sting,1029800001,1998-06-11,CHA vs. WAS,W,7,1,1,1.0,0,0,,0,0,,1,0,1,0,1,0,0,2,2,,6.2,0
21998,100180,Pollyanna Johns Kimbrough,1611661314,CHA,Charlotte Sting,1029800001,1998-06-11,CHA vs. WAS,W,5,2,4,0.5,0,0,,1,2,0.5,1,1,2,1,0,0,1,0,5,,7.9,0
21998,100181,Christy Smith,1611661314,CHA,Charlotte Sting,1029800001,1998-06-11,CHA vs. WAS,W,23,1,4,0.25,0,3,0.0,2,2,1.0,0,3,3,5,0,0,4,3,4,,11.1,0
21998,100182,Tracy Reid,1611661314,CHA,Charlotte Sting,1029800001,1998-06-11,CHA vs. WAS,W,33,7,9,0.778,0,0,,3,8,0.375,2,3,5,1,1,0,1,0,17,,26.5,0
21998,100052,Deborah Carter,1611661322,WAS,Washington Mystics,1029800001,1998-06-11,WAS @ CHA,L,23,1,4,0.25,1,1,1.0,3,4,0.75,1,4,5,1,1,0,1,2,6,,15.5,0
21998,100077,Tammy Jackson,1611661322,WAS,Washington Mystics,1029800001,1998-06-11,WAS @ CHA,L,4,1,2,0.5,0,0,,0,0,,1,1,2,0,0,0,0,0,2,,4.4,0
21998,100156,Heidi Burge,1611661322,WAS,Washington Mystics,1029800001,1998-06-11,WAS @ CHA,L,18,4,7,0.571,0,0,,1,1,1.0,3,1,4,1,1,0,2,2,9,,16.3,0
21998,100194,Keri Chaconas,1611661322,WAS,Washington Mystics,1029800001,1998-06-11,WAS @ CHA,L,4,1,2,0.5,1,1,1.0,0,0,,0,0,0,0,0,0,2,0,3,,1.0,0
21998,100198,Nikki McCray,1611661322,WAS,Washington Mystics,1029800001,1998-06-11,WAS @ CHA,L,35,9,23,0.391,0,2,0.0,1,2,0.5,1,0,1,6,1,0,4,2,19,,28.2,0
21998,100199,Murriel Page,1611661322,WAS,Washington Mystics,1029800001,1998-06-11,WAS @ CHA,L,25,2,4,0.5,0,0,,0,0,,0,1,1,3,0,0,2,2,4,,7.7,0
21998,100201,Alessandra Santos de Olive,1611661322,WAS,Washington Mystics,1029800001,1998-06-11,WAS @ CHA,L,33,1,1,1.0,0,0,,3,6,0.5,1,2,3,0,1,0,3,5,5,,8.6,0
21998,100202,Adrienne Shuler,1611661322,WAS,Washington Mystics,1029800001,1998-06-11,WAS @ CHA,L,9,0,1,0.0,0,0,,0,0,,0,0,0,0,0,0,4,2,0,,-4.0,0
21998,100204,Rita Williams,1611661322,WAS,Washington Mystics,1029800001,1998-06-11,WAS @ CHA,L,27,0,2,0.0,0,0,,2,2,1.0,1,1,2,2,1,0,3,2,2,,7.4,0
21998,100283,Leila de Souza Sobral,1611661322,WAS,Washington Mystics,1029800001,1998-06-11,WAS @ CHA,L,4,0,0,,0,0,,0,0,,0,1,1,0,0,0,1,1,0,,0.2,0
21998,100374,Penny Moore,1611661322,WAS,Washington Mystics,1029800001,1998-06-11,WAS @ CHA,L,18,3,8,0.375,0,3,0.0,1,2,0.5,1,4,5,1,0,0,1,2,7,,13.5,0
21998,100002,Rebecca Lobo,1611661313,NYL,New York Liberty,1029800002,1998-06-11,NYL @ CLE,L,25,5,11,0.455,0,2,0.0,2,4,0.5,3,4,7,2,0,1,0,4,12,,26.4,0
21998,100101,Teresa Weatherspoon,1611661313,NYL,New York Liberty,1029800002,1998-06-11,NYL @ CLE,L,34,2,3,0.667,1,2,0.5,0,0,,0,2,2,5,2,0,4,3,5,,16.9,0
21998,100102,Kym Hampton,1611661313,NYL,New York Liberty,1029800002,1998-06-11,NYL @ CLE,L,23,5,10,0.5,0,0,,1,3,0.333,3,3,6,0,2,0,3,3,11,,21.2,0
21998,100103,Vickie Johnson,1611661313,NYL,New York Liberty,1029800002,1998-06-11,NYL @ CLE,L,33,5,12,0.417,1,3,0.333,5,7,0.714,1,2,3,3,3,0,4,3,16,,29.1,0
21998,100104,Sue Wicks,1611661313,NYL,New York Liberty,1029800002,1998-06-11,NYL @ CLE,L,11,1,4,0.25,0,0,,0,0,,1,0,1,0,1,0,2,2,2,,4.2,0
21998,100105,Sophia Witherspoon,1611661313,NYL,New York Liberty,1029800002,1998-06-11,NYL @ CLE,L,35,7,13,0.538,2,4,0.5,3,4,0.75,0,1,1,1,4,1,1,2,19,,35.7,0
21998,100106,Trena Trice-Hill,1611661313,NYL,New York Liberty,1029800002,1998-06-11,NYL @ CLE,L,11,1,2,0.5,0,0,,0,0,,1,3,4,0,0,0,1,2,2,,5.8,0
21998,100107,Kisha Ford,1611661313,NYL,New York Liberty,1029800002,1998-06-11,NYL @ CLE,L,9,1,1,1.0,0,0,,0,0,,1,0,1,0,0,0,0,4,2,,3.2,0
21998,100212,Albena Branzova,1611661313,NYL,New York Liberty,1029800002,1998-06-11,NYL @ CLE,L,11,1,2,0.5,0,0,,0,0,,0,0,0,2,0,0,3,0,2,,2.0,0
21998,100216,Alicia Thompson,1611661313,NYL,New York Liberty,1029800002,1998-06-11,NYL @ CLE,L,2,0,0,,0,0,,0,0,,0,0,0,0,0,0,1,2,0,,-1.0,0
21998,100217,Coquese Washington,1611661313,NYL,New York Liberty,1029800002,1998-06-11,NYL @ CLE,L,6,0,1,0.0,0,1,0.0,0,2,0.0,0,0,0,0,0,0,0,0,0,,0.0,0
21998,100087,Janice Braxton,1611661315,CLE,Cleveland Rockers,1029800002,1998-06-11,CLE vs. NYL,W,32,6,10,0.6,0,0,,5,6,0.833,1,5,6,3,2,0,3,2,17,,31.7,0
21998,100089,Isabelle Fijalkowski,1611661315,CLE,Cleveland Rockers,1029800002,1998-06-11,CLE vs. NYL,W,19,2,4,0.5,0,0,,0,0,,1,3,4,5,1,1,5,4,4,,17.3,0
21998,100091,Eva Nemcova,1611661315,CLE,Cleveland Rockers,1029800002,1998-06-11,CLE vs. NYL,W,27,2,4,0.5,1,2,0.5,4,4,1.0,1,3,4,1,0,1,2,5,9,,16.3,0
21998,100092,Merlakia Jones,1611661315,CLE,Cleveland Rockers,1029800002,1998-06-11,CLE vs. NYL,W,26,4,6,0.667,0,0,,4,7,0.571,0,3,3,2,1,0,3,2,12,,18.6,0
21998,100097,Rushia Brown,1611661315,CLE,Cleveland Rockers,1029800002,1998-06-11,CLE vs. NYL,W,29,6,9,0.667,0,0,,3,4,0.75,0,3,3,1,1,2,3,3,15,,26.1,0
21998,100100,Adrienne Johnson,1611661315,CLE,Cleveland Rockers,1029800002,1998-06-11,CLE vs. NYL,W,11,2,4,0.5,0,0,,0,0,,1,0,1,0,0,0,0,1,4,,5.2,0
21998,100183,Cindy Blodgett,1611661315,CLE,Cleveland Rockers,1029800002,1998-06-11,CLE vs. NYL,W,16,3,6,0.5,1,2,0.5,0,0,,0,0,0,0,1,0,1,2,7,,9.0,0
21998,100187,Suzie McConnell Serio,1611661315,CLE,Cleveland Rockers,1029800002,1998-06-11,CLE vs. NYL,W,38,2,4,0.5,1,1,1.0,5,6,0.833,0,3,3,10,3,0,3,1,10,,34.6,0
21998,100284,Tully Bevilaqua,1611661315,CLE,Cleveland Rockers,1029800002,1998-06-11,CLE vs. NYL,W,2,0,0,,0,0,,0,0,,0,1,1,1,0,0,0,1,0,,2.7,0
21998,100022,Chantel Tremitiere,1611661319,UTA,Utah Starzz,1029800003,1998-06-11,UTA vs. LAS,L,24,4,5,0.8,3,4,0.75,2,2,1.0,0,1,1,1,1,0,3,0,13,,15.7,0
21998,100043,Elena Baranova,1611661319,UTA,Utah Starzz,1029800003,1998-06-11,UTA vs. LAS,L,30,4,11,0.364,0,3,0.0,10,11,0.909,4,10,14,3,0,3,2,1,18,,46.3,0
21998,100045,Dena Head,1611661319,UTA,Utah Starzz,1029800003,1998-06-11,UTA vs. LAS,L,16,0,5,0.0,0,0,,1,2,0.5,1,1,2,3,1,0,2,1,1,,8.9,0
21998,100046,Wendy Palmer,1611661319,UTA,Utah Starzz,1029800003,1998-06-11,UTA vs. LAS,L,9,2,5,0.4,0,0,,1,1,1.0,0,1,1,0,1,0,1,3,5,,8.2,0
21998,100047,Tammi Reiss,1611661319,UTA,Utah Starzz,1029800003,1998-06-11,UTA vs. LAS,L,28,4,10,0.4,0,3,0.0,2,2,1.0,0,2,2,6,0,0,0,2,10,,21.4,0
21998,100050,Kim Williams,1611661319,UTA,Utah Starzz,1029800003,1998-06-11,UTA vs. LAS,L,12,2,5,0.4,0,0,,4,4,1.0,0,1,1,0,2,0,2,2,8,,13.2,0
21998,100084,Fran Harris,1611661319,UTA,Utah Starzz,1029800003,1998-06-11,UTA vs. LAS,L,13,0,1,0.0,0,0,,0,0,,2,2,4,1,1,0,0,2,0,,9.3,0
21998,100239,Margo Dydek,1611661319,UTA,Utah Starzz,1029800003,1998-06-11,UTA vs. LAS,L,24,3,8,0.375,0,0,,7,8,0.875,2,3,5,0,0,6,5,5,13,,32.0,0
21998,100242,LaTonya Johnson,1611661319,UTA,Utah Starzz,1029800003,1998-06-11,UTA vs. LAS,L,26,3,8,0.375,2,4,0.5,3,6,0.5,0,2,2,1,1,0,1,5,11,,16.9,0
21998,100243,Olympia Scott,1611661319,UTA,Utah Starzz,1029800003,1998-06-11,UTA vs. LAS,L,18,2,5,0.4,0,0,,0,0,,2,3,5,1,1,0,2,4,4,,12.5,0
21998,100003,Lisa Leslie,1611661320,LAS,Los Angeles Sparks,1029800003,1998-06-11,LAS @ UTA,W,31,9,18,0.5,0,0,,6,8,0.75,2,10,12,4,3,3,2,6,24,,60.4,0
21998,100004,Penny Toler,1611661320,LAS,Los Angeles Sparks,1029800003,1998-06-11,LAS @ UTA,W,30,2,11,0.182,1,3,0.333,2,4,0.5,3,4,7,6,1,0,3,1,7,,24.4,0
21998,100006,Haixia Zheng,1611661320,LAS,Los Angeles Sparks,1029800003,1998-06-11,LAS @ UTA,W,16,5,8,0.625,0,0,,0,0,,0,3,3,0,0,0,2,0,10,,11.6,0
21998,100008,Tamecka Dixon,1611661320,LAS,Los Angeles Sparks,1029800003,1998-06-11,LAS @ UTA,W,31,3,5,0.6,1,2,0.5,11,12,0.917,0,0,0,5,0,1,2,3,18,,26.5,0
21998,100009,Katrina Colleton,1611661320,LAS,Los Angeles Sparks,1029800003,1998-06-11,LAS @ UTA,W,24,3,5,0.6,0,1,0.0,0,0,,1,3,4,2,1,1,0,1,6,,19.8,0
21998,100012,Mwadi Mabika,1611661320,LAS,Los Angeles Sparks,1029800003,1998-06-11,LAS @ UTA,W,2,0,1,0.0,0,0,,0,0,,0,0,0,0,1,0,0,2,0,,3.0,0
21998,100020,Pam McGee,1611661320,LAS,Los Angeles Sparks,1029800003,1998-06-11,LAS @ UTA,W,14,2,5,0.4,0,0,,0,0,,1,2,3,1,1,0,1,4,4,,11.1,0
21998,100168,Erin Alexander,1611661320,LAS,Los Angeles Sparks,1029800003,1998-06-11,LAS @ UTA,W,13,2,6,0.333,2,5,0.4,0,0,,1,1,2,3,0,0,2,2,6,,10.9,0
21998,100169,Octavia Blue,1611661320,LAS,Los Angeles Sparks,1029800003,1998-06-11,LAS @ UTA,W,15,2,4,0.5,1,1,1.0,0,0,,0,0,0,0,1,0,2,2,5,,6.0,0
21998,100170,Allison Feaster,1611661320,LAS,Los Angeles Sparks,1029800003,1998-06-11,LAS @ UTA,W,15,2,5,0.4,1,3,0.333,0,0,,0,0,0,1,1,0,1,4,5,,8.5,0
21998,100176,Sandra VanEmbricqs,1611661320,LAS,Los Angeles Sparks,1029800003,1998-06-11,LAS @ UTA,W,9,2,5,0.4,0,0,,0,0,,4,0,4,2,0,0,0,3,4,,11.8,0
21998,100029,Michele Timms,1611661317,PHO,Phoenix Mercury,1029800004,1998-06-11,PHO @ SAC,W,35,3,8,0.375,2,6,0.333,0,0,,0,0,0,5,1,0,3,1,8,,15.5,0
21998,100030,Jennifer Gillom,1611661317,PHO,Phoenix Mercury,1029800004,1998-06-11,PHO @ SAC,W,35,7,12,0.583,0,0,,6,7,0.857,2,3,5,0,1,0,5,4,20,,24.0,0
21998,100031,Bridget Pettis,1611661317,PHO,Phoenix Mercury,1029800004,1998-06-11,PHO @ SAC,W,29,6,11,0.545,2,6,0.333,2,2,1.0,1,3,4,1,2,0,4,5,16,,24.3,0
21998,100033,Toni Foster,1611661317,PHO,Phoenix Mercury,1029800004,1998-06-11,PHO @ SAC,W,22,3,6,0.5,0,0,,2,3,0.667,1,2,3,3,1,0,2,3,8,,17.1,0
21998,100035,Umeki Webb,1611661317,PHO,Phoenix Mercury,1029800004,1998-06-11,PHO @ SAC,W,30,1,4,0.25,0,1,0.0,1,4,0.25,2,3,5,8,1,0,3,6,3,,21.0,0
21998,100221,Michelle Brogan,1611661317,PHO,Phoenix Mercury,1029800004,1998-06-11,PHO @ SAC,W,20,2,4,0.5,0,0,,0,0,,0,1,1,2,1,0,2,2,4,,9.2,0
21998,100222,Kristi Harrower,1611661317,PHO,Phoenix Mercury,1029800004,1998-06-11,PHO @ SAC,W,5,0,0,,0,0,,0,0,,0,1,1,0,0,0,2,0,0,,-0.8,0
21998,100224,Andrea Kuklova,1611661317,PHO,Phoenix Mercury,1029800004,1998-06-11,PHO @ SAC,W,8,3,4,0.75,0,0,,0,2,0.0,0,0,0,2,0,0,0,1,6,,9.0,0
21998,100225,Brandy Reed,1611661317,PHO,Phoenix Mercury,1029800004,1998-06-11,PHO @ SAC,W,13,2,5,0.4,0,0,,3,4,0.75,5,3,8,1,0,1,2,2,7,,19.1,0
21998,100227,Maria Stepanova,1611661317,PHO,Phoenix Mercury,1029800004,1998-06-11,PHO @ SAC,W,3,0,0,,0,0,,1,2,0.5,0,1,1,0,0,0,0,0,1,,2.2,0
21998,100011,Linda Burgess,1611661318,SAC,Sacramento Monarchs,1029800004,1998-06-11,SAC vs. PHO,L,29,5,10,0.5,0,1,0.0,3,3,1.0,3,7,10,0,0,0,4,1,13,,21.0,0
21998,100016,Ruthie Bolton,1611661318,SAC,Sacramento Monarchs,1029800004,1998-06-11,SAC vs. PHO,L,23,4,10,0.4,1,5,0.2,6,9,0.667,1,1,2,3,0,0,2,1,15,,19.9,0
21998,100017,Bridgette Gordon,1611661318,SAC,Sacramento Monarchs,1029800004,1998-06-11,SAC vs. PHO,L,24,4,6,0.667,0,1,0.0,2,3,0.667,0,1,1,1,0,0,2,5,10,,10.7,0
21998,100027,Latasha Byears,1611661318,SAC,Sacramento Monarchs,1029800004,1998-06-11,SAC vs. PHO,L,5,0,2,0.0,0,0,,0,0,,0,0,0,0,0,0,0,0,0,,0.0,0
21998,100044,Lady Grooms,1611661318,SAC,Sacramento Monarchs,1029800004,1998-06-11,SAC vs. PHO,L,20,3,4,0.75,0,0,,0,0,,0,1,1,2,2,0,3,2,6,,13.2,0
21998,100230,Quacy Barnes,1611661318,SAC,Sacramento Monarchs,1029800004,1998-06-11,SAC vs. PHO,L,3,0,0,,0,0,,2,2,1.0,0,0,0,0,0,0,1,2,2,,1.0,0
21998,100231,Adia Barnes,1611661318,SAC,Sacramento Monarchs,1029800004,1998-06-11,SAC vs. PHO,L,16,3,7,0.429,0,1,0.0,2,2,1.0,2,2,4,2,0,0,0,1,8,,15.8,0
21998,100233,Tiffani Johnson,1611661318,SAC,Sacramento Monarchs,1029800004,1998-06-11,SAC vs. PHO,L,3,0,1,0.0,0,0,,0,0,,0,1,1,0,0,0,0,3,0,,1.2,0
21998,100234,Ticha Penicheiro,1611661318,SAC,Sacramento Monarchs,1029800004,1998-06-11,SAC vs. PHO,L,36,0,5,0.0,0,2,0.0,0,0,,0,2,2,5,2,0,4,5,0,,11.9,0
21998,100235,Franthea Price,1611661318,SAC,Sacramento Monarchs,1029800004,1998-06-11,SAC vs. PHO,L,20,3,4,0.75,3,3,1.0,0,0,,0,1,1,3,2,0,1,5,9,,19.7,0
21998,100236,Tangela Smith,1611661318,SAC,Sacramento Monarchs,1029800004,1998-06-11,SAC vs. PHO,L,21,2,8,0.25,0,0,,3,4,0.75,1,0,1,0,3,1,1,3,7,,19.2,0
21998,100058,Vicky Bullett,1611661314,CHA,Charlotte Sting,1029800005,1998-06-13,CHA @ DET,W,24,5,12,0.417,0,0,,4,6,0.667,3,9,12,0,1,1,4,4,14,,30.4,0
21998,100059,Andrea Stinson,1611661314,CHA,Charlotte Sting,1029800005,1998-06-13,CHA @ DET,W,37,4,9,0.444,1,2,0.5,7,8,0.875,3,3,6,4,0,0,3,3,16,,26.2,0
21998,100060,Rhonda Mapp,1611661314,CHA,Charlotte Sting,1029800005,1998-06-13,CHA @ DET,W,25,5,11,0.455,0,0,,2,6,0.333,0,6,6,1,1,0,4,4,12,,19.7,0
21998,100062,Tora Suber,1611661314,CHA,Charlotte Sting,1029800005,1998-06-13,CHA @ DET,W,24,2,6,0.333,2,3,0.667,0,0,,1,0,1,3,0,0,1,0,6,,10.7,0
21998,100063,Sharon Manning,1611661314,CHA,Charlotte Sting,1029800005,1998-06-13,CHA @ DET,W,14,1,3,0.333,0,0,,1,2,0.5,0,1,1,2,1,0,1,1,3,,9.2,0
21998,100065,Andrea Congreaves,1611661314,CHA,Charlotte Sting,1029800005,1998-06-13,CHA @ DET,W,12,2,2,1.0,2,2,1.0,1,2,0.5,0,2,2,3,0,0,0,0,7,,13.9,0
21998,100180,Pollyanna Johns Kimbrough,1611661314,CHA,Charlotte Sting,1029800005,1998-06-13,CHA @ DET,W,13,3,3,1.0,0,0,,0,2,0.0,2,4,6,0,0,0,0,1,6,,13.2,0
21998,100181,Christy Smith,1611661314,CHA,Charlotte Sting,1029800005,1998-06-13,CHA @ DET,W,22,1,4,0.25,1,2,0.5,2,2,1.0,0,2,2,2,0,0,0,2,5,,10.4,0
21998,100182,Tracy Reid,1611661314,CHA,Charlotte Sting,1029800005,1998-06-13,CHA @ DET,W,29,4,9,0.444,0,0,,1,1,1.0,0,1,1,3,2,1,1,2,9,,22.7,0
21998,100090,Lynette Woodard,1611661321,DET,Detroit Shock,1029800005,1998-06-13,DET vs. CHA,L,2,0,0,,0,0,,0,0,,0,0,0,0,0,0,0,0,0,,0.0,0
21998,100108,Rhonda Blades,1611661321,DET,Detroit Shock,1029800005,1998-06-13,DET vs. CHA,L,19,0,2,0.0,0,1,0.0,0,0,,1,1,2,4,0,0,3,2,0,,5.4,0
21998,100246,Gergana Branzova,1611661321,DET,Detroit Shock,1029800005,1998-06-13,DET vs. CHA,L,3,0,1,0.0,0,0,,0,0,,0,1,1,0,0,0,1,2,0,,0.2,0
21998,100247,Sandy Brondello,1611661321,DET,Detroit Shock,1029800005,1998-06-13,DET vs. CHA,L,28,4,14,0.286,2,4,0.5,2,2,1.0,0,0,0,2,1,0,0,3,12,,18.0,0
21998,100248,Cindy Brown,1611661321,DET,Detroit Shock,1029800005,1998-06-13,DET vs. CHA,L,24,4,9,0.444,2,3,0.667,0,0,,1,7,8,1,1,0,0,3,10,,24.1,0
21998,100250,Korie Hlede,1611661321,DET,Detroit Shock,1029800005,1998-06-13,DET vs. CHA,L,33,4,12,0.333,0,4,0.0,0,0,,1,1,2,3,2,0,6,5,8,,14.9,0
21998,100251,Aneta Kausaite,1611661321,DET,Detroit Shock,1029800005,1998-06-13,DET vs. CHA,L,3,0,0,,0,0,,2,4,0.5,0,0,0,0,0,0,1,1,2,,1.0,0
21998,100253,Razija Brcaninovic,1611661321,DET,Detroit Shock,1029800005,1998-06-13,DET vs. CHA,L,34,9,14,0.643,0,0,,4,5,0.8,4,9,13,1,0,2,3,3,22,,42.1,0
21998,100255,Rachael Sporn,1611661321,DET,Detroit Shock,1029800005,1998-06-13,DET vs. CHA,L,19,1,7,0.143,0,0,,0,0,,3,3,6,3,0,0,0,4,2,,13.7,0
21998,100269,Carla Boyd,1611661321,DET,Detroit Shock,1029800005,1998-06-13,DET vs. CHA,L,35,5,14,0.357,2,9,0.222,1,2,0.5,3,4,7,4,2,0,0,3,13,,33.4,0
21998,100002,Rebecca Lobo,1611661313,NYL,New York Liberty,1029800006,1998-06-13,NYL @ HOU,L,31,3,11,0.273,2,4,0.5,1,2,0.5,2,1,3,2,3,0,5,2,9,,19.6,0
21998,100101,Teresa Weatherspoon,1611661313,NYL,New York Liberty,1029800006,1998-06-13,NYL @ HOU,L,36,1,5,0.2,0,2,0.0,2,2,1.0,1,5,6,7,5,0,6,5,4,,30.7,0
21998,100102,Kym Hampton,1611661313,NYL,New York Liberty,1029800006,1998-06-13,NYL @ HOU,L,27,3,5,0.6,0,0,,5,8,0.625,1,2,3,0,2,2,3,2,11,,23.6,0
21998,100103,Vickie Johnson,1611661313,NYL,New York Liberty,1029800006,1998-06-13,NYL @ HOU,L,27,8,14,0.571,1,3,0.333,1,1,1.0,3,2,5,2,1,0,0,3,18,,30.0,0
21998,100104,Sue Wicks,1611661313,NYL,New York Liberty,1029800006,1998-06-13,NYL @ HOU,L,12,1,3,0.333,0,1,0.0,0,0,,0,1,1,0,0,0,0,1,2,,3.2,0
21998,100105,Sophia Witherspoon,1611661313,NYL,New York Liberty,1029800006,1998-06-13,NYL @ HOU,L,25,3,11,0.273,1,2,0.5,1,1,1.0,0,0,0,3,1,0,1,2,8,,14.5,0
21998,100106,Trena Trice-Hill,1611661313,NYL,New York Liberty,1029800006,1998-06-13,NYL @ HOU,L,4,0,1,0.0,0,0,,0,0,,0,0,0,0,0,0,0,0,0,,0.0,0
21998,100107,Kisha Ford,1611661313,NYL,New York Liberty,1029800006,1998-06-13,NYL @ HOU,L,13,1,4,0.25,0,1,0.0,0,0,,0,0,0,0,0,0,2,4,2,,0.0,0
21998,100212,Albena Branzova,1611661313,NYL,New York Liberty,1029800006,1998-06-13,NYL @ HOU,L,6,1,1,1.0,0,0,,0,0,,0,0,0,0,0,0,2,1,2,,0.0,0
21998,100216,Alicia Thompson,1611661313,NYL,New York Liberty,1029800006,1998-06-13,NYL @ HOU,L,15,2,4,0.5,0,0,,0,0,,1,1,2,1,1,1,1,2,4,,12.9,0
21998,100217,Coquese Washington,1611661313,NYL,New York Liberty,1029800006,1998-06-13,NYL @ HOU,L,4,1,1,1.0,0,0,,0,0,,0,0,0,0,0,0,1,1,2,,1.0,0
21998,100072,Sheryl Swoopes,1611661316,HOU,Houston Comets,1029800006,1998-06-13,HOU vs. NYL,W,27,10,15,0.667,1,1,1.0,7,7,1.0,2,3,5,1,4,0,2,1,28,,45.5,0
21998,100073,Cynthia Cooper,1611661316,HOU,Houston Comets,1029800006,1998-06-13,HOU vs. NYL,W,31,6,10,0.6,2,3,0.667,4,4,1.0,1,0,1,5,2,2,4,3,18,,34.7,0
21998,100074,Wanda Guyton,1611661316,HOU,Houston Comets,1029800006,1998-06-13,HOU vs. NYL,W,14,0,1,0.0,0,0,,0,0,,0,0,0,0,1,1,2,4,0,,4.0,0
21998,100075,Janeth Arcain,1611661316,HOU,Houston Comets,1029800006,1998-06-13,HOU vs. NYL,W,22,4,6,0.667,0,0,,1,2,0.5,1,2,3,2,0,0,1,2,9,,14.6,0
21998,100076,Tina Thompson,1611661316,HOU,Houston Comets,1029800006,1998-06-13,HOU vs. NYL,W,28,2,9,0.222,2,4,0.5,2,4,0.5,1,7,8,0,0,1,2,3,8,,18.6,0
21998,100083,Kim Perrot,1611661316,HOU,Houston Comets,1029800006,1998-06-13,HOU vs. NYL,W,36,1,7,0.143,1,5,0.2,0,0,,2,5,7,7,7,0,7,1,3,,35.9,0
21998,100085,Yolanda Moore,1611661316,HOU,Houston Comets,1029800006,1998-06-13,HOU vs. NYL,W,12,0,1,0.0,0,0,,0,0,,2,1,3,0,0,0,0,2,0,,3.6,0
21998,100086,Tiffany Woosley,1611661316,HOU,Houston Comets,1029800006,1998-06-13,HOU vs. NYL,W,6,0,2,0.0,0,1,0.0,2,3,0.667,1,0,1,0,2,0,2,1,2,,7.2,0
21998,100207,Monica Lamb,1611661316,HOU,Houston Comets,1029800006,1998-06-13,HOU vs. NYL,W,20,2,2,1.0,0,0,,0,2,0.0,2,2,4,0,1,0,2,6,4,,9.8,0
21998,100208,Nyree Roberts,1611661316,HOU,Houston Comets,1029800006,1998-06-13,HOU vs. NYL,W,2,0,0,,0,0,,0,0,,0,0,0,0,0,0,1,0,0,,-1.0,0
21998,100211,Amaya Valdemoro,1611661316,HOU,Houston Comets,1029800006,1998-06-13,HOU vs. NYL,W,2,0,1,0.0,0,1,0.0,1,2,0.5,0,0,0,0,0,0,2,0,1,,-1.0,0
21998,100043,Elena Baranova,1611661319,UTA,Utah Starzz,1029800007,1998-06-13,UTA vs. WAS,W,39,6,12,0.5,2,2,1.0,3,3,1.0,3,8,11,3,5,1,1,5,17,,51.7,0
21998,100045,Dena Head,1611661319,UTA,Utah Starzz,1029800007,1998-06-13,UTA vs. WAS,W,26,2,5,0.4,2,3,0.667,1,2,0.5,0,3,3,4,0,0,2,2,7,,14.6,0
21998,100047,Tammi Reiss,1611661319,UTA,Utah Starzz,1029800007,1998-06-13,UTA vs. WAS,W,21,6,8,0.75,2,3,0.667,3,4,0.75,1,1,2,2,1,0,3,1,17,,22.4,0
21998,100050,Kim Williams,1611661319,UTA,Utah Starzz,1029800007,1998-06-13,UTA vs. WAS,W,21,4,10,0.4,1,3,0.333,1,1,1.0,1,0,1,5,3,0,0,2,10,,27.7,0
21998,100084,Fran Harris,1611661319,UTA,Utah Starzz,1029800007,1998-06-13,UTA vs. WAS,W,29,3,9,0.333,1,2,0.5,2,2,1.0,3,1,4,3,1,0,2,3,9,,19.3,0
21998,100237,Tricia Bader Binford,1611661319,UTA,Utah Starzz,1029800007,1998-06-13,UTA vs. WAS,W,15,3,4,0.75,1,1,1.0,1,2,0.5,0,1,1,1,1,0,5,4,8,,8.7,0
21998,100239,Margo Dydek,1611661319,UTA,Utah Starzz,1029800007,1998-06-13,UTA vs. WAS,W,17,3,7,0.429,0,0,,1,3,0.333,0,4,4,0,1,2,2,5,7,,18.8,0
21998,100242,LaTonya Johnson,1611661319,UTA,Utah Starzz,1029800007,1998-06-13,UTA vs. WAS,W,20,1,6,0.167,1,3,0.333,0,0,,1,0,1,1,0,0,1,2,3,,4.7,0
21998,100243,Olympia Scott,1611661319,UTA,Utah Starzz,1029800007,1998-06-13,UTA vs. WAS,W,12,0,3,0.0,0,0,,0,0,,1,1,2,1,0,0,4,5,0,,-0.1,0
21998,100052,Deborah Carter,1611661322,WAS,Washington Mystics,1029800007,1998-06-13,WAS @ UTA,L,29,3,6,0.5,0,1,0.0,2,2,1.0,2,1,3,3,3,1,4,1,8,,24.1,0
21998,100156,Heidi Burge,1611661322,WAS,Washington Mystics,1029800007,1998-06-13,WAS @ UTA,L,10,3,3,1.0,0,0,,1,2,0.5,0,3,3,0,1,0,2,2,7,,11.6,0
21998,100194,Keri Chaconas,1611661322,WAS,Washington Mystics,1029800007,1998-06-13,WAS @ UTA,L,23,1,2,0.5,1,2,0.5,2,2,1.0,0,1,1,1,0,0,0,4,5,,7.7,0
21998,100198,Nikki McCray,1611661322,WAS,Washington Mystics,1029800007,1998-06-13,WAS @ UTA,L,39,9,17,0.529,3,3,1.0,5,6,0.833,0,1,1,5,2,0,9,1,26,,31.7,0
21998,100199,Murriel Page,1611661322,WAS,Washington Mystics,1029800007,1998-06-13,WAS @ UTA,L,34,3,8,0.375,0,1,0.0,1,2,0.5,2,6,8,1,0,2,3,5,7,,21.1,0
21998,100201,Alessandra Santos de Olive,1611661322,WAS,Washington Mystics,1029800007,1998-06-13,WAS @ UTA,L,35,6,9,0.667,0,0,,7,14,0.5,7,11,18,0,2,0,5,2,19,,41.6,0
21998,100202,Adrienne Shuler,1611661322,WAS,Washington Mystics,1029800007,1998-06-13,WAS @ UTA,L,1,0,0,,0,0,,0,0,,0,0,0,0,0,0,0,0,0,,0.0,0
21998,100204,Rita Williams,1611661322,WAS,Washington Mystics,1029800007,1998-06-13,WAS @ UTA,L,18,0,2,0.0,0,0,,1,2,0.5,0,0,0,2,2,0,1,3,1,,9.0,0
21998,100374,Penny Moore,1611661322,WAS,Washington Mystics,1029800007,1998-06-13,WAS @ UTA,L,11,2,7,0.286,0,1,0.0,0,0,,0,1,1,2,1,2,0,2,4,,17.2,0
21998,100029,Michele Timms,1611661317,PHO,Phoenix Mercury,1029800008,1998-06-14,PHO vs. LAS,W,31,0,5,0.0,0,1,0.0,2,4,0.5,1,3,4,3,0,0,4,3,2,,7.3,0
21998,100030,Jennifer Gillom,1611661317,PHO,Phoenix Mercury,1029800008,1998-06-14,PHO vs. LAS,W,33,7,17,0.412,1,1,1.0,5,8,0.625,2,4,6,2,3,0,2,3,20,,37.2,0
21998,100031,Bridget Pettis,1611661317,PHO,Phoenix Mercury,1029800008,1998-06-14,PHO vs. LAS,W,23,4,13,0.308,1,4,0.25,3,4,0.75,1,2,3,1,0,1,0,5,12,,20.1,0
21998,100033,Toni Foster,1611661317,PHO,Phoenix Mercury,1029800008,1998-06-14,PHO vs. LAS,W,13,0,2,0.0,0,0,,0,0,,0,1,1,2,1,0,1,0,0,,6.2,0
21998,100035,Umeki Webb,1611661317,PHO,Phoenix Mercury,1029800008,1998-06-14,PHO vs. LAS,W,35,3,5,0.6,0,0,,3,4,0.75,1,3,4,4,3,1,3,4,9,,28.8,0
21998,100221,Michelle Brogan,1611661317,PHO,Phoenix Mercury,1029800008,1998-06-14,PHO vs. LAS,W,31,5,6,0.833,1,2,0.5,5,6,0.833,2,2,4,1,1,0,1,1,16,,24.3,0
21998,100222,Kristi Harrower,1611661317,PHO,Phoenix Mercury,1029800008,1998-06-14,PHO vs. LAS,W,9,1,1,1.0,0,0,,4,4,1.0,0,1,1,1,1,0,0,0,6,,11.7,0
21998,100223,Pauline Jordan,1611661317,PHO,Phoenix Mercury,1029800008,1998-06-14,PHO vs. LAS,W,3,1,1,1.0,0,0,,0,0,,0,0,0,0,0,0,0,1,2,,2.0,0
21998,100224,Andrea Kuklova,1611661317,PHO,Phoenix Mercury,1029800008,1998-06-14,PHO vs. LAS,W,17,0,3,0.0,0,0,,3,4,0.75,1,1,2,2,1,0,2,2,3,,9.4,0
21998,100225,Brandy Reed,1611661317,PHO,Phoenix Mercury,1029800008,1998-06-14,PHO vs. LAS,W,5,0,0,,0,0,,0,0,,1,0,1,1,0,0,0,0,0,,2.7,0
21998,100003,Lisa Leslie,1611661320,LAS,Los Angeles Sparks,1029800008,1998-06-14,LAS @ PHO,L,31,8,13,0.615,0,0,,2,4,0.5,2,8,10,1,1,1,2,4,18,,35.5,0
21998,100004,Penny Toler,1611661320,LAS,Los Angeles Sparks,1029800008,1998-06-14,LAS @ PHO,L,26,1,6,0.167,0,1,0.0,5,5,1.0,1,0,1,2,2,0,2,1,7,,15.2,0
21998,100006,Haixia Zheng,1611661320,LAS,Los Angeles Sparks,1029800008,1998-06-14,LAS @ PHO,L,9,1,1,1.0,0,0,,0,0,,1,1,2,0,0,0,1,1,2,,3.4,0
21998,100008,Tamecka Dixon,1611661320,LAS,Los Angeles Sparks,1029800008,1998-06-14,LAS @ PHO,L,22,4,10,0.4,0,1,0.0,6,7,0.857,1,5,6,0,0,0,3,6,14,,18.2,0
21998,100009,Katrina Colleton,1611661320,LAS,Los Angeles Sparks,1029800008,1998-06-14,LAS @ PHO,L,33,1,4,0.25,0,1,0.0,0,0,,2,3,5,4,0,0,4,2,2,,10.0,0
21998,100012,Mwadi Mabika,1611661320,LAS,Los Angeles Sparks,1029800008,1998-06-14,LAS @ PHO,L,2,0,1,0.0,0,1,0.0,0,0,,0,0,0,0,0,0,0,0,0,,0.0,0
21998,100020,Pam McGee,1611661320,LAS,Los Angeles Sparks,1029800008,1998-06-14,LAS @ PHO,L,27,5,8,0.625,0,0,,0,0,,1,4,5,1,3,0,2,4,10,,24.5,0
21998,100168,Erin Alexander,1611661320,LAS,Los Angeles Sparks,1029800008,1998-06-14,LAS @ PHO,L,15,0,2,0.0,0,2,0.0,0,0,,2,3,5,2,0,0,1,4,0,,8.0,0
21998,100169,Octavia Blue,1611661320,LAS,Los Angeles Sparks,1029800008,1998-06-14,LAS @ PHO,L,5,0,3,0.0,0,0,,0,0,,0,2,2,0,0,0,2,2,0,,0.4,0
21998,100170,Allison Feaster,1611661320,LAS,Los Angeles Sparks,1029800008,1998-06-14,LAS @ PHO,L,21,1,8,0.125,1,6,0.167,2,2,1.0,1,1,2,2,1,0,2,5,5,,11.4,0
21998,100176,Sandra VanEmbricqs,1611661320,LAS,Los Angeles Sparks,1029800008,1998-06-14,LAS @ PHO,L,9,1,2,0.5,0,0,,0,0,,0,0,0,0,0,0,0,0,2,,2.0,0
21998,100058,Vicky Bullett,1611661314,CHA,Charlotte Sting,1029800009,1998-06-15,CHA vs. HOU,L,31,3,15,0.2,0,2,0.0,5,6,0.833,5,2,7,1,0,2,2,1,11,,24.9,0
21998,100059,Andrea Stinson,1611661314,CHA,Charlotte Sting,1029800009,1998-06-15,CHA vs. HOU,L,37,5,11,0.455,1,2,0.5,1,1,1.0,0,3,3,5,1,1,1,4,12,,28.1,0
21998,100060,Rhonda Mapp,1611661314,CHA,Charlotte Sting,1029800009,1998-06-15,CHA vs. HOU,L,33,4,12,0.333,0,2,0.0,2,4,0.5,3,6,9,2,1,0,1,1,10,,25.8,0
21998,100062,Tora Suber,1611661314,CHA,Charlotte Sting,1029800009,1998-06-15,CHA vs. HOU,L,29,1,6,0.167,1,4,0.25,0,0,,1,3,4,6,1,0,0,6,3,,19.8,0
21998,100063,Sharon Manning,1611661314,CHA,Charlotte Sting,1029800009,1998-06-15,CHA vs. HOU,L,12,3,4,0.75,0,0,,0,0,,1,3,4,0,0,1,2,3,6,,11.8,0
21998,100065,Andrea Congreaves,1611661314,CHA,Charlotte Sting,1029800009,1998-06-15,CHA vs. HOU,L,14,1,4,0.25,1,2,0.5,0,0,,2,2,4,0,0,0,2,1,3,,5.8,0
21998,100178,Sonia Chase,1611661314,CHA,Charlotte Sting,1029800009,1998-06-15,CHA vs. HOU,L,2,0,0,,0,0,,0,0,,1,1,2,0,0,0,1,0,0,,1.4,0
21998,100180,Pollyanna Johns Kimbrough,1611661314,CHA,Charlotte Sting,1029800009,1998-06-15,CHA vs. HOU,L,2,0,0,,0,0,,0,0,,0,0,0,0,0,0,1,1,0,,-1.0,0
21998,100181,Christy Smith,1611661314,CHA,Charlotte Sting,1029800009,1998-06-15,CHA vs. HOU,L,10,0,0,,0,0,,0,0,,0,0,0,2,0,0,3,1,0,,0.0,0
21998,100182,Tracy Reid,1611661314,CHA,Charlotte Sting,1029800009,1998-06-15,CHA vs. HOU,L,30,7,16,0.438,0,0,,6,10,0.6,2,1,3,1,1,1,2,6,20,,29.1,0
21998,100072,Sheryl Swoopes,1611661316,HOU,Houston Comets,1029800009,1998-06-15,HOU @ CHA,W,35,5,13,0.385,1,4,0.25,2,5,0.4,0,6,6,1,2,0,5,2,13,,22.7,0
21998,100073,Cynthia Cooper,1611661316,HOU,Houston Comets,1029800009,1998-06-15,HOU @ CHA,W,32,9,17,0.529,3,5,0.6,10,12,0.833,0,1,1,0,0,0,4,0,31,,28.2,0
21998,100075,Janeth Arcain,1611661316,HOU,Houston Comets,1029800009,1998-06-15,HOU @ CHA,W,16,2,4,0.5,0,0,,2,2,1.0,2,4,6,1,1,0,1,2,6,,16.7,0
21998,100076,Tina Thompson,1611661316,HOU,Houston Comets,1029800009,1998-06-15,HOU @ CHA,W,38,7,11,0.636,2,2,1.0,2,3,0.667,3,5,8,1,1,1,0,3,18,,35.1,0
21998,100083,Kim Perrot,1611661316,HOU,Houston Comets,1029800009,1998-06-15,HOU @ CHA,W,34,1,9,0.111,0,7,0.0,0,0,,1,2,3,6,3,0,4,3,2,,19.6,0
21998,100085,Yolanda Moore,1611661316,HOU,Houston Comets,1029800009,1998-06-15,HOU @ CHA,W,16,3,3,1.0,0,0,,3,4,0.75,2,2,4,0,1,0,0,5,9,,16.8,0
21998,100086,Tiffany Woosley,1611661316,HOU,Houston Comets,1029800009,1998-06-15,HOU @ CHA,W,5,0,1,0.0,0,0,,0,0,,0,1,1,1,0,0,1,2,0,,1.7,0
21998,100207,Monica Lamb,1611661316,HOU,Houston Comets,1029800009,1998-06-15,HOU @ CHA,W,24,0,2,0.0,0,0,,0,0,,0,3,3,0,1,2,0,4,0,,12.6,0
21998,100049,Raegan Scott,1611661315,CLE,Cleveland Rockers,1029800010,1998-06-15,CLE @ DET,W,3,0,1,0.0,0,0,,0,0,,0,0,0,0,0,0,0,1,0,,0.0,0
21998,100087,Janice Braxton,1611661315,CLE,Cleveland Rockers,1029800010,1998-06-15,CLE @ DET,W,28,9,10,0.9,0,0,,0,0,,0,4,4,3,3,0,2,4,18,,34.3,0
21998,100089,Isabelle Fijalkowski,1611661315,CLE,Cleveland Rockers,1029800010,1998-06-15,CLE @ DET,W,23,3,6,0.5,0,0,,2,2,1.0,2,4,6,1,0,1,3,5,8,,16.7,0
21998,100091,Eva Nemcova,1611661315,CLE,Cleveland Rockers,1029800010,1998-06-15,CLE @ DET,W,29,4,11,0.364,0,1,0.0,2,2,1.0,2,1,3,1,0,1,2,2,10,,16.1,0
21998,100092,Merlakia Jones,1611661315,CLE,Cleveland Rockers,1029800010,1998-06-15,CLE @ DET,W,19,4,5,0.8,0,0,,7,7,1.0,0,2,2,0,1,0,0,2,15,,20.4,0
21998,100097,Rushia Brown,1611661315,CLE,Cleveland Rockers,1029800010,1998-06-15,CLE @ DET,W,26,3,9,0.333,0,0,,3,4,0.75,1,4,5,1,2,0,1,3,9,,21.5,0
21998,100100,Adrienne Johnson,1611661315,CLE,Cleveland Rockers,1029800010,1998-06-15,CLE @ DET,W,16,4,5,0.8,0,0,,1,3,0.333,0,2,2,1,0,2,1,2,9,,17.9,0
21998,100183,Cindy Blodgett,1611661315,CLE,Cleveland Rockers,1029800010,1998-06-15,CLE @ DET,W,18,4,5,0.8,3,3,1.0,0,0,,0,0,0,2,1,0,0,3,11,,17.0,0
21998,100187,Suzie McConnell Serio,1611661315,CLE,Cleveland Rockers,1029800010,1998-06-15,CLE @ DET,W,37,7,12,0.583,0,2,0.0,2,4,0.5,0,1,1,11,4,0,1,4,16,,44.7,0
21998,100284,Tully Bevilaqua,1611661315,CLE,Cleveland Rockers,1029800010,1998-06-15,CLE @ DET,W,1,0,1,0.0,0,0,,0,0,,0,0,0,0,0,0,0,0,0,,0.0,0
21998,100108,Rhonda Blades,1611661321,DET,Detroit Shock,1029800010,1998-06-15,DET vs. CLE,L,14,3,3,1.0,3,3,1.0,2,5,0.4,0,0,0,4,0,0,2,3,11,,15.0,0
21998,100246,Gergana Branzova,1611661321,DET,Detroit Shock,1029800010,1998-06-15,DET vs. CLE,L,8,1,2,0.5,0,0,,0,0,,0,0,0,0,0,0,0,2,2,,2.0,0
21998,100247,Sandy Brondello,1611661321,DET,Detroit Shock,1029800010,1998-06-15,DET vs. CLE,L,26,4,13,0.308,0,1,0.0,4,4,1.0,1,3,4,5,0,0,4,0,12,,20.3,0
21998,100248,Cindy Brown,1611661321,DET,Detroit Shock,1029800010,1998-06-15,DET vs. CLE,L,23,5,8,0.625,0,1,0.0,1,2,0.5,2,8,10,1,2,0,1,4,11,,29.5,0
21998,100250,Korie Hlede,1611661321,DET,Detroit Shock,1029800010,1998-06-15,DET vs. CLE,L,35,7,16,0.438,1,4,0.25,2,2,1.0,3,2,5,2,1,0,3,3,17,,26.0,0
21998,100251,Aneta Kausaite,1611661321,DET,Detroit Shock,1029800010,1998-06-15,DET vs. CLE,L,15,0,2,0.0,0,1,0.0,0,0,,2,0,2,1,0,0,0,0,0,,3.9,0
21998,100253,Razija Brcaninovic,1611661321,DET,Detroit Shock,1029800010,1998-06-15,DET vs. CLE,L,27,3,5,0.6,0,0,,4,8,0.5,2,5,7,0,1,0,4,4,10,,17.4,0
21998,100255,Rachael Sporn,1611661321,DET,Detroit Shock,1029800010,1998-06-15,DET vs. CLE,L,15,2,7,0.286,0,0,,2,4,0.5,4,3,7,1,0,0,0,3,6,,15.9,0
21998,100257,Mfon Udoka,1611661321,DET,Detroit Shock,1029800010,1998-06-15,DET vs. CLE,L,6,0,0,,0,0,,0,0,,0,0,0,0,0,0,0,0,0,,0.0,0
21998,100269,Carla Boyd,1611661321,DET,Detroit Shock,1029800010,1998-06-15,DET vs. CLE,L,31,6,12,0.5,2,4,0.5,2,5,0.4,3,2,5,3,0,0,3,5,16,,23.5,0
21998,100002,Rebecca Lobo,1611661313,NYL,New York Liberty,1029800011,1998-06-15,NYL @ UTA,L,27,2,11,0.182,2,4,0.5,0,0,,3,3,6,1,0,1,1,4,6,,16.7,0
21998,100101,Teresa Weatherspoon,1611661313,NYL,New York Liberty,1029800011,1998-06-15,NYL @ UTA,L,34,4,12,0.333,1,3,0.333,0,0,,2,3,5,9,3,0,2,5,9,,35.5,0
21998,100102,Kym Hampton,1611661313,NYL,New York Liberty,1029800011,1998-06-15,NYL @ UTA,L,25,2,8,0.25,0,0,,1,2,0.5,1,7,8,0,2,0,3,4,5,,17.6,0
21998,100103,Vickie Johnson,1611661313,NYL,New York Liberty,1029800011,1998-06-15,NYL @ UTA,L,35,6,12,0.5,2,5,0.4,5,6,0.833,1,1,2,2,2,0,1,4,19,,29.4,0
21998,100104,Sue Wicks,1611661313,NYL,New York Liberty,1029800011,1998-06-15,NYL @ UTA,L,1,0,0,,0,0,,0,0,,0,0,0,0,0,0,0,0,0,,0.0,0
21998,100105,Sophia Witherspoon,1611661313,NYL,New York Liberty,1029800011,1998-06-15,NYL @ UTA,L,35,4,20,0.2,1,8,0.125,2,2,1.0,4,4,8,1,1,0,1,3,11,,24.1,0
21998,100106,Trena Trice-Hill,1611661313,NYL,New York Liberty,1029800011,1998-06-15,NYL @ UTA,L,12,2,3,0.667,0,0,,1,1,1.0,2,1,3,1,0,0,1,1,5,,9.1,0
21998,100107,Kisha Ford,1611661313,NYL,New York Liberty,1029800011,1998-06-15,NYL @ UTA,L,5,0,0,,0,0,,0,0,,1,0,1,0,0,0,1,0,0,,0.2,0
21998,100212,Albena Branzova,1611661313,NYL,New York Liberty,1029800011,1998-06-15,NYL @ UTA,L,15,2,7,0.286,1,1,1.0,0,0,,2,2,4,1,2,0,0,2,5,,17.3,0
21998,100216,Alicia Thompson,1611661313,NYL,New York Liberty,1029800011,1998-06-15,NYL @ UTA,L,5,0,2,0.0,0,0,,0,0,,1,0,1,0,0,0,0,1,0,,1.2,0
21998,100217,Coquese Washington,1611661313,NYL,New York Liberty,1029800011,1998-06-15,NYL @ UTA,L,6,0,1,0.0,0,1,0.0,0,0,,0,2,2,0,1,0,1,0,0,,4.4,0
21998,100043,Elena Baranova,1611661319,UTA,Utah Starzz,1029800011,1998-06-15,UTA vs. NYL,W,35,3,10,0.3,1,3,0.333,7,9,0.778,1,9,10,2,0,3,5,1,14,,33.0,0
21998,100045,Dena Head,1611661319,UTA,Utah Starzz,1029800011,1998-06-15,UTA vs. NYL,W,22,1,4,0.25,0,0,,0,0,,0,3,3,1,1,0,1,3,2,,9.1,0
21998,100047,Tammi Reiss,1611661319,UTA,Utah Starzz,1029800011,1998-06-15,UTA vs. NYL,W,31,5,9,0.556,2,4,0.5,3,3,1.0,0,2,2,2,1,0,3,3,15,,20.4,0
21998,100050,Kim Williams,1611661319,UTA,Utah Starzz,1029800011,1998-06-15,UTA vs. NYL,W,11,0,1,0.0,0,0,,2,2,1.0,0,1,1,1,2,0,1,1,2,,9.7,0
21998,100084,Fran Harris,1611661319,UTA,Utah Starzz,1029800011,1998-06-15,UTA vs. NYL,W,20,1,1,1.0,0,0,,0,0,,0,3,3,3,0,0,1,1,2,,9.1,0
21998,100237,Tricia Bader Binford,1611661319,UTA,Utah Starzz,1029800011,1998-06-15,UTA vs. NYL,W,18,3,6,0.5,2,3,0.667,2,4,0.5,0,0,0,2,0,0,1,2,10,,12.0,0
21998,100239,Margo Dydek,1611661319,UTA,Utah Starzz,1029800011,1998-06-15,UTA vs. NYL,W,30,5,14,0.357,0,1,0.0,2,2,1.0,3,10,13,2,0,3,5,5,12,,34.6,0
21998,100242,LaTonya Johnson,1611661319,UTA,Utah Starzz,1029800011,1998-06-15,UTA vs. NYL,W,18,3,6,0.5,1,1,1.0,2,2,1.0,0,3,3,2,1,0,0,0,9,,18.6,0
21998,100243,Olympia Scott,1611661319,UTA,Utah Starzz,1029800011,1998-06-15,UTA vs. NYL,W,15,2,3,0.667,0,0,,1,2,0.5,0,2,2,0,1,0,0,2,5,,10.4,0
21998,100029,Michele Timms,1611661317,PHO,Phoenix Mercury,1029800012,1998-06-15,PHO vs. WAS,W,30,3,7,0.429,0,2,0.0,2,3,0.667,0,3,3,4,1,0,1,3,8,,19.6,0
21998,100030,Jennifer Gillom,1611661317,PHO,Phoenix Mercury,1029800012,1998-06-15,PHO vs. WAS,W,30,7,13,0.538,0,2,0.0,5,7,0.714,1,10,11,0,1,0,3,4,19,,32.2,0
21998,100031,Bridget Pettis,1611661317,PHO,Phoenix Mercury,1029800012,1998-06-15,PHO vs. WAS,W,37,2,8,0.25,0,3,0.0,2,3,0.667,1,1,2,3,2,0,3,4,6,,15.9,0
21998,100033,Toni Foster,1611661317,PHO,Phoenix Mercury,1029800012,1998-06-15,PHO vs. WAS,W,27,4,8,0.5,0,0,,5,6,0.833,2,0,2,1,2,0,2,2,13,,20.9,0
21998,100035,Umeki Webb,1611661317,PHO,Phoenix Mercury,1029800012,1998-06-15,PHO vs. WAS,W,28,4,8,0.5,0,1,0.0,3,5,0.6,1,2,3,2,3,1,2,4,11,,27.6,0
21998,100221,Michelle Brogan,1611661317,PHO,Phoenix Mercury,1029800012,1998-06-15,PHO vs. WAS,W,16,1,4,0.25,0,0,,0,0,,2,1,3,0,0,0,2,0,2,,3.6,0
21998,100222,Kristi Harrower,1611661317,PHO,Phoenix Mercury,1029800012,1998-06-15,PHO vs. WAS,W,10,0,0,,0,0,,2,2,1.0,0,1,1,1,1,0,1,1,2,,6.7,0
21998,100223,Pauline Jordan,1611661317,PHO,Phoenix Mercury,1029800012,1998-06-15,PHO vs. WAS,W,3,1,1,1.0,0,0,,2,3,0.667,1,1,2,0,0,0,0,1,4,,6.4,0
21998,100224,Andrea Kuklova,1611661317,PHO,Phoenix Mercury,1029800012,1998-06-15,PHO vs. WAS,W,11,1,4,0.25,0,0,,0,0,,2,0,2,2,2,0,3,3,2,,10.4,0
21998,100225,Brandy Reed,1611661317,PHO,Phoenix Mercury,1029800012,1998-06-15,PHO vs. WAS,W,4,0,1,0.0,0,0,,0,0,,0,1,1,0,0,0,2,1,0,,-0.8,0
21998,100227,Maria Stepanova,1611661317,PHO,Phoenix Mercury,1029800012,1998-06-15,PHO vs. WAS,W,4,1,1,1.0,0,0,,0,0,,0,0,0,0,0,0,1,1,2,,1.0,0
21998,100052,Deborah Carter,1611661322,WAS,Washington Mystics,1029800012,1998-06-15,WAS @ PHO,L,28,4,8,0.5,2,3,0.667,1,2,0.5,0,3,3,2,1,0,3,2,11,,17.6,0
21998,100077,Tammy Jackson,1611661322,WAS,Washington Mystics,1029800012,1998-06-15,WAS @ PHO,L,10,1,1,1.0,0,0,,0,2,0.0,0,2,2,0,0,0,0,3,2,,4.4,0
21998,100156,Heidi Burge,1611661322,WAS,Washington Mystics,1029800012,1998-06-15,WAS @ PHO,L,9,1,2,0.5,0,1,0.0,0,0,,0,0,0,0,0,0,4,6,2,,-2.0,0
21998,100194,Keri Chaconas,1611661322,WAS,Washington Mystics,1029800012,1998-06-15,WAS @ PHO,L,8,0,3,0.0,0,3,0.0,0,0,,0,0,0,1,1,0,2,2,0,,2.5,0
21998,100198,Nikki McCray,1611661322,WAS,Washington Mystics,1029800012,1998-06-15,WAS @ PHO,L,37,8,18,0.444,1,2,0.5,3,5,0.6,0,1,1,4,1,0,6,1,20,,24.2,0
21998,100199,Murriel Page,1611661322,WAS,Washington Mystics,1029800012,1998-06-15,WAS @ PHO,L,35,3,7,0.429,0,0,,1,1,1.0,6,5,11,2,0,0,0,5,7,,23.2,0
21998,100201,Alessandra Santos de Olive,1611661322,WAS,Washington Mystics,1029800012,1998-06-15,WAS @ PHO,L,25,3,4,0.75,0,0,,2,3,0.667,2,5,7,0,0,0,5,6,8,,11.4,0
21998,100204,Rita Williams,1611661322,WAS,Washington Mystics,1029800012,1998-06-15,WAS @ PHO,L,35,0,1,0.0,0,1,0.0,2,4,0.5,0,2,2,2,4,0,5,1,2,,14.4,0
21998,100283,Leila de Souza Sobral,1611661322,WAS,Washington Mystics,1029800012,1998-06-15,WAS @ PHO,L,2,0,0,,0,0,,0,0,,0,0,0,1,0,0,0,1,0,,1.5,0
21998,100374,Penny Moore,1611661322,WAS,Washington Mystics,1029800012,1998-06-15,WAS @ PHO,L,11,1,3,0.333,0,0,,0,0,,0,0,0,0,0,0,1,2,2,,1.0,0
21998,100011,Linda Burgess,1611661318,SAC,Sacramento Monarchs,1029800013,1998-06-16,SAC vs. LAS,W,22,4,5,0.8,0,0,,2,2,1.0,2,4,6,1,0,0,1,3,10,,17.7,0
21998,100016,Ruthie Bolton,1611661318,SAC,Sacramento Monarchs,1029800013,1998-06-16,SAC vs. LAS,W,36,4,14,0.286,0,4,0.0,5,9,0.556,2,2,4,1,4,0,2,3,13,,29.3,0
21998,100017,Bridgette Gordon,1611661318,SAC,Sacramento Monarchs,1029800013,1998-06-16,SAC vs. LAS,W,13,0,5,0.0,0,0,,0,0,,2,0,2,1,0,0,2,0,0,,1.9,0
21998,100027,Latasha Byears,1611661318,SAC,Sacramento Monarchs,1029800013,1998-06-16,SAC vs. LAS,W,22,7,12,0.583,0,0,,7,7,1.0,5,1,6,1,0,1,0,4,21,,32.7,0
21998,100044,Lady Grooms,1611661318,SAC,Sacramento Monarchs,1029800013,1998-06-16,SAC vs. LAS,W,14,2,4,0.5,0,0,,2,2,1.0,1,1,2,0,0,0,0,0,6,,8.4,0
21998,100231,Adia Barnes,1611661318,SAC,Sacramento Monarchs,1029800013,1998-06-16,SAC vs. LAS,W,17,3,6,0.5,0,1,0.0,0,0,,1,2,3,0,0,0,3,4,6,,6.6,0
21998,100233,Tiffani Johnson,1611661318,SAC,Sacramento Monarchs,1029800013,1998-06-16,SAC vs. LAS,W,10,0,2,0.0,0,0,,0,0,,1,3,4,0,0,0,3,0,0,,1.8,0
21998,100234,Ticha Penicheiro,1611661318,SAC,Sacramento Monarchs,1029800013,1998-06-16,SAC vs. LAS,W,35,2,5,0.4,0,1,0.0,6,9,0.667,0,4,4,8,2,0,5,5,10,,27.8,0
21998,100235,Franthea Price,1611661318,SAC,Sacramento Monarchs,1029800013,1998-06-16,SAC vs. LAS,W,18,0,3,0.0,0,1,0.0,2,2,1.0,0,0,0,3,1,1,5,2,2,,7.5,0
21998,100236,Tangela Smith,1611661318,SAC,Sacramento Monarchs,1029800013,1998-06-16,SAC vs. LAS,W,13,2,5,0.4,1,1,1.0,0,0,,0,1,1,1,0,0,0,2,5,,7.7,0
21998,100003,Lisa Leslie,1611661320,LAS,Los Angeles Sparks,1029800013,1998-06-16,LAS @ SAC,L,30,5,16,0.313,0,0,,9,10,0.9,5,6,11,1,3,2,3,5,19,,45.7,0
21998,100004,Penny Toler,1611661320,LAS,Los Angeles Sparks,1029800013,1998-06-16,LAS @ SAC,L,39,4,9,0.444,1,1,1.0,0,1,0.0,0,2,2,2,1,0,6,3,9,,11.4,0
21998,100006,Haixia Zheng,1611661320,LAS,Los Angeles Sparks,1029800013,1998-06-16,LAS @ SAC,L,23,4,6,0.667,0,0,,2,3,0.667,2,6,8,1,0,0,1,3,10,,20.1,0
21998,100008,Tamecka Dixon,1611661320,LAS,Los Angeles Sparks,1029800013,1998-06-16,LAS @ SAC,L,29,10,15,0.667,1,2,0.5,0,0,,0,0,0,3,1,1,3,2,21,,28.5,0
21998,100009,Katrina Colleton,1611661320,LAS,Los Angeles Sparks,1029800013,1998-06-16,LAS @ SAC,L,38,2,4,0.5,1,2,0.5,1,2,0.5,0,1,1,3,0,3,5,5,6,,15.7,0
21998,100012,Mwadi Mabika,1611661320,LAS,Los Angeles Sparks,1029800013,1998-06-16,LAS @ SAC,L,4,0,1,0.0,0,0,,0,0,,0,2,2,0,0,0,0,1,0,,2.4,0
21998,100020,Pam McGee,1611661320,LAS,Los Angeles Sparks,1029800013,1998-06-16,LAS @ SAC,L,16,2,8,0.25,0,0,,0,0,,1,3,4,0,0,0,3,3,4,,5.8,0
21998,100168,Erin Alexander,1611661320,LAS,Los Angeles Sparks,1029800013,1998-06-16,LAS @ SAC,L,3,0,0,,0,0,,0,0,,0,0,0,0,0,0,0,1,0,,0.0,0
21998,100169,Octavia Blue,1611661320,LAS,Los Angeles Sparks,1029800013,1998-06-16,LAS @ SAC,L,4,0,1,0.0,0,0,,0,0,,0,0,0,0,0,0,1,1,0,,-1.0,0
21998,100170,Allison Feaster,1611661320,LAS,Los Angeles Sparks,1029800013,1998-06-16,LAS @ SAC,L,5,0,1,0.0,0,1,0.0,0,0,,0,0,0,0,0,0,1,1,0,,-1.0,0
21998,100176,Sandra VanEmbricqs,1611661320,LAS,Los Angeles Sparks,1029800013,1998-06-16,LAS @ SAC,L,9,0,0,,0,0,,0,0,,0,1,1,0,1,1,0,0,0,,7.2,0
21998,100058,Vicky Bullett,1611661314,CHA,Charlotte Sting,1029800014,1998-06-18,CHA vs. DET,W,37,6,12,0.5,0,1,0.0,4,6,0.667,1,7,8,2,5,4,2,3,16,,53.6,0
21998,100059,Andrea Stinson,1611661314,CHA,Charlotte Sting,1029800014,1998-06-18,CHA vs. DET,W,37,5,8,0.625,3,4,0.75,0,0,,0,3,3,3,4,1,3,1,13,,33.1,0
21998,100060,Rhonda Mapp,1611661314,CHA,Charlotte Sting,1029800014,1998-06-18,CHA vs. DET,W,31,6,12,0.5,0,0,,6,6,1.0,3,1,4,1,1,1,4,4,18,,26.3,0
21998,100062,Tora Suber,1611661314,CHA,Charlotte Sting,1029800014,1998-06-18,CHA vs. DET,W,20,2,4,0.5,1,2,0.5,4,7,0.571,0,0,0,2,1,0,1,2,9,,14.0,0
21998,100063,Sharon Manning,1611661314,CHA,Charlotte Sting,1029800014,1998-06-18,CHA vs. DET,W,9,1,2,0.5,0,0,,0,0,,0,0,0,0,0,0,0,0,2,,2.0,0
21998,100065,Andrea Congreaves,1611661314,CHA,Charlotte Sting,1029800014,1998-06-18,CHA vs. DET,W,7,0,0,,0,0,,1,2,0.5,0,1,1,0,0,0,1,0,1,,1.2,0
21998,100178,Sonia Chase,1611661314,CHA,Charlotte Sting,1029800014,1998-06-18,CHA vs. DET,W,6,1,1,1.0,0,0,,2,2,1.0,0,0,0,0,0,0,0,0,4,,4.0,0
21998,100180,Pollyanna Johns Kimbrough,1611661314,CHA,Charlotte Sting,1029800014,1998-06-18,CHA vs. DET,W,3,0,1,0.0,0,0,,0,0,,0,0,0,0,0,0,1,0,0,,-1.0,0
21998,100181,Christy Smith,1611661314,CHA,Charlotte Sting,1029800014,1998-06-18,CHA vs. DET,W,19,0,3,0.0,0,2,0.0,0,0,,0,3,3,4,0,0,1,2,0,,8.6,0
21998,100182,Tracy Reid,1611661314,CHA,Charlotte Sting,1029800014,1998-06-18,CHA vs. DET,W,31,4,7,0.571,0,0,,0,2,0.0,4,2,6,4,0,0,4,4,8,,17.2,0
21998,100090,Lynette Woodard,1611661321,DET,Detroit Shock,1029800014,1998-06-18,DET @ CHA,L,10,0,0,,0,0,,0,0,,0,0,0,1,0,0,0,2,0,,1.5,0
21998,100108,Rhonda Blades,1611661321,DET,Detroit Shock,1029800014,1998-06-18,DET @ CHA,L,15,3,5,0.6,2,4,0.5,0,0,,0,0,0,4,0,0,4,4,8,,10.0,0
21998,100247,Sandy Brondello,1611661321,DET,Detroit Shock,1029800014,1998-06-18,DET @ CHA,L,32,5,12,0.417,0,0,,4,4,1.0,2,1,3,3,3,0,3,2,14,,28.1,0
21998,100248,Cindy Brown,1611661321,DET,Detroit Shock,1029800014,1998-06-18,DET @ CHA,L,31,3,7,0.429,0,3,0.0,0,0,,0,7,7,1,0,1,0,4,6,,18.9,0
21998,100250,Korie Hlede,1611661321,DET,Detroit Shock,1029800014,1998-06-18,DET @ CHA,L,27,5,12,0.417,1,3,0.333,2,5,0.4,3,1,4,2,2,0,7,2,13,,19.8,0
21998,100251,Aneta Kausaite,1611661321,DET,Detroit Shock,1029800014,1998-06-18,DET @ CHA,L,4,1,1,1.0,0,0,,0,0,,1,0,1,0,0,0,0,0,2,,3.2,0
21998,100253,Razija Brcaninovic,1611661321,DET,Detroit Shock,1029800014,1998-06-18,DET @ CHA,L,21,2,5,0.4,0,0,,4,4,1.0,1,5,6,1,0,0,0,4,8,,16.7,0
21998,100255,Rachael Sporn,1611661321,DET,Detroit Shock,1029800014,1998-06-18,DET @ CHA,L,22,4,9,0.444,0,0,,0,2,0.0,1,1,2,2,1,0,1,3,8,,15.4,0
21998,100257,Mfon Udoka,1611661321,DET,Detroit Shock,1029800014,1998-06-18,DET @ CHA,L,6,0,0,,0,0,,0,0,,0,1,1,0,0,0,0,1,0,,1.2,0
21998,100269,Carla Boyd,1611661321,DET,Detroit Shock,1029800014,1998-06-18,DET @ CHA,L,32,4,8,0.5,0,3,0.0,0,0,,2,1,3,1,1,0,4,2,8,,12.1,0
21998,100087,Janice Braxton,1611661315,CLE,Cleveland Rockers,1029800015,1998-06-18,CLE @ HOU,L,37,5,9,0.556,0,0,,3,5,0.6,1,2,3,3,1,0,3,5,13,,21.1,0
21998,100089,Isabelle Fijalkowski,1611661315,CLE,Cleveland Rockers,1029800015,1998-06-18,CLE @ HOU,L,30,5,8,0.625,0,0,,0,0,,4,5,9,1,1,1,1,3,10,,27.3,0
21998,100091,Eva Nemcova,1611661315,CLE,Cleveland Rockers,1029800015,1998-06-18,CLE @ HOU,L,28,2,10,0.2,1,1,1.0,0,0,,0,2,2,1,0,0,0,3,5,,8.9,0
21998,100092,Merlakia Jones,1611661315,CLE,Cleveland Rockers,1029800015,1998-06-18,CLE @ HOU,L,22,3,5,0.6,0,0,,4,6,0.667,1,1,2,2,2,0,3,2,10,,18.4,0
21998,100097,Rushia Brown,1611661315,CLE,Cleveland Rockers,1029800015,1998-06-18,CLE @ HOU,L,13,1,4,0.25,0,0,,1,2,0.5,2,2,4,2,0,0,1,0,3,,9.8,0
21998,100100,Adrienne Johnson,1611661315,CLE,Cleveland Rockers,1029800015,1998-06-18,CLE @ HOU,L,21,3,7,0.429,1,4,0.25,1,2,0.5,0,1,1,0,1,0,0,5,8,,12.2,0
21998,100183,Cindy Blodgett,1611661315,CLE,Cleveland Rockers,1029800015,1998-06-18,CLE @ HOU,L,11,3,6,0.5,2,4,0.5,3,4,0.75,0,2,2,1,2,0,3,1,11,,17.9,0
21998,100187,Suzie McConnell Serio,1611661315,CLE,Cleveland Rockers,1029800015,1998-06-18,CLE @ HOU,L,38,4,9,0.444,1,3,0.333,0,0,,0,1,1,7,4,0,7,3,9,,25.7,0
21998,100284,Tully Bevilaqua,1611661315,CLE,Cleveland Rockers,1029800015,1998-06-18,CLE @ HOU,L,0,1,2,0.5,0,0,,0,0,,0,0,0,1,0,0,0,3,2,,3.5,0
21998,100072,Sheryl Swoopes,1611661316,HOU,Houston Comets,1029800015,1998-06-18,HOU vs. CLE,W,31,7,13,0.538,1,1,1.0,10,11,0.909,2,3,5,2,4,1,0,1,25,,49.0,0
21998,100073,Cynthia Cooper,1611661316,HOU,Houston Comets,1029800015,1998-06-18,HOU vs. CLE,W,34,7,14,0.5,3,6,0.5,4,6,0.667,2,2,4,7,0,0,3,3,21,,33.3,0
21998,100075,Janeth Arcain,1611661316,HOU,Houston Comets,1029800015,1998-06-18,HOU vs. CLE,W,22,3,8,0.375,0,1,0.0,1,2,0.5,1,3,4,2,1,0,3,2,7,,14.8,0
21998,100076,Tina Thompson,1611661316,HOU,Houston Comets,1029800015,1998-06-18,HOU vs. CLE,W,34,9,13,0.692,2,6,0.333,3,3,1.0,2,4,6,1,0,3,0,4,23,,40.7,0
21998,100083,Kim Perrot,1611661316,HOU,Houston Comets,1029800015,1998-06-18,HOU vs. CLE,W,30,1,6,0.167,0,3,0.0,0,0,,0,1,1,4,0,0,3,4,2,,6.2,0
21998,100085,Yolanda Moore,1611661316,HOU,Houston Comets,1029800015,1998-06-18,HOU vs. CLE,W,30,1,4,0.25,0,0,,3,4,0.75,2,2,4,1,4,0,3,4,5,,20.3,0
21998,100086,Tiffany Woosley,1611661316,HOU,Houston Comets,1029800015,1998-06-18,HOU vs. CLE,W,2,0,0,,0,0,,0,0,,0,0,0,0,0,0,0,0,0,,0.0,0
21998,100207,Monica Lamb,1611661316,HOU,Houston Comets,1029800015,1998-06-18,HOU vs. CLE,W,13,1,3,0.333,0,0,,2,2,1.0,2,2,4,0,0,1,1,0,4,,10.8,0
21998,100208,Nyree Roberts,1611661316,HOU,Houston Comets,1029800015,1998-06-18,HOU vs. CLE,W,2,0,1,0.0,0,0,,0,0,,0,0,0,1,0,0,0,0,0,,1.5,0
21998,100211,Amaya Valdemoro,1611661316,HOU,Houston Comets,1029800015,1998-06-18,HOU vs. CLE,W,2,0,0,,0,0,,0,0,,0,0,0,0,1,0,2,1,0,,1.0,0
21998,100002,Rebecca Lobo,1611661313,NYL,New York Liberty,1029800016,1998-06-18,NYL @ SAC,W,25,4,7,0.571,0,1,0.0,3,3,1.0,3,5,8,0,2,2,2,3,11,,30.6,0
21998,100101,Teresa Weatherspoon,1611661313,NYL,New York Liberty,1029800016,1998-06-18,NYL @ SAC,W,34,5,9,0.556,2,3,0.667,1,2,0.5,0,2,2,6,2,0,3,1,13,,27.4,0
21998,100102,Kym Hampton,1611661313,NYL,New York Liberty,1029800016,1998-06-18,NYL @ SAC,W,14,1,1,1.0,0,0,,2,4,0.5,0,5,5,3,0,0,2,3,4,,12.5,0
21998,100103,Vickie Johnson,1611661313,NYL,New York Liberty,1029800016,1998-06-18,NYL @ SAC,W,19,5,7,0.714,1,1,1.0,0,0,,0,1,1,1,0,0,0,1,11,,13.7,0
21998,100104,Sue Wicks,1611661313,NYL,New York Liberty,1029800016,1998-06-18,NYL @ SAC,W,16,0,0,,0,0,,2,2,1.0,0,1,1,2,0,1,1,5,2,,8.2,0
21998,100105,Sophia Witherspoon,1611661313,NYL,New York Liberty,1029800016,1998-06-18,NYL @ SAC,W,26,3,5,0.6,1,2,0.5,2,2,1.0,1,5,6,2,1,1,1,0,9,,24.2,0
21998,100106,Trena Trice-Hill,1611661313,NYL,New York Liberty,1029800016,1998-06-18,NYL @ SAC,W,13,1,2,0.5,0,0,,0,0,,0,4,4,0,0,1,1,1,2,,8.8,0
21998,100107,Kisha Ford,1611661313,NYL,New York Liberty,1029800016,1998-06-18,NYL @ SAC,W,21,1,6,0.167,0,4,0.0,1,2,0.5,0,0,0,1,1,1,2,3,3,,8.5,0
21998,100212,Albena Branzova,1611661313,NYL,New York Liberty,1029800016,1998-06-18,NYL @ SAC,W,13,1,3,0.333,0,0,,0,0,,0,0,0,1,1,1,5,3,2,,4.5,0
21998,100216,Alicia Thompson,1611661313,NYL,New York Liberty,1029800016,1998-06-18,NYL @ SAC,W,14,2,6,0.333,0,0,,0,0,,0,4,4,0,0,0,2,0,4,,6.8,0
21998,100217,Coquese Washington,1611661313,NYL,New York Liberty,1029800016,1998-06-18,NYL @ SAC,W,5,1,2,0.5,0,0,,1,2,0.5,0,1,1,1,0,0,1,1,3,,4.7,0
21998,100011,Linda Burgess,1611661318,SAC,Sacramento Monarchs,1029800016,1998-06-18,SAC vs. NYL,L,13,2,3,0.667,0,0,,0,0,,0,0,0,0,2,0,0,3,4,,10.0,0
21998,100016,Ruthie Bolton,1611661318,SAC,Sacramento Monarchs,1029800016,1998-06-18,SAC vs. NYL,L,25,2,12,0.167,0,5,0.0,2,4,0.5,1,1,2,1,1,0,1,2,6,,11.9,0
21998,100017,Bridgette Gordon,1611661318,SAC,Sacramento Monarchs,1029800016,1998-06-18,SAC vs. NYL,L,16,0,3,0.0,0,1,0.0,0,0,,0,1,1,0,2,0,3,3,0,,4.2,0
21998,100027,Latasha Byears,1611661318,SAC,Sacramento Monarchs,1029800016,1998-06-18,SAC vs. NYL,L,22,3,6,0.5,0,0,,4,6,0.667,1,1,2,0,1,0,1,2,10,,14.4,0
21998,100044,Lady Grooms,1611661318,SAC,Sacramento Monarchs,1029800016,1998-06-18,SAC vs. NYL,L,25,2,5,0.4,0,0,,3,7,0.429,1,1,2,1,0,0,2,1,7,,8.9,0
21998,100230,Quacy Barnes,1611661318,SAC,Sacramento Monarchs,1029800016,1998-06-18,SAC vs. NYL,L,5,0,0,,0,0,,0,0,,0,0,0,0,0,0,0,1,0,,0.0,0
21998,100231,Adia Barnes,1611661318,SAC,Sacramento Monarchs,1029800016,1998-06-18,SAC vs. NYL,L,18,3,5,0.6,0,0,,0,0,,0,4,4,1,1,0,2,3,6,,13.3,0
21998,100233,Tiffani Johnson,1611661318,SAC,Sacramento Monarchs,1029800016,1998-06-18,SAC vs. NYL,L,5,0,0,,0,0,,1,2,0.5,0,2,2,0,1,0,0,1,1,,6.4,0
21998,100234,Ticha Penicheiro,1611661318,SAC,Sacramento Monarchs,1029800016,1998-06-18,SAC vs. NYL,L,28,1,3,0.333,0,0,,0,4,0.0,0,3,3,3,2,0,4,0,2,,12.1,0
21998,100235,Franthea Price,1611661318,SAC,Sacramento Monarchs,1029800016,1998-06-18,SAC vs. NYL,L,24,2,8,0.25,1,5,0.2,1,2,0.5,0,1,1,1,0,0,2,2,6,,6.7,0
21998,100236,Tangela Smith,1611661318,SAC,Sacramento Monarchs,1029800016,1998-06-18,SAC vs. NYL,L,19,3,6,0.5,0,0,,0,0,,2,3,5,0,1,0,0,2,6,,15.0,0
21998,100022,Chantel Tremitiere,1611661319,UTA,Utah Starzz,1029800017,1998-06-19,UTA @ WAS,L,18,4,7,0.571,1,2,0.5,1,2,0.5,0,2,2,3,2,0,0,3,10,,22.9,0
21998,100043,Elena Baranova,1611661319,UTA,Utah Starzz,1029800017,1998-06-19,UTA @ WAS,L,35,6,12,0.5,1,3,0.333,1,1,1.0,3,7,10,4,1,1,2,2,14,,36.0,0
21998,100045,Dena Head,1611661319,UTA,Utah Starzz,1029800017,1998-06-19,UTA @ WAS,L,9,0,0,,0,0,,0,0,,0,2,2,1,2,0,2,1,0,,7.9,0
21998,100046,Wendy Palmer,1611661319,UTA,Utah Starzz,1029800017,1998-06-19,UTA @ WAS,L,10,2,8,0.25,0,0,,1,2,0.5,1,0,1,0,2,0,1,0,5,,11.2,0
21998,100047,Tammi Reiss,1611661319,UTA,Utah Starzz,1029800017,1998-06-19,UTA @ WAS,L,25,1,4,0.25,0,3,0.0,0,0,,1,3,4,3,0,0,1,0,2,,10.3,0
21998,100050,Kim Williams,1611661319,UTA,Utah Starzz,1029800017,1998-06-19,UTA @ WAS,L,17,3,7,0.429,0,2,0.0,2,2,1.0,0,1,1,0,0,0,3,5,8,,6.2,0
21998,100084,Fran Harris,1611661319,UTA,Utah Starzz,1029800017,1998-06-19,UTA @ WAS,L,16,2,2,1.0,0,0,,0,0,,1,1,2,2,0,0,3,2,4,,6.4,0
21998,100237,Tricia Bader Binford,1611661319,UTA,Utah Starzz,1029800017,1998-06-19,UTA @ WAS,L,12,1,3,0.333,1,2,0.5,1,2,0.5,0,0,0,0,1,0,1,1,4,,6.0,0
21998,100239,Margo Dydek,1611661319,UTA,Utah Starzz,1029800017,1998-06-19,UTA @ WAS,L,16,1,6,0.167,0,0,,4,5,0.8,0,1,1,0,0,2,1,4,6,,12.2,0
21998,100242,LaTonya Johnson,1611661319,UTA,Utah Starzz,1029800017,1998-06-19,UTA @ WAS,L,23,4,7,0.571,0,2,0.0,0,0,,0,1,1,0,1,0,2,4,8,,10.2,0
21998,100243,Olympia Scott,1611661319,UTA,Utah Starzz,1029800017,1998-06-19,UTA @ WAS,L,19,7,11,0.636,0,1,0.0,1,2,0.5,3,0,3,1,1,0,2,4,15,,21.1,0
21998,100052,Deborah Carter,1611661322,WAS,Washington Mystics,1029800017,1998-06-19,WAS vs. UTA,W,7,0,2,0.0,0,0,,0,0,,0,2,2,1,0,0,2,1,0,,1.9,0
21998,100156,Heidi Burge,1611661322,WAS,Washington Mystics,1029800017,1998-06-19,WAS vs. UTA,W,15,4,5,0.8,0,0,,1,2,0.5,2,4,6,0,0,0,2,0,9,,14.2,0
21998,100194,Keri Chaconas,1611661322,WAS,Washington Mystics,1029800017,1998-06-19,WAS vs. UTA,W,7,0,2,0.0,0,2,0.0,0,0,,0,0,0,0,0,0,2,1,0,,-2.0,0
21998,100198,Nikki McCray,1611661322,WAS,Washington Mystics,1029800017,1998-06-19,WAS vs. UTA,W,39,8,20,0.4,3,5,0.6,8,11,0.727,1,4,5,6,2,0,8,4,27,,40.0,0
21998,100199,Murriel Page,1611661322,WAS,Washington Mystics,1029800017,1998-06-19,WAS vs. UTA,W,32,5,5,1.0,0,0,,1,3,0.333,2,3,5,2,0,0,0,3,11,,20.0,0
21998,100201,Alessandra Santos de Olive,1611661322,WAS,Washington Mystics,1029800017,1998-06-19,WAS vs. UTA,W,33,5,9,0.556,0,0,,4,10,0.4,3,4,7,0,1,0,2,3,14,,23.4,0
21998,100204,Rita Williams,1611661322,WAS,Washington Mystics,1029800017,1998-06-19,WAS vs. UTA,W,33,4,7,0.571,2,4,0.5,1,1,1.0,0,3,3,5,3,0,3,3,11,,28.1,0
21998,100374,Penny Moore,1611661322,WAS,Washington Mystics,1029800017,1998-06-19,WAS vs. UTA,W,34,4,8,0.5,1,3,0.333,2,2,1.0,1,3,4,4,2,0,4,3,11,,23.8,0
21998,100002,Rebecca Lobo,1611661313,NYL,New York Liberty,1029800018,1998-06-19,NYL @ LAS,L,34,7,12,0.583,2,4,0.5,1,2,0.5,2,4,6,2,0,3,0,5,17,,36.2,0
21998,100101,Teresa Weatherspoon,1611661313,NYL,New York Liberty,1029800018,1998-06-19,NYL @ LAS,L,38,1,5,0.2,0,1,0.0,1,4,0.25,0,3,3,5,5,0,1,5,3,,28.1,0
21998,100102,Kym Hampton,1611661313,NYL,New York Liberty,1029800018,1998-06-19,NYL @ LAS,L,33,4,12,0.333,0,0,,7,12,0.583,5,4,9,3,2,0,0,3,15,,36.3,0
21998,100103,Vickie Johnson,1611661313,NYL,New York Liberty,1029800018,1998-06-19,NYL @ LAS,L,36,7,12,0.583,0,2,0.0,3,5,0.6,2,1,3,4,1,0,1,4,17,,28.6,0
21998,100104,Sue Wicks,1611661313,NYL,New York Liberty,1029800018,1998-06-19,NYL @ LAS,L,7,0,0,,0,0,,0,0,,0,0,0,2,0,0,1,2,0,,2.0,0
21998,100105,Sophia Witherspoon,1611661313,NYL,New York Liberty,1029800018,1998-06-19,NYL @ LAS,L,36,7,20,0.35,0,2,0.0,4,5,0.8,2,4,6,1,1,0,2,1,18,,27.7,0
21998,100106,Trena Trice-Hill,1611661313,NYL,New York Liberty,1029800018,1998-06-19,NYL @ LAS,L,4,1,2,0.5,0,0,,1,2,0.5,0,1,1,0,0,1,0,0,3,,7.2,0
21998,100107,Kisha Ford,1611661313,NYL,New York Liberty,1029800018,1998-06-19,NYL @ LAS,L,5,0,2,0.0,0,2,0.0,0,0,,0,0,0,0,0,0,0,1,0,,0.0,0
21998,100212,Albena Branzova,1611661313,NYL,New York Liberty,1029800018,1998-06-19,NYL @ LAS,L,1,0,0,,0,0,,0,0,,0,0,0,0,0,0,0,0,0,,0.0,0
21998,100216,Alicia Thompson,1611661313,NYL,New York Liberty,1029800018,1998-06-19,NYL @ LAS,L,4,0,1,0.0,0,0,,0,0,,0,0,0,0,0,0,0,1,0,,0.0,0
21998,100217,Coquese Washington,1611661313,NYL,New York Liberty,1029800018,1998-06-19,NYL @ LAS,L,2,0,1,0.0,0,1,0.0,2,2,1.0,0,0,0,0,0,0,0,0,2,,2.0,0
21998,100003,Lisa Leslie,1611661320,LAS,Los Angeles Sparks,1029800018,1998-06-19,LAS vs. NYL,W,37,7,17,0.412,0,1,0.0,5,7,0.714,5,16,21,2,0,1,2,3,19,,48.2,0
21998,100004,Penny Toler,1611661320,LAS,Los Angeles Sparks,1029800018,1998-06-19,LAS vs. NYL,W,31,3,6,0.5,0,0,,5,8,0.625,0,2,2,5,0,0,3,1,11,,17.9,0
21998,100006,Haixia Zheng,1611661320,LAS,Los Angeles Sparks,1029800018,1998-06-19,LAS vs. NYL,W,24,8,12,0.667,0,0,,3,4,0.75,3,3,6,1,0,1,0,4,19,,30.7,0
21998,100008,Tamecka Dixon,1611661320,LAS,Los Angeles Sparks,1029800018,1998-06-19,LAS vs. NYL,W,38,7,13,0.538,1,2,0.5,0,1,0.0,1,2,3,4,0,0,4,4,15,,20.6,0
21998,100009,Katrina Colleton,1611661320,LAS,Los Angeles Sparks,1029800018,1998-06-19,LAS vs. NYL,W,28,0,1,0.0,0,0,,0,0,,0,1,1,3,1,0,0,2,0,,8.7,0
21998,100012,Mwadi Mabika,1611661320,LAS,Los Angeles Sparks,1029800018,1998-06-19,LAS vs. NYL,W,22,5,8,0.625,1,2,0.5,1,2,0.5,1,4,5,2,0,0,2,4,12,,19.0,0
21998,100020,Pam McGee,1611661320,LAS,Los Angeles Sparks,1029800018,1998-06-19,LAS vs. NYL,W,12,1,3,0.333,0,0,,0,0,,1,2,3,1,0,2,3,5,2,,10.1,0
21998,100169,Octavia Blue,1611661320,LAS,Los Angeles Sparks,1029800018,1998-06-19,LAS vs. NYL,W,2,0,0,,0,0,,0,0,,0,0,0,0,0,0,0,1,0,,0.0,0
21998,100176,Sandra VanEmbricqs,1611661320,LAS,Los Angeles Sparks,1029800018,1998-06-19,LAS vs. NYL,W,6,0,0,,0,0,,0,0,,0,0,0,0,0,0,0,1,0,,0.0,0
21998,100049,Raegan Scott,1611661315,CLE,Cleveland Rockers,1029800019,1998-06-20,CLE vs. DET,W,1,0,0,,0,0,,0,0,,0,0,0,0,0,0,0,1,0,,0.0,0
21998,100087,Janice Braxton,1611661315,CLE,Cleveland Rockers,1029800019,1998-06-20,CLE vs. DET,W,31,7,11,0.636,1,1,1.0,2,4,0.5,3,5,8,2,1,0,3,3,17,,29.6,0
21998,100089,Isabelle Fijalkowski,1611661315,CLE,Cleveland Rockers,1029800019,1998-06-20,CLE vs. DET,W,28,4,7,0.571,1,1,1.0,0,0,,0,5,5,5,0,1,3,6,9,,22.5,0
21998,100091,Eva Nemcova,1611661315,CLE,Cleveland Rockers,1029800019,1998-06-20,CLE vs. DET,W,34,5,10,0.5,2,3,0.667,4,4,1.0,1,3,4,2,1,0,2,2,16,,24.8,0
21998,100092,Merlakia Jones,1611661315,CLE,Cleveland Rockers,1029800019,1998-06-20,CLE vs. DET,W,25,4,8,0.5,0,0,,1,2,0.5,1,4,5,2,1,0,3,4,9,,18.0,0
21998,100097,Rushia Brown,1611661315,CLE,Cleveland Rockers,1029800019,1998-06-20,CLE vs. DET,W,20,1,4,0.25,0,0,,3,4,0.75,1,5,6,2,3,3,5,3,5,,28.2,0
21998,100100,Adrienne Johnson,1611661315,CLE,Cleveland Rockers,1029800019,1998-06-20,CLE vs. DET,W,15,0,5,0.0,0,2,0.0,2,2,1.0,0,1,1,2,0,0,1,0,2,,5.2,0
21998,100183,Cindy Blodgett,1611661315,CLE,Cleveland Rockers,1029800019,1998-06-20,CLE vs. DET,W,6,1,2,0.5,1,1,1.0,0,0,,0,0,0,0,0,0,0,1,3,,3.0,0
21998,100187,Suzie McConnell Serio,1611661315,CLE,Cleveland Rockers,1029800019,1998-06-20,CLE vs. DET,W,36,3,8,0.375,0,2,0.0,1,2,0.5,0,5,5,5,4,1,5,3,7,,30.5,0
21998,100284,Tully Bevilaqua,1611661315,CLE,Cleveland Rockers,1029800019,1998-06-20,CLE vs. DET,W,4,0,0,,0,0,,0,0,,0,0,0,0,0,0,0,0,0,,0.0,0
21998,100090,Lynette Woodard,1611661321,DET,Detroit Shock,1029800019,1998-06-20,DET @ CLE,L,16,0,1,0.0,0,0,,0,2,0.0,1,0,1,3,2,0,0,1,0,,11.7,0
21998,100108,Rhonda Blades,1611661321,DET,Detroit Shock,1029800019,1998-06-20,DET @ CLE,L,14,0,4,0.0,0,3,0.0,0,0,,1,2,3,1,2,0,2,0,0,,9.1,0
21998,100246,Gergana Branzova,1611661321,DET,Detroit Shock,1029800019,1998-06-20,DET @ CLE,L,14,0,3,0.0,0,0,,3,4,0.75,2,3,5,1,0,0,1,2,3,,9.5,0
21998,100247,Sandy Brondello,1611661321,DET,Detroit Shock,1029800019,1998-06-20,DET @ CLE,L,26,6,15,0.4,1,3,0.333,1,2,0.5,0,1,1,5,2,0,3,4,14,,25.7,0
21998,100248,Cindy Brown,1611661321,DET,Detroit Shock,1029800019,1998-06-20,DET @ CLE,L,21,3,5,0.6,0,1,0.0,0,0,,0,2,2,1,3,0,2,0,6,,16.9,0
21998,100250,Korie Hlede,1611661321,DET,Detroit Shock,1029800019,1998-06-20,DET @ CLE,L,36,6,14,0.429,1,4,0.25,6,7,0.857,2,5,7,2,1,0,2,1,19,,31.4,0
21998,100251,Aneta Kausaite,1611661321,DET,Detroit Shock,1029800019,1998-06-20,DET @ CLE,L,4,0,2,0.0,0,1,0.0,0,0,,0,1,1,0,0,0,0,1,0,,1.2,0
21998,100253,Razija Brcaninovic,1611661321,DET,Detroit Shock,1029800019,1998-06-20,DET @ CLE,L,10,0,1,0.0,0,0,,0,0,,0,3,3,0,0,0,0,4,0,,3.6,0
21998,100255,Rachael Sporn,1611661321,DET,Detroit Shock,1029800019,1998-06-20,DET @ CLE,L,22,3,9,0.333,0,0,,3,4,0.75,5,3,8,2,0,0,1,3,9,,20.6,0
21998,100257,Mfon Udoka,1611661321,DET,Detroit Shock,1029800019,1998-06-20,DET @ CLE,L,13,1,6,0.167,0,0,,2,4,0.5,1,1,2,0,0,0,1,2,4,,5.4,0
21998,100269,Carla Boyd,1611661321,DET,Detroit Shock,1029800019,1998-06-20,DET @ CLE,L,24,4,9,0.444,0,1,0.0,3,3,1.0,2,0,2,2,2,0,2,2,11,,20.4,0
21998,100053,Karen Booker,1611661316,HOU,Houston Comets,1029800020,1998-06-20,HOU @ SAC,W,2,0,1,0.0,0,0,,0,0,,0,0,0,0,1,0,0,0,0,,3.0,0
21998,100072,Sheryl Swoopes,1611661316,HOU,Houston Comets,1029800020,1998-06-20,HOU @ SAC,W,33,6,16,0.375,1,3,0.333,0,0,,2,1,3,5,0,1,2,2,13,,25.1,0
21998,100073,Cynthia Cooper,1611661316,HOU,Houston Comets,1029800020,1998-06-20,HOU @ SAC,W,30,5,10,0.5,4,7,0.571,8,8,1.0,0,3,3,6,1,0,2,4,22,,35.6,0
21998,100075,Janeth Arcain,1611661316,HOU,Houston Comets,1029800020,1998-06-20,HOU @ SAC,W,26,4,8,0.5,0,1,0.0,2,3,0.667,1,1,2,1,0,0,1,3,10,,12.9,0
21998,100076,Tina Thompson,1611661316,HOU,Houston Comets,1029800020,1998-06-20,HOU @ SAC,W,31,4,8,0.5,2,2,1.0,2,3,0.667,3,6,9,1,1,0,2,3,12,,25.3,0
21998,100083,Kim Perrot,1611661316,HOU,Houston Comets,1029800020,1998-06-20,HOU @ SAC,W,28,3,7,0.429,2,4,0.5,0,0,,1,2,3,3,1,0,6,1,8,,13.1,0
21998,100085,Yolanda Moore,1611661316,HOU,Houston Comets,1029800020,1998-06-20,HOU @ SAC,W,25,3,4,0.75,0,0,,3,3,1.0,1,3,4,0,1,0,0,2,9,,16.8,0
21998,100086,Tiffany Woosley,1611661316,HOU,Houston Comets,1029800020,1998-06-20,HOU @ SAC,W,3,0,0,,0,0,,0,0,,0,0,0,0,0,0,0,1,0,,0.0,0
21998,100207,Monica Lamb,1611661316,HOU,Houston Comets,1029800020,1998-06-20,HOU @ SAC,W,17,2,2,1.0,0,0,,1,2,0.5,2,2,4,0,0,1,1,6,5,,11.8,0
21998,100208,Nyree Roberts,1611661316,HOU,Houston Comets,1029800020,1998-06-20,HOU @ SAC,W,3,0,0,,0,0,,0,0,,0,1,1,0,0,0,1,1,0,,0.2,0
21998,100211,Amaya Valdemoro,1611661316,HOU,Houston Comets,1029800020,1998-06-20,HOU @ SAC,W,2,0,0,,0,0,,0,0,,0,0,0,0,1,0,1,0,0,,2.0,0
21998,100011,Linda Burgess,1611661318,SAC,Sacramento Monarchs,1029800020,1998-06-20,SAC vs. HOU,L,27,2,5,0.4,0,0,,0,0,,1,3,4,2,2,0,1,1,4,,16.8,0
21998,100016,Ruthie Bolton,1611661318,SAC,Sacramento Monarchs,1029800020,1998-06-20,SAC vs. HOU,L,33,6,14,0.429,3,8,0.375,2,4,0.5,1,1,2,0,1,0,1,4,17,,21.4,0
21998,100017,Bridgette Gordon,1611661318,SAC,Sacramento Monarchs,1029800020,1998-06-20,SAC vs. HOU,L,16,2,5,0.4,0,1,0.0,0,0,,2,1,3,1,0,0,1,1,4,,8.1,0
21998,100027,Latasha Byears,1611661318,SAC,Sacramento Monarchs,1029800020,1998-06-20,SAC vs. HOU,L,18,2,7,0.286,0,0,,1,2,0.5,2,4,6,0,0,0,0,4,5,,12.2,0
21998,100044,Lady Grooms,1611661318,SAC,Sacramento Monarchs,1029800020,1998-06-20,SAC vs. HOU,L,30,4,6,0.667,0,0,,6,7,0.857,0,0,0,2,1,0,2,3,14,,18.0,0
21998,100230,Quacy Barnes,1611661318,SAC,Sacramento Monarchs,1029800020,1998-06-20,SAC vs. HOU,L,2,0,0,,0,0,,0,0,,0,1,1,0,0,0,1,0,0,,0.2,0
21998,100231,Adia Barnes,1611661318,SAC,Sacramento Monarchs,1029800020,1998-06-20,SAC vs. HOU,L,13,2,6,0.333,0,1,0.0,2,5,0.4,2,0,2,0,0,0,1,4,6,,7.4,0
21998,100233,Tiffani Johnson,1611661318,SAC,Sacramento Monarchs,1029800020,1998-06-20,SAC vs. HOU,L,4,0,0,,0,0,,1,2,0.5,1,0,1,0,0,0,0,1,1,,2.2,0
21998,100234,Ticha Penicheiro,1611661318,SAC,Sacramento Monarchs,1029800020,1998-06-20,SAC vs. HOU,L,36,3,9,0.333,1,2,0.5,1,2,0.5,0,3,3,7,2,0,3,1,8,,25.1,0
21998,100235,Franthea Price,1611661318,SAC,Sacramento Monarchs,1029800020,1998-06-20,SAC vs. HOU,L,8,1,2,0.5,1,1,1.0,0,0,,0,0,0,2,0,0,2,2,3,,4.0,0
21998,100236,Tangela Smith,1611661318,SAC,Sacramento Monarchs,1029800020,1998-06-20,SAC vs. HOU,L,13,2,5,0.4,0,0,,2,2,1.0,0,1,1,1,0,2,1,4,6,,13.7,0
21998,100002,Rebecca Lobo,1611661313,NYL,New York Liberty,1029800021,1998-06-21,NYL vs. UTA,W,27,4,9,0.444,0,0,,2,2,1.0,1,5,6,0,1,3,2,5,10,,27.2,0
21998,100101,Teresa Weatherspoon,1611661313,NYL,New York Liberty,1029800021,1998-06-21,NYL vs. UTA,W,36,2,6,0.333,1,2,0.5,2,6,0.333,0,3,3,8,6,0,2,1,7,,38.6,0
21998,100102,Kym Hampton,1611661313,NYL,New York Liberty,1029800021,1998-06-21,NYL vs. UTA,W,35,8,18,0.444,0,0,,6,8,0.75,5,5,10,0,1,0,3,4,22,,34.0,0
21998,100103,Vickie Johnson,1611661313,NYL,New York Liberty,1029800021,1998-06-21,NYL vs. UTA,W,35,5,9,0.556,2,4,0.5,5,6,0.833,1,4,5,2,1,0,4,2,17,,25.0,0
21998,100104,Sue Wicks,1611661313,NYL,New York Liberty,1029800021,1998-06-21,NYL vs. UTA,W,18,1,2,0.5,0,0,,2,2,1.0,1,0,1,2,0,0,1,5,4,,7.2,0
21998,100105,Sophia Witherspoon,1611661313,NYL,New York Liberty,1029800021,1998-06-21,NYL vs. UTA,W,25,2,6,0.333,0,3,0.0,1,1,1.0,0,2,2,3,2,0,3,0,5,,14.9,0
21998,100107,Kisha Ford,1611661313,NYL,New York Liberty,1029800021,1998-06-21,NYL vs. UTA,W,20,1,5,0.2,0,0,,1,2,0.5,2,0,2,1,2,0,0,2,3,,12.9,0
21998,100217,Coquese Washington,1611661313,NYL,New York Liberty,1029800021,1998-06-21,NYL vs. UTA,W,4,0,0,,0,0,,0,0,,0,0,0,1,0,0,0,1,0,,1.5,0
21998,100022,Chantel Tremitiere,1611661319,UTA,Utah Starzz,1029800021,1998-06-21,UTA @ NYL,L,5,0,0,,0,0,,0,0,,0,0,0,1,0,0,0,0,0,,1.5,0
21998,100043,Elena Baranova,1611661319,UTA,Utah Starzz,1029800021,1998-06-21,UTA @ NYL,L,35,3,10,0.3,0,1,0.0,3,5,0.6,0,6,6,5,0,0,6,3,9,,17.7,0
21998,100045,Dena Head,1611661319,UTA,Utah Starzz,1029800021,1998-06-21,UTA @ NYL,L,30,1,4,0.25,1,1,1.0,2,4,0.5,1,5,6,1,4,0,3,1,5,,22.7,0
21998,100046,Wendy Palmer,1611661319,UTA,Utah Starzz,1029800021,1998-06-21,UTA @ NYL,L,14,4,6,0.667,0,0,,0,0,,1,1,2,0,0,0,0,3,8,,10.4,0
21998,100047,Tammi Reiss,1611661319,UTA,Utah Starzz,1029800021,1998-06-21,UTA @ NYL,L,27,3,7,0.429,1,1,1.0,2,2,1.0,0,0,0,5,1,0,1,4,9,,18.5,0
21998,100050,Kim Williams,1611661319,UTA,Utah Starzz,1029800021,1998-06-21,UTA @ NYL,L,18,2,3,0.667,0,0,,0,2,0.0,0,1,1,0,0,0,1,5,4,,4.2,0
21998,100084,Fran Harris,1611661319,UTA,Utah Starzz,1029800021,1998-06-21,UTA @ NYL,L,24,3,7,0.429,0,1,0.0,0,0,,1,2,3,2,2,0,0,2,6,,18.6,0
21998,100237,Tricia Bader Binford,1611661319,UTA,Utah Starzz,1029800021,1998-06-21,UTA @ NYL,L,5,1,2,0.5,0,0,,0,0,,0,0,0,0,1,0,0,0,2,,5.0,0
21998,100239,Margo Dydek,1611661319,UTA,Utah Starzz,1029800021,1998-06-21,UTA @ NYL,L,26,6,6,1.0,0,0,,2,4,0.5,0,3,3,2,0,2,4,5,14,,22.6,0
21998,100242,LaTonya Johnson,1611661319,UTA,Utah Starzz,1029800021,1998-06-21,UTA @ NYL,L,11,2,4,0.5,1,2,0.5,0,0,,0,1,1,1,0,0,3,0,5,,4.7,0
21998,100243,Olympia Scott,1611661319,UTA,Utah Starzz,1029800021,1998-06-21,UTA @ NYL,L,5,1,2,0.5,0,0,,0,0,,0,0,0,1,0,0,0,1,2,,3.5,0
21998,100090,Lynette Woodard,1611661321,DET,Detroit Shock,1029800022,1998-06-21,DET @ WAS,W,8,1,3,0.333,0,0,,0,0,,1,0,1,0,0,0,0,2,2,,3.2,0
21998,100108,Rhonda Blades,1611661321,DET,Detroit Shock,1029800022,1998-06-21,DET @ WAS,W,12,2,2,1.0,0,0,,0,2,0.0,1,1,2,0,1,0,3,1,4,,6.4,0
21998,100246,Gergana Branzova,1611661321,DET,Detroit Shock,1029800022,1998-06-21,DET @ WAS,W,11,0,3,0.0,0,0,,0,0,,0,2,2,1,0,0,1,0,0,,2.9,0
21998,100247,Sandy Brondello,1611661321,DET,Detroit Shock,1029800022,1998-06-21,DET @ WAS,W,30,5,9,0.556,1,1,1.0,0,2,0.0,0,5,5,4,3,0,1,2,11,,31.0,0
21998,100248,Cindy Brown,1611661321,DET,Detroit Shock,1029800022,1998-06-21,DET @ WAS,W,29,5,7,0.714,0,1,0.0,0,0,,1,5,6,2,2,0,2,6,10,,24.2,0
21998,100250,Korie Hlede,1611661321,DET,Detroit Shock,1029800022,1998-06-21,DET @ WAS,W,36,8,13,0.615,3,6,0.5,1,2,0.5,1,5,6,3,2,0,3,3,20,,34.7,0
21998,100251,Aneta Kausaite,1611661321,DET,Detroit Shock,1029800022,1998-06-21,DET @ WAS,W,4,0,2,0.0,0,0,,0,0,,0,0,0,0,0,0,0,0,0,,0.0,0
21998,100253,Razija Brcaninovic,1611661321,DET,Detroit Shock,1029800022,1998-06-21,DET @ WAS,W,16,3,7,0.429,0,0,,0,0,,1,1,2,1,0,0,0,2,6,,9.9,0
21998,100255,Rachael Sporn,1611661321,DET,Detroit Shock,1029800022,1998-06-21,DET @ WAS,W,24,2,7,0.286,0,0,,2,5,0.4,2,1,3,2,1,2,2,0,6,,19.6,0
21998,100269,Carla Boyd,1611661321,DET,Detroit Shock,1029800022,1998-06-21,DET @ WAS,W,30,4,8,0.5,1,1,1.0,2,2,1.0,1,4,5,2,0,1,1,5,11,,22.0,0
21998,100052,Deborah Carter,1611661322,WAS,Washington Mystics,1029800022,1998-06-21,WAS vs. DET,L,18,1,6,0.167,0,2,0.0,0,0,,1,3,4,1,0,0,0,2,2,,8.3,0
21998,100156,Heidi Burge,1611661322,WAS,Washington Mystics,1029800022,1998-06-21,WAS vs. DET,L,8,0,3,0.0,0,0,,1,2,0.5,0,2,2,1,0,0,1,2,1,,3.9,0
21998,100194,Keri Chaconas,1611661322,WAS,Washington Mystics,1029800022,1998-06-21,WAS vs. DET,L,4,0,1,0.0,0,1,0.0,0,0,,0,0,0,0,0,0,0,0,0,,0.0,0
21998,100198,Nikki McCray,1611661322,WAS,Washington Mystics,1029800022,1998-06-21,WAS vs. DET,L,32,3,16,0.188,0,3,0.0,6,10,0.6,0,0,0,3,0,0,5,5,12,,11.5,0
21998,100199,Murriel Page,1611661322,WAS,Washington Mystics,1029800022,1998-06-21,WAS vs. DET,L,29,2,5,0.4,0,0,,1,2,0.5,2,4,6,1,1,0,0,1,5,,16.7,0
21998,100201,Alessandra Santos de Olive,1611661322,WAS,Washington Mystics,1029800022,1998-06-21,WAS vs. DET,L,40,7,11,0.636,0,0,,2,6,0.333,5,6,11,0,2,2,2,2,16,,39.2,0
21998,100202,Adrienne Shuler,1611661322,WAS,Washington Mystics,1029800022,1998-06-21,WAS vs. DET,L,12,0,2,0.0,0,1,0.0,0,0,,0,2,2,1,1,0,0,2,0,,6.9,0
21998,100204,Rita Williams,1611661322,WAS,Washington Mystics,1029800022,1998-06-21,WAS vs. DET,L,26,1,4,0.25,1,3,0.333,0,0,,0,3,3,0,3,0,3,2,3,,12.6,0
21998,100374,Penny Moore,1611661322,WAS,Washington Mystics,1029800022,1998-06-21,WAS vs. DET,L,31,7,14,0.5,1,4,0.25,3,4,0.75,1,2,3,1,0,0,1,2,18,,22.1,0
21998,100058,Vicky Bullett,1611661314,CHA,Charlotte Sting,1029800023,1998-06-21,CHA @ PHO,W,30,8,15,0.533,0,0,,2,3,0.667,0,2,2,0,1,1,1,4,18,,25.4,0
21998,100059,Andrea Stinson,1611661314,CHA,Charlotte Sting,1029800023,1998-06-21,CHA @ PHO,W,35,5,13,0.385,1,4,0.25,0,2,0.0,1,2,3,8,0,0,5,2,11,,21.6,0
21998,100060,Rhonda Mapp,1611661314,CHA,Charlotte Sting,1029800023,1998-06-21,CHA @ PHO,W,5,0,0,,0,0,,0,0,,0,1,1,0,0,0,0,1,0,,1.2,0
21998,100062,Tora Suber,1611661314,CHA,Charlotte Sting,1029800023,1998-06-21,CHA @ PHO,W,12,2,3,0.667,2,3,0.667,0,0,,0,1,1,0,0,0,2,0,6,,5.2,0
21998,100063,Sharon Manning,1611661314,CHA,Charlotte Sting,1029800023,1998-06-21,CHA @ PHO,W,8,0,2,0.0,0,1,0.0,0,0,,1,3,4,0,0,0,0,0,0,,4.8,0
21998,100065,Andrea Congreaves,1611661314,CHA,Charlotte Sting,1029800023,1998-06-21,CHA @ PHO,W,23,5,8,0.625,2,3,0.667,0,0,,3,5,8,1,2,0,0,5,12,,29.1,0
21998,100178,Sonia Chase,1611661314,CHA,Charlotte Sting,1029800023,1998-06-21,CHA @ PHO,W,12,0,0,,0,0,,2,2,1.0,0,0,0,0,0,0,0,2,2,,2.0,0
21998,100180,Pollyanna Johns Kimbrough,1611661314,CHA,Charlotte Sting,1029800023,1998-06-21,CHA @ PHO,W,14,0,3,0.0,0,0,,0,0,,2,0,2,1,0,0,0,1,0,,3.9,0
21998,100181,Christy Smith,1611661314,CHA,Charlotte Sting,1029800023,1998-06-21,CHA @ PHO,W,26,1,5,0.2,0,2,0.0,0,0,,0,3,3,2,0,0,2,2,2,,6.6,0
21998,100182,Tracy Reid,1611661314,CHA,Charlotte Sting,1029800023,1998-06-21,CHA @ PHO,W,35,5,12,0.417,0,0,,11,16,0.688,3,5,8,0,3,0,4,4,21,,35.6,0
21998,100029,Michele Timms,1611661317,PHO,Phoenix Mercury,1029800023,1998-06-21,PHO vs. CHA,L,34,1,3,0.333,1,2,0.5,0,0,,1,2,3,2,1,0,1,2,3,,11.6,0
21998,100030,Jennifer Gillom,1611661317,PHO,Phoenix Mercury,1029800023,1998-06-21,PHO vs. CHA,L,30,6,13,0.462,0,1,0.0,3,6,0.5,1,6,7,3,1,1,5,3,15,,28.9,0
21998,100031,Bridget Pettis,1611661317,PHO,Phoenix Mercury,1029800023,1998-06-21,PHO vs. CHA,L,35,7,17,0.412,1,8,0.125,5,6,0.833,1,2,3,2,1,0,4,4,20,,25.6,0
21998,100033,Toni Foster,1611661317,PHO,Phoenix Mercury,1029800023,1998-06-21,PHO vs. CHA,L,23,5,7,0.714,0,0,,4,4,1.0,0,4,4,1,2,2,2,3,14,,30.3,0
21998,100035,Umeki Webb,1611661317,PHO,Phoenix Mercury,1029800023,1998-06-21,PHO vs. CHA,L,34,2,4,0.5,0,0,,2,2,1.0,1,3,4,3,2,1,1,4,6,,23.3,0
21998,100037,Marlies Askamp,1611661317,PHO,Phoenix Mercury,1029800023,1998-06-21,PHO vs. CHA,L,3,0,1,0.0,0,0,,0,0,,1,0,1,0,0,0,0,2,0,,1.2,0
21998,100221,Michelle Brogan,1611661317,PHO,Phoenix Mercury,1029800023,1998-06-21,PHO vs. CHA,L,24,1,5,0.2,0,0,,1,2,0.5,2,7,9,0,1,1,1,3,3,,18.8,0
21998,100222,Kristi Harrower,1611661317,PHO,Phoenix Mercury,1029800023,1998-06-21,PHO vs. CHA,L,6,0,1,0.0,0,1,0.0,0,0,,1,0,1,1,0,0,0,1,0,,2.7,0
21998,100224,Andrea Kuklova,1611661317,PHO,Phoenix Mercury,1029800023,1998-06-21,PHO vs. CHA,L,9,3,4,0.75,0,1,0.0,4,4,1.0,1,0,1,0,0,0,1,2,10,,10.2,0
21998,100225,Brandy Reed,1611661317,PHO,Phoenix Mercury,1029800023,1998-06-21,PHO vs. CHA,L,2,0,0,,0,0,,0,0,,0,1,1,0,0,0,2,1,0,,-0.8,0
21998,100072,Sheryl Swoopes,1611661316,HOU,Houston Comets,1029800024,1998-06-21,HOU @ LAS,W,27,0,10,0.0,0,2,0.0,0,0,,0,1,1,1,0,0,3,2,0,,-0.3,0
21998,100073,Cynthia Cooper,1611661316,HOU,Houston Comets,1029800024,1998-06-21,HOU @ LAS,W,37,9,21,0.429,1,6,0.167,10,11,0.909,1,2,3,5,1,0,3,1,29,,40.1,0
21998,100075,Janeth Arcain,1611661316,HOU,Houston Comets,1029800024,1998-06-21,HOU @ LAS,W,18,0,3,0.0,0,0,,2,2,1.0,0,2,2,3,1,0,0,2,2,,11.9,0
21998,100076,Tina Thompson,1611661316,HOU,Houston Comets,1029800024,1998-06-21,HOU @ LAS,W,37,7,12,0.583,4,7,0.571,3,4,0.75,4,5,9,0,1,1,0,4,21,,37.8,0
21998,100083,Kim Perrot,1611661316,HOU,Houston Comets,1029800024,1998-06-21,HOU @ LAS,W,38,5,7,0.714,0,1,0.0,3,4,0.75,0,2,2,4,2,0,2,4,13,,25.4,0
21998,100085,Yolanda Moore,1611661316,HOU,Houston Comets,1029800024,1998-06-21,HOU @ LAS,W,11,0,1,0.0,0,0,,0,0,,0,1,1,0,0,0,1,2,0,,0.2,0
21998,100207,Monica Lamb,1611661316,HOU,Houston Comets,1029800024,1998-06-21,HOU @ LAS,W,32,7,9,0.778,0,0,,0,2,0.0,4,7,11,1,2,1,1,4,14,,36.7,0
21998,100003,Lisa Leslie,1611661320,LAS,Los Angeles Sparks,1029800024,1998-06-21,LAS vs. HOU,L,33,6,10,0.6,0,0,,3,3,1.0,3,8,11,2,0,1,7,5,15,,27.2,0
21998,100004,Penny Toler,1611661320,LAS,Los Angeles Sparks,1029800024,1998-06-21,LAS vs. HOU,L,27,1,5,0.2,1,2,0.5,1,1,1.0,0,2,2,3,0,0,4,6,4,,6.9,0
21998,100006,Haixia Zheng,1611661320,LAS,Los Angeles Sparks,1029800024,1998-06-21,LAS vs. HOU,L,23,2,5,0.4,0,0,,0,0,,2,4,6,1,0,0,2,3,4,,10.7,0
21998,100008,Tamecka Dixon,1611661320,LAS,Los Angeles Sparks,1029800024,1998-06-21,LAS vs. HOU,L,31,6,16,0.375,1,2,0.5,5,6,0.833,0,1,1,3,0,1,2,3,18,,24.7,0
21998,100009,Katrina Colleton,1611661320,LAS,Los Angeles Sparks,1029800024,1998-06-21,LAS vs. HOU,L,27,1,4,0.25,0,0,,0,0,,1,1,2,1,2,0,1,4,2,,10.9,0
21998,100012,Mwadi Mabika,1611661320,LAS,Los Angeles Sparks,1029800024,1998-06-21,LAS vs. HOU,L,28,4,8,0.5,1,4,0.25,4,6,0.667,1,3,4,2,0,0,1,4,13,,19.8,0
21998,100020,Pam McGee,1611661320,LAS,Los Angeles Sparks,1029800024,1998-06-21,LAS vs. HOU,L,20,2,6,0.333,0,0,,0,2,0.0,3,4,7,0,1,1,1,2,4,,17.4,0
21998,100168,Erin Alexander,1611661320,LAS,Los Angeles Sparks,1029800024,1998-06-21,LAS vs. HOU,L,6,1,3,0.333,1,3,0.333,0,0,,2,0,2,0,0,0,2,0,3,,3.4,0
21998,100169,Octavia Blue,1611661320,LAS,Los Angeles Sparks,1029800024,1998-06-21,LAS vs. HOU,L,5,0,1,0.0,0,1,0.0,0,0,,0,0,0,0,0,0,0,0,0,,0.0,0
21998,100049,Raegan Scott,1611661315,CLE,Cleveland Rockers,1029800025,1998-06-22,CLE vs. UTA,W,17,2,9,0.222,0,1,0.0,4,4,1.0,1,1,2,1,0,0,2,3,8,,9.9,0
21998,100087,Janice Braxton,1611661315,CLE,Cleveland Rockers,1029800025,1998-06-22,CLE vs. UTA,W,20,3,7,0.429,0,0,,11,13,0.846,2,1,3,4,1,0,0,4,17,,29.6,0
21998,100089,Isabelle Fijalkowski,1611661315,CLE,Cleveland Rockers,1029800025,1998-06-22,CLE vs. UTA,W,23,5,10,0.5,0,0,,3,3,1.0,3,5,8,0,2,0,2,5,13,,26.6,0
21998,100091,Eva Nemcova,1611661315,CLE,Cleveland Rockers,1029800025,1998-06-22,CLE vs. UTA,W,21,3,6,0.5,0,2,0.0,2,2,1.0,0,1,1,1,0,0,0,3,8,,10.7,0
21998,100092,Merlakia Jones,1611661315,CLE,Cleveland Rockers,1029800025,1998-06-22,CLE vs. UTA,W,16,2,7,0.286,0,0,,1,1,1.0,0,2,2,1,2,0,2,0,5,,12.9,0
21998,100097,Rushia Brown,1611661315,CLE,Cleveland Rockers,1029800025,1998-06-22,CLE vs. UTA,W,18,2,5,0.4,0,0,,2,2,1.0,2,1,3,2,2,0,1,6,6,,17.6,0
21998,100100,Adrienne Johnson,1611661315,CLE,Cleveland Rockers,1029800025,1998-06-22,CLE vs. UTA,W,15,3,4,0.75,0,0,,2,2,1.0,1,2,3,0,0,1,0,0,8,,14.6,0
21998,100183,Cindy Blodgett,1611661315,CLE,Cleveland Rockers,1029800025,1998-06-22,CLE vs. UTA,W,29,3,8,0.375,1,3,0.333,5,8,0.625,0,5,5,6,1,0,3,0,12,,27.0,0
21998,100186,Tanja Kostic,1611661315,CLE,Cleveland Rockers,1029800025,1998-06-22,CLE vs. UTA,W,16,2,3,0.667,0,0,,1,2,0.5,1,1,2,2,0,0,1,1,5,,9.4,0
21998,100284,Tully Bevilaqua,1611661315,CLE,Cleveland Rockers,1029800025,1998-06-22,CLE vs. UTA,W,25,2,3,0.667,0,0,,2,2,1.0,1,1,2,6,5,0,2,2,6,,30.4,0
21998,100022,Chantel Tremitiere,1611661319,UTA,Utah Starzz,1029800025,1998-06-22,UTA @ CLE,L,10,0,2,0.0,0,1,0.0,0,0,,0,0,0,3,1,0,0,1,0,,7.5,0
21998,100043,Elena Baranova,1611661319,UTA,Utah Starzz,1029800025,1998-06-22,UTA @ CLE,L,25,7,11,0.636,0,3,0.0,1,2,0.5,2,4,6,3,1,0,1,6,15,,28.7,0
21998,100045,Dena Head,1611661319,UTA,Utah Starzz,1029800025,1998-06-22,UTA @ CLE,L,19,0,1,0.0,0,1,0.0,1,2,0.5,0,3,3,4,0,0,5,2,1,,5.6,0
21998,100046,Wendy Palmer,1611661319,UTA,Utah Starzz,1029800025,1998-06-22,UTA @ CLE,L,18,2,9,0.222,0,0,,0,2,0.0,2,1,3,1,1,1,3,3,4,,12.1,0
21998,100047,Tammi Reiss,1611661319,UTA,Utah Starzz,1029800025,1998-06-22,UTA @ CLE,L,35,4,10,0.4,2,4,0.5,0,0,,2,0,2,3,0,1,1,2,10,,18.9,0
21998,100050,Kim Williams,1611661319,UTA,Utah Starzz,1029800025,1998-06-22,UTA @ CLE,L,3,0,0,,0,0,,0,0,,0,0,0,0,0,0,1,0,0,,-1.0,0
21998,100084,Fran Harris,1611661319,UTA,Utah Starzz,1029800025,1998-06-22,UTA @ CLE,L,20,3,4,0.75,1,1,1.0,3,4,0.75,2,0,2,2,2,0,2,2,10,,19.4,0
21998,100237,Tricia Bader Binford,1611661319,UTA,Utah Starzz,1029800025,1998-06-22,UTA @ CLE,L,11,0,2,0.0,0,2,0.0,0,0,,0,1,1,3,0,0,1,3,0,,4.7,0
21998,100239,Margo Dydek,1611661319,UTA,Utah Starzz,1029800025,1998-06-22,UTA @ CLE,L,25,6,8,0.75,0,0,,6,9,0.667,0,5,5,1,1,3,5,4,18,,32.5,0
21998,100242,LaTonya Johnson,1611661319,UTA,Utah Starzz,1029800025,1998-06-22,UTA @ CLE,L,22,4,8,0.5,1,2,0.5,1,2,0.5,1,2,3,2,0,0,2,3,10,,14.6,0
21998,100243,Olympia Scott,1611661319,UTA,Utah Starzz,1029800025,1998-06-22,UTA @ CLE,L,12,1,2,0.5,0,1,0.0,2,4,0.5,0,1,1,1,0,0,1,5,4,,5.7,0
21998,100002,Rebecca Lobo,1611661313,NYL,New York Liberty,1029800026,1998-06-23,NYL vs. CLE,W,31,1,4,0.25,0,1,0.0,3,6,0.5,2,6,8,5,0,2,3,4,5,,25.1,0
21998,100101,Teresa Weatherspoon,1611661313,NYL,New York Liberty,1029800026,1998-06-23,NYL vs. CLE,W,37,1,2,0.5,0,1,0.0,0,0,,0,2,2,5,4,0,4,1,2,,19.9,0
21998,100102,Kym Hampton,1611661313,NYL,New York Liberty,1029800026,1998-06-23,NYL vs. CLE,W,32,2,8,0.25,0,0,,5,7,0.714,3,5,8,1,2,0,2,3,9,,24.1,0
21998,100103,Vickie Johnson,1611661313,NYL,New York Liberty,1029800026,1998-06-23,NYL vs. CLE,W,36,12,16,0.75,0,1,0.0,3,3,1.0,2,0,2,0,1,0,0,1,27,,32.4,0
21998,100104,Sue Wicks,1611661313,NYL,New York Liberty,1029800026,1998-06-23,NYL vs. CLE,W,9,0,0,,0,0,,1,2,0.5,1,0,1,0,1,1,2,4,1,,6.2,0
21998,100105,Sophia Witherspoon,1611661313,NYL,New York Liberty,1029800026,1998-06-23,NYL vs. CLE,W,27,2,7,0.286,0,2,0.0,5,6,0.833,0,1,1,2,1,0,3,2,9,,13.2,0
21998,100107,Kisha Ford,1611661313,NYL,New York Liberty,1029800026,1998-06-23,NYL vs. CLE,W,13,1,7,0.143,1,2,0.5,0,0,,0,0,0,1,0,0,1,1,3,,3.5,0
21998,100212,Albena Branzova,1611661313,NYL,New York Liberty,1029800026,1998-06-23,NYL vs. CLE,W,3,1,1,1.0,0,0,,0,0,,0,0,0,0,0,0,0,0,2,,2.0,0
21998,100213,Elisabeth Cebrian,1611661313,NYL,New York Liberty,1029800026,1998-06-23,NYL vs. CLE,W,5,0,0,,0,0,,0,0,,0,0,0,0,0,0,3,2,0,,-3.0,0
21998,100216,Alicia Thompson,1611661313,NYL,New York Liberty,1029800026,1998-06-23,NYL vs. CLE,W,4,0,1,0.0,0,0,,1,2,0.5,0,1,1,0,0,0,0,0,1,,2.2,0
21998,100217,Coquese Washington,1611661313,NYL,New York Liberty,1029800026,1998-06-23,NYL vs. CLE,W,3,0,0,,0,0,,0,0,,0,0,0,0,0,0,1,1,0,,-1.0,0
21998,100087,Janice Braxton,1611661315,CLE,Cleveland Rockers,1029800026,1998-06-23,CLE @ NYL,L,27,1,7,0.143,0,0,,1,2,0.5,0,2,2,1,1,0,0,3,3,,9.9,0
21998,100089,Isabelle Fijalkowski,1611661315,CLE,Cleveland Rockers,1029800026,1998-06-23,CLE @ NYL,L,25,4,8,0.5,1,1,1.0,2,4,0.5,3,3,6,1,0,0,6,6,11,,13.7,0
21998,100091,Eva Nemcova,1611661315,CLE,Cleveland Rockers,1029800026,1998-06-23,CLE @ NYL,L,22,5,5,1.0,1,1,1.0,0,0,,1,0,1,0,0,1,4,1,11,,11.2,0
21998,100092,Merlakia Jones,1611661315,CLE,Cleveland Rockers,1029800026,1998-06-23,CLE @ NYL,L,25,1,6,0.167,0,0,,0,0,,0,0,0,2,1,0,3,1,2,,5.0,0
21998,100097,Rushia Brown,1611661315,CLE,Cleveland Rockers,1029800026,1998-06-23,CLE @ NYL,L,28,2,3,0.667,0,0,,8,11,0.727,3,3,6,1,2,0,1,3,12,,25.7,0
21998,100100,Adrienne Johnson,1611661315,CLE,Cleveland Rockers,1029800026,1998-06-23,CLE @ NYL,L,21,3,8,0.375,0,1,0.0,2,2,1.0,4,4,8,2,0,0,3,5,8,,17.6,0
21998,100183,Cindy Blodgett,1611661315,CLE,Cleveland Rockers,1029800026,1998-06-23,CLE @ NYL,L,18,1,5,0.2,0,3,0.0,1,2,0.5,0,1,1,0,1,0,2,3,3,,5.2,0
21998,100284,Tully Bevilaqua,1611661315,CLE,Cleveland Rockers,1029800026,1998-06-23,CLE @ NYL,L,34,2,3,0.667,1,1,1.0,2,2,1.0,0,4,4,4,4,1,3,3,7,,29.8,0
21998,100011,Linda Burgess,1611661318,SAC,Sacramento Monarchs,1029800027,1998-06-23,SAC @ DET,L,29,6,10,0.6,0,1,0.0,1,1,1.0,4,2,6,0,1,2,1,1,13,,28.2,0
21998,100016,Ruthie Bolton,1611661318,SAC,Sacramento Monarchs,1029800027,1998-06-23,SAC @ DET,L,17,1,8,0.125,0,4,0.0,2,2,1.0,0,1,1,1,0,0,1,2,4,,5.7,0
21998,100017,Bridgette Gordon,1611661318,SAC,Sacramento Monarchs,1029800027,1998-06-23,SAC @ DET,L,11,1,4,0.25,0,2,0.0,0,0,,0,2,2,0,1,0,0,1,2,,7.4,0
21998,100027,Latasha Byears,1611661318,SAC,Sacramento Monarchs,1029800027,1998-06-23,SAC @ DET,L,25,5,8,0.625,0,0,,0,0,,1,4,5,0,1,1,3,6,10,,19.0,0
21998,100044,Lady Grooms,1611661318,SAC,Sacramento Monarchs,1029800027,1998-06-23,SAC @ DET,L,28,3,8,0.375,0,0,,1,2,0.5,0,1,1,1,0,0,0,1,7,,9.7,0
21998,100231,Adia Barnes,1611661318,SAC,Sacramento Monarchs,1029800027,1998-06-23,SAC @ DET,L,19,3,7,0.429,0,0,,0,0,,0,2,2,1,1,0,3,4,6,,9.9,0
21998,100233,Tiffani Johnson,1611661318,SAC,Sacramento Monarchs,1029800027,1998-06-23,SAC @ DET,L,4,0,0,,0,0,,0,0,,0,0,0,0,0,0,0,0,0,,0.0,0
21998,100234,Ticha Penicheiro,1611661318,SAC,Sacramento Monarchs,1029800027,1998-06-23,SAC @ DET,L,37,0,4,0.0,0,2,0.0,5,8,0.625,1,5,6,5,2,0,3,2,5,,22.7,0
21998,100235,Franthea Price,1611661318,SAC,Sacramento Monarchs,1029800027,1998-06-23,SAC @ DET,L,19,3,7,0.429,2,6,0.333,0,0,,1,1,2,2,4,0,0,1,8,,25.4,0
21998,100236,Tangela Smith,1611661318,SAC,Sacramento Monarchs,1029800027,1998-06-23,SAC @ DET,L,11,1,3,0.333,0,0,,0,0,,0,1,1,0,1,0,1,1,2,,5.2,0
21998,100090,Lynette Woodard,1611661321,DET,Detroit Shock,1029800027,1998-06-23,DET vs. SAC,W,16,2,4,0.5,0,0,,0,0,,1,1,2,0,1,0,2,0,4,,7.4,0
21998,100108,Rhonda Blades,1611661321,DET,Detroit Shock,1029800027,1998-06-23,DET vs. SAC,W,16,2,6,0.333,2,6,0.333,1,2,0.5,0,2,2,1,0,0,1,2,7,,9.9,0
21998,100246,Gergana Branzova,1611661321,DET,Detroit Shock,1029800027,1998-06-23,DET vs. SAC,W,2,0,1,0.0,0,1,0.0,0,0,,0,0,0,0,0,0,1,0,0,,-1.0,0
21998,100247,Sandy Brondello,1611661321,DET,Detroit Shock,1029800027,1998-06-23,DET vs. SAC,W,28,3,11,0.273,0,0,,0,0,,0,1,1,2,1,0,0,5,6,,13.2,0
21998,100248,Cindy Brown,1611661321,DET,Detroit Shock,1029800027,1998-06-23,DET vs. SAC,W,33,3,6,0.5,0,0,,4,6,0.667,5,7,12,2,0,1,5,3,10,,25.4,0
21998,100250,Korie Hlede,1611661321,DET,Detroit Shock,1029800027,1998-06-23,DET vs. SAC,W,36,6,10,0.6,1,1,1.0,5,6,0.833,3,6,9,4,0,0,3,0,18,,31.8,0
21998,100253,Razija Brcaninovic,1611661321,DET,Detroit Shock,1029800027,1998-06-23,DET vs. SAC,W,29,5,6,0.833,0,0,,0,0,,0,5,5,0,0,2,4,2,10,,18.0,0
21998,100255,Rachael Sporn,1611661321,DET,Detroit Shock,1029800027,1998-06-23,DET vs. SAC,W,16,0,3,0.0,0,0,,0,2,0.0,0,1,1,2,0,0,0,0,0,,4.2,0
21998,100269,Carla Boyd,1611661321,DET,Detroit Shock,1029800027,1998-06-23,DET vs. SAC,W,24,2,6,0.333,0,0,,2,2,1.0,1,1,2,1,0,0,1,4,6,,8.9,0
21998,100072,Sheryl Swoopes,1611661316,HOU,Houston Comets,1029800028,1998-06-24,HOU @ PHO,L,37,8,15,0.533,0,0,,5,5,1.0,2,0,2,0,2,0,3,1,21,,26.4,0
21998,100073,Cynthia Cooper,1611661316,HOU,Houston Comets,1029800028,1998-06-24,HOU @ PHO,L,39,8,16,0.5,3,4,0.75,8,9,0.889,1,4,5,3,0,0,5,5,27,,32.5,0
21998,100075,Janeth Arcain,1611661316,HOU,Houston Comets,1029800028,1998-06-24,HOU @ PHO,L,7,0,3,0.0,0,0,,0,0,,0,0,0,0,0,0,1,1,0,,-1.0,0
21998,100076,Tina Thompson,1611661316,HOU,Houston Comets,1029800028,1998-06-24,HOU @ PHO,L,37,3,7,0.429,2,3,0.667,1,2,0.5,4,9,13,0,2,0,3,4,9,,27.6,0
21998,100083,Kim Perrot,1611661316,HOU,Houston Comets,1029800028,1998-06-24,HOU @ PHO,L,38,1,5,0.2,0,2,0.0,2,2,1.0,0,5,5,1,2,0,1,1,4,,16.5,0
21998,100085,Yolanda Moore,1611661316,HOU,Houston Comets,1029800028,1998-06-24,HOU @ PHO,L,26,0,3,0.0,0,0,,3,4,0.75,1,2,3,0,2,0,1,1,3,,11.6,0
21998,100207,Monica Lamb,1611661316,HOU,Houston Comets,1029800028,1998-06-24,HOU @ PHO,L,16,1,4,0.25,0,0,,0,0,,1,0,1,0,0,1,1,2,2,,5.2,0
21998,100029,Michele Timms,1611661317,PHO,Phoenix Mercury,1029800028,1998-06-24,PHO vs. HOU,W,34,1,6,0.167,0,2,0.0,0,0,,1,4,5,8,1,1,3,4,2,,23.0,0
21998,100030,Jennifer Gillom,1611661317,PHO,Phoenix Mercury,1029800028,1998-06-24,PHO vs. HOU,W,35,7,15,0.467,0,0,,2,2,1.0,3,1,4,3,2,0,3,2,16,,28.3,0
21998,100031,Bridget Pettis,1611661317,PHO,Phoenix Mercury,1029800028,1998-06-24,PHO vs. HOU,W,30,7,10,0.7,2,4,0.5,4,4,1.0,1,1,2,1,0,0,1,5,20,,22.9,0
21998,100033,Toni Foster,1611661317,PHO,Phoenix Mercury,1029800028,1998-06-24,PHO vs. HOU,W,22,6,11,0.545,0,0,,0,1,0.0,2,3,5,3,1,2,1,0,12,,30.5,0
21998,100035,Umeki Webb,1611661317,PHO,Phoenix Mercury,1029800028,1998-06-24,PHO vs. HOU,W,20,2,4,0.5,0,0,,0,0,,1,4,5,1,0,0,1,6,4,,10.5,0
21998,100221,Michelle Brogan,1611661317,PHO,Phoenix Mercury,1029800028,1998-06-24,PHO vs. HOU,W,21,1,4,0.25,0,0,,4,5,0.8,0,7,7,1,2,0,1,2,6,,20.9,0
21998,100222,Kristi Harrower,1611661317,PHO,Phoenix Mercury,1029800028,1998-06-24,PHO vs. HOU,W,16,1,3,0.333,1,2,0.5,0,0,,0,1,1,1,0,0,2,1,3,,3.7,0
21998,100223,Pauline Jordan,1611661317,PHO,Phoenix Mercury,1029800028,1998-06-24,PHO vs. HOU,W,2,0,1,0.0,0,0,,0,0,,0,1,1,1,0,0,0,0,0,,2.7,0
21998,100224,Andrea Kuklova,1611661317,PHO,Phoenix Mercury,1029800028,1998-06-24,PHO vs. HOU,W,17,3,6,0.5,0,0,,0,0,,0,1,1,1,1,0,3,3,6,,8.7,0
21998,100225,Brandy Reed,1611661317,PHO,Phoenix Mercury,1029800028,1998-06-24,PHO vs. HOU,W,3,0,1,0.0,0,0,,0,0,,0,2,2,0,0,0,0,0,0,,2.4,0
21998,100058,Vicky Bullett,1611661314,CHA,Charlotte Sting,1029800029,1998-06-24,CHA @ LAS,W,38,11,22,0.5,0,1,0.0,0,0,,1,4,5,1,0,1,3,3,22,,29.5,0
21998,100059,Andrea Stinson,1611661314,CHA,Charlotte Sting,1029800029,1998-06-24,CHA @ LAS,W,37,6,13,0.462,0,2,0.0,7,10,0.7,1,6,7,5,2,0,4,1,19,,36.9,0
21998,100062,Tora Suber,1611661314,CHA,Charlotte Sting,1029800029,1998-06-24,CHA @ LAS,W,20,0,0,,0,0,,0,0,,0,1,1,2,2,1,1,3,0,,12.2,0
21998,100063,Sharon Manning,1611661314,CHA,Charlotte Sting,1029800029,1998-06-24,CHA @ LAS,W,22,2,6,0.333,0,0,,2,4,0.5,9,6,15,2,0,1,1,1,6,,29.0,0
21998,100065,Andrea Congreaves,1611661314,CHA,Charlotte Sting,1029800029,1998-06-24,CHA @ LAS,W,20,2,3,0.667,0,1,0.0,4,4,1.0,2,1,3,2,0,0,0,5,8,,14.6,0
21998,100070,Tia Paschal,1611661314,CHA,Charlotte Sting,1029800029,1998-06-24,CHA @ LAS,W,3,0,1,0.0,0,0,,0,0,,0,0,0,0,0,0,1,1,0,,-1.0,0
21998,100178,Sonia Chase,1611661314,CHA,Charlotte Sting,1029800029,1998-06-24,CHA @ LAS,W,8,2,3,0.667,0,0,,0,0,,0,0,0,2,0,0,0,2,4,,7.0,0
21998,100181,Christy Smith,1611661314,CHA,Charlotte Sting,1029800029,1998-06-24,CHA @ LAS,W,16,0,0,,0,0,,0,0,,0,1,1,5,1,0,5,4,0,,6.7,0
21998,100182,Tracy Reid,1611661314,CHA,Charlotte Sting,1029800029,1998-06-24,CHA @ LAS,W,36,6,12,0.5,0,0,,6,13,0.462,2,6,8,2,2,2,4,4,18,,38.6,0
21998,100003,Lisa Leslie,1611661320,LAS,Los Angeles Sparks,1029800029,1998-06-24,LAS vs. CHA,L,28,10,16,0.625,0,1,0.0,10,12,0.833,1,2,3,1,0,3,4,6,30,,40.1,0
21998,100004,Penny Toler,1611661320,LAS,Los Angeles Sparks,1029800029,1998-06-24,LAS vs. CHA,L,32,7,13,0.538,0,0,,1,2,0.5,4,1,5,2,3,0,4,4,15,,29.0,0
21998,100006,Haixia Zheng,1611661320,LAS,Los Angeles Sparks,1029800029,1998-06-24,LAS vs. CHA,L,3,0,0,,0,0,,0,0,,0,1,1,0,0,0,0,0,0,,1.2,0
21998,100007,Jamila Wideman,1611661320,LAS,Los Angeles Sparks,1029800029,1998-06-24,LAS vs. CHA,L,8,0,0,,0,0,,0,0,,0,1,1,4,1,0,0,0,0,,10.2,0
21998,100008,Tamecka Dixon,1611661320,LAS,Los Angeles Sparks,1029800029,1998-06-24,LAS vs. CHA,L,32,3,12,0.25,1,5,0.2,5,8,0.625,0,1,1,1,1,1,2,3,12,,18.7,0
21998,100009,Katrina Colleton,1611661320,LAS,Los Angeles Sparks,1029800029,1998-06-24,LAS vs. CHA,L,13,0,3,0.0,0,0,,0,0,,0,0,0,3,1,0,0,3,0,,7.5,0
21998,100012,Mwadi Mabika,1611661320,LAS,Los Angeles Sparks,1029800029,1998-06-24,LAS vs. CHA,L,25,2,12,0.167,1,5,0.2,0,0,,1,4,5,0,1,0,0,0,5,,14.0,0
21998,100020,Pam McGee,1611661320,LAS,Los Angeles Sparks,1029800029,1998-06-24,LAS vs. CHA,L,27,2,5,0.4,0,0,,2,4,0.5,1,6,7,0,1,2,1,5,6,,22.4,0
21998,100168,Erin Alexander,1611661320,LAS,Los Angeles Sparks,1029800029,1998-06-24,LAS vs. CHA,L,6,0,3,0.0,0,0,,0,0,,0,0,0,0,0,0,0,1,0,,0.0,0
21998,100169,Octavia Blue,1611661320,LAS,Los Angeles Sparks,1029800029,1998-06-24,LAS vs. CHA,L,16,2,3,0.667,0,1,0.0,1,3,0.333,3,1,4,2,0,0,3,2,5,,9.8,0
21998,100176,Sandra VanEmbricqs,1611661320,LAS,Los Angeles Sparks,1029800029,1998-06-24,LAS vs. CHA,L,10,0,0,,0,0,,0,0,,1,1,2,1,1,0,0,0,0,,6.9,0
21998,100023,Tajama Abraham,1611661321,DET,Detroit Shock,1029800030,1998-06-25,DET vs. WAS,W,1,0,0,,0,0,,0,0,,0,0,0,0,0,0,0,0,0,,0.0,0
21998,100090,Lynette Woodard,1611661321,DET,Detroit Shock,1029800030,1998-06-25,DET vs. WAS,W,7,0,2,0.0,0,0,,1,2,0.5,0,2,2,0,0,0,0,0,1,,3.4,0
21998,100108,Rhonda Blades,1611661321,DET,Detroit Shock,1029800030,1998-06-25,DET vs. WAS,W,4,0,1,0.0,0,1,0.0,0,0,,0,0,0,0,0,0,0,0,0,,0.0,0
21998,100246,Gergana Branzova,1611661321,DET,Detroit Shock,1029800030,1998-06-25,DET vs. WAS,W,10,3,3,1.0,0,0,,0,1,0.0,1,4,5,0,1,0,2,4,6,,13.0,0
21998,100247,Sandy Brondello,1611661321,DET,Detroit Shock,1029800030,1998-06-25,DET vs. WAS,W,36,9,16,0.563,0,0,,1,1,1.0,0,3,3,5,1,0,2,3,19,,31.1,0
21998,100248,Cindy Brown,1611661321,DET,Detroit Shock,1029800030,1998-06-25,DET vs. WAS,W,36,4,8,0.5,1,2,0.5,7,8,0.875,2,5,7,2,1,0,1,3,16,,29.4,0
21998,100250,Korie Hlede,1611661321,DET,Detroit Shock,1029800030,1998-06-25,DET vs. WAS,W,36,7,15,0.467,1,3,0.333,2,4,0.5,0,3,3,1,0,0,1,2,17,,21.1,0
21998,100251,Aneta Kausaite,1611661321,DET,Detroit Shock,1029800030,1998-06-25,DET vs. WAS,W,4,1,1,1.0,0,0,,1,1,1.0,0,0,0,0,1,0,0,1,3,,6.0,0
21998,100253,Razija Brcaninovic,1611661321,DET,Detroit Shock,1029800030,1998-06-25,DET vs. WAS,W,9,2,3,0.667,0,0,,0,0,,0,0,0,1,0,0,4,2,4,,1.5,0
21998,100255,Rachael Sporn,1611661321,DET,Detroit Shock,1029800030,1998-06-25,DET vs. WAS,W,24,2,3,0.667,0,0,,0,0,,2,2,4,1,0,0,2,3,4,,8.3,0
21998,100269,Carla Boyd,1611661321,DET,Detroit Shock,1029800030,1998-06-25,DET vs. WAS,W,33,4,14,0.286,0,3,0.0,1,1,1.0,1,4,5,3,2,0,2,2,9,,23.5,0
21998,100052,Deborah Carter,1611661322,WAS,Washington Mystics,1029800030,1998-06-25,WAS @ DET,L,12,0,3,0.0,0,2,0.0,0,0,,0,1,1,0,0,1,1,1,0,,3.2,0
21998,100156,Heidi Burge,1611661322,WAS,Washington Mystics,1029800030,1998-06-25,WAS @ DET,L,8,1,2,0.5,0,0,,2,2,1.0,0,2,2,0,0,0,1,2,4,,5.4,0
21998,100193,La'Shawn Brown,1611661322,WAS,Washington Mystics,1029800030,1998-06-25,WAS @ DET,L,2,0,0,,0,0,,2,2,1.0,0,0,0,0,0,0,0,0,2,,2.0,0
21998,100194,Keri Chaconas,1611661322,WAS,Washington Mystics,1029800030,1998-06-25,WAS @ DET,L,2,0,0,,0,0,,0,0,,0,0,0,1,0,0,0,0,0,,1.5,0
21998,100198,Nikki McCray,1611661322,WAS,Washington Mystics,1029800030,1998-06-25,WAS @ DET,L,36,9,21,0.429,0,4,0.0,5,5,1.0,0,2,2,3,1,0,3,3,23,,29.9,0
21998,100199,Murriel Page,1611661322,WAS,Washington Mystics,1029800030,1998-06-25,WAS @ DET,L,29,3,5,0.6,0,0,,2,2,1.0,1,9,10,3,0,0,4,3,8,,20.5,0
21998,100201,Alessandra Santos de Olive,1611661322,WAS,Washington Mystics,1029800030,1998-06-25,WAS @ DET,L,37,6,10,0.6,0,0,,7,10,0.7,3,5,8,0,0,0,5,4,19,,23.6,0
21998,100202,Adrienne Shuler,1611661322,WAS,Washington Mystics,1029800030,1998-06-25,WAS @ DET,L,13,2,3,0.667,0,0,,0,0,,1,1,2,1,1,0,3,3,4,,7.9,0
21998,100204,Rita Williams,1611661322,WAS,Washington Mystics,1029800030,1998-06-25,WAS @ DET,L,27,0,2,0.0,0,1,0.0,0,0,,0,2,2,1,2,0,0,0,0,,9.9,0
21998,100374,Penny Moore,1611661322,WAS,Washington Mystics,1029800030,1998-06-25,WAS @ DET,L,34,5,7,0.714,1,3,0.333,0,0,,0,3,3,3,2,0,2,3,11,,23.1,0
21998,100058,Vicky Bullett,1611661314,CHA,Charlotte Sting,1029800031,1998-06-25,CHA @ UTA,W,37,9,17,0.529,0,1,0.0,2,2,1.0,1,6,7,3,5,2,2,3,20,,51.9,0
21998,100059,Andrea Stinson,1611661314,CHA,Charlotte Sting,1029800031,1998-06-25,CHA @ UTA,W,35,8,12,0.667,1,2,0.5,8,8,1.0,2,5,7,5,1,0,0,3,25,,43.9,0
21998,100062,Tora Suber,1611661314,CHA,Charlotte Sting,1029800031,1998-06-25,CHA @ UTA,W,22,2,5,0.4,2,4,0.5,2,2,1.0,0,2,2,4,0,0,2,1,8,,14.4,0
21998,100063,Sharon Manning,1611661314,CHA,Charlotte Sting,1029800031,1998-06-25,CHA @ UTA,W,24,2,6,0.333,0,0,,0,0,,1,1,2,2,2,0,1,2,4,,14.4,0
21998,100065,Andrea Congreaves,1611661314,CHA,Charlotte Sting,1029800031,1998-06-25,CHA @ UTA,W,16,1,4,0.25,0,2,0.0,0,0,,1,2,3,3,1,0,0,2,2,,13.1,0
21998,100070,Tia Paschal,1611661314,CHA,Charlotte Sting,1029800031,1998-06-25,CHA @ UTA,W,3,0,1,0.0,0,1,0.0,0,0,,0,0,0,0,0,0,1,0,0,,-1.0,0
21998,100178,Sonia Chase,1611661314,CHA,Charlotte Sting,1029800031,1998-06-25,CHA @ UTA,W,4,0,0,,0,0,,0,0,,0,0,0,0,0,0,1,0,0,,-1.0,0
21998,100180,Pollyanna Johns Kimbrough,1611661314,CHA,Charlotte Sting,1029800031,1998-06-25,CHA @ UTA,W,3,0,0,,0,0,,0,0,,0,0,0,0,0,0,0,0,0,,0.0,0
21998,100181,Christy Smith,1611661314,CHA,Charlotte Sting,1029800031,1998-06-25,CHA @ UTA,W,24,5,7,0.714,4,6,0.667,0,0,,1,1,2,2,0,0,1,1,14,,18.4,0
21998,100182,Tracy Reid,1611661314,CHA,Charlotte Sting,1029800031,1998-06-25,CHA @ UTA,W,32,6,14,0.429,0,0,,6,7,0.857,2,4,6,0,0,0,1,0,18,,24.2,0
21998,100022,Chantel Tremitiere,1611661319,UTA,Utah Starzz,1029800031,1998-06-25,UTA vs. CHA,L,19,1,4,0.25,0,2,0.0,1,1,1.0,0,1,1,2,1,0,0,3,3,,10.2,0
21998,100043,Elena Baranova,1611661319,UTA,Utah Starzz,1029800031,1998-06-25,UTA vs. CHA,L,32,7,13,0.538,0,2,0.0,2,2,1.0,5,8,13,5,1,4,3,1,16,,51.1,0
21998,100045,Dena Head,1611661319,UTA,Utah Starzz,1029800031,1998-06-25,UTA vs. CHA,L,21,6,9,0.667,0,3,0.0,1,1,1.0,2,0,2,1,1,0,2,4,13,,17.9,0
21998,100046,Wendy Palmer,1611661319,UTA,Utah Starzz,1029800031,1998-06-25,UTA vs. CHA,L,12,2,6,0.333,0,0,,0,0,,1,4,5,1,1,0,0,1,4,,14.5,0
21998,100047,Tammi Reiss,1611661319,UTA,Utah Starzz,1029800031,1998-06-25,UTA vs. CHA,L,25,4,9,0.444,2,5,0.4,2,2,1.0,0,0,0,4,1,0,0,2,12,,21.0,0
21998,100050,Kim Williams,1611661319,UTA,Utah Starzz,1029800031,1998-06-25,UTA vs. CHA,L,15,4,8,0.5,0,0,,0,0,,2,0,2,1,1,0,1,2,8,,13.9,0
21998,100084,Fran Harris,1611661319,UTA,Utah Starzz,1029800031,1998-06-25,UTA vs. CHA,L,18,1,5,0.2,1,3,0.333,2,2,1.0,1,1,2,2,0,0,0,0,5,,10.4,0
21998,100239,Margo Dydek,1611661319,UTA,Utah Starzz,1029800031,1998-06-25,UTA vs. CHA,L,36,10,14,0.714,0,0,,1,1,1.0,2,7,9,3,0,5,5,2,21,,46.3,0
21998,100242,LaTonya Johnson,1611661319,UTA,Utah Starzz,1029800031,1998-06-25,UTA vs. CHA,L,22,0,4,0.0,0,1,0.0,1,2,0.5,0,0,0,2,0,0,1,1,1,,3.0,0
21998,100002,Rebecca Lobo,1611661313,NYL,New York Liberty,1029800032,1998-06-26,NYL vs. SAC,W,26,3,9,0.333,0,2,0.0,4,5,0.8,1,6,7,2,0,1,5,4,10,,19.4,0
21998,100101,Teresa Weatherspoon,1611661313,NYL,New York Liberty,1029800032,1998-06-26,NYL vs. SAC,W,27,3,8,0.375,1,2,0.5,0,0,,0,1,1,4,2,0,1,1,7,,19.2,0
21998,100102,Kym Hampton,1611661313,NYL,New York Liberty,1029800032,1998-06-26,NYL vs. SAC,W,18,5,8,0.625,0,0,,3,4,0.75,3,1,4,0,1,0,0,3,13,,20.8,0
21998,100103,Vickie Johnson,1611661313,NYL,New York Liberty,1029800032,1998-06-26,NYL vs. SAC,W,30,3,11,0.273,0,1,0.0,1,1,1.0,4,3,7,3,1,0,2,2,7,,20.9,0
21998,100104,Sue Wicks,1611661313,NYL,New York Liberty,1029800032,1998-06-26,NYL vs. SAC,W,13,0,1,0.0,0,0,,0,0,,0,0,0,2,1,0,1,1,0,,5.0,0
21998,100105,Sophia Witherspoon,1611661313,NYL,New York Liberty,1029800032,1998-06-26,NYL vs. SAC,W,26,3,9,0.333,1,4,0.25,2,3,0.667,0,1,1,3,2,0,3,2,9,,17.7,0
21998,100107,Kisha Ford,1611661313,NYL,New York Liberty,1029800032,1998-06-26,NYL vs. SAC,W,12,0,0,,0,0,,1,2,0.5,2,0,2,1,0,0,1,4,1,,3.9,0
21998,100212,Albena Branzova,1611661313,NYL,New York Liberty,1029800032,1998-06-26,NYL vs. SAC,W,15,1,3,0.333,0,1,0.0,2,2,1.0,2,2,4,0,0,0,0,1,4,,8.8,0
21998,100213,Elisabeth Cebrian,1611661313,NYL,New York Liberty,1029800032,1998-06-26,NYL vs. SAC,W,7,0,1,0.0,0,0,,0,0,,0,1,1,0,0,0,0,2,0,,1.2,0
21998,100216,Alicia Thompson,1611661313,NYL,New York Liberty,1029800032,1998-06-26,NYL vs. SAC,W,12,1,5,0.2,1,1,1.0,3,4,0.75,0,1,1,1,0,0,0,0,6,,8.7,0
21998,100217,Coquese Washington,1611661313,NYL,New York Liberty,1029800032,1998-06-26,NYL vs. SAC,W,14,1,3,0.333,1,2,0.5,2,2,1.0,0,0,0,1,2,0,2,1,5,,10.5,0
21998,100011,Linda Burgess,1611661318,SAC,Sacramento Monarchs,1029800032,1998-06-26,SAC @ NYL,L,22,2,6,0.333,0,0,,3,4,0.75,1,5,6,0,1,0,1,3,7,,16.2,0
21998,100017,Bridgette Gordon,1611661318,SAC,Sacramento Monarchs,1029800032,1998-06-26,SAC @ NYL,L,15,1,3,0.333,0,0,,0,0,,0,0,0,1,0,0,2,0,2,,1.5,0
21998,100027,Latasha Byears,1611661318,SAC,Sacramento Monarchs,1029800032,1998-06-26,SAC @ NYL,L,22,3,6,0.5,0,1,0.0,2,2,1.0,1,0,1,1,0,0,1,5,8,,9.7,0
21998,100044,Lady Grooms,1611661318,SAC,Sacramento Monarchs,1029800032,1998-06-26,SAC @ NYL,L,29,0,3,0.0,0,1,0.0,2,2,1.0,0,2,2,1,2,0,5,0,2,,6.9,0
21998,100230,Quacy Barnes,1611661318,SAC,Sacramento Monarchs,1029800032,1998-06-26,SAC @ NYL,L,10,1,2,0.5,0,0,,1,2,0.5,0,0,0,0,0,0,3,5,3,,0.0,0
21998,100231,Adia Barnes,1611661318,SAC,Sacramento Monarchs,1029800032,1998-06-26,SAC @ NYL,L,21,3,7,0.429,0,0,,1,2,0.5,1,1,2,0,0,1,3,3,7,,9.4,0
21998,100233,Tiffani Johnson,1611661318,SAC,Sacramento Monarchs,1029800032,1998-06-26,SAC @ NYL,L,6,0,3,0.0,0,0,,0,0,,1,1,2,0,1,0,0,0,0,,5.4,0
21998,100234,Ticha Penicheiro,1611661318,SAC,Sacramento Monarchs,1029800032,1998-06-26,SAC @ NYL,L,31,3,5,0.6,0,0,,4,4,1.0,0,7,7,4,2,0,5,3,10,,25.4,0
21998,100235,Franthea Price,1611661318,SAC,Sacramento Monarchs,1029800032,1998-06-26,SAC @ NYL,L,24,1,3,0.333,1,2,0.5,0,0,,0,1,1,0,1,0,0,1,3,,7.2,0
21998,100236,Tangela Smith,1611661318,SAC,Sacramento Monarchs,1029800032,1998-06-26,SAC @ NYL,L,20,2,5,0.4,0,0,,2,4,0.5,1,6,7,0,0,1,3,4,6,,14.4,0
21998,100019,Mikiko Hagiwara,1611661317,PHO,Phoenix Mercury,1029800033,1998-06-26,PHO vs. UTA,W,15,3,7,0.429,2,5,0.4,0,0,,0,2,2,2,0,0,1,0,8,,12.4,0
21998,100029,Michele Timms,1611661317,PHO,Phoenix Mercury,1029800033,1998-06-26,PHO vs. UTA,W,21,2,4,0.5,1,2,0.5,2,3,0.667,0,0,0,5,1,0,0,1,7,,17.5,0
21998,100030,Jennifer Gillom,1611661317,PHO,Phoenix Mercury,1029800033,1998-06-26,PHO vs. UTA,W,18,7,16,0.438,1,3,0.333,4,6,0.667,2,4,6,0,3,0,2,2,19,,33.2,0
21998,100031,Bridget Pettis,1611661317,PHO,Phoenix Mercury,1029800033,1998-06-26,PHO vs. UTA,W,21,4,7,0.571,0,2,0.0,0,0,,0,3,3,5,2,0,0,2,8,,25.1,0
21998,100035,Umeki Webb,1611661317,PHO,Phoenix Mercury,1029800033,1998-06-26,PHO vs. UTA,W,17,1,5,0.2,0,0,,0,0,,3,0,3,6,0,0,1,2,2,,13.6,0
21998,100037,Marlies Askamp,1611661317,PHO,Phoenix Mercury,1029800033,1998-06-26,PHO vs. UTA,W,18,1,4,0.25,0,0,,4,4,1.0,3,5,8,0,2,0,0,0,6,,21.6,0
21998,100221,Michelle Brogan,1611661317,PHO,Phoenix Mercury,1029800033,1998-06-26,PHO vs. UTA,W,27,7,8,0.875,1,1,1.0,3,5,0.6,1,2,3,0,1,0,0,2,18,,24.6,0
21998,100222,Kristi Harrower,1611661317,PHO,Phoenix Mercury,1029800033,1998-06-26,PHO vs. UTA,W,20,2,3,0.667,0,1,0.0,0,0,,0,0,0,5,1,0,0,1,4,,14.5,0
21998,100223,Pauline Jordan,1611661317,PHO,Phoenix Mercury,1029800033,1998-06-26,PHO vs. UTA,W,17,3,5,0.6,0,0,,3,4,0.75,0,2,2,2,0,0,1,1,9,,13.4,0
21998,100224,Andrea Kuklova,1611661317,PHO,Phoenix Mercury,1029800033,1998-06-26,PHO vs. UTA,W,16,1,4,0.25,0,0,,1,1,1.0,0,1,1,2,0,1,3,2,3,,7.2,0
21998,100225,Brandy Reed,1611661317,PHO,Phoenix Mercury,1029800033,1998-06-26,PHO vs. UTA,W,10,3,8,0.375,1,1,1.0,5,6,0.833,2,3,5,0,2,0,4,0,12,,20.0,0
21998,100022,Chantel Tremitiere,1611661319,UTA,Utah Starzz,1029800033,1998-06-26,UTA @ PHO,L,18,3,5,0.6,0,0,,1,2,0.5,0,3,3,3,0,0,1,5,7,,14.1,0
21998,100043,Elena Baranova,1611661319,UTA,Utah Starzz,1029800033,1998-06-26,UTA @ PHO,L,32,5,8,0.625,1,2,0.5,1,2,0.5,3,6,9,2,1,2,2,3,12,,32.8,0
21998,100045,Dena Head,1611661319,UTA,Utah Starzz,1029800033,1998-06-26,UTA @ PHO,L,13,0,1,0.0,0,1,0.0,1,2,0.5,0,3,3,2,1,0,4,1,1,,6.6,0
21998,100046,Wendy Palmer,1611661319,UTA,Utah Starzz,1029800033,1998-06-26,UTA @ PHO,L,17,2,9,0.222,0,1,0.0,0,0,,1,2,3,0,0,0,2,2,4,,5.6,0
21998,100047,Tammi Reiss,1611661319,UTA,Utah Starzz,1029800033,1998-06-26,UTA @ PHO,L,23,3,9,0.333,0,1,0.0,2,4,0.5,2,1,3,2,0,0,0,1,8,,14.6,0
21998,100050,Kim Williams,1611661319,UTA,Utah Starzz,1029800033,1998-06-26,UTA @ PHO,L,13,2,4,0.5,0,0,,0,0,,0,1,1,1,0,0,5,1,4,,1.7,0
21998,100084,Fran Harris,1611661319,UTA,Utah Starzz,1029800033,1998-06-26,UTA @ PHO,L,28,4,8,0.5,0,0,,1,2,0.5,1,2,3,2,0,0,2,2,9,,13.6,0
21998,100237,Tricia Bader Binford,1611661319,UTA,Utah Starzz,1029800033,1998-06-26,UTA @ PHO,L,14,0,3,0.0,0,1,0.0,0,0,,0,0,0,1,0,0,1,1,0,,0.5,0
21998,100239,Margo Dydek,1611661319,UTA,Utah Starzz,1029800033,1998-06-26,UTA @ PHO,L,21,2,6,0.333,0,0,,4,4,1.0,2,5,7,1,0,1,2,3,8,,18.9,0
21998,100242,LaTonya Johnson,1611661319,UTA,Utah Starzz,1029800033,1998-06-26,UTA @ PHO,L,12,2,4,0.5,0,2,0.0,0,0,,0,0,0,0,0,0,1,0,4,,3.0,0
21998,100243,Olympia Scott,1611661319,UTA,Utah Starzz,1029800033,1998-06-26,UTA @ PHO,L,9,3,4,0.75,0,0,,0,0,,0,2,2,1,1,0,0,4,6,,12.9,0
21998,100058,Vicky Bullett,1611661314,CHA,Charlotte Sting,1029800034,1998-06-27,CHA vs. SAC,W,34,6,10,0.6,0,0,,5,5,1.0,0,3,3,1,2,2,4,2,17,,30.1,0
21998,100059,Andrea Stinson,1611661314,CHA,Charlotte Sting,1029800034,1998-06-27,CHA vs. SAC,W,34,4,11,0.364,1,6,0.167,7,7,1.0,2,7,9,3,5,1,4,2,16,,45.3,0
21998,100062,Tora Suber,1611661314,CHA,Charlotte Sting,1029800034,1998-06-27,CHA vs. SAC,W,15,1,4,0.25,1,3,0.333,2,2,1.0,0,0,0,2,3,0,4,1,5,,13.0,0
21998,100063,Sharon Manning,1611661314,CHA,Charlotte Sting,1029800034,1998-06-27,CHA vs. SAC,W,22,0,3,0.0,0,0,,2,2,1.0,2,1,3,1,0,0,3,0,2,,4.1,0
21998,100065,Andrea Congreaves,1611661314,CHA,Charlotte Sting,1029800034,1998-06-27,CHA vs. SAC,W,12,1,2,0.5,0,1,0.0,0,0,,0,2,2,0,0,1,2,0,2,,5.4,0
21998,100070,Tia Paschal,1611661314,CHA,Charlotte Sting,1029800034,1998-06-27,CHA vs. SAC,W,4,1,2,0.5,0,0,,0,0,,1,1,2,0,0,0,1,0,2,,3.4,0
21998,100177,Kelly Boucher,1611661314,CHA,Charlotte Sting,1029800034,1998-06-27,CHA vs. SAC,W,13,1,4,0.25,0,1,0.0,0,0,,1,2,3,1,1,0,0,0,2,,10.1,0
21998,100178,Sonia Chase,1611661314,CHA,Charlotte Sting,1029800034,1998-06-27,CHA vs. SAC,W,8,0,3,0.0,0,0,,0,0,,0,2,2,1,0,0,0,0,0,,3.9,0
21998,100180,Pollyanna Johns Kimbrough,1611661314,CHA,Charlotte Sting,1029800034,1998-06-27,CHA vs. SAC,W,13,1,2,0.5,0,0,,2,2,1.0,0,1,1,0,0,1,1,1,4,,7.2,0
21998,100181,Christy Smith,1611661314,CHA,Charlotte Sting,1029800034,1998-06-27,CHA vs. SAC,W,22,1,6,0.167,1,5,0.2,2,2,1.0,0,0,0,5,0,0,0,2,5,,12.5,0
21998,100182,Tracy Reid,1611661314,CHA,Charlotte Sting,1029800034,1998-06-27,CHA vs. SAC,W,23,1,5,0.2,0,0,,1,2,0.5,1,0,1,0,2,0,0,1,3,,10.2,0
21998,100011,Linda Burgess,1611661318,SAC,Sacramento Monarchs,1029800034,1998-06-27,SAC @ CHA,L,30,3,8,0.375,0,0,,1,2,0.5,2,5,7,1,3,2,1,2,7,,30.9,0
21998,100017,Bridgette Gordon,1611661318,SAC,Sacramento Monarchs,1029800034,1998-06-27,SAC @ CHA,L,24,5,8,0.625,0,0,,2,4,0.5,3,1,4,0,0,0,3,1,12,,13.8,0
21998,100027,Latasha Byears,1611661318,SAC,Sacramento Monarchs,1029800034,1998-06-27,SAC @ CHA,L,28,4,13,0.308,0,2,0.0,0,0,,2,4,6,0,1,0,2,5,8,,16.2,0
21998,100044,Lady Grooms,1611661318,SAC,Sacramento Monarchs,1029800034,1998-06-27,SAC @ CHA,L,22,0,4,0.0,0,0,,0,0,,2,6,8,1,1,1,1,1,0,,16.1,0
21998,100230,Quacy Barnes,1611661318,SAC,Sacramento Monarchs,1029800034,1998-06-27,SAC @ CHA,L,3,0,0,,0,0,,0,0,,0,0,0,0,0,1,1,1,0,,2.0,0
21998,100231,Adia Barnes,1611661318,SAC,Sacramento Monarchs,1029800034,1998-06-27,SAC @ CHA,L,17,3,7,0.429,0,0,,0,0,,2,2,4,0,0,0,3,3,6,,7.8,0
21998,100234,Ticha Penicheiro,1611661318,SAC,Sacramento Monarchs,1029800034,1998-06-27,SAC @ CHA,L,39,2,8,0.25,0,1,0.0,2,3,0.667,1,3,4,8,2,0,8,6,6,,20.8,0
21998,100235,Franthea Price,1611661318,SAC,Sacramento Monarchs,1029800034,1998-06-27,SAC @ CHA,L,21,3,7,0.429,1,5,0.2,0,0,,0,3,3,1,2,0,3,2,7,,15.1,0
21998,100236,Tangela Smith,1611661318,SAC,Sacramento Monarchs,1029800034,1998-06-27,SAC @ CHA,L,16,2,5,0.4,0,0,,0,0,,2,2,4,1,1,2,3,1,4,,16.3,0
21998,100049,Raegan Scott,1611661315,CLE,Cleveland Rockers,1029800035,1998-06-27,CLE vs. DET,L,2,0,0,,0,0,,0,0,,0,2,2,0,0,0,0,0,0,,2.4,0
21998,100087,Janice Braxton,1611661315,CLE,Cleveland Rockers,1029800035,1998-06-27,CLE vs. DET,L,27,1,9,0.111,0,2,0.0,3,6,0.5,3,10,13,4,0,1,5,3,5,,24.6,0
21998,100089,Isabelle Fijalkowski,1611661315,CLE,Cleveland Rockers,1029800035,1998-06-27,CLE vs. DET,L,33,10,16,0.625,0,1,0.0,5,5,1.0,1,3,4,2,0,1,5,5,25,,30.8,0
21998,100091,Eva Nemcova,1611661315,CLE,Cleveland Rockers,1029800035,1998-06-27,CLE vs. DET,L,24,5,6,0.833,2,2,1.0,2,2,1.0,1,2,3,5,1,0,1,4,14,,27.1,0
21998,100092,Merlakia Jones,1611661315,CLE,Cleveland Rockers,1029800035,1998-06-27,CLE vs. DET,L,29,4,8,0.5,0,0,,3,3,1.0,2,1,3,3,1,0,1,4,11,,21.1,0
21998,100097,Rushia Brown,1611661315,CLE,Cleveland Rockers,1029800035,1998-06-27,CLE vs. DET,L,18,2,3,0.667,0,0,,1,3,0.333,0,2,2,0,0,0,3,2,5,,4.4,0
21998,100100,Adrienne Johnson,1611661315,CLE,Cleveland Rockers,1029800035,1998-06-27,CLE vs. DET,L,16,2,5,0.4,1,1,1.0,1,2,0.5,0,1,1,1,0,0,1,2,6,,7.7,0
21998,100183,Cindy Blodgett,1611661315,CLE,Cleveland Rockers,1029800035,1998-06-27,CLE vs. DET,L,11,0,4,0.0,0,4,0.0,0,0,,0,0,0,0,0,0,0,1,0,,0.0,0
21998,100187,Suzie McConnell Serio,1611661315,CLE,Cleveland Rockers,1029800035,1998-06-27,CLE vs. DET,L,25,2,7,0.286,1,3,0.333,0,0,,1,1,2,2,1,1,1,3,5,,15.4,0
21998,100284,Tully Bevilaqua,1611661315,CLE,Cleveland Rockers,1029800035,1998-06-27,CLE vs. DET,L,15,1,1,1.0,0,0,,0,2,0.0,0,0,0,4,1,0,1,2,2,,10.0,0
21998,100023,Tajama Abraham,1611661321,DET,Detroit Shock,1029800035,1998-06-27,DET @ CLE,W,1,0,0,,0,0,,2,2,1.0,0,0,0,0,0,0,0,0,2,,2.0,0
21998,100090,Lynette Woodard,1611661321,DET,Detroit Shock,1029800035,1998-06-27,DET @ CLE,W,10,3,7,0.429,0,0,,0,1,0.0,2,2,4,0,1,0,1,0,6,,12.8,0
21998,100108,Rhonda Blades,1611661321,DET,Detroit Shock,1029800035,1998-06-27,DET @ CLE,W,8,0,0,,0,0,,1,2,0.5,0,0,0,3,1,0,2,1,1,,6.5,0
21998,100246,Gergana Branzova,1611661321,DET,Detroit Shock,1029800035,1998-06-27,DET @ CLE,W,6,0,2,0.0,0,0,,0,0,,0,0,0,0,1,0,1,1,0,,2.0,0
21998,100247,Sandy Brondello,1611661321,DET,Detroit Shock,1029800035,1998-06-27,DET @ CLE,W,33,10,17,0.588,0,0,,3,3,1.0,1,2,3,4,0,0,2,4,23,,30.6,0
21998,100248,Cindy Brown,1611661321,DET,Detroit Shock,1029800035,1998-06-27,DET @ CLE,W,33,4,8,0.5,0,2,0.0,0,0,,3,7,10,3,0,0,0,4,8,,24.5,0
21998,100250,Korie Hlede,1611661321,DET,Detroit Shock,1029800035,1998-06-27,DET @ CLE,W,38,8,17,0.471,2,2,1.0,5,6,0.833,5,2,7,4,1,0,5,1,23,,35.4,0
21998,100253,Razija Brcaninovic,1611661321,DET,Detroit Shock,1029800035,1998-06-27,DET @ CLE,W,17,3,5,0.6,0,0,,2,3,0.667,1,1,2,0,0,0,2,4,8,,8.4,0
21998,100255,Rachael Sporn,1611661321,DET,Detroit Shock,1029800035,1998-06-27,DET @ CLE,W,24,3,4,0.75,0,0,,0,0,,3,5,8,2,2,0,1,4,6,,23.6,0
21998,100269,Carla Boyd,1611661321,DET,Detroit Shock,1029800035,1998-06-27,DET @ CLE,W,30,2,7,0.286,1,1,1.0,2,5,0.4,1,4,5,3,2,0,1,4,7,,22.5,0
21998,100072,Sheryl Swoopes,1611661316,HOU,Houston Comets,1029800036,1998-06-27,HOU vs. LAS,W,35,5,16,0.313,1,1,1.0,1,2,0.5,1,3,4,2,2,0,4,2,12,,21.8,0
21998,100073,Cynthia Cooper,1611661316,HOU,Houston Comets,1029800036,1998-06-27,HOU vs. LAS,W,39,6,11,0.545,5,7,0.714,11,13,0.846,1,5,6,2,0,0,4,0,28,,34.2,0
21998,100075,Janeth Arcain,1611661316,HOU,Houston Comets,1029800036,1998-06-27,HOU vs. LAS,W,20,2,4,0.5,0,0,,0,0,,1,0,1,0,0,0,0,3,4,,5.2,0
21998,100076,Tina Thompson,1611661316,HOU,Houston Comets,1029800036,1998-06-27,HOU vs. LAS,W,34,4,7,0.571,1,3,0.333,4,4,1.0,2,3,5,0,1,0,3,4,13,,19.0,0
21998,100083,Kim Perrot,1611661316,HOU,Houston Comets,1029800036,1998-06-27,HOU vs. LAS,W,29,4,10,0.4,1,5,0.2,4,7,0.571,2,1,3,6,5,0,2,4,13,,38.6,0
21998,100085,Yolanda Moore,1611661316,HOU,Houston Comets,1029800036,1998-06-27,HOU vs. LAS,W,14,1,2,0.5,0,0,,0,0,,0,3,3,0,0,0,0,1,2,,5.6,0
21998,100086,Tiffany Woosley,1611661316,HOU,Houston Comets,1029800036,1998-06-27,HOU vs. LAS,W,6,0,1,0.0,0,1,0.0,0,0,,0,0,0,1,0,0,1,0,0,,0.5,0
21998,100207,Monica Lamb,1611661316,HOU,Houston Comets,1029800036,1998-06-27,HOU vs. LAS,W,23,1,5,0.2,0,0,,1,2,0.5,1,3,4,0,0,2,1,4,3,,12.8,0
21998,100003,Lisa Leslie,1611661320,LAS,Los Angeles Sparks,1029800036,1998-06-27,LAS @ HOU,L,34,6,17,0.353,0,1,0.0,2,3,0.667,6,5,11,1,1,6,4,5,14,,45.7,0
21998,100004,Penny Toler,1611661320,LAS,Los Angeles Sparks,1029800036,1998-06-27,LAS @ HOU,L,33,3,9,0.333,2,3,0.667,2,2,1.0,1,0,1,3,0,0,3,4,10,,12.7,0
21998,100007,Jamila Wideman,1611661320,LAS,Los Angeles Sparks,1029800036,1998-06-27,LAS @ HOU,L,2,0,0,,0,0,,0,0,,0,0,0,0,0,0,0,0,0,,0.0,0
21998,100008,Tamecka Dixon,1611661320,LAS,Los Angeles Sparks,1029800036,1998-06-27,LAS @ HOU,L,34,4,14,0.286,0,2,0.0,9,9,1.0,3,1,4,2,1,0,2,5,17,,25.8,0
21998,100009,Katrina Colleton,1611661320,LAS,Los Angeles Sparks,1029800036,1998-06-27,LAS @ HOU,L,16,0,1,0.0,0,0,,0,0,,1,1,2,2,1,0,1,1,0,,7.4,0
21998,100012,Mwadi Mabika,1611661320,LAS,Los Angeles Sparks,1029800036,1998-06-27,LAS @ HOU,L,21,3,7,0.429,0,1,0.0,0,1,0.0,3,3,6,0,1,1,4,3,6,,15.2,0
21998,100020,Pam McGee,1611661320,LAS,Los Angeles Sparks,1029800036,1998-06-27,LAS @ HOU,L,4,0,2,0.0,0,0,,0,0,,0,2,2,0,0,0,0,1,0,,2.4,0
21998,100168,Erin Alexander,1611661320,LAS,Los Angeles Sparks,1029800036,1998-06-27,LAS @ HOU,L,15,3,5,0.6,2,3,0.667,2,2,1.0,0,1,1,0,0,0,1,3,10,,10.2,0
21998,100169,Octavia Blue,1611661320,LAS,Los Angeles Sparks,1029800036,1998-06-27,LAS @ HOU,L,19,1,2,0.5,0,1,0.0,1,2,0.5,1,2,3,0,0,0,2,5,3,,4.6,0
21998,100176,Sandra VanEmbricqs,1611661320,LAS,Los Angeles Sparks,1029800036,1998-06-27,LAS @ HOU,L,22,2,3,0.667,0,0,,0,0,,3,3,6,0,2,0,3,0,4,,14.2,0
21998,100019,Mikiko Hagiwara,1611661317,PHO,Phoenix Mercury,1029800037,1998-06-28,PHO @ WAS,W,6,1,2,0.5,1,1,1.0,0,0,,0,0,0,0,0,0,1,0,3,,2.0,0
21998,100029,Michele Timms,1611661317,PHO,Phoenix Mercury,1029800037,1998-06-28,PHO @ WAS,W,20,3,7,0.429,2,3,0.667,2,2,1.0,1,1,2,2,1,0,3,1,10,,15.4,0
21998,100030,Jennifer Gillom,1611661317,PHO,Phoenix Mercury,1029800037,1998-06-28,PHO @ WAS,W,26,4,14,0.286,0,2,0.0,0,2,0.0,1,7,8,1,1,0,3,3,8,,19.1,0
21998,100031,Bridget Pettis,1611661317,PHO,Phoenix Mercury,1029800037,1998-06-28,PHO @ WAS,W,29,8,11,0.727,2,2,1.0,5,5,1.0,2,1,3,0,3,0,0,2,23,,35.6,0
21998,100035,Umeki Webb,1611661317,PHO,Phoenix Mercury,1029800037,1998-06-28,PHO @ WAS,W,26,2,6,0.333,0,0,,3,3,1.0,1,3,4,3,0,1,1,4,7,,18.3,0
21998,100037,Marlies Askamp,1611661317,PHO,Phoenix Mercury,1029800037,1998-06-28,PHO @ WAS,W,14,5,7,0.714,0,0,,2,2,1.0,2,2,4,0,1,0,0,3,12,,19.8,0
21998,100221,Michelle Brogan,1611661317,PHO,Phoenix Mercury,1029800037,1998-06-28,PHO @ WAS,W,26,2,3,0.667,0,0,,4,4,1.0,0,3,3,2,3,0,3,1,8,,20.6,0
21998,100222,Kristi Harrower,1611661317,PHO,Phoenix Mercury,1029800037,1998-06-28,PHO @ WAS,W,20,0,3,0.0,0,2,0.0,0,0,,0,0,0,7,1,0,4,1,0,,9.5,0
21998,100223,Pauline Jordan,1611661317,PHO,Phoenix Mercury,1029800037,1998-06-28,PHO @ WAS,W,4,0,0,,0,0,,0,0,,0,0,0,1,0,0,0,1,0,,1.5,0
21998,100224,Andrea Kuklova,1611661317,PHO,Phoenix Mercury,1029800037,1998-06-28,PHO @ WAS,W,19,2,5,0.4,0,0,,0,0,,3,1,4,1,2,0,1,1,4,,15.3,0
21998,100227,Maria Stepanova,1611661317,PHO,Phoenix Mercury,1029800037,1998-06-28,PHO @ WAS,W,10,5,10,0.5,0,0,,1,2,0.5,4,2,6,1,0,2,0,1,11,,25.7,0
21998,100052,Deborah Carter,1611661322,WAS,Washington Mystics,1029800037,1998-06-28,WAS vs. PHO,L,10,0,3,0.0,0,1,0.0,0,0,,1,1,2,1,0,0,2,2,0,,1.9,0
21998,100156,Heidi Burge,1611661322,WAS,Washington Mystics,1029800037,1998-06-28,WAS vs. PHO,L,6,1,4,0.25,0,0,,0,0,,0,0,0,0,0,1,1,0,2,,4.0,0
21998,100193,La'Shawn Brown,1611661322,WAS,Washington Mystics,1029800037,1998-06-28,WAS vs. PHO,L,10,0,0,,0,0,,1,2,0.5,1,1,2,1,0,1,0,1,1,,7.9,0
21998,100194,Keri Chaconas,1611661322,WAS,Washington Mystics,1029800037,1998-06-28,WAS vs. PHO,L,7,0,1,0.0,0,1,0.0,0,0,,0,0,0,1,0,0,0,0,0,,1.5,0
21998,100198,Nikki McCray,1611661322,WAS,Washington Mystics,1029800037,1998-06-28,WAS vs. PHO,L,35,5,8,0.625,0,0,,5,6,0.833,1,2,3,5,2,0,3,2,15,,29.1,0
21998,100199,Murriel Page,1611661322,WAS,Washington Mystics,1029800037,1998-06-28,WAS vs. PHO,L,35,8,13,0.615,0,0,,2,3,0.667,7,2,9,0,0,0,3,3,18,,25.8,0
21998,100201,Alessandra Santos de Olive,1611661322,WAS,Washington Mystics,1029800037,1998-06-28,WAS vs. PHO,L,26,4,7,0.571,0,0,,1,5,0.2,2,3,5,0,0,0,2,2,9,,13.0,0
21998,100202,Adrienne Shuler,1611661322,WAS,Washington Mystics,1029800037,1998-06-28,WAS vs. PHO,L,19,2,4,0.5,0,1,0.0,1,2,0.5,1,2,3,3,1,0,1,4,5,,15.1,0
21998,100204,Rita Williams,1611661322,WAS,Washington Mystics,1029800037,1998-06-28,WAS vs. PHO,L,17,2,5,0.4,0,0,,0,0,,0,1,1,1,1,0,3,0,4,,6.7,0
21998,100283,Leila de Souza Sobral,1611661322,WAS,Washington Mystics,1029800037,1998-06-28,WAS vs. PHO,L,3,0,2,0.0,0,0,,0,0,,0,1,1,0,0,0,0,0,0,,1.2,0
21998,100374,Penny Moore,1611661322,WAS,Washington Mystics,1029800037,1998-06-28,WAS vs. PHO,L,32,6,15,0.4,1,5,0.2,2,2,1.0,1,3,4,1,3,2,6,2,15,,30.3,0
21998,100002,Rebecca Lobo,1611661313,NYL,New York Liberty,1029800038,1998-06-29,NYL vs. PHO,W,23,1,8,0.125,0,0,,4,4,1.0,2,4,6,3,0,0,0,3,6,,17.7,0
21998,100101,Teresa Weatherspoon,1611661313,NYL,New York Liberty,1029800038,1998-06-29,NYL vs. PHO,W,39,3,6,0.5,0,1,0.0,1,1,1.0,4,6,10,8,2,0,4,3,7,,33.0,0
21998,100102,Kym Hampton,1611661313,NYL,New York Liberty,1029800038,1998-06-29,NYL vs. PHO,W,28,2,7,0.286,0,0,,0,0,,2,7,9,0,0,0,1,4,4,,13.8,0
21998,100103,Vickie Johnson,1611661313,NYL,New York Liberty,1029800038,1998-06-29,NYL vs. PHO,W,37,9,15,0.6,0,0,,5,7,0.714,3,0,3,2,0,0,3,2,23,,26.6,0
21998,100104,Sue Wicks,1611661313,NYL,New York Liberty,1029800038,1998-06-29,NYL vs. PHO,W,25,2,5,0.4,0,0,,0,0,,2,2,4,3,1,0,2,4,4,,14.3,0
21998,100105,Sophia Witherspoon,1611661313,NYL,New York Liberty,1029800038,1998-06-29,NYL vs. PHO,W,38,9,18,0.5,3,3,1.0,2,2,1.0,1,2,3,1,1,0,5,2,23,,26.1,0
21998,100107,Kisha Ford,1611661313,NYL,New York Liberty,1029800038,1998-06-29,NYL vs. PHO,W,5,0,2,0.0,0,0,,2,2,1.0,0,0,0,0,0,0,0,1,2,,2.0,0
21998,100213,Elisabeth Cebrian,1611661313,NYL,New York Liberty,1029800038,1998-06-29,NYL vs. PHO,W,4,1,1,1.0,0,0,,0,1,0.0,0,0,0,1,0,0,0,2,2,,3.5,0
21998,100217,Coquese Washington,1611661313,NYL,New York Liberty,1029800038,1998-06-29,NYL vs. PHO,W,1,0,0,,0,0,,0,0,,0,0,0,0,0,0,0,0,0,,0.0,0
21998,100019,Mikiko Hagiwara,1611661317,PHO,Phoenix Mercury,1029800038,1998-06-29,PHO @ NYL,L,7,1,3,0.333,0,2,0.0,0,0,,0,0,0,0,0,0,0,0,2,,2.0,0
21998,100029,Michele Timms,1611661317,PHO,Phoenix Mercury,1029800038,1998-06-29,PHO @ NYL,L,35,4,8,0.5,1,3,0.333,0,0,,0,1,1,5,2,0,0,2,9,,23.7,0
21998,100030,Jennifer Gillom,1611661317,PHO,Phoenix Mercury,1029800038,1998-06-29,PHO @ NYL,L,34,4,10,0.4,0,1,0.0,2,2,1.0,0,4,4,2,2,1,4,2,10,,22.8,0
21998,100031,Bridget Pettis,1611661317,PHO,Phoenix Mercury,1029800038,1998-06-29,PHO @ NYL,L,24,4,12,0.333,2,4,0.5,0,2,0.0,1,3,4,0,0,1,3,4,10,,14.8,0
21998,100035,Umeki Webb,1611661317,PHO,Phoenix Mercury,1029800038,1998-06-29,PHO @ NYL,L,26,1,2,0.5,0,0,,6,6,1.0,2,1,3,2,2,0,1,5,8,,19.6,0
21998,100037,Marlies Askamp,1611661317,PHO,Phoenix Mercury,1029800038,1998-06-29,PHO @ NYL,L,12,2,5,0.4,0,0,,0,0,,0,3,3,0,0,0,4,1,4,,3.6,0
21998,100221,Michelle Brogan,1611661317,PHO,Phoenix Mercury,1029800038,1998-06-29,PHO @ NYL,L,29,4,6,0.667,0,0,,7,7,1.0,2,3,5,2,2,0,2,1,15,,28.0,0
21998,100222,Kristi Harrower,1611661317,PHO,Phoenix Mercury,1029800038,1998-06-29,PHO @ NYL,L,7,0,1,0.0,0,1,0.0,0,0,,0,1,1,1,0,0,0,0,0,,2.7,0
21998,100224,Andrea Kuklova,1611661317,PHO,Phoenix Mercury,1029800038,1998-06-29,PHO @ NYL,L,21,2,4,0.5,0,0,,2,2,1.0,1,0,1,0,0,0,0,3,6,,7.2,0
21998,100227,Maria Stepanova,1611661317,PHO,Phoenix Mercury,1029800038,1998-06-29,PHO @ NYL,L,5,1,2,0.5,0,0,,2,4,0.5,1,1,2,1,0,1,0,1,4,,10.9,0
21998,100058,Vicky Bullett,1611661314,CHA,Charlotte Sting,1029800039,1998-06-29,CHA @ DET,L,34,3,11,0.273,0,4,0.0,1,1,1.0,2,7,9,1,2,0,3,3,7,,22.3,0
21998,100059,Andrea Stinson,1611661314,CHA,Charlotte Sting,1029800039,1998-06-29,CHA @ DET,L,36,4,16,0.25,0,3,0.0,0,0,,1,4,5,2,2,0,2,4,8,,21.0,0
21998,100062,Tora Suber,1611661314,CHA,Charlotte Sting,1029800039,1998-06-29,CHA @ DET,L,12,0,6,0.0,0,2,0.0,0,0,,1,0,1,1,0,0,0,1,0,,2.7,0
21998,100063,Sharon Manning,1611661314,CHA,Charlotte Sting,1029800039,1998-06-29,CHA @ DET,L,6,1,3,0.333,0,0,,4,5,0.8,1,0,1,1,1,1,1,1,6,,13.7,0
21998,100065,Andrea Congreaves,1611661314,CHA,Charlotte Sting,1029800039,1998-06-29,CHA @ DET,L,27,2,7,0.286,0,4,0.0,6,6,1.0,2,4,6,2,0,0,1,1,10,,19.2,0
21998,100070,Tia Paschal,1611661314,CHA,Charlotte Sting,1029800039,1998-06-29,CHA @ DET,L,5,0,0,,0,0,,0,0,,0,0,0,0,0,0,0,0,0,,0.0,0
21998,100177,Kelly Boucher,1611661314,CHA,Charlotte Sting,1029800039,1998-06-29,CHA @ DET,L,4,0,1,0.0,0,1,0.0,0,0,,0,0,0,0,0,0,0,0,0,,0.0,0
21998,100178,Sonia Chase,1611661314,CHA,Charlotte Sting,1029800039,1998-06-29,CHA @ DET,L,1,0,0,,0,0,,0,0,,0,0,0,0,0,0,0,0,0,,0.0,0
21998,100180,Pollyanna Johns Kimbrough,1611661314,CHA,Charlotte Sting,1029800039,1998-06-29,CHA @ DET,L,13,1,4,0.25,0,0,,2,2,1.0,2,2,4,0,0,0,0,1,4,,8.8,0
21998,100181,Christy Smith,1611661314,CHA,Charlotte Sting,1029800039,1998-06-29,CHA @ DET,L,28,2,5,0.4,2,5,0.4,0,0,,0,2,2,1,3,0,1,2,6,,17.9,0
21998,100182,Tracy Reid,1611661314,CHA,Charlotte Sting,1029800039,1998-06-29,CHA @ DET,L,34,3,12,0.25,0,1,0.0,2,2,1.0,3,3,6,1,1,0,2,1,8,,17.7,0
21998,100090,Lynette Woodard,1611661321,DET,Detroit Shock,1029800039,1998-06-29,DET vs. CHA,W,17,1,4,0.25,0,0,,0,1,0.0,0,1,1,0,0,0,1,2,2,,2.2,0
21998,100108,Rhonda Blades,1611661321,DET,Detroit Shock,1029800039,1998-06-29,DET vs. CHA,W,17,1,5,0.2,0,4,0.0,0,0,,1,2,3,2,2,0,1,0,2,,13.6,0
21998,100246,Gergana Branzova,1611661321,DET,Detroit Shock,1029800039,1998-06-29,DET vs. CHA,W,2,0,2,0.0,0,0,,0,0,,1,0,1,0,0,0,0,2,0,,1.2,0
21998,100247,Sandy Brondello,1611661321,DET,Detroit Shock,1029800039,1998-06-29,DET vs. CHA,W,35,7,15,0.467,0,0,,5,5,1.0,0,4,4,0,2,0,3,1,19,,26.8,0
21998,100248,Cindy Brown,1611661321,DET,Detroit Shock,1029800039,1998-06-29,DET vs. CHA,W,37,6,9,0.667,0,0,,7,7,1.0,4,12,16,1,1,2,0,4,19,,48.7,0
21998,100250,Korie Hlede,1611661321,DET,Detroit Shock,1029800039,1998-06-29,DET vs. CHA,W,29,1,12,0.083,0,2,0.0,2,2,1.0,1,1,2,2,1,0,6,4,4,,6.4,0
21998,100253,Razija Brcaninovic,1611661321,DET,Detroit Shock,1029800039,1998-06-29,DET vs. CHA,W,26,6,8,0.75,0,0,,0,0,,4,7,11,1,1,0,2,4,12,,27.7,0
21998,100255,Rachael Sporn,1611661321,DET,Detroit Shock,1029800039,1998-06-29,DET vs. CHA,W,14,1,3,0.333,0,0,,0,0,,1,2,3,1,0,0,1,2,2,,6.1,0
21998,100269,Carla Boyd,1611661321,DET,Detroit Shock,1029800039,1998-06-29,DET vs. CHA,W,23,0,4,0.0,0,2,0.0,0,2,0.0,0,1,1,1,1,1,2,1,0,,6.7,0
21998,100072,Sheryl Swoopes,1611661316,HOU,Houston Comets,1029800040,1998-06-29,HOU vs. WAS,W,28,3,10,0.3,1,1,1.0,4,4,1.0,2,1,3,2,4,0,2,3,11,,27.6,0
21998,100073,Cynthia Cooper,1611661316,HOU,Houston Comets,1029800040,1998-06-29,HOU vs. WAS,W,27,6,10,0.6,1,3,0.333,3,4,0.75,2,2,4,1,2,0,3,0,16,,25.3,0
21998,100075,Janeth Arcain,1611661316,HOU,Houston Comets,1029800040,1998-06-29,HOU vs. WAS,W,21,1,8,0.125,0,3,0.0,4,5,0.8,0,4,4,2,1,0,2,0,6,,14.8,0
21998,100076,Tina Thompson,1611661316,HOU,Houston Comets,1029800040,1998-06-29,HOU vs. WAS,W,21,2,10,0.2,0,2,0.0,3,4,0.75,1,5,6,1,1,0,1,5,7,,17.7,0
21998,100077,Tammy Jackson,1611661316,HOU,Houston Comets,1029800040,1998-06-29,HOU vs. WAS,W,5,1,2,0.5,0,0,,0,0,,0,2,2,0,0,0,0,3,2,,4.4,0
21998,100083,Kim Perrot,1611661316,HOU,Houston Comets,1029800040,1998-06-29,HOU vs. WAS,W,27,4,7,0.571,1,2,0.5,2,3,0.667,1,0,1,3,7,0,5,2,11,,32.7,0
21998,100085,Yolanda Moore,1611661316,HOU,Houston Comets,1029800040,1998-06-29,HOU vs. WAS,W,27,1,2,0.5,0,0,,0,0,,0,1,1,0,0,0,1,4,2,,2.2,0
21998,100086,Tiffany Woosley,1611661316,HOU,Houston Comets,1029800040,1998-06-29,HOU vs. WAS,W,8,0,2,0.0,0,2,0.0,3,4,0.75,0,0,0,0,2,0,1,0,3,,8.0,0
21998,100207,Monica Lamb,1611661316,HOU,Houston Comets,1029800040,1998-06-29,HOU vs. WAS,W,24,4,4,1.0,0,0,,0,1,0.0,1,5,6,0,4,0,2,5,8,,25.2,0
21998,100208,Nyree Roberts,1611661316,HOU,Houston Comets,1029800040,1998-06-29,HOU vs. WAS,W,6,2,2,1.0,0,0,,0,0,,0,2,2,0,0,0,0,1,4,,6.4,0
21998,100211,Amaya Valdemoro,1611661316,HOU,Houston Comets,1029800040,1998-06-29,HOU vs. WAS,W,6,1,2,0.5,0,1,0.0,1,2,0.5,0,1,1,2,0,0,0,1,3,,7.2,0
21998,100052,Deborah Carter,1611661322,WAS,Washington Mystics,1029800040,1998-06-29,WAS @ HOU,L,12,1,2,0.5,0,0,,2,4,0.5,0,2,2,0,0,0,1,4,4,,5.4,0
21998,100156,Heidi Burge,1611661322,WAS,Washington Mystics,1029800040,1998-06-29,WAS @ HOU,L,13,0,2,0.0,0,0,,1,2,0.5,1,2,3,1,0,0,1,4,1,,5.1,0
21998,100193,La'Shawn Brown,1611661322,WAS,Washington Mystics,1029800040,1998-06-29,WAS @ HOU,L,4,0,0,,0,0,,0,0,,0,1,1,0,0,0,1,2,0,,0.2,0
21998,100194,Keri Chaconas,1611661322,WAS,Washington Mystics,1029800040,1998-06-29,WAS @ HOU,L,6,1,3,0.333,0,2,0.0,1,2,0.5,0,0,0,0,0,0,0,0,3,,3.0,0
21998,100198,Nikki McCray,1611661322,WAS,Washington Mystics,1029800040,1998-06-29,WAS @ HOU,L,30,3,8,0.375,0,0,,4,6,0.667,2,1,3,1,5,0,4,2,10,,26.1,0
21998,100199,Murriel Page,1611661322,WAS,Washington Mystics,1029800040,1998-06-29,WAS @ HOU,L,25,0,5,0.0,0,1,0.0,0,0,,2,5,7,2,1,0,4,4,0,,10.4,0
21998,100201,Alessandra Santos de Olive,1611661322,WAS,Washington Mystics,1029800040,1998-06-29,WAS @ HOU,L,36,5,10,0.5,0,0,,6,13,0.462,3,3,6,0,0,0,7,1,16,,16.2,0
21998,100202,Adrienne Shuler,1611661322,WAS,Washington Mystics,1029800040,1998-06-29,WAS @ HOU,L,28,3,10,0.3,2,5,0.4,0,0,,0,5,5,4,2,1,8,5,8,,21.0,0
21998,100204,Rita Williams,1611661322,WAS,Washington Mystics,1029800040,1998-06-29,WAS @ HOU,L,12,0,0,,0,0,,0,0,,0,0,0,0,1,1,5,1,0,,1.0,0
21998,100283,Leila de Souza Sobral,1611661322,WAS,Washington Mystics,1029800040,1998-06-29,WAS @ HOU,L,4,1,2,0.5,0,0,,0,0,,1,1,2,0,0,0,0,1,2,,4.4,0
21998,100374,Penny Moore,1611661322,WAS,Washington Mystics,1029800040,1998-06-29,WAS @ HOU,L,30,2,4,0.5,0,0,,0,0,,1,4,5,0,0,2,1,1,4,,15.0,0
21998,100072,Sheryl Swoopes,1611661316,HOU,Houston Comets,1029800041,1998-06-30,HOU @ UTA,W,43,6,15,0.4,3,5,0.6,2,2,1.0,2,8,10,4,3,1,5,1,17,,42.0,0
21998,100073,Cynthia Cooper,1611661316,HOU,Houston Comets,1029800041,1998-06-30,HOU @ UTA,W,46,8,28,0.286,1,10,0.1,10,16,0.625,3,5,8,5,3,0,5,1,27,,48.1,0
21998,100075,Janeth Arcain,1611661316,HOU,Houston Comets,1029800041,1998-06-30,HOU @ UTA,W,19,2,3,0.667,0,1,0.0,0,0,,0,2,2,0,0,0,2,0,4,,4.4,0
21998,100076,Tina Thompson,1611661316,HOU,Houston Comets,1029800041,1998-06-30,HOU @ UTA,W,50,2,15,0.133,0,8,0.0,5,5,1.0,5,9,14,1,2,1,2,1,9,,34.3,0
21998,100077,Tammy Jackson,1611661316,HOU,Houston Comets,1029800041,1998-06-30,HOU @ UTA,W,8,0,0,,0,0,,0,0,,0,0,0,0,0,1,0,1,0,,3.0,0
21998,100083,Kim Perrot,1611661316,HOU,Houston Comets,1029800041,1998-06-30,HOU @ UTA,W,41,3,6,0.5,2,5,0.4,1,2,0.5,2,4,6,3,2,0,2,3,9,,24.7,0
21998,100085,Yolanda Moore,1611661316,HOU,Houston Comets,1029800041,1998-06-30,HOU @ UTA,W,28,2,6,0.333,1,1,1.0,2,4,0.5,2,5,7,0,2,0,1,1,7,,20.4,0
21998,100207,Monica Lamb,1611661316,HOU,Houston Comets,1029800041,1998-06-30,HOU @ UTA,W,15,1,5,0.2,0,0,,0,0,,4,0,4,0,1,0,1,6,2,,8.8,0
21998,100022,Chantel Tremitiere,1611661319,UTA,Utah Starzz,1029800041,1998-06-30,UTA vs. HOU,L,38,4,9,0.444,2,4,0.5,0,0,,0,0,0,4,2,0,2,4,10,,20.0,0
21998,100043,Elena Baranova,1611661319,UTA,Utah Starzz,1029800041,1998-06-30,UTA vs. HOU,L,43,2,10,0.2,0,3,0.0,4,4,1.0,4,13,17,6,1,2,5,1,8,,41.4,0
21998,100045,Dena Head,1611661319,UTA,Utah Starzz,1029800041,1998-06-30,UTA vs. HOU,L,4,0,0,,0,0,,0,0,,0,0,0,0,0,0,1,1,0,,-1.0,0
21998,100046,Wendy Palmer,1611661319,UTA,Utah Starzz,1029800041,1998-06-30,UTA vs. HOU,L,19,5,12,0.417,1,2,0.5,0,0,,1,3,4,0,0,0,0,2,11,,15.8,0
21998,100047,Tammi Reiss,1611661319,UTA,Utah Starzz,1029800041,1998-06-30,UTA vs. HOU,L,37,2,4,0.5,1,2,0.5,1,1,1.0,1,2,3,5,2,0,3,4,6,,20.1,0
21998,100050,Kim Williams,1611661319,UTA,Utah Starzz,1029800041,1998-06-30,UTA vs. HOU,L,14,2,5,0.4,0,0,,0,0,,1,0,1,1,0,1,0,6,4,,9.7,0
21998,100084,Fran Harris,1611661319,UTA,Utah Starzz,1029800041,1998-06-30,UTA vs. HOU,L,42,3,11,0.273,1,5,0.2,0,0,,1,1,2,2,1,0,1,3,7,,14.4,0
21998,100237,Tricia Bader Binford,1611661319,UTA,Utah Starzz,1029800041,1998-06-30,UTA vs. HOU,L,9,0,2,0.0,0,2,0.0,0,0,,0,0,0,1,1,0,1,2,0,,3.5,0
21998,100239,Margo Dydek,1611661319,UTA,Utah Starzz,1029800041,1998-06-30,UTA vs. HOU,L,42,13,25,0.52,0,1,0.0,1,2,0.5,3,13,16,2,0,2,6,5,27,,49.2,0
21998,100243,Olympia Scott,1611661319,UTA,Utah Starzz,1029800041,1998-06-30,UTA vs. HOU,L,2,0,1,0.0,0,0,,0,0,,0,0,0,0,0,0,0,0,0,,0.0,0
21998,100011,Linda Burgess,1611661318,SAC,Sacramento Monarchs,1029800042,1998-06-30,SAC vs. LAS,W,24,0,6,0.0,0,0,,2,2,1.0,4,2,6,1,3,1,3,3,2,,19.7,0
21998,100017,Bridgette Gordon,1611661318,SAC,Sacramento Monarchs,1029800042,1998-06-30,SAC vs. LAS,W,16,3,8,0.375,0,1,0.0,1,1,1.0,1,4,5,0,0,0,2,1,7,,11.0,0
21998,100027,Latasha Byears,1611661318,SAC,Sacramento Monarchs,1029800042,1998-06-30,SAC vs. LAS,W,22,6,12,0.5,0,1,0.0,1,4,0.25,7,4,11,0,4,1,2,5,13,,39.2,0
21998,100044,Lady Grooms,1611661318,SAC,Sacramento Monarchs,1029800042,1998-06-30,SAC vs. LAS,W,11,1,3,0.333,0,0,,0,0,,0,0,0,0,1,0,1,1,2,,4.0,0
21998,100175,Rehema Stephens,1611661318,SAC,Sacramento Monarchs,1029800042,1998-06-30,SAC vs. LAS,W,11,2,5,0.4,0,1,0.0,0,0,,1,0,1,0,0,0,3,2,4,,2.2,0
21998,100230,Quacy Barnes,1611661318,SAC,Sacramento Monarchs,1029800042,1998-06-30,SAC vs. LAS,W,1,0,0,,0,0,,0,0,,0,0,0,0,0,0,0,0,0,,0.0,0
21998,100231,Adia Barnes,1611661318,SAC,Sacramento Monarchs,1029800042,1998-06-30,SAC vs. LAS,W,28,3,9,0.333,0,1,0.0,1,1,1.0,2,1,3,2,0,1,3,0,7,,13.6,0
21998,100234,Ticha Penicheiro,1611661318,SAC,Sacramento Monarchs,1029800042,1998-06-30,SAC vs. LAS,W,34,3,6,0.5,0,2,0.0,1,1,1.0,0,2,2,3,5,1,3,2,7,,28.9,0
21998,100235,Franthea Price,1611661318,SAC,Sacramento Monarchs,1029800042,1998-06-30,SAC vs. LAS,W,21,2,7,0.286,1,4,0.25,2,2,1.0,1,1,2,3,0,0,1,0,7,,12.9,0
21998,100236,Tangela Smith,1611661318,SAC,Sacramento Monarchs,1029800042,1998-06-30,SAC vs. LAS,W,32,4,11,0.364,0,1,0.0,1,1,1.0,5,3,8,0,0,3,3,3,9,,24.6,0
21998,100003,Lisa Leslie,1611661320,LAS,Los Angeles Sparks,1029800042,1998-06-30,LAS @ SAC,L,28,6,9,0.667,1,1,1.0,8,15,0.533,2,6,8,0,2,3,4,5,21,,41.6,0
21998,100004,Penny Toler,1611661320,LAS,Los Angeles Sparks,1029800042,1998-06-30,LAS @ SAC,L,24,2,4,0.5,0,0,,0,0,,1,1,2,3,0,1,3,2,4,,10.9,0
21998,100007,Jamila Wideman,1611661320,LAS,Los Angeles Sparks,1029800042,1998-06-30,LAS @ SAC,L,12,0,3,0.0,0,1,0.0,0,0,,0,0,0,4,0,0,1,2,0,,5.0,0
21998,100008,Tamecka Dixon,1611661320,LAS,Los Angeles Sparks,1029800042,1998-06-30,LAS @ SAC,L,25,1,8,0.125,0,0,,3,4,0.75,0,1,1,1,0,0,3,2,5,,4.7,0
21998,100009,Katrina Colleton,1611661320,LAS,Los Angeles Sparks,1029800042,1998-06-30,LAS @ SAC,L,22,0,1,0.0,0,0,,3,4,0.75,2,0,2,1,1,0,2,0,3,,7.9,0
21998,100012,Mwadi Mabika,1611661320,LAS,Los Angeles Sparks,1029800042,1998-06-30,LAS @ SAC,L,33,7,14,0.5,3,8,0.375,0,0,,0,5,5,0,0,2,5,2,17,,24.0,0
21998,100020,Pam McGee,1611661320,LAS,Los Angeles Sparks,1029800042,1998-06-30,LAS @ SAC,L,5,1,1,1.0,0,0,,0,0,,2,1,3,0,0,1,3,3,2,,5.6,0
21998,100169,Octavia Blue,1611661320,LAS,Los Angeles Sparks,1029800042,1998-06-30,LAS @ SAC,L,29,1,4,0.25,0,0,,0,0,,2,1,3,0,3,1,2,2,2,,15.6,0
21998,100176,Sandra VanEmbricqs,1611661320,LAS,Los Angeles Sparks,1029800042,1998-06-30,LAS @ SAC,L,22,1,1,1.0,0,0,,0,0,,0,1,1,0,1,0,1,0,2,,5.2,0
21998,100049,Raegan Scott,1611661315,CLE,Cleveland Rockers,1029800043,1998-07-01,CLE @ WAS,W,4,0,1,0.0,0,0,,0,0,,0,0,0,1,0,1,0,1,0,,4.5,0
21998,100087,Janice Braxton,1611661315,CLE,Cleveland Rockers,1029800043,1998-07-01,CLE @ WAS,W,31,4,6,0.667,0,0,,5,8,0.625,1,4,5,3,5,1,4,3,13,,37.5,0
21998,100088,Michelle Edwards,1611661315,CLE,Cleveland Rockers,1029800043,1998-07-01,CLE @ WAS,W,8,0,2,0.0,0,1,0.0,0,0,,0,1,1,2,2,0,1,0,0,,9.2,0
21998,100089,Isabelle Fijalkowski,1611661315,CLE,Cleveland Rockers,1029800043,1998-07-01,CLE @ WAS,W,32,7,11,0.636,0,0,,5,6,0.833,1,7,8,5,1,1,2,4,19,,40.1,0
21998,100091,Eva Nemcova,1611661315,CLE,Cleveland Rockers,1029800043,1998-07-01,CLE @ WAS,W,36,5,8,0.625,1,2,0.5,4,4,1.0,1,1,2,2,0,1,0,3,15,,23.4,0
21998,100092,Merlakia Jones,1611661315,CLE,Cleveland Rockers,1029800043,1998-07-01,CLE @ WAS,W,23,6,9,0.667,0,0,,3,5,0.6,0,3,3,0,0,0,3,4,15,,15.6,0
21998,100097,Rushia Brown,1611661315,CLE,Cleveland Rockers,1029800043,1998-07-01,CLE @ WAS,W,13,4,5,0.8,0,0,,0,0,,0,1,1,0,1,0,1,1,8,,11.2,0
21998,100100,Adrienne Johnson,1611661315,CLE,Cleveland Rockers,1029800043,1998-07-01,CLE @ WAS,W,13,3,7,0.429,2,2,1.0,1,2,0.5,2,2,4,0,1,0,1,2,9,,15.8,0
21998,100183,Cindy Blodgett,1611661315,CLE,Cleveland Rockers,1029800043,1998-07-01,CLE @ WAS,W,5,0,1,0.0,0,0,,0,0,,1,0,1,1,0,0,0,0,0,,2.7,0
21998,100187,Suzie McConnell Serio,1611661315,CLE,Cleveland Rockers,1029800043,1998-07-01,CLE @ WAS,W,28,4,5,0.8,2,3,0.667,3,4,0.75,0,1,1,6,2,0,4,2,13,,25.2,0
21998,100284,Tully Bevilaqua,1611661315,CLE,Cleveland Rockers,1029800043,1998-07-01,CLE @ WAS,W,7,0,1,0.0,0,0,,0,0,,0,0,0,3,0,0,0,2,0,,4.5,0
21998,100052,Deborah Carter,1611661322,WAS,Washington Mystics,1029800043,1998-07-01,WAS vs. CLE,L,5,0,0,,0,0,,0,0,,0,1,1,0,1,0,0,1,0,,4.2,0
21998,100156,Heidi Burge,1611661322,WAS,Washington Mystics,1029800043,1998-07-01,WAS vs. CLE,L,6,0,0,,0,0,,1,2,0.5,0,2,2,0,0,0,1,1,1,,2.4,0
21998,100194,Keri Chaconas,1611661322,WAS,Washington Mystics,1029800043,1998-07-01,WAS vs. CLE,L,15,6,12,0.5,5,10,0.5,0,0,,2,1,3,0,0,0,1,4,17,,19.6,0
21998,100198,Nikki McCray,1611661322,WAS,Washington Mystics,1029800043,1998-07-01,WAS vs. CLE,L,36,6,15,0.4,0,0,,7,7,1.0,0,1,1,2,3,0,8,4,19,,24.2,0
21998,100199,Murriel Page,1611661322,WAS,Washington Mystics,1029800043,1998-07-01,WAS vs. CLE,L,36,4,11,0.364,0,0,,2,3,0.667,2,2,4,3,0,1,2,3,10,,20.3,0
21998,100201,Alessandra Santos de Olive,1611661322,WAS,Washington Mystics,1029800043,1998-07-01,WAS vs. CLE,L,36,7,12,0.583,0,0,,1,2,0.5,5,4,9,1,1,2,4,4,15,,32.3,0
21998,100202,Adrienne Shuler,1611661322,WAS,Washington Mystics,1029800043,1998-07-01,WAS vs. CLE,L,26,2,5,0.4,0,1,0.0,6,6,1.0,0,4,4,1,2,1,1,4,10,,24.3,0
21998,100204,Rita Williams,1611661322,WAS,Washington Mystics,1029800043,1998-07-01,WAS vs. CLE,L,14,0,2,0.0,0,1,0.0,0,0,,0,0,0,4,2,1,2,1,0,,13.0,0
21998,100374,Penny Moore,1611661322,WAS,Washington Mystics,1029800043,1998-07-01,WAS vs. CLE,L,26,3,3,1.0,2,2,1.0,0,0,,1,1,2,4,2,0,2,2,8,,20.4,0
21998,100002,Rebecca Lobo,1611661313,NYL,New York Liberty,1029800044,1998-07-01,NYL @ DET,L,28,4,9,0.444,2,5,0.4,1,1,1.0,1,3,4,2,1,1,6,5,11,,18.8,0
21998,100101,Teresa Weatherspoon,1611661313,NYL,New York Liberty,1029800044,1998-07-01,NYL @ DET,L,31,1,8,0.125,1,3,0.333,0,0,,0,2,2,6,2,0,2,4,3,,18.4,0
21998,100102,Kym Hampton,1611661313,NYL,New York Liberty,1029800044,1998-07-01,NYL @ DET,L,21,3,11,0.273,0,0,,0,0,,2,6,8,0,0,1,0,2,6,,18.6,0
21998,100103,Vickie Johnson,1611661313,NYL,New York Liberty,1029800044,1998-07-01,NYL @ DET,L,27,3,10,0.3,0,2,0.0,5,5,1.0,2,3,5,4,0,1,1,1,11,,25.0,0
21998,100104,Sue Wicks,1611661313,NYL,New York Liberty,1029800044,1998-07-01,NYL @ DET,L,12,3,5,0.6,0,0,,0,0,,1,0,1,0,1,0,1,1,6,,9.2,0
21998,100105,Sophia Witherspoon,1611661313,NYL,New York Liberty,1029800044,1998-07-01,NYL @ DET,L,37,5,15,0.333,0,2,0.0,3,4,0.75,2,2,4,1,2,0,0,0,13,,25.3,0
21998,100107,Kisha Ford,1611661313,NYL,New York Liberty,1029800044,1998-07-01,NYL @ DET,L,15,2,2,1.0,0,0,,0,0,,1,2,3,1,0,0,0,3,4,,9.1,0
21998,100212,Albena Branzova,1611661313,NYL,New York Liberty,1029800044,1998-07-01,NYL @ DET,L,13,2,4,0.5,1,2,0.5,0,0,,1,0,1,0,0,0,0,3,5,,6.2,0
21998,100213,Elisabeth Cebrian,1611661313,NYL,New York Liberty,1029800044,1998-07-01,NYL @ DET,L,7,2,2,1.0,0,0,,1,3,0.333,0,2,2,0,0,0,0,1,5,,7.4,0
21998,100217,Coquese Washington,1611661313,NYL,New York Liberty,1029800044,1998-07-01,NYL @ DET,L,9,0,3,0.0,0,1,0.0,1,2,0.5,0,0,0,1,1,0,1,2,1,,4.5,0
21998,100090,Lynette Woodard,1611661321,DET,Detroit Shock,1029800044,1998-07-01,DET vs. NYL,W,12,1,2,0.5,0,0,,0,0,,0,1,1,0,0,0,0,1,2,,3.2,0
21998,100108,Rhonda Blades,1611661321,DET,Detroit Shock,1029800044,1998-07-01,DET vs. NYL,W,11,0,2,0.0,0,1,0.0,0,0,,0,0,0,2,0,0,0,3,0,,3.0,0
21998,100247,Sandy Brondello,1611661321,DET,Detroit Shock,1029800044,1998-07-01,DET vs. NYL,W,40,6,11,0.545,0,1,0.0,3,3,1.0,0,3,3,7,3,0,4,1,15,,34.1,0
21998,100248,Cindy Brown,1611661321,DET,Detroit Shock,1029800044,1998-07-01,DET vs. NYL,W,37,10,17,0.588,1,4,0.25,1,5,0.2,3,7,10,1,2,0,6,3,22,,35.5,0
21998,100250,Korie Hlede,1611661321,DET,Detroit Shock,1029800044,1998-07-01,DET vs. NYL,W,29,4,9,0.444,1,2,0.5,9,9,1.0,1,7,8,2,0,0,1,1,18,,29.6,0
21998,100253,Razija Brcaninovic,1611661321,DET,Detroit Shock,1029800044,1998-07-01,DET vs. NYL,W,31,6,10,0.6,0,0,,3,6,0.5,2,8,10,2,0,1,0,5,15,,33.0,0
21998,100255,Rachael Sporn,1611661321,DET,Detroit Shock,1029800044,1998-07-01,DET vs. NYL,W,12,1,5,0.2,0,0,,0,0,,1,0,1,0,0,0,1,1,2,,2.2,0
21998,100269,Carla Boyd,1611661321,DET,Detroit Shock,1029800044,1998-07-01,DET vs. NYL,W,28,3,8,0.375,0,1,0.0,2,2,1.0,4,4,8,2,2,0,2,2,8,,24.6,0
21998,100049,Raegan Scott,1611661315,CLE,Cleveland Rockers,1029800045,1998-07-02,CLE vs. PHO,L,3,0,1,0.0,0,0,,0,0,,0,1,1,0,0,0,0,2,0,,1.2,0
21998,100087,Janice Braxton,1611661315,CLE,Cleveland Rockers,1029800045,1998-07-02,CLE vs. PHO,L,31,3,6,0.5,0,0,,4,4,1.0,1,7,8,1,1,0,3,4,10,,21.1,0
21998,100088,Michelle Edwards,1611661315,CLE,Cleveland Rockers,1029800045,1998-07-02,CLE vs. PHO,L,7,0,2,0.0,0,0,,0,0,,0,0,0,0,0,0,0,1,0,,0.0,0
21998,100089,Isabelle Fijalkowski,1611661315,CLE,Cleveland Rockers,1029800045,1998-07-02,CLE vs. PHO,L,28,8,11,0.727,0,0,,0,1,0.0,2,3,5,3,1,0,4,5,16,,25.5,0
21998,100091,Eva Nemcova,1611661315,CLE,Cleveland Rockers,1029800045,1998-07-02,CLE vs. PHO,L,33,1,6,0.167,0,0,,4,4,1.0,0,5,5,2,1,0,4,3,6,,14.0,0
21998,100092,Merlakia Jones,1611661315,CLE,Cleveland Rockers,1029800045,1998-07-02,CLE vs. PHO,L,23,6,7,0.857,1,2,0.5,0,0,,0,1,1,1,0,0,4,3,13,,11.7,0
21998,100097,Rushia Brown,1611661315,CLE,Cleveland Rockers,1029800045,1998-07-02,CLE vs. PHO,L,16,2,4,0.5,0,0,,0,0,,1,4,5,1,0,0,1,0,4,,10.5,0
21998,100100,Adrienne Johnson,1611661315,CLE,Cleveland Rockers,1029800045,1998-07-02,CLE vs. PHO,L,15,3,8,0.375,1,1,1.0,0,0,,2,1,3,1,0,0,1,3,7,,11.1,0
21998,100183,Cindy Blodgett,1611661315,CLE,Cleveland Rockers,1029800045,1998-07-02,CLE vs. PHO,L,4,0,2,0.0,0,0,,0,0,,0,1,1,0,0,0,0,0,0,,1.2,0
21998,100187,Suzie McConnell Serio,1611661315,CLE,Cleveland Rockers,1029800045,1998-07-02,CLE vs. PHO,L,35,2,9,0.222,1,4,0.25,0,0,,0,0,0,12,2,0,5,1,5,,24.0,0
21998,100284,Tully Bevilaqua,1611661315,CLE,Cleveland Rockers,1029800045,1998-07-02,CLE vs. PHO,L,5,0,1,0.0,0,1,0.0,0,0,,0,1,1,1,1,0,0,1,0,,5.7,0
21998,100019,Mikiko Hagiwara,1611661317,PHO,Phoenix Mercury,1029800045,1998-07-02,PHO @ CLE,W,3,0,0,,0,0,,0,0,,0,0,0,0,0,0,0,0,0,,0.0,0
21998,100029,Michele Timms,1611661317,PHO,Phoenix Mercury,1029800045,1998-07-02,PHO @ CLE,W,27,1,8,0.125,0,4,0.0,1,2,0.5,1,0,1,5,2,0,3,3,3,,14.7,0
21998,100030,Jennifer Gillom,1611661317,PHO,Phoenix Mercury,1029800045,1998-07-02,PHO @ CLE,W,34,11,18,0.611,4,4,1.0,3,5,0.6,3,5,8,1,5,0,4,3,29,,51.1,0
21998,100031,Bridget Pettis,1611661317,PHO,Phoenix Mercury,1029800045,1998-07-02,PHO @ CLE,W,32,4,14,0.286,2,6,0.333,8,10,0.8,3,3,6,2,0,1,3,0,18,,28.2,0
21998,100035,Umeki Webb,1611661317,PHO,Phoenix Mercury,1029800045,1998-07-02,PHO @ CLE,W,30,0,4,0.0,0,0,,0,0,,2,5,7,4,4,1,0,2,0,,29.4,0
21998,100037,Marlies Askamp,1611661317,PHO,Phoenix Mercury,1029800045,1998-07-02,PHO @ CLE,W,13,3,5,0.6,0,0,,2,3,0.667,4,1,5,1,0,0,0,1,8,,15.5,0
21998,100221,Michelle Brogan,1611661317,PHO,Phoenix Mercury,1029800045,1998-07-02,PHO @ CLE,W,27,2,4,0.5,2,2,1.0,4,4,1.0,0,3,3,1,1,0,1,2,10,,17.1,0
21998,100222,Kristi Harrower,1611661317,PHO,Phoenix Mercury,1029800045,1998-07-02,PHO @ CLE,W,13,0,1,0.0,0,0,,1,2,0.5,0,1,1,2,2,0,1,1,1,,10.2,0
21998,100223,Pauline Jordan,1611661317,PHO,Phoenix Mercury,1029800045,1998-07-02,PHO @ CLE,W,1,0,0,,0,0,,0,0,,0,0,0,0,0,0,0,0,0,,0.0,0
21998,100224,Andrea Kuklova,1611661317,PHO,Phoenix Mercury,1029800045,1998-07-02,PHO @ CLE,W,15,2,4,0.5,1,2,0.5,2,6,0.333,0,1,1,1,2,0,1,2,7,,14.7,0
21998,100227,Maria Stepanova,1611661317,PHO,Phoenix Mercury,1029800045,1998-07-02,PHO @ CLE,W,5,0,0,,0,0,,0,0,,0,0,0,0,0,0,0,0,0,,0.0,0
21998,100022,Chantel Tremitiere,1611661319,UTA,Utah Starzz,1029800046,1998-07-02,UTA @ LAS,W,37,1,7,0.143,1,3,0.333,0,0,,1,3,4,6,2,0,1,1,3,,21.8,0
21998,100043,Elena Baranova,1611661319,UTA,Utah Starzz,1029800046,1998-07-02,UTA @ LAS,W,33,3,6,0.5,1,1,1.0,1,2,0.5,3,1,4,6,1,0,5,3,8,,19.8,0
21998,100045,Dena Head,1611661319,UTA,Utah Starzz,1029800046,1998-07-02,UTA @ LAS,W,3,0,1,0.0,0,1,0.0,0,0,,0,0,0,0,0,0,1,0,0,,-1.0,0
21998,100046,Wendy Palmer,1611661319,UTA,Utah Starzz,1029800046,1998-07-02,UTA @ LAS,W,12,2,5,0.4,0,0,,0,0,,0,0,0,0,1,0,0,0,4,,7.0,0
21998,100047,Tammi Reiss,1611661319,UTA,Utah Starzz,1029800046,1998-07-02,UTA @ LAS,W,24,3,7,0.429,2,5,0.4,0,0,,1,3,4,1,1,0,1,0,8,,16.3,0
21998,100050,Kim Williams,1611661319,UTA,Utah Starzz,1029800046,1998-07-02,UTA @ LAS,W,12,3,6,0.5,0,1,0.0,3,4,0.75,1,0,1,0,2,0,0,2,9,,16.2,0
21998,100084,Fran Harris,1611661319,UTA,Utah Starzz,1029800046,1998-07-02,UTA @ LAS,W,18,0,4,0.0,0,1,0.0,0,0,,0,2,2,2,1,0,0,3,0,,8.4,0
21998,100237,Tricia Bader Binford,1611661319,UTA,Utah Starzz,1029800046,1998-07-02,UTA @ LAS,W,5,0,0,,0,0,,0,0,,0,0,0,0,0,0,1,1,0,,-1.0,0
21998,100239,Margo Dydek,1611661319,UTA,Utah Starzz,1029800046,1998-07-02,UTA @ LAS,W,30,5,12,0.417,0,1,0.0,5,7,0.714,0,9,9,3,0,4,6,3,15,,36.3,0
21998,100242,LaTonya Johnson,1611661319,UTA,Utah Starzz,1029800046,1998-07-02,UTA @ LAS,W,11,1,5,0.2,1,3,0.333,0,0,,0,1,1,0,0,0,2,1,3,,2.2,0
21998,100243,Olympia Scott,1611661319,UTA,Utah Starzz,1029800046,1998-07-02,UTA @ LAS,W,15,4,5,0.8,0,0,,0,2,0.0,1,2,3,1,1,0,1,3,8,,15.1,0
21998,100003,Lisa Leslie,1611661320,LAS,Los Angeles Sparks,1029800046,1998-07-02,LAS vs. UTA,L,32,6,15,0.4,0,1,0.0,3,4,0.75,0,10,10,4,3,2,5,4,15,,43.0,0
21998,100004,Penny Toler,1611661320,LAS,Los Angeles Sparks,1029800046,1998-07-02,LAS vs. UTA,L,24,3,10,0.3,0,0,,0,0,,2,0,2,1,2,0,2,2,6,,13.9,0
21998,100007,Jamila Wideman,1611661320,LAS,Los Angeles Sparks,1029800046,1998-07-02,LAS vs. UTA,L,16,1,2,0.5,1,1,1.0,0,0,,0,2,2,3,0,0,1,0,3,,8.9,0
21998,100008,Tamecka Dixon,1611661320,LAS,Los Angeles Sparks,1029800046,1998-07-02,LAS vs. UTA,L,28,4,10,0.4,0,1,0.0,5,6,0.833,0,0,0,4,1,0,5,2,13,,17.0,0
21998,100009,Katrina Colleton,1611661320,LAS,Los Angeles Sparks,1029800046,1998-07-02,LAS vs. UTA,L,3,0,0,,0,0,,0,0,,0,0,0,1,0,0,1,1,0,,0.5,0
21998,100012,Mwadi Mabika,1611661320,LAS,Los Angeles Sparks,1029800046,1998-07-02,LAS vs. UTA,L,33,2,9,0.222,1,4,0.25,0,0,,2,2,4,4,1,1,2,3,5,,19.8,0
21998,100020,Pam McGee,1611661320,LAS,Los Angeles Sparks,1029800046,1998-07-02,LAS vs. UTA,L,20,1,4,0.25,0,0,,0,0,,1,1,2,0,1,0,4,3,2,,3.4,0
21998,100168,Erin Alexander,1611661320,LAS,Los Angeles Sparks,1029800046,1998-07-02,LAS vs. UTA,L,12,1,2,0.5,1,2,0.5,0,0,,2,2,4,0,2,0,1,0,3,,12.8,0
21998,100169,Octavia Blue,1611661320,LAS,Los Angeles Sparks,1029800046,1998-07-02,LAS vs. UTA,L,16,3,4,0.75,0,0,,0,2,0.0,0,1,1,0,1,0,1,2,6,,9.2,0
21998,100174,Eugenia Rycraw,1611661320,LAS,Los Angeles Sparks,1029800046,1998-07-02,LAS vs. UTA,L,4,0,0,,0,0,,2,2,1.0,0,0,0,0,0,0,0,2,2,,2.0,0
21998,100176,Sandra VanEmbricqs,1611661320,LAS,Los Angeles Sparks,1029800046,1998-07-02,LAS vs. UTA,L,12,1,1,1.0,0,0,,0,0,,1,1,2,0,1,0,0,0,2,,7.4,0
21998,100002,Rebecca Lobo,1611661313,NYL,New York Liberty,1029800047,1998-07-03,NYL vs. WAS,W,25,6,9,0.667,0,1,0.0,1,4,0.25,4,2,6,1,1,1,0,2,13,,27.7,0
21998,100101,Teresa Weatherspoon,1611661313,NYL,New York Liberty,1029800047,1998-07-03,NYL vs. WAS,W,36,3,5,0.6,1,1,1.0,7,10,0.7,0,1,1,6,4,0,3,2,14,,33.2,0
21998,100102,Kym Hampton,1611661313,NYL,New York Liberty,1029800047,1998-07-03,NYL vs. WAS,W,21,4,6,0.667,0,0,,4,4,1.0,2,4,6,1,1,0,3,4,12,,20.7,0
21998,100103,Vickie Johnson,1611661313,NYL,New York Liberty,1029800047,1998-07-03,NYL vs. WAS,W,27,2,8,0.25,0,0,,1,2,0.5,0,3,3,6,0,1,1,2,5,,19.6,0
21998,100104,Sue Wicks,1611661313,NYL,New York Liberty,1029800047,1998-07-03,NYL vs. WAS,W,13,3,5,0.6,0,0,,0,0,,0,3,3,0,3,0,2,2,6,,16.6,0
21998,100105,Sophia Witherspoon,1611661313,NYL,New York Liberty,1029800047,1998-07-03,NYL vs. WAS,W,33,4,10,0.4,1,5,0.2,3,5,0.6,3,2,5,4,0,0,2,3,12,,22.0,0
21998,100107,Kisha Ford,1611661313,NYL,New York Liberty,1029800047,1998-07-03,NYL vs. WAS,W,16,3,6,0.5,0,0,,2,4,0.5,0,2,2,1,2,0,0,1,8,,17.9,0
21998,100212,Albena Branzova,1611661313,NYL,New York Liberty,1029800047,1998-07-03,NYL vs. WAS,W,6,0,2,0.0,0,0,,0,0,,0,3,3,1,0,0,0,2,0,,5.1,0
21998,100213,Elisabeth Cebrian,1611661313,NYL,New York Liberty,1029800047,1998-07-03,NYL vs. WAS,W,15,1,2,0.5,0,0,,2,4,0.5,2,1,3,1,0,0,3,4,4,,6.1,0
21998,100216,Alicia Thompson,1611661313,NYL,New York Liberty,1029800047,1998-07-03,NYL vs. WAS,W,4,0,1,0.0,0,0,,0,0,,0,0,0,0,0,0,0,1,0,,0.0,0
21998,100217,Coquese Washington,1611661313,NYL,New York Liberty,1029800047,1998-07-03,NYL vs. WAS,W,4,1,1,1.0,0,0,,0,0,,0,0,0,1,0,0,1,0,2,,2.5,0
21998,100052,Deborah Carter,1611661322,WAS,Washington Mystics,1029800047,1998-07-03,WAS @ NYL,L,10,0,2,0.0,0,1,0.0,0,0,,1,0,1,1,0,0,1,3,0,,1.7,0
21998,100156,Heidi Burge,1611661322,WAS,Washington Mystics,1029800047,1998-07-03,WAS @ NYL,L,14,3,4,0.75,0,0,,0,0,,0,0,0,0,0,0,1,4,6,,5.0,0
21998,100193,La'Shawn Brown,1611661322,WAS,Washington Mystics,1029800047,1998-07-03,WAS @ NYL,L,13,0,0,,0,0,,2,2,1.0,0,1,1,0,1,0,0,2,2,,6.2,0
21998,100194,Keri Chaconas,1611661322,WAS,Washington Mystics,1029800047,1998-07-03,WAS @ NYL,L,22,1,8,0.125,1,5,0.2,2,2,1.0,0,0,0,5,1,0,2,6,5,,13.5,0
21998,100198,Nikki McCray,1611661322,WAS,Washington Mystics,1029800047,1998-07-03,WAS @ NYL,L,35,7,13,0.538,0,1,0.0,2,2,1.0,1,1,2,3,0,0,7,0,16,,15.9,0
21998,100199,Murriel Page,1611661322,WAS,Washington Mystics,1029800047,1998-07-03,WAS @ NYL,L,33,5,9,0.556,0,0,,5,7,0.714,3,4,7,1,1,0,4,3,15,,23.9,0
21998,100201,Alessandra Santos de Olive,1611661322,WAS,Washington Mystics,1029800047,1998-07-03,WAS @ NYL,L,20,1,5,0.2,0,0,,2,8,0.25,3,2,5,0,1,0,0,4,4,,13.0,0
21998,100202,Adrienne Shuler,1611661322,WAS,Washington Mystics,1029800047,1998-07-03,WAS @ NYL,L,10,1,2,0.5,0,0,,0,0,,0,1,1,2,0,0,3,3,2,,3.2,0
21998,100204,Rita Williams,1611661322,WAS,Washington Mystics,1029800047,1998-07-03,WAS @ NYL,L,23,1,3,0.333,0,2,0.0,3,4,0.75,2,2,4,1,2,0,1,1,5,,16.3,0
21998,100283,Leila de Souza Sobral,1611661322,WAS,Washington Mystics,1029800047,1998-07-03,WAS @ NYL,L,6,1,2,0.5,1,1,1.0,2,2,1.0,0,0,0,0,1,0,1,2,5,,7.0,0
21998,100374,Penny Moore,1611661322,WAS,Washington Mystics,1029800047,1998-07-03,WAS @ NYL,L,14,0,3,0.0,0,1,0.0,0,2,0.0,2,1,3,0,1,1,3,0,0,,6.6,0
21998,100073,Cynthia Cooper,1611661316,HOU,Houston Comets,1029800048,1998-07-03,HOU vs. SAC,W,37,6,15,0.4,0,4,0.0,22,24,0.917,0,1,1,5,3,1,1,3,34,,53.7,0
21998,100075,Janeth Arcain,1611661316,HOU,Houston Comets,1029800048,1998-07-03,HOU vs. SAC,W,32,2,8,0.25,1,2,0.5,2,2,1.0,5,3,8,1,2,0,2,3,7,,22.1,0
21998,100076,Tina Thompson,1611661316,HOU,Houston Comets,1029800048,1998-07-03,HOU vs. SAC,W,33,5,10,0.5,0,1,0.0,6,6,1.0,3,7,10,2,1,1,1,3,16,,36.0,0
21998,100077,Tammy Jackson,1611661316,HOU,Houston Comets,1029800048,1998-07-03,HOU vs. SAC,W,2,1,1,1.0,0,0,,0,0,,0,0,0,0,0,0,0,0,2,,2.0,0
21998,100083,Kim Perrot,1611661316,HOU,Houston Comets,1029800048,1998-07-03,HOU vs. SAC,W,31,2,9,0.222,1,5,0.2,0,0,,1,3,4,4,2,0,1,2,5,,20.8,0
21998,100085,Yolanda Moore,1611661316,HOU,Houston Comets,1029800048,1998-07-03,HOU vs. SAC,W,30,3,3,1.0,0,0,,2,2,1.0,1,1,2,0,1,0,0,3,8,,13.4,0
21998,100086,Tiffany Woosley,1611661316,HOU,Houston Comets,1029800048,1998-07-03,HOU vs. SAC,W,9,0,2,0.0,0,1,0.0,0,0,,0,2,2,1,0,0,0,1,0,,3.9,0
21998,100207,Monica Lamb,1611661316,HOU,Houston Comets,1029800048,1998-07-03,HOU vs. SAC,W,16,3,4,0.75,0,0,,1,2,0.5,1,3,4,0,3,0,1,3,7,,19.8,0
21998,100211,Amaya Valdemoro,1611661316,HOU,Houston Comets,1029800048,1998-07-03,HOU vs. SAC,W,10,2,3,0.667,1,2,0.5,0,0,,1,0,1,2,0,1,1,0,5,,11.2,0
21998,100011,Linda Burgess,1611661318,SAC,Sacramento Monarchs,1029800048,1998-07-03,SAC @ HOU,L,24,2,4,0.5,0,0,,2,2,1.0,2,4,6,1,1,1,1,2,6,,19.7,0
21998,100017,Bridgette Gordon,1611661318,SAC,Sacramento Monarchs,1029800048,1998-07-03,SAC @ HOU,L,12,1,1,1.0,0,0,,0,0,,0,0,0,1,0,0,0,2,2,,3.5,0
21998,100027,Latasha Byears,1611661318,SAC,Sacramento Monarchs,1029800048,1998-07-03,SAC @ HOU,L,26,5,11,0.455,1,1,1.0,4,4,1.0,4,3,7,1,0,0,1,4,15,,23.9,0
21998,100044,Lady Grooms,1611661318,SAC,Sacramento Monarchs,1029800048,1998-07-03,SAC @ HOU,L,27,4,7,0.571,0,0,,2,2,1.0,1,0,1,1,1,0,3,2,10,,12.7,0
21998,100175,Rehema Stephens,1611661318,SAC,Sacramento Monarchs,1029800048,1998-07-03,SAC @ HOU,L,22,3,13,0.231,1,6,0.167,0,0,,1,0,1,1,0,0,2,2,7,,7.7,0
21998,100230,Quacy Barnes,1611661318,SAC,Sacramento Monarchs,1029800048,1998-07-03,SAC @ HOU,L,4,1,1,1.0,0,0,,1,3,0.333,1,0,1,0,0,0,0,0,3,,4.2,0
21998,100231,Adia Barnes,1611661318,SAC,Sacramento Monarchs,1029800048,1998-07-03,SAC @ HOU,L,31,4,9,0.444,1,2,0.5,0,0,,1,2,3,1,2,0,3,4,9,,17.1,0
21998,100234,Ticha Penicheiro,1611661318,SAC,Sacramento Monarchs,1029800048,1998-07-03,SAC @ HOU,L,32,4,6,0.667,1,1,1.0,0,1,0.0,1,2,3,5,2,0,5,3,9,,21.1,0
21998,100236,Tangela Smith,1611661318,SAC,Sacramento Monarchs,1029800048,1998-07-03,SAC @ HOU,L,22,2,11,0.182,0,0,,2,2,1.0,4,2,6,3,0,2,0,5,6,,23.7,0
21998,100058,Vicky Bullett,1611661314,CHA,Charlotte Sting,1029800049,1998-07-04,CHA vs. PHO,W,32,4,10,0.4,0,0,,0,0,,1,0,1,3,1,2,2,1,8,,20.7,0
21998,100059,Andrea Stinson,1611661314,CHA,Charlotte Sting,1029800049,1998-07-04,CHA vs. PHO,W,35,7,16,0.438,0,2,0.0,5,6,0.833,1,1,2,7,2,1,5,1,19,,35.9,0
21998,100062,Tora Suber,1611661314,CHA,Charlotte Sting,1029800049,1998-07-04,CHA vs. PHO,W,20,3,4,0.75,1,2,0.5,0,2,0.0,0,1,1,0,0,0,2,1,7,,6.2,0
21998,100063,Sharon Manning,1611661314,CHA,Charlotte Sting,1029800049,1998-07-04,CHA vs. PHO,W,28,5,6,0.833,0,0,,4,5,0.8,3,5,8,0,0,1,0,3,14,,26.6,0
21998,100065,Andrea Congreaves,1611661314,CHA,Charlotte Sting,1029800049,1998-07-04,CHA vs. PHO,W,6,0,1,0.0,0,1,0.0,0,0,,0,2,2,2,0,0,1,1,0,,4.4,0
21998,100070,Tia Paschal,1611661314,CHA,Charlotte Sting,1029800049,1998-07-04,CHA vs. PHO,W,3,0,2,0.0,0,0,,0,0,,1,0,1,0,1,0,1,0,0,,3.2,0
21998,100177,Kelly Boucher,1611661314,CHA,Charlotte Sting,1029800049,1998-07-04,CHA vs. PHO,W,3,0,1,0.0,0,0,,0,0,,0,1,1,0,0,0,1,0,0,,0.2,0
21998,100178,Sonia Chase,1611661314,CHA,Charlotte Sting,1029800049,1998-07-04,CHA vs. PHO,W,21,1,3,0.333,0,0,,0,0,,1,2,3,0,1,0,3,3,2,,5.6,0
21998,100180,Pollyanna Johns Kimbrough,1611661314,CHA,Charlotte Sting,1029800049,1998-07-04,CHA vs. PHO,W,12,1,3,0.333,0,0,,0,0,,1,1,2,1,0,0,1,0,2,,4.9,0
21998,100181,Christy Smith,1611661314,CHA,Charlotte Sting,1029800049,1998-07-04,CHA vs. PHO,W,15,1,2,0.5,0,1,0.0,0,2,0.0,1,2,3,2,1,0,1,3,2,,10.6,0
21998,100182,Tracy Reid,1611661314,CHA,Charlotte Sting,1029800049,1998-07-04,CHA vs. PHO,W,25,6,9,0.667,0,0,,2,2,1.0,0,0,0,0,1,1,0,2,14,,20.0,0
21998,100029,Michele Timms,1611661317,PHO,Phoenix Mercury,1029800049,1998-07-04,PHO @ CHA,L,35,3,6,0.5,1,3,0.333,2,2,1.0,1,2,3,9,2,0,4,4,9,,28.1,0
21998,100030,Jennifer Gillom,1611661317,PHO,Phoenix Mercury,1029800049,1998-07-04,PHO @ CHA,L,32,9,16,0.563,0,0,,3,5,0.6,0,6,6,1,1,0,1,3,21,,31.7,0
21998,100031,Bridget Pettis,1611661317,PHO,Phoenix Mercury,1029800049,1998-07-04,PHO @ CHA,L,35,4,17,0.235,1,6,0.167,2,2,1.0,3,4,7,2,2,0,4,5,11,,24.4,0
21998,100035,Umeki Webb,1611661317,PHO,Phoenix Mercury,1029800049,1998-07-04,PHO @ CHA,L,29,7,10,0.7,0,2,0.0,1,2,0.5,0,1,1,1,4,1,0,3,15,,32.7,0
21998,100037,Marlies Askamp,1611661317,PHO,Phoenix Mercury,1029800049,1998-07-04,PHO @ CHA,L,17,0,2,0.0,0,0,,2,2,1.0,0,2,2,0,1,0,1,2,2,,6.4,0
21998,100221,Michelle Brogan,1611661317,PHO,Phoenix Mercury,1029800049,1998-07-04,PHO @ CHA,L,28,1,1,1.0,0,0,,2,2,1.0,1,2,3,2,2,0,3,1,4,,13.6,0
21998,100222,Kristi Harrower,1611661317,PHO,Phoenix Mercury,1029800049,1998-07-04,PHO @ CHA,L,5,0,0,,0,0,,0,0,,0,1,1,0,1,0,1,1,0,,3.2,0
21998,100224,Andrea Kuklova,1611661317,PHO,Phoenix Mercury,1029800049,1998-07-04,PHO @ CHA,L,16,2,5,0.4,0,1,0.0,0,0,,1,0,1,1,1,0,1,0,4,,8.7,0
21998,100227,Maria Stepanova,1611661317,PHO,Phoenix Mercury,1029800049,1998-07-04,PHO @ CHA,L,3,0,1,0.0,0,0,,0,0,,1,0,1,0,0,0,0,0,0,,1.2,0
21998,100002,Rebecca Lobo,1611661313,NYL,New York Liberty,1029800050,1998-07-05,NYL @ WAS,W,36,7,16,0.438,0,1,0.0,0,0,,5,8,13,1,1,1,4,5,14,,33.1,0
21998,100101,Teresa Weatherspoon,1611661313,NYL,New York Liberty,1029800050,1998-07-05,NYL @ WAS,W,45,2,6,0.333,0,0,,0,0,,0,4,4,5,6,0,3,4,4,,31.3,0
21998,100102,Kym Hampton,1611661313,NYL,New York Liberty,1029800050,1998-07-05,NYL @ WAS,W,31,7,12,0.583,0,0,,3,3,1.0,1,4,5,3,3,1,5,5,17,,34.5,0
21998,100103,Vickie Johnson,1611661313,NYL,New York Liberty,1029800050,1998-07-05,NYL @ WAS,W,34,3,16,0.188,0,1,0.0,1,2,0.5,3,5,8,3,2,0,2,4,7,,25.1,0
21998,100104,Sue Wicks,1611661313,NYL,New York Liberty,1029800050,1998-07-05,NYL @ WAS,W,10,0,5,0.0,0,0,,2,2,1.0,2,1,3,0,0,2,0,0,2,,11.6,0
21998,100105,Sophia Witherspoon,1611661313,NYL,New York Liberty,1029800050,1998-07-05,NYL @ WAS,W,35,6,12,0.5,0,2,0.0,2,4,0.5,0,2,2,1,1,1,2,5,14,,21.9,0
21998,100107,Kisha Ford,1611661313,NYL,New York Liberty,1029800050,1998-07-05,NYL @ WAS,W,17,0,6,0.0,0,0,,0,0,,3,0,3,1,2,0,1,0,0,,10.1,0
21998,100212,Albena Branzova,1611661313,NYL,New York Liberty,1029800050,1998-07-05,NYL @ WAS,W,4,0,1,0.0,0,0,,1,2,0.5,1,1,2,0,0,0,1,0,1,,2.4,0
21998,100213,Elisabeth Cebrian,1611661313,NYL,New York Liberty,1029800050,1998-07-05,NYL @ WAS,W,9,1,2,0.5,0,0,,0,0,,0,1,1,0,0,2,0,1,2,,9.2,0
21998,100216,Alicia Thompson,1611661313,NYL,New York Liberty,1029800050,1998-07-05,NYL @ WAS,W,4,0,2,0.0,0,0,,1,2,0.5,0,0,0,1,0,0,0,0,1,,2.5,0
21998,100156,Heidi Burge,1611661322,WAS,Washington Mystics,1029800050,1998-07-05,WAS vs. NYL,L,4,0,2,0.0,0,0,,0,0,,1,0,1,0,1,0,2,0,0,,2.2,0
21998,100193,La'Shawn Brown,1611661322,WAS,Washington Mystics,1029800050,1998-07-05,WAS vs. NYL,L,10,1,2,0.5,0,0,,2,4,0.5,0,0,0,0,1,2,0,1,4,,13.0,0
21998,100194,Keri Chaconas,1611661322,WAS,Washington Mystics,1029800050,1998-07-05,WAS vs. NYL,L,20,3,8,0.375,2,6,0.333,1,2,0.5,0,2,2,1,1,0,4,0,9,,11.9,0
21998,100198,Nikki McCray,1611661322,WAS,Washington Mystics,1029800050,1998-07-05,WAS vs. NYL,L,35,6,15,0.4,1,1,1.0,2,3,0.667,0,1,1,3,1,0,10,2,15,,13.7,0
21998,100199,Murriel Page,1611661322,WAS,Washington Mystics,1029800050,1998-07-05,WAS vs. NYL,L,40,5,9,0.556,0,0,,2,2,1.0,3,11,14,0,1,0,7,4,12,,24.8,0
21998,100201,Alessandra Santos de Olive,1611661322,WAS,Washington Mystics,1029800050,1998-07-05,WAS vs. NYL,L,36,2,10,0.2,0,0,,2,6,0.333,7,4,11,0,0,0,2,3,6,,17.2,0
21998,100202,Adrienne Shuler,1611661322,WAS,Washington Mystics,1029800050,1998-07-05,WAS vs. NYL,L,10,0,3,0.0,0,1,0.0,0,0,,0,3,3,1,0,0,2,3,0,,3.1,0
21998,100204,Rita Williams,1611661322,WAS,Washington Mystics,1029800050,1998-07-05,WAS vs. NYL,L,32,1,5,0.2,0,2,0.0,3,4,0.75,0,6,6,4,2,0,0,3,5,,24.2,0
21998,100283,Leila de Souza Sobral,1611661322,WAS,Washington Mystics,1029800050,1998-07-05,WAS vs. NYL,L,8,0,1,0.0,0,0,,3,4,0.75,0,3,3,1,1,0,1,0,3,,10.1,0
21998,100374,Penny Moore,1611661322,WAS,Washington Mystics,1029800050,1998-07-05,WAS vs. NYL,L,30,2,7,0.286,1,4,0.25,2,2,1.0,2,4,6,1,1,1,0,1,7,,21.7,0
21998,100011,Linda Burgess,1611661318,SAC,Sacramento Monarchs,1029800051,1998-07-05,SAC vs. UTA,W,32,5,6,0.833,0,0,,4,4,1.0,1,6,7,3,0,0,1,4,14,,25.9,0
21998,100017,Bridgette Gordon,1611661318,SAC,Sacramento Monarchs,1029800051,1998-07-05,SAC vs. UTA,W,7,0,1,0.0,0,0,,0,0,,0,1,1,0,1,0,1,0,0,,3.2,0
21998,100027,Latasha Byears,1611661318,SAC,Sacramento Monarchs,1029800051,1998-07-05,SAC vs. UTA,W,26,9,12,0.75,1,1,1.0,2,2,1.0,2,3,5,1,2,0,4,4,21,,30.5,0
21998,100044,Lady Grooms,1611661318,SAC,Sacramento Monarchs,1029800051,1998-07-05,SAC vs. UTA,W,26,3,7,0.429,0,0,,1,4,0.25,1,1,2,2,0,0,0,1,7,,12.4,0
21998,100175,Rehema Stephens,1611661318,SAC,Sacramento Monarchs,1029800051,1998-07-05,SAC vs. UTA,W,3,0,0,,0,0,,0,0,,0,0,0,0,0,0,1,0,0,,-1.0,0
21998,100231,Adia Barnes,1611661318,SAC,Sacramento Monarchs,1029800051,1998-07-05,SAC vs. UTA,W,36,4,12,0.333,2,5,0.4,2,2,1.0,2,2,4,1,0,1,0,3,12,,21.3,0
21998,100234,Ticha Penicheiro,1611661318,SAC,Sacramento Monarchs,1029800051,1998-07-05,SAC vs. UTA,W,37,4,6,0.667,2,4,0.5,4,10,0.4,1,5,6,7,1,1,3,4,14,,34.7,0
21998,100235,Franthea Price,1611661318,SAC,Sacramento Monarchs,1029800051,1998-07-05,SAC vs. UTA,W,18,1,5,0.2,0,3,0.0,0,0,,2,4,6,3,0,0,1,0,2,,12.7,0
21998,100236,Tangela Smith,1611661318,SAC,Sacramento Monarchs,1029800051,1998-07-05,SAC vs. UTA,W,15,0,4,0.0,0,0,,0,0,,0,3,3,0,0,0,1,4,0,,2.6,0
21998,100022,Chantel Tremitiere,1611661319,UTA,Utah Starzz,1029800051,1998-07-05,UTA @ SAC,L,28,2,5,0.4,0,3,0.0,1,2,0.5,0,2,2,4,2,0,2,2,5,,17.4,0
21998,100043,Elena Baranova,1611661319,UTA,Utah Starzz,1029800051,1998-07-05,UTA @ SAC,L,34,5,12,0.417,0,0,,4,4,1.0,6,4,10,1,1,2,0,3,14,,36.5,0
21998,100045,Dena Head,1611661319,UTA,Utah Starzz,1029800051,1998-07-05,UTA @ SAC,L,12,1,2,0.5,1,1,1.0,4,4,1.0,1,0,1,1,2,0,1,1,7,,14.7,0
21998,100046,Wendy Palmer,1611661319,UTA,Utah Starzz,1029800051,1998-07-05,UTA @ SAC,L,21,3,7,0.429,0,0,,2,2,1.0,0,2,2,2,0,0,1,3,8,,12.4,0
21998,100047,Tammi Reiss,1611661319,UTA,Utah Starzz,1029800051,1998-07-05,UTA @ SAC,L,25,3,8,0.375,0,3,0.0,1,3,0.333,1,0,1,1,0,0,0,1,7,,9.7,0
21998,100050,Kim Williams,1611661319,UTA,Utah Starzz,1029800051,1998-07-05,UTA @ SAC,L,15,2,8,0.25,0,1,0.0,0,0,,1,1,2,4,0,0,2,1,4,,10.4,0
21998,100084,Fran Harris,1611661319,UTA,Utah Starzz,1029800051,1998-07-05,UTA @ SAC,L,23,2,6,0.333,0,1,0.0,0,0,,1,2,3,2,0,0,0,3,4,,10.6,0
21998,100239,Margo Dydek,1611661319,UTA,Utah Starzz,1029800051,1998-07-05,UTA @ SAC,L,21,4,7,0.571,0,0,,3,4,0.75,0,4,4,2,0,2,2,1,11,,22.8,0
21998,100243,Olympia Scott,1611661319,UTA,Utah Starzz,1029800051,1998-07-05,UTA @ SAC,L,21,2,6,0.333,0,0,,2,4,0.5,2,3,5,0,2,1,1,3,6,,20.0,0
21998,100002,Rebecca Lobo,1611661313,NYL,New York Liberty,1029800052,1998-07-06,NYL vs. DET,W,27,5,6,0.833,0,0,,1,2,0.5,2,2,4,0,1,1,2,4,11,,19.8,0
21998,100101,Teresa Weatherspoon,1611661313,NYL,New York Liberty,1029800052,1998-07-06,NYL vs. DET,W,31,4,10,0.4,0,0,,4,4,1.0,0,7,7,4,2,0,1,3,12,,31.4,0
21998,100102,Kym Hampton,1611661313,NYL,New York Liberty,1029800052,1998-07-06,NYL vs. DET,W,6,0,1,0.0,0,0,,3,4,0.75,0,3,3,0,0,0,0,0,3,,6.6,0
21998,100103,Vickie Johnson,1611661313,NYL,New York Liberty,1029800052,1998-07-06,NYL vs. DET,W,25,4,11,0.364,0,0,,0,0,,2,4,6,0,0,0,2,2,8,,13.2,0
21998,100104,Sue Wicks,1611661313,NYL,New York Liberty,1029800052,1998-07-06,NYL vs. DET,W,22,1,2,0.5,0,0,,2,4,0.5,1,0,1,1,0,0,1,4,4,,5.7,0
21998,100105,Sophia Witherspoon,1611661313,NYL,New York Liberty,1029800052,1998-07-06,NYL vs. DET,W,28,4,10,0.4,1,1,1.0,2,2,1.0,1,3,4,1,0,0,3,3,11,,14.3,0
21998,100107,Kisha Ford,1611661313,NYL,New York Liberty,1029800052,1998-07-06,NYL vs. DET,W,22,2,7,0.286,0,0,,0,2,0.0,1,0,1,0,1,0,0,3,4,,8.2,0
21998,100212,Albena Branzova,1611661313,NYL,New York Liberty,1029800052,1998-07-06,NYL vs. DET,W,7,0,1,0.0,0,0,,0,0,,0,2,2,0,0,0,1,0,0,,1.4,0
21998,100213,Elisabeth Cebrian,1611661313,NYL,New York Liberty,1029800052,1998-07-06,NYL vs. DET,W,17,0,3,0.0,0,0,,2,2,1.0,2,1,3,1,0,1,2,2,2,,8.1,0
21998,100216,Alicia Thompson,1611661313,NYL,New York Liberty,1029800052,1998-07-06,NYL vs. DET,W,6,0,1,0.0,0,0,,2,2,1.0,0,0,0,0,0,0,0,0,2,,2.0,0
21998,100217,Coquese Washington,1611661313,NYL,New York Liberty,1029800052,1998-07-06,NYL vs. DET,W,9,0,1,0.0,0,0,,2,2,1.0,0,0,0,2,1,0,1,3,2,,7.0,0
21998,100090,Lynette Woodard,1611661321,DET,Detroit Shock,1029800052,1998-07-06,DET @ NYL,L,19,3,6,0.5,0,0,,3,4,0.75,1,2,3,4,0,0,0,1,9,,18.6,0
21998,100108,Rhonda Blades,1611661321,DET,Detroit Shock,1029800052,1998-07-06,DET @ NYL,L,22,2,7,0.286,2,7,0.286,1,2,0.5,0,1,1,1,0,0,2,2,7,,7.7,0
21998,100246,Gergana Branzova,1611661321,DET,Detroit Shock,1029800052,1998-07-06,DET @ NYL,L,3,0,0,,0,0,,0,0,,0,1,1,0,0,0,1,2,0,,0.2,0
21998,100247,Sandy Brondello,1611661321,DET,Detroit Shock,1029800052,1998-07-06,DET @ NYL,L,35,2,10,0.2,0,1,0.0,3,4,0.75,1,3,4,5,3,0,1,1,7,,27.3,0
21998,100248,Cindy Brown,1611661321,DET,Detroit Shock,1029800052,1998-07-06,DET @ NYL,L,38,6,9,0.667,0,1,0.0,0,3,0.0,4,8,12,1,0,0,2,5,12,,25.9,0
21998,100250,Korie Hlede,1611661321,DET,Detroit Shock,1029800052,1998-07-06,DET @ NYL,L,23,2,8,0.25,0,0,,2,2,1.0,1,1,2,0,0,0,1,4,6,,7.4,0
21998,100253,Razija Brcaninovic,1611661321,DET,Detroit Shock,1029800052,1998-07-06,DET @ NYL,L,28,4,7,0.571,0,0,,0,0,,0,2,2,1,0,2,4,5,8,,13.9,0
21998,100255,Rachael Sporn,1611661321,DET,Detroit Shock,1029800052,1998-07-06,DET @ NYL,L,11,1,1,1.0,0,0,,0,2,0.0,0,1,1,0,0,0,1,2,2,,2.2,0
21998,100269,Carla Boyd,1611661321,DET,Detroit Shock,1029800052,1998-07-06,DET @ NYL,L,21,2,9,0.222,0,1,0.0,1,2,0.5,3,1,4,1,1,0,1,4,5,,13.3,0
21998,100049,Raegan Scott,1611661315,CLE,Cleveland Rockers,1029800053,1998-07-06,CLE vs. HOU,L,2,0,0,,0,0,,0,0,,0,0,0,0,0,0,0,1,0,,0.0,0
21998,100087,Janice Braxton,1611661315,CLE,Cleveland Rockers,1029800053,1998-07-06,CLE vs. HOU,L,30,5,9,0.556,0,0,,3,4,0.75,1,3,4,3,0,0,2,1,13,,20.3,0
21998,100088,Michelle Edwards,1611661315,CLE,Cleveland Rockers,1029800053,1998-07-06,CLE vs. HOU,L,4,0,2,0.0,0,0,,0,0,,0,0,0,0,0,0,2,0,0,,-2.0,0
21998,100089,Isabelle Fijalkowski,1611661315,CLE,Cleveland Rockers,1029800053,1998-07-06,CLE vs. HOU,L,31,1,7,0.143,0,0,,4,4,1.0,1,8,9,2,0,1,5,2,6,,17.8,0
21998,100091,Eva Nemcova,1611661315,CLE,Cleveland Rockers,1029800053,1998-07-06,CLE vs. HOU,L,38,6,10,0.6,0,1,0.0,0,0,,1,0,1,2,0,1,3,4,12,,16.2,0
21998,100092,Merlakia Jones,1611661315,CLE,Cleveland Rockers,1029800053,1998-07-06,CLE vs. HOU,L,19,5,6,0.833,3,4,0.75,0,0,,1,0,1,0,0,0,3,5,13,,11.2,0
21998,100097,Rushia Brown,1611661315,CLE,Cleveland Rockers,1029800053,1998-07-06,CLE vs. HOU,L,17,1,4,0.25,0,1,0.0,4,4,1.0,1,3,4,3,1,1,0,4,6,,21.3,0
21998,100100,Adrienne Johnson,1611661315,CLE,Cleveland Rockers,1029800053,1998-07-06,CLE vs. HOU,L,14,2,4,0.5,1,2,0.5,0,0,,0,5,5,1,0,0,2,1,5,,10.5,0
21998,100183,Cindy Blodgett,1611661315,CLE,Cleveland Rockers,1029800053,1998-07-06,CLE vs. HOU,L,10,0,4,0.0,0,1,0.0,2,2,1.0,1,1,2,3,2,0,1,0,2,,13.9,0
21998,100187,Suzie McConnell Serio,1611661315,CLE,Cleveland Rockers,1029800053,1998-07-06,CLE vs. HOU,L,19,1,5,0.2,1,3,0.333,0,0,,0,2,2,4,1,0,3,1,3,,11.4,0
21998,100284,Tully Bevilaqua,1611661315,CLE,Cleveland Rockers,1029800053,1998-07-06,CLE vs. HOU,L,16,2,2,1.0,0,0,,0,0,,0,0,0,1,1,0,2,1,4,,6.5,0
21998,100072,Sheryl Swoopes,1611661316,HOU,Houston Comets,1029800053,1998-07-06,HOU @ CLE,W,22,7,10,0.7,3,3,1.0,1,2,0.5,1,2,3,7,4,0,0,0,18,,44.1,0
21998,100073,Cynthia Cooper,1611661316,HOU,Houston Comets,1029800053,1998-07-06,HOU @ CLE,W,34,6,14,0.429,3,5,0.6,3,4,0.75,1,2,3,5,4,0,4,3,18,,37.1,0
21998,100075,Janeth Arcain,1611661316,HOU,Houston Comets,1029800053,1998-07-06,HOU @ CLE,W,27,2,5,0.4,1,2,0.5,5,6,0.833,2,2,4,2,1,0,1,0,10,,19.8,0
21998,100076,Tina Thompson,1611661316,HOU,Houston Comets,1029800053,1998-07-06,HOU @ CLE,W,33,4,16,0.25,2,6,0.333,1,1,1.0,2,4,6,1,3,1,2,4,11,,29.7,0
21998,100077,Tammy Jackson,1611661316,HOU,Houston Comets,1029800053,1998-07-06,HOU @ CLE,W,4,0,0,,0,0,,0,0,,0,0,0,1,0,1,1,2,0,,3.5,0
21998,100083,Kim Perrot,1611661316,HOU,Houston Comets,1029800053,1998-07-06,HOU @ CLE,W,27,2,6,0.333,2,3,0.667,1,4,0.25,0,4,4,1,2,0,4,3,7,,15.3,0
21998,100085,Yolanda Moore,1611661316,HOU,Houston Comets,1029800053,1998-07-06,HOU @ CLE,W,27,2,4,0.5,0,0,,2,2,1.0,1,6,7,0,1,0,0,2,6,,17.4,0
21998,100086,Tiffany Woosley,1611661316,HOU,Houston Comets,1029800053,1998-07-06,HOU @ CLE,W,7,0,1,0.0,0,1,0.0,0,0,,0,0,0,1,0,0,2,1,0,,-0.5,0
21998,100207,Monica Lamb,1611661316,HOU,Houston Comets,1029800053,1998-07-06,HOU @ CLE,W,13,2,3,0.667,0,0,,0,0,,0,0,0,0,1,0,0,3,4,,7.0,0
21998,100208,Nyree Roberts,1611661316,HOU,Houston Comets,1029800053,1998-07-06,HOU @ CLE,W,3,0,0,,0,0,,0,0,,1,0,1,1,0,0,1,0,0,,1.7,0
21998,100211,Amaya Valdemoro,1611661316,HOU,Houston Comets,1029800053,1998-07-06,HOU @ CLE,W,3,1,2,0.5,0,0,,2,2,1.0,0,1,1,0,0,0,2,0,4,,3.2,0
21998,100011,Linda Burgess,1611661318,SAC,Sacramento Monarchs,1029800054,1998-07-06,SAC @ UTA,L,23,4,10,0.4,0,1,0.0,0,0,,2,6,8,2,0,0,2,3,8,,18.6,0
21998,100017,Bridgette Gordon,1611661318,SAC,Sacramento Monarchs,1029800054,1998-07-06,SAC @ UTA,L,12,2,5,0.4,0,1,0.0,0,0,,0,0,0,1,2,0,1,0,4,,10.5,0
21998,100027,Latasha Byears,1611661318,SAC,Sacramento Monarchs,1029800054,1998-07-06,SAC @ UTA,L,31,6,15,0.4,0,3,0.0,1,2,0.5,1,3,4,0,1,0,0,4,13,,20.8,0
21998,100044,Lady Grooms,1611661318,SAC,Sacramento Monarchs,1029800054,1998-07-06,SAC @ UTA,L,25,1,2,0.5,0,0,,0,0,,1,2,3,4,0,0,0,2,2,,11.6,0
21998,100175,Rehema Stephens,1611661318,SAC,Sacramento Monarchs,1029800054,1998-07-06,SAC @ UTA,L,7,1,4,0.25,0,0,,1,2,0.5,2,0,2,0,1,1,0,0,3,,11.4,0
21998,100230,Quacy Barnes,1611661318,SAC,Sacramento Monarchs,1029800054,1998-07-06,SAC @ UTA,L,2,0,0,,0,0,,0,0,,0,0,0,0,0,0,0,1,0,,0.0,0
21998,100231,Adia Barnes,1611661318,SAC,Sacramento Monarchs,1029800054,1998-07-06,SAC @ UTA,L,31,3,10,0.3,1,3,0.333,0,0,,1,2,3,1,1,0,1,3,7,,14.1,0
21998,100234,Ticha Penicheiro,1611661318,SAC,Sacramento Monarchs,1029800054,1998-07-06,SAC @ UTA,L,35,0,2,0.0,0,0,,4,4,1.0,1,4,5,10,2,0,4,1,4,,27.0,0
21998,100235,Franthea Price,1611661318,SAC,Sacramento Monarchs,1029800054,1998-07-06,SAC @ UTA,L,17,5,8,0.625,4,7,0.571,0,0,,0,1,1,1,1,0,0,2,14,,19.7,0
21998,100236,Tangela Smith,1611661318,SAC,Sacramento Monarchs,1029800054,1998-07-06,SAC @ UTA,L,17,4,7,0.571,1,1,1.0,0,0,,2,3,5,0,1,1,2,2,9,,19.0,0
21998,100022,Chantel Tremitiere,1611661319,UTA,Utah Starzz,1029800054,1998-07-06,UTA vs. SAC,W,27,2,3,0.667,2,3,0.667,5,6,0.833,0,4,4,5,0,0,1,1,11,,22.3,0
21998,100043,Elena Baranova,1611661319,UTA,Utah Starzz,1029800054,1998-07-06,UTA vs. SAC,W,38,8,15,0.533,2,4,0.5,4,4,1.0,4,9,13,3,0,0,3,1,22,,39.1,0
21998,100045,Dena Head,1611661319,UTA,Utah Starzz,1029800054,1998-07-06,UTA vs. SAC,W,13,2,3,0.667,0,0,,2,2,1.0,0,0,0,2,2,0,1,2,6,,14.0,0
21998,100046,Wendy Palmer,1611661319,UTA,Utah Starzz,1029800054,1998-07-06,UTA vs. SAC,W,19,3,5,0.6,0,0,,3,4,0.75,2,4,6,1,0,1,1,1,9,,19.7,0
21998,100047,Tammi Reiss,1611661319,UTA,Utah Starzz,1029800054,1998-07-06,UTA vs. SAC,W,21,3,7,0.429,1,4,0.25,0,0,,0,2,2,1,1,0,0,0,7,,13.9,0
21998,100050,Kim Williams,1611661319,UTA,Utah Starzz,1029800054,1998-07-06,UTA vs. SAC,W,16,1,5,0.2,0,0,,0,0,,3,2,5,2,0,0,3,1,2,,8.0,0
21998,100084,Fran Harris,1611661319,UTA,Utah Starzz,1029800054,1998-07-06,UTA vs. SAC,W,4,0,1,0.0,0,0,,0,0,,0,0,0,0,0,0,0,1,0,,0.0,0
21998,100237,Tricia Bader Binford,1611661319,UTA,Utah Starzz,1029800054,1998-07-06,UTA vs. SAC,W,2,0,0,,0,0,,0,0,,0,0,0,0,0,0,1,0,0,,-1.0,0
21998,100239,Margo Dydek,1611661319,UTA,Utah Starzz,1029800054,1998-07-06,UTA vs. SAC,W,30,2,9,0.222,0,0,,1,1,1.0,2,4,6,1,0,5,0,3,5,,28.7,0
21998,100242,LaTonya Johnson,1611661319,UTA,Utah Starzz,1029800054,1998-07-06,UTA vs. SAC,W,9,0,2,0.0,0,1,0.0,0,0,,0,0,0,1,0,0,0,0,0,,1.5,0
21998,100243,Olympia Scott,1611661319,UTA,Utah Starzz,1029800054,1998-07-06,UTA vs. SAC,W,21,1,4,0.25,0,0,,4,6,0.667,0,1,1,0,0,0,4,2,6,,3.2,0
21998,100058,Vicky Bullett,1611661314,CHA,Charlotte Sting,1029800055,1998-07-07,CHA @ LAS,L,29,5,12,0.417,0,1,0.0,3,3,1.0,1,4,5,2,2,1,1,4,13,,30.0,0
21998,100059,Andrea Stinson,1611661314,CHA,Charlotte Sting,1029800055,1998-07-07,CHA @ LAS,L,36,10,22,0.455,1,4,0.25,0,0,,2,8,10,4,2,0,3,1,21,,42.0,0
21998,100062,Tora Suber,1611661314,CHA,Charlotte Sting,1029800055,1998-07-07,CHA @ LAS,L,13,0,3,0.0,0,2,0.0,0,0,,2,0,2,0,1,0,5,1,0,,0.4,0
21998,100063,Sharon Manning,1611661314,CHA,Charlotte Sting,1029800055,1998-07-07,CHA @ LAS,L,22,3,6,0.5,0,0,,1,1,1.0,2,3,5,1,1,1,0,2,7,,20.5,0
21998,100065,Andrea Congreaves,1611661314,CHA,Charlotte Sting,1029800055,1998-07-07,CHA @ LAS,L,22,2,4,0.5,2,3,0.667,2,2,1.0,1,2,3,3,0,0,2,2,8,,14.1,0
21998,100070,Tia Paschal,1611661314,CHA,Charlotte Sting,1029800055,1998-07-07,CHA @ LAS,L,2,0,0,,0,0,,0,0,,0,0,0,0,0,0,1,0,0,,-1.0,0
21998,100178,Sonia Chase,1611661314,CHA,Charlotte Sting,1029800055,1998-07-07,CHA @ LAS,L,12,0,0,,0,0,,0,0,,1,0,1,2,0,0,1,2,0,,3.2,0
21998,100180,Pollyanna Johns Kimbrough,1611661314,CHA,Charlotte Sting,1029800055,1998-07-07,CHA @ LAS,L,7,0,1,0.0,0,0,,0,2,0.0,0,0,0,0,1,0,0,1,0,,3.0,0
21998,100181,Christy Smith,1611661314,CHA,Charlotte Sting,1029800055,1998-07-07,CHA @ LAS,L,25,4,6,0.667,3,5,0.6,0,0,,0,1,1,6,0,0,3,2,11,,18.2,0
21998,100182,Tracy Reid,1611661314,CHA,Charlotte Sting,1029800055,1998-07-07,CHA @ LAS,L,32,7,12,0.583,0,0,,5,9,0.556,1,4,5,1,1,0,2,1,19,,27.5,0
21998,100003,Lisa Leslie,1611661320,LAS,Los Angeles Sparks,1029800055,1998-07-07,LAS vs. CHA,W,36,9,19,0.474,0,1,0.0,6,8,0.75,3,4,7,4,2,2,4,4,24,,46.4,0
21998,100004,Penny Toler,1611661320,LAS,Los Angeles Sparks,1029800055,1998-07-07,LAS vs. CHA,W,34,6,11,0.545,0,0,,3,4,0.75,1,3,4,5,1,0,4,3,15,,26.3,0
21998,100007,Jamila Wideman,1611661320,LAS,Los Angeles Sparks,1029800055,1998-07-07,LAS vs. CHA,W,11,1,1,1.0,0,0,,0,0,,0,0,0,3,1,0,0,0,2,,9.5,0
21998,100008,Tamecka Dixon,1611661320,LAS,Los Angeles Sparks,1029800055,1998-07-07,LAS vs. CHA,W,32,8,12,0.667,0,0,,3,3,1.0,1,2,3,1,4,1,3,0,19,,36.1,0
21998,100009,Katrina Colleton,1611661320,LAS,Los Angeles Sparks,1029800055,1998-07-07,LAS vs. CHA,W,23,1,5,0.2,0,1,0.0,0,0,,2,2,4,2,2,0,0,1,2,,15.8,0
21998,100012,Mwadi Mabika,1611661320,LAS,Los Angeles Sparks,1029800055,1998-07-07,LAS vs. CHA,W,20,5,12,0.417,2,3,0.667,3,5,0.6,1,3,4,5,0,1,0,3,15,,30.3,0
21998,100020,Pam McGee,1611661320,LAS,Los Angeles Sparks,1029800055,1998-07-07,LAS vs. CHA,W,20,2,3,0.667,0,0,,0,0,,3,3,6,0,1,0,1,4,4,,13.2,0
21998,100169,Octavia Blue,1611661320,LAS,Los Angeles Sparks,1029800055,1998-07-07,LAS vs. CHA,W,4,0,0,,0,0,,0,0,,0,1,1,0,0,0,0,1,0,,1.2,0
21998,100176,Sandra VanEmbricqs,1611661320,LAS,Los Angeles Sparks,1029800055,1998-07-07,LAS vs. CHA,W,20,2,3,0.667,0,0,,1,2,0.5,0,5,5,0,1,1,2,4,5,,15.0,0
21998,100002,Rebecca Lobo,1611661313,NYL,New York Liberty,1029800056,1998-07-08,NYL vs. HOU,L,34,5,7,0.714,0,1,0.0,4,4,1.0,1,3,4,3,0,0,2,1,14,,21.3,0
21998,100101,Teresa Weatherspoon,1611661313,NYL,New York Liberty,1029800056,1998-07-08,NYL vs. HOU,L,37,3,7,0.429,1,1,1.0,3,4,0.75,0,2,2,6,3,0,2,4,10,,28.4,0
21998,100102,Kym Hampton,1611661313,NYL,New York Liberty,1029800056,1998-07-08,NYL vs. HOU,L,19,1,3,0.333,0,0,,0,0,,1,3,4,1,0,1,4,2,2,,7.3,0
21998,100103,Vickie Johnson,1611661313,NYL,New York Liberty,1029800056,1998-07-08,NYL vs. HOU,L,25,5,12,0.417,1,2,0.5,0,0,,1,0,1,0,0,0,0,3,11,,12.2,0
21998,100104,Sue Wicks,1611661313,NYL,New York Liberty,1029800056,1998-07-08,NYL vs. HOU,L,21,3,6,0.5,0,1,0.0,0,0,,1,2,3,1,1,0,3,2,6,,11.1,0
21998,100105,Sophia Witherspoon,1611661313,NYL,New York Liberty,1029800056,1998-07-08,NYL vs. HOU,L,24,1,6,0.167,0,0,,2,2,1.0,1,0,1,0,0,0,2,2,4,,3.2,0
21998,100107,Kisha Ford,1611661313,NYL,New York Liberty,1029800056,1998-07-08,NYL vs. HOU,L,20,2,8,0.25,0,0,,1,2,0.5,0,0,0,3,2,0,1,5,5,,14.5,0
21998,100213,Elisabeth Cebrian,1611661313,NYL,New York Liberty,1029800056,1998-07-08,NYL vs. HOU,L,6,0,0,,0,0,,0,0,,0,2,2,0,0,0,0,0,0,,2.4,0
21998,100216,Alicia Thompson,1611661313,NYL,New York Liberty,1029800056,1998-07-08,NYL vs. HOU,L,11,0,1,0.0,0,0,,0,0,,0,3,3,0,0,0,0,1,0,,3.6,0
21998,100217,Coquese Washington,1611661313,NYL,New York Liberty,1029800056,1998-07-08,NYL vs. HOU,L,3,1,2,0.5,0,1,0.0,0,0,,0,0,0,0,1,0,2,0,2,,3.0,0
21998,100072,Sheryl Swoopes,1611661316,HOU,Houston Comets,1029800056,1998-07-08,HOU @ NYL,W,27,5,10,0.5,1,1,1.0,1,1,1.0,1,6,7,2,1,2,0,0,12,,32.4,0
21998,100073,Cynthia Cooper,1611661316,HOU,Houston Comets,1029800056,1998-07-08,HOU @ NYL,W,32,7,16,0.438,6,9,0.667,3,3,1.0,0,3,3,4,3,1,1,2,23,,43.6,0
21998,100075,Janeth Arcain,1611661316,HOU,Houston Comets,1029800056,1998-07-08,HOU @ NYL,W,23,7,11,0.636,0,1,0.0,0,0,,3,0,3,1,1,1,1,3,14,,24.1,0
21998,100076,Tina Thompson,1611661316,HOU,Houston Comets,1029800056,1998-07-08,HOU @ NYL,W,30,5,9,0.556,3,4,0.75,2,2,1.0,1,3,4,2,0,0,2,4,15,,20.8,0
21998,100077,Tammy Jackson,1611661316,HOU,Houston Comets,1029800056,1998-07-08,HOU @ NYL,W,4,0,0,,0,0,,1,2,0.5,0,1,1,0,0,0,1,0,1,,1.2,0
21998,100083,Kim Perrot,1611661316,HOU,Houston Comets,1029800056,1998-07-08,HOU @ NYL,W,30,1,6,0.167,0,3,0.0,6,8,0.75,0,4,4,8,3,0,4,2,8,,29.8,0
21998,100085,Yolanda Moore,1611661316,HOU,Houston Comets,1029800056,1998-07-08,HOU @ NYL,W,19,0,1,0.0,0,0,,0,0,,1,0,1,0,0,0,0,3,0,,1.2,0
21998,100086,Tiffany Woosley,1611661316,HOU,Houston Comets,1029800056,1998-07-08,HOU @ NYL,W,4,1,1,1.0,0,0,,0,0,,1,0,1,0,0,0,0,0,2,,3.2,0
21998,100207,Monica Lamb,1611661316,HOU,Houston Comets,1029800056,1998-07-08,HOU @ NYL,W,22,2,4,0.5,0,0,,0,0,,4,3,7,0,0,0,2,1,4,,10.4,0
21998,100208,Nyree Roberts,1611661316,HOU,Houston Comets,1029800056,1998-07-08,HOU @ NYL,W,6,0,0,,0,0,,0,0,,0,0,0,0,0,0,0,0,0,,0.0,0
21998,100211,Amaya Valdemoro,1611661316,HOU,Houston Comets,1029800056,1998-07-08,HOU @ NYL,W,3,0,0,,0,0,,0,0,,0,0,0,0,1,0,1,0,0,,2.0,0
21998,100049,Raegan Scott,1611661315,CLE,Cleveland Rockers,1029800057,1998-07-08,CLE vs. WAS,W,20,2,4,0.5,0,0,,1,2,0.5,2,1,3,0,2,0,2,3,5,,12.6,0
21998,100087,Janice Braxton,1611661315,CLE,Cleveland Rockers,1029800057,1998-07-08,CLE vs. WAS,W,24,2,5,0.4,0,0,,2,4,0.5,1,2,3,3,5,0,1,2,6,,28.1,0
21998,100088,Michelle Edwards,1611661315,CLE,Cleveland Rockers,1029800057,1998-07-08,CLE vs. WAS,W,16,2,3,0.667,0,1,0.0,2,3,0.667,0,0,0,2,0,0,0,1,6,,9.0,0
21998,100091,Eva Nemcova,1611661315,CLE,Cleveland Rockers,1029800057,1998-07-08,CLE vs. WAS,W,35,6,13,0.462,1,1,1.0,2,2,1.0,3,4,7,0,2,0,4,4,15,,25.4,0
21998,100092,Merlakia Jones,1611661315,CLE,Cleveland Rockers,1029800057,1998-07-08,CLE vs. WAS,W,24,4,8,0.5,0,0,,0,0,,0,4,4,3,0,0,1,2,8,,16.3,0
21998,100097,Rushia Brown,1611661315,CLE,Cleveland Rockers,1029800057,1998-07-08,CLE vs. WAS,W,18,4,10,0.4,0,0,,6,6,1.0,2,4,6,1,3,0,1,5,14,,30.7,0
21998,100100,Adrienne Johnson,1611661315,CLE,Cleveland Rockers,1029800057,1998-07-08,CLE vs. WAS,W,16,2,5,0.4,1,2,0.5,0,0,,0,1,1,0,1,0,0,0,5,,9.2,0
21998,100183,Cindy Blodgett,1611661315,CLE,Cleveland Rockers,1029800057,1998-07-08,CLE vs. WAS,W,7,0,3,0.0,0,2,0.0,2,4,0.5,0,0,0,0,1,0,0,1,2,,5.0,0
21998,100187,Suzie McConnell Serio,1611661315,CLE,Cleveland Rockers,1029800057,1998-07-08,CLE vs. WAS,W,31,4,7,0.571,1,2,0.5,5,9,0.556,0,1,1,6,0,1,5,1,14,,22.2,0
21998,100284,Tully Bevilaqua,1611661315,CLE,Cleveland Rockers,1029800057,1998-07-08,CLE vs. WAS,W,9,1,2,0.5,0,1,0.0,0,0,,1,1,2,3,0,0,1,0,2,,7.9,0
21998,100052,Deborah Carter,1611661322,WAS,Washington Mystics,1029800057,1998-07-08,WAS @ CLE,L,4,0,1,0.0,0,0,,0,0,,0,0,0,0,0,0,1,0,0,,-1.0,0
21998,100156,Heidi Burge,1611661322,WAS,Washington Mystics,1029800057,1998-07-08,WAS @ CLE,L,16,4,5,0.8,0,0,,2,4,0.5,2,3,5,1,0,1,3,3,10,,17.5,0
21998,100193,La'Shawn Brown,1611661322,WAS,Washington Mystics,1029800057,1998-07-08,WAS @ CLE,L,3,0,0,,0,0,,0,0,,0,2,2,0,0,0,1,0,0,,1.4,0
21998,100194,Keri Chaconas,1611661322,WAS,Washington Mystics,1029800057,1998-07-08,WAS @ CLE,L,22,3,8,0.375,3,6,0.5,4,5,0.8,0,1,1,0,1,0,1,4,13,,16.2,0
21998,100198,Nikki McCray,1611661322,WAS,Washington Mystics,1029800057,1998-07-08,WAS @ CLE,L,31,5,13,0.385,0,3,0.0,4,5,0.8,3,4,7,3,0,0,5,5,14,,21.9,0
21998,100199,Murriel Page,1611661322,WAS,Washington Mystics,1029800057,1998-07-08,WAS @ CLE,L,26,2,3,0.667,0,0,,1,2,0.5,0,2,2,0,0,0,1,4,5,,6.4,0
21998,100201,Alessandra Santos de Olive,1611661322,WAS,Washington Mystics,1029800057,1998-07-08,WAS @ CLE,L,31,4,6,0.667,0,0,,2,4,0.5,2,4,6,0,1,0,8,3,10,,12.2,0
21998,100202,Adrienne Shuler,1611661322,WAS,Washington Mystics,1029800057,1998-07-08,WAS @ CLE,L,12,1,4,0.25,0,1,0.0,0,0,,0,1,1,0,1,0,2,1,2,,4.2,0
21998,100204,Rita Williams,1611661322,WAS,Washington Mystics,1029800057,1998-07-08,WAS @ CLE,L,21,2,3,0.667,0,1,0.0,1,2,0.5,1,2,3,4,4,0,2,2,5,,24.6,0
21998,100283,Leila de Souza Sobral,1611661322,WAS,Washington Mystics,1029800057,1998-07-08,WAS @ CLE,L,4,0,1,0.0,0,0,,0,0,,0,0,0,1,0,0,1,0,0,,0.5,0
21998,100374,Penny Moore,1611661322,WAS,Washington Mystics,1029800057,1998-07-08,WAS @ CLE,L,30,1,6,0.167,1,3,0.333,3,4,0.75,1,2,3,5,3,3,2,3,6,,33.1,0
21998,100019,Mikiko Hagiwara,1611661317,PHO,Phoenix Mercury,1029800058,1998-07-08,PHO @ DET,W,8,1,1,1.0,1,1,1.0,0,0,,0,0,0,1,0,0,2,2,3,,2.5,0
21998,100029,Michele Timms,1611661317,PHO,Phoenix Mercury,1029800058,1998-07-08,PHO @ DET,W,35,6,10,0.6,3,5,0.6,0,2,0.0,0,4,4,8,1,0,3,2,15,,31.8,0
21998,100030,Jennifer Gillom,1611661317,PHO,Phoenix Mercury,1029800058,1998-07-08,PHO @ DET,W,34,9,18,0.5,3,4,0.75,3,6,0.5,1,9,10,1,0,0,5,4,24,,32.5,0
21998,100031,Bridget Pettis,1611661317,PHO,Phoenix Mercury,1029800058,1998-07-08,PHO @ DET,W,28,2,10,0.2,1,3,0.333,0,0,,0,2,2,4,2,1,1,4,5,,21.4,0
21998,100035,Umeki Webb,1611661317,PHO,Phoenix Mercury,1029800058,1998-07-08,PHO @ DET,W,34,2,3,0.667,0,0,,0,0,,0,1,1,2,0,0,2,3,4,,6.2,0
21998,100037,Marlies Askamp,1611661317,PHO,Phoenix Mercury,1029800058,1998-07-08,PHO @ DET,W,18,1,4,0.25,0,0,,4,4,1.0,2,2,4,0,2,1,2,4,6,,17.8,0
21998,100221,Michelle Brogan,1611661317,PHO,Phoenix Mercury,1029800058,1998-07-08,PHO @ DET,W,8,1,2,0.5,0,0,,2,2,1.0,2,2,4,1,1,0,1,0,4,,12.3,0
21998,100222,Kristi Harrower,1611661317,PHO,Phoenix Mercury,1029800058,1998-07-08,PHO @ DET,W,8,0,1,0.0,0,1,0.0,0,0,,0,0,0,0,0,0,1,0,0,,-1.0,0
21998,100224,Andrea Kuklova,1611661317,PHO,Phoenix Mercury,1029800058,1998-07-08,PHO @ DET,W,6,1,3,0.333,0,0,,0,0,,0,1,1,0,1,0,0,0,2,,6.2,0
21998,100225,Brandy Reed,1611661317,PHO,Phoenix Mercury,1029800058,1998-07-08,PHO @ DET,W,1,0,0,,0,0,,0,0,,0,0,0,0,0,0,0,1,0,,0.0,0
21998,100227,Maria Stepanova,1611661317,PHO,Phoenix Mercury,1029800058,1998-07-08,PHO @ DET,W,20,7,13,0.538,0,0,,1,3,0.333,3,5,8,1,0,0,0,4,15,,26.1,0
21998,100090,Lynette Woodard,1611661321,DET,Detroit Shock,1029800058,1998-07-08,DET vs. PHO,L,12,0,4,0.0,0,0,,1,4,0.25,2,0,2,0,1,0,1,1,1,,5.4,0
21998,100108,Rhonda Blades,1611661321,DET,Detroit Shock,1029800058,1998-07-08,DET vs. PHO,L,12,1,3,0.333,1,2,0.5,0,0,,0,1,1,0,0,0,0,2,3,,4.2,0
21998,100246,Gergana Branzova,1611661321,DET,Detroit Shock,1029800058,1998-07-08,DET vs. PHO,L,4,0,0,,0,0,,1,2,0.5,0,0,0,0,0,0,0,0,1,,1.0,0
21998,100247,Sandy Brondello,1611661321,DET,Detroit Shock,1029800058,1998-07-08,DET vs. PHO,L,36,7,15,0.467,1,2,0.5,2,3,0.667,0,2,2,8,2,0,0,2,17,,37.4,0
21998,100248,Cindy Brown,1611661321,DET,Detroit Shock,1029800058,1998-07-08,DET vs. PHO,L,33,3,6,0.5,1,2,0.5,5,6,0.833,1,8,9,1,3,1,4,5,12,,32.3,0
21998,100250,Korie Hlede,1611661321,DET,Detroit Shock,1029800058,1998-07-08,DET vs. PHO,L,32,3,12,0.25,0,1,0.0,4,4,1.0,0,3,3,1,0,0,4,2,10,,11.1,0
21998,100253,Razija Brcaninovic,1611661321,DET,Detroit Shock,1029800058,1998-07-08,DET vs. PHO,L,20,3,4,0.75,0,0,,2,2,1.0,2,3,5,1,0,0,4,3,8,,11.5,0
21998,100255,Rachael Sporn,1611661321,DET,Detroit Shock,1029800058,1998-07-08,DET vs. PHO,L,23,3,8,0.375,0,0,,0,1,0.0,4,1,5,1,0,0,3,4,6,,10.5,0
21998,100269,Carla Boyd,1611661321,DET,Detroit Shock,1029800058,1998-07-08,DET vs. PHO,L,28,6,12,0.5,3,4,0.75,3,4,0.75,2,5,7,1,0,0,2,4,18,,25.9,0
21998,100058,Vicky Bullett,1611661314,CHA,Charlotte Sting,1029800059,1998-07-08,CHA @ UTA,W,29,4,7,0.571,0,1,0.0,4,6,0.667,0,3,3,1,1,1,1,4,12,,22.1,0
21998,100059,Andrea Stinson,1611661314,CHA,Charlotte Sting,1029800059,1998-07-08,CHA @ UTA,W,37,6,14,0.429,0,2,0.0,2,4,0.5,0,3,3,6,3,0,2,1,14,,33.6,0
21998,100062,Tora Suber,1611661314,CHA,Charlotte Sting,1029800059,1998-07-08,CHA @ UTA,W,13,0,3,0.0,0,2,0.0,0,0,,0,0,0,0,0,0,1,0,0,,-1.0,0
21998,100063,Sharon Manning,1611661314,CHA,Charlotte Sting,1029800059,1998-07-08,CHA @ UTA,W,21,4,7,0.571,0,0,,4,5,0.8,1,2,3,0,1,1,1,4,12,,20.6,0
21998,100065,Andrea Congreaves,1611661314,CHA,Charlotte Sting,1029800059,1998-07-08,CHA @ UTA,W,21,6,8,0.75,2,3,0.667,0,0,,2,3,5,1,0,0,0,5,14,,21.5,0
21998,100178,Sonia Chase,1611661314,CHA,Charlotte Sting,1029800059,1998-07-08,CHA @ UTA,W,4,0,0,,0,0,,0,0,,0,0,0,0,0,0,1,0,0,,-1.0,0
21998,100180,Pollyanna Johns Kimbrough,1611661314,CHA,Charlotte Sting,1029800059,1998-07-08,CHA @ UTA,W,9,1,3,0.333,0,0,,3,3,1.0,1,1,2,0,0,1,1,0,5,,9.4,0
21998,100181,Christy Smith,1611661314,CHA,Charlotte Sting,1029800059,1998-07-08,CHA @ UTA,W,30,1,2,0.5,1,2,0.5,4,4,1.0,0,3,3,6,0,0,7,0,7,,12.6,0
21998,100182,Tracy Reid,1611661314,CHA,Charlotte Sting,1029800059,1998-07-08,CHA @ UTA,W,36,2,8,0.25,0,0,,9,10,0.9,3,3,6,2,3,0,3,0,13,,29.2,0
21998,100022,Chantel Tremitiere,1611661319,UTA,Utah Starzz,1029800059,1998-07-08,UTA vs. CHA,L,18,1,2,0.5,1,2,0.5,0,0,,0,3,3,3,0,0,2,0,3,,9.1,0
21998,100045,Dena Head,1611661319,UTA,Utah Starzz,1029800059,1998-07-08,UTA vs. CHA,L,22,0,1,0.0,0,1,0.0,0,0,,0,0,0,4,2,0,3,4,0,,9.0,0
21998,100046,Wendy Palmer,1611661319,UTA,Utah Starzz,1029800059,1998-07-08,UTA vs. CHA,L,34,14,20,0.7,0,0,,2,3,0.667,4,4,8,0,0,1,1,3,30,,41.6,0
21998,100050,Kim Williams,1611661319,UTA,Utah Starzz,1029800059,1998-07-08,UTA vs. CHA,L,18,2,8,0.25,1,2,0.5,0,0,,1,0,1,0,1,0,1,2,5,,8.2,0
21998,100084,Fran Harris,1611661319,UTA,Utah Starzz,1029800059,1998-07-08,UTA vs. CHA,L,33,3,9,0.333,0,0,,2,2,1.0,0,2,2,3,2,1,3,4,8,,20.9,0
21998,100237,Tricia Bader Binford,1611661319,UTA,Utah Starzz,1029800059,1998-07-08,UTA vs. CHA,L,23,0,3,0.0,0,1,0.0,0,0,,0,2,2,4,3,0,3,6,0,,14.4,0
21998,100239,Margo Dydek,1611661319,UTA,Utah Starzz,1029800059,1998-07-08,UTA vs. CHA,L,27,8,13,0.615,1,1,1.0,2,2,1.0,2,5,7,3,0,2,2,5,19,,35.9,0
21998,100242,LaTonya Johnson,1611661319,UTA,Utah Starzz,1029800059,1998-07-08,UTA vs. CHA,L,6,0,2,0.0,0,1,0.0,0,0,,0,2,2,0,0,0,2,2,0,,0.4,0
21998,100243,Olympia Scott,1611661319,UTA,Utah Starzz,1029800059,1998-07-08,UTA vs. CHA,L,19,1,3,0.333,0,0,,2,2,1.0,0,1,1,2,0,1,3,1,4,,8.2,0
21998,100011,Linda Burgess,1611661318,SAC,Sacramento Monarchs,1029800060,1998-07-08,SAC @ LAS,W,21,0,1,0.0,0,0,,0,0,,0,3,3,0,2,0,2,4,0,,7.6,0
21998,100017,Bridgette Gordon,1611661318,SAC,Sacramento Monarchs,1029800060,1998-07-08,SAC @ LAS,W,14,2,3,0.667,0,0,,1,2,0.5,0,1,1,1,0,0,0,2,5,,7.7,0
21998,100027,Latasha Byears,1611661318,SAC,Sacramento Monarchs,1029800060,1998-07-08,SAC @ LAS,W,28,7,13,0.538,0,0,,4,6,0.667,1,5,6,0,1,0,1,4,18,,27.2,0
21998,100044,Lady Grooms,1611661318,SAC,Sacramento Monarchs,1029800060,1998-07-08,SAC @ LAS,W,15,1,3,0.333,0,0,,2,2,1.0,0,1,1,2,0,0,2,0,4,,6.2,0
21998,100175,Rehema Stephens,1611661318,SAC,Sacramento Monarchs,1029800060,1998-07-08,SAC @ LAS,W,17,3,5,0.6,1,2,0.5,0,0,,1,2,3,2,0,0,3,2,7,,10.6,0
21998,100223,Pauline Jordan,1611661318,SAC,Sacramento Monarchs,1029800060,1998-07-08,SAC @ LAS,W,12,1,1,1.0,0,0,,0,0,,0,2,2,2,0,1,2,4,2,,8.4,0
21998,100230,Quacy Barnes,1611661318,SAC,Sacramento Monarchs,1029800060,1998-07-08,SAC @ LAS,W,2,0,0,,0,0,,0,0,,0,0,0,0,0,0,0,0,0,,0.0,0
21998,100231,Adia Barnes,1611661318,SAC,Sacramento Monarchs,1029800060,1998-07-08,SAC @ LAS,W,17,3,6,0.5,0,0,,2,2,1.0,1,3,4,1,0,0,0,2,8,,14.3,0
21998,100234,Ticha Penicheiro,1611661318,SAC,Sacramento Monarchs,1029800060,1998-07-08,SAC @ LAS,W,39,1,4,0.25,0,1,0.0,0,0,,0,6,6,11,3,0,4,3,2,,30.7,0
21998,100235,Franthea Price,1611661318,SAC,Sacramento Monarchs,1029800060,1998-07-08,SAC @ LAS,W,11,3,7,0.429,3,5,0.6,1,3,0.333,0,0,0,2,0,0,0,2,10,,13.0,0
21998,100236,Tangela Smith,1611661318,SAC,Sacramento Monarchs,1029800060,1998-07-08,SAC @ LAS,W,24,7,11,0.636,1,2,0.5,5,5,1.0,3,3,6,2,1,0,1,1,20,,32.2,0
21998,100003,Lisa Leslie,1611661320,LAS,Los Angeles Sparks,1029800060,1998-07-08,LAS vs. SAC,L,33,6,17,0.353,0,1,0.0,6,6,1.0,4,7,11,2,0,0,4,4,18,,30.2,0
21998,100004,Penny Toler,1611661320,LAS,Los Angeles Sparks,1029800060,1998-07-08,LAS vs. SAC,L,27,1,5,0.2,0,1,0.0,5,6,0.833,2,2,4,3,0,0,3,0,7,,13.3,0
21998,100007,Jamila Wideman,1611661320,LAS,Los Angeles Sparks,1029800060,1998-07-08,LAS vs. SAC,L,14,1,1,1.0,1,1,1.0,0,0,,0,0,0,3,0,0,1,0,3,,6.5,0
21998,100008,Tamecka Dixon,1611661320,LAS,Los Angeles Sparks,1029800060,1998-07-08,LAS vs. SAC,L,36,6,14,0.429,2,4,0.5,6,8,0.75,0,2,2,4,1,0,1,4,20,,30.4,0
21998,100009,Katrina Colleton,1611661320,LAS,Los Angeles Sparks,1029800060,1998-07-08,LAS vs. SAC,L,6,0,1,0.0,0,0,,1,2,0.5,2,0,2,2,1,1,0,0,1,,12.4,0
21998,100012,Mwadi Mabika,1611661320,LAS,Los Angeles Sparks,1029800060,1998-07-08,LAS vs. SAC,L,28,2,9,0.222,2,5,0.4,0,0,,0,2,2,1,1,0,2,4,6,,10.9,0
21998,100020,Pam McGee,1611661320,LAS,Los Angeles Sparks,1029800060,1998-07-08,LAS vs. SAC,L,32,6,11,0.545,0,2,0.0,4,7,0.571,4,5,9,1,3,1,2,5,16,,38.3,0
21998,100168,Erin Alexander,1611661320,LAS,Los Angeles Sparks,1029800060,1998-07-08,LAS vs. SAC,L,3,0,1,0.0,0,1,0.0,0,0,,1,0,1,1,0,0,0,0,0,,2.7,0
21998,100169,Octavia Blue,1611661320,LAS,Los Angeles Sparks,1029800060,1998-07-08,LAS vs. SAC,L,8,0,3,0.0,0,0,,0,0,,0,1,1,0,0,0,0,0,0,,1.2,0
21998,100176,Sandra VanEmbricqs,1611661320,LAS,Los Angeles Sparks,1029800060,1998-07-08,LAS vs. SAC,L,13,0,0,,0,0,,0,0,,1,0,1,0,0,0,0,1,0,,1.2,0
21998,100072,Sheryl Swoopes,1611661316,HOU,Houston Comets,1029800061,1998-07-09,HOU vs. DET,W,29,7,12,0.583,2,2,1.0,3,4,0.75,1,3,4,1,0,0,1,1,19,,24.3,0
21998,100073,Cynthia Cooper,1611661316,HOU,Houston Comets,1029800061,1998-07-09,HOU vs. DET,W,28,5,9,0.556,2,4,0.5,2,2,1.0,0,5,5,7,2,1,1,2,14,,38.5,0
21998,100075,Janeth Arcain,1611661316,HOU,Houston Comets,1029800061,1998-07-09,HOU vs. DET,W,23,1,5,0.2,0,1,0.0,1,2,0.5,1,5,6,1,0,0,0,2,3,,11.7,0
21998,100076,Tina Thompson,1611661316,HOU,Houston Comets,1029800061,1998-07-09,HOU vs. DET,W,24,3,7,0.429,2,4,0.5,2,2,1.0,0,2,2,0,1,1,0,2,10,,18.4,0
21998,100077,Tammy Jackson,1611661316,HOU,Houston Comets,1029800061,1998-07-09,HOU vs. DET,W,15,1,2,0.5,0,0,,2,2,1.0,2,0,2,1,0,0,3,3,4,,4.9,0
21998,100083,Kim Perrot,1611661316,HOU,Houston Comets,1029800061,1998-07-09,HOU vs. DET,W,30,9,20,0.45,1,6,0.167,3,6,0.5,1,5,6,7,5,0,4,2,22,,50.7,0
21998,100085,Yolanda Moore,1611661316,HOU,Houston Comets,1029800061,1998-07-09,HOU vs. DET,W,15,2,3,0.667,0,0,,2,2,1.0,3,2,5,0,1,0,1,4,6,,14.0,0
21998,100086,Tiffany Woosley,1611661316,HOU,Houston Comets,1029800061,1998-07-09,HOU vs. DET,W,8,3,4,0.75,2,2,1.0,0,0,,0,0,0,1,1,0,1,0,8,,11.5,0
21998,100207,Monica Lamb,1611661316,HOU,Houston Comets,1029800061,1998-07-09,HOU vs. DET,W,17,3,4,0.75,0,0,,3,3,1.0,3,1,4,0,0,0,0,3,9,,13.8,0
21998,100208,Nyree Roberts,1611661316,HOU,Houston Comets,1029800061,1998-07-09,HOU vs. DET,W,5,0,0,,0,0,,0,0,,0,0,0,0,0,0,0,0,0,,0.0,0
21998,100211,Amaya Valdemoro,1611661316,HOU,Houston Comets,1029800061,1998-07-09,HOU vs. DET,W,6,0,1,0.0,0,0,,1,2,0.5,0,2,2,1,0,0,1,2,1,,3.9,0
21998,100023,Tajama Abraham,1611661321,DET,Detroit Shock,1029800061,1998-07-09,DET @ HOU,L,8,1,3,0.333,0,0,,1,2,0.5,0,1,1,0,0,0,1,3,3,,3.2,0
21998,100090,Lynette Woodard,1611661321,DET,Detroit Shock,1029800061,1998-07-09,DET @ HOU,L,26,4,6,0.667,0,0,,1,2,0.5,4,4,8,1,2,0,3,0,9,,23.1,0
21998,100108,Rhonda Blades,1611661321,DET,Detroit Shock,1029800061,1998-07-09,DET @ HOU,L,18,2,8,0.25,1,4,0.25,2,2,1.0,0,3,3,0,1,0,0,3,7,,13.6,0
21998,100246,Gergana Branzova,1611661321,DET,Detroit Shock,1029800061,1998-07-09,DET @ HOU,L,13,2,3,0.667,0,0,,0,2,0.0,0,0,0,0,0,0,0,1,4,,4.0,0
21998,100247,Sandy Brondello,1611661321,DET,Detroit Shock,1029800061,1998-07-09,DET @ HOU,L,26,3,10,0.3,0,1,0.0,0,0,,0,0,0,5,1,0,3,1,6,,13.5,0
21998,100248,Cindy Brown,1611661321,DET,Detroit Shock,1029800061,1998-07-09,DET @ HOU,L,30,3,8,0.375,0,2,0.0,8,9,0.889,2,11,13,0,1,1,2,3,14,,33.6,0
21998,100250,Korie Hlede,1611661321,DET,Detroit Shock,1029800061,1998-07-09,DET @ HOU,L,27,5,10,0.5,1,2,0.5,0,0,,0,2,2,5,0,0,2,3,11,,18.9,0
21998,100251,Aneta Kausaite,1611661321,DET,Detroit Shock,1029800061,1998-07-09,DET @ HOU,L,12,2,7,0.286,0,0,,1,2,0.5,3,1,4,0,1,0,0,1,5,,12.8,0
21998,100253,Razija Brcaninovic,1611661321,DET,Detroit Shock,1029800061,1998-07-09,DET @ HOU,L,13,1,3,0.333,0,0,,1,2,0.5,1,1,2,0,0,1,1,0,3,,7.4,0
21998,100255,Rachael Sporn,1611661321,DET,Detroit Shock,1029800061,1998-07-09,DET @ HOU,L,12,2,3,0.667,0,0,,0,0,,1,1,2,0,0,0,0,2,4,,6.4,0
21998,100269,Carla Boyd,1611661321,DET,Detroit Shock,1029800061,1998-07-09,DET @ HOU,L,15,0,5,0.0,0,1,0.0,0,2,0.0,1,0,1,2,0,1,2,4,0,,5.2,0
21998,100049,Raegan Scott,1611661315,CLE,Cleveland Rockers,1029800062,1998-07-10,CLE @ PHO,L,18,4,6,0.667,0,1,0.0,2,2,1.0,1,1,2,0,0,1,0,1,10,,15.4,0
21998,100087,Janice Braxton,1611661315,CLE,Cleveland Rockers,1029800062,1998-07-10,CLE @ PHO,L,28,5,12,0.417,0,0,,3,3,1.0,1,7,8,3,1,0,7,4,13,,23.1,0
21998,100088,Michelle Edwards,1611661315,CLE,Cleveland Rockers,1029800062,1998-07-10,CLE @ PHO,L,15,0,3,0.0,0,0,,0,0,,2,0,2,1,0,0,2,1,0,,1.9,0
21998,100091,Eva Nemcova,1611661315,CLE,Cleveland Rockers,1029800062,1998-07-10,CLE @ PHO,L,27,2,7,0.286,0,0,,1,2,0.5,1,3,4,1,0,1,2,4,5,,12.3,0
21998,100092,Merlakia Jones,1611661315,CLE,Cleveland Rockers,1029800062,1998-07-10,CLE @ PHO,L,29,5,15,0.333,0,2,0.0,2,2,1.0,2,4,6,1,1,0,1,4,12,,22.7,0
21998,100097,Rushia Brown,1611661315,CLE,Cleveland Rockers,1029800062,1998-07-10,CLE @ PHO,L,26,3,8,0.375,0,0,,3,4,0.75,1,2,3,1,0,0,2,5,9,,12.1,0
21998,100100,Adrienne Johnson,1611661315,CLE,Cleveland Rockers,1029800062,1998-07-10,CLE @ PHO,L,16,0,1,0.0,0,0,,2,2,1.0,0,0,0,1,0,0,1,3,2,,2.5,0
21998,100183,Cindy Blodgett,1611661315,CLE,Cleveland Rockers,1029800062,1998-07-10,CLE @ PHO,L,1,0,1,0.0,0,0,,0,0,,0,0,0,0,0,0,0,0,0,,0.0,0
21998,100187,Suzie McConnell Serio,1611661315,CLE,Cleveland Rockers,1029800062,1998-07-10,CLE @ PHO,L,36,3,8,0.375,1,3,0.333,2,2,1.0,2,2,4,5,1,0,0,2,9,,24.3,0
21998,100284,Tully Bevilaqua,1611661315,CLE,Cleveland Rockers,1029800062,1998-07-10,CLE @ PHO,L,4,0,0,,0,0,,0,0,,0,0,0,0,0,1,0,0,0,,3.0,0
21998,100019,Mikiko Hagiwara,1611661317,PHO,Phoenix Mercury,1029800062,1998-07-10,PHO vs. CLE,W,5,1,3,0.333,0,1,0.0,2,3,0.667,0,0,0,0,0,0,0,2,4,,4.0,0
21998,100029,Michele Timms,1611661317,PHO,Phoenix Mercury,1029800062,1998-07-10,PHO vs. CLE,W,22,0,3,0.0,0,2,0.0,0,0,,0,1,1,8,0,1,3,2,0,,13.2,0
21998,100030,Jennifer Gillom,1611661317,PHO,Phoenix Mercury,1029800062,1998-07-10,PHO vs. CLE,W,27,9,16,0.563,1,2,0.5,9,11,0.818,4,6,10,0,3,0,1,4,28,,48.0,0
21998,100031,Bridget Pettis,1611661317,PHO,Phoenix Mercury,1029800062,1998-07-10,PHO vs. CLE,W,27,5,9,0.556,3,5,0.6,0,0,,0,4,4,0,1,1,2,0,13,,21.8,0
21998,100035,Umeki Webb,1611661317,PHO,Phoenix Mercury,1029800062,1998-07-10,PHO vs. CLE,W,29,1,5,0.2,0,0,,1,4,0.25,1,2,3,3,1,1,0,0,3,,17.1,0
21998,100037,Marlies Askamp,1611661317,PHO,Phoenix Mercury,1029800062,1998-07-10,PHO vs. CLE,W,20,3,9,0.333,0,0,,2,4,0.5,4,7,11,1,1,1,1,3,8,,27.7,0
21998,100221,Michelle Brogan,1611661317,PHO,Phoenix Mercury,1029800062,1998-07-10,PHO vs. CLE,W,21,3,7,0.429,0,1,0.0,0,4,0.0,4,1,5,1,2,0,1,1,6,,18.5,0
21998,100222,Kristi Harrower,1611661317,PHO,Phoenix Mercury,1029800062,1998-07-10,PHO vs. CLE,W,18,1,4,0.25,1,2,0.5,1,2,0.5,0,2,2,2,0,0,2,1,4,,7.4,0
21998,100224,Andrea Kuklova,1611661317,PHO,Phoenix Mercury,1029800062,1998-07-10,PHO vs. CLE,W,17,2,5,0.4,0,0,,0,0,,1,1,2,3,0,0,2,0,4,,8.9,0
21998,100225,Brandy Reed,1611661317,PHO,Phoenix Mercury,1029800062,1998-07-10,PHO vs. CLE,W,2,1,1,1.0,0,0,,0,0,,1,0,1,0,0,0,1,0,2,,2.2,0
21998,100227,Maria Stepanova,1611661317,PHO,Phoenix Mercury,1029800062,1998-07-10,PHO vs. CLE,W,12,1,4,0.25,0,0,,2,2,1.0,0,2,2,1,0,2,0,4,4,,13.9,0
21998,100058,Vicky Bullett,1611661314,CHA,Charlotte Sting,1029800063,1998-07-10,CHA @ SAC,W,29,6,14,0.429,0,1,0.0,2,4,0.5,2,2,4,1,3,2,1,4,14,,34.3,0
21998,100059,Andrea Stinson,1611661314,CHA,Charlotte Sting,1029800063,1998-07-10,CHA @ SAC,W,36,5,16,0.313,0,3,0.0,8,9,0.889,0,3,3,2,2,0,1,1,18,,29.6,0
21998,100062,Tora Suber,1611661314,CHA,Charlotte Sting,1029800063,1998-07-10,CHA @ SAC,W,18,1,7,0.143,1,4,0.25,0,0,,0,2,2,4,0,0,2,2,3,,9.4,0
21998,100063,Sharon Manning,1611661314,CHA,Charlotte Sting,1029800063,1998-07-10,CHA @ SAC,W,27,2,5,0.4,0,0,,1,2,0.5,3,7,10,2,1,0,3,4,5,,20.0,0
21998,100065,Andrea Congreaves,1611661314,CHA,Charlotte Sting,1029800063,1998-07-10,CHA @ SAC,W,27,1,4,0.25,1,3,0.333,0,0,,2,1,3,1,2,1,3,1,3,,14.1,0
21998,100177,Kelly Boucher,1611661314,CHA,Charlotte Sting,1029800063,1998-07-10,CHA @ SAC,W,7,1,2,0.5,1,2,0.5,0,0,,0,2,2,0,0,0,1,1,3,,4.4,0
21998,100181,Christy Smith,1611661314,CHA,Charlotte Sting,1029800063,1998-07-10,CHA @ SAC,W,20,1,4,0.25,0,2,0.0,0,0,,0,2,2,1,0,0,0,1,2,,5.9,0
21998,100182,Tracy Reid,1611661314,CHA,Charlotte Sting,1029800063,1998-07-10,CHA @ SAC,W,36,6,12,0.5,0,0,,3,5,0.6,1,11,12,1,1,0,3,0,15,,30.9,0
21998,100011,Linda Burgess,1611661318,SAC,Sacramento Monarchs,1029800063,1998-07-10,SAC vs. CHA,L,14,0,0,,0,0,,2,2,1.0,0,3,3,1,0,1,3,4,2,,7.1,0
21998,100017,Bridgette Gordon,1611661318,SAC,Sacramento Monarchs,1029800063,1998-07-10,SAC vs. CHA,L,7,2,3,0.667,0,1,0.0,0,0,,0,2,2,0,0,0,1,1,4,,5.4,0
21998,100027,Latasha Byears,1611661318,SAC,Sacramento Monarchs,1029800063,1998-07-10,SAC vs. CHA,L,32,7,17,0.412,1,2,0.5,1,1,1.0,2,9,11,1,2,0,3,3,16,,33.7,0
21998,100044,Lady Grooms,1611661318,SAC,Sacramento Monarchs,1029800063,1998-07-10,SAC vs. CHA,L,10,1,2,0.5,0,0,,0,0,,1,0,1,0,0,0,1,0,2,,2.2,0
21998,100175,Rehema Stephens,1611661318,SAC,Sacramento Monarchs,1029800063,1998-07-10,SAC vs. CHA,L,9,1,7,0.143,0,2,0.0,0,0,,1,0,1,0,0,0,0,1,2,,3.2,0
21998,100223,Pauline Jordan,1611661318,SAC,Sacramento Monarchs,1029800063,1998-07-10,SAC vs. CHA,L,18,2,4,0.5,0,0,,2,2,1.0,0,1,1,1,0,1,0,3,6,,11.7,0
21998,100231,Adia Barnes,1611661318,SAC,Sacramento Monarchs,1029800063,1998-07-10,SAC vs. CHA,L,17,1,9,0.111,0,1,0.0,0,0,,2,0,2,0,0,1,2,0,2,,5.4,0
21998,100234,Ticha Penicheiro,1611661318,SAC,Sacramento Monarchs,1029800063,1998-07-10,SAC vs. CHA,L,40,2,5,0.4,0,2,0.0,2,3,0.667,0,6,6,9,1,0,3,3,6,,26.7,0
21998,100235,Franthea Price,1611661318,SAC,Sacramento Monarchs,1029800063,1998-07-10,SAC vs. CHA,L,25,2,8,0.25,2,7,0.286,0,0,,1,2,3,2,1,0,3,1,6,,12.6,0
21998,100236,Tangela Smith,1611661318,SAC,Sacramento Monarchs,1029800063,1998-07-10,SAC vs. CHA,L,28,4,10,0.4,0,0,,1,2,0.5,2,5,7,2,2,5,2,3,9,,39.4,0
21998,100023,Tajama Abraham,1611661321,DET,Detroit Shock,1029800064,1998-07-11,DET @ WAS,L,7,2,4,0.5,0,0,,1,3,0.333,0,2,2,0,0,0,0,1,5,,7.4,0
21998,100090,Lynette Woodard,1611661321,DET,Detroit Shock,1029800064,1998-07-11,DET @ WAS,L,27,1,3,0.333,0,0,,2,2,1.0,1,2,3,2,3,0,3,2,4,,16.6,0
21998,100108,Rhonda Blades,1611661321,DET,Detroit Shock,1029800064,1998-07-11,DET @ WAS,L,15,0,3,0.0,0,1,0.0,4,5,0.8,0,1,1,1,0,0,6,4,4,,0.7,0
21998,100246,Gergana Branzova,1611661321,DET,Detroit Shock,1029800064,1998-07-11,DET @ WAS,L,8,1,4,0.25,0,0,,0,0,,0,0,0,0,0,1,0,1,2,,5.0,0
21998,100247,Sandy Brondello,1611661321,DET,Detroit Shock,1029800064,1998-07-11,DET @ WAS,L,30,4,11,0.364,0,0,,2,3,0.667,0,3,3,1,1,0,2,3,10,,16.1,0
21998,100248,Cindy Brown,1611661321,DET,Detroit Shock,1029800064,1998-07-11,DET @ WAS,L,27,3,10,0.3,0,1,0.0,0,2,0.0,5,5,10,1,2,1,1,4,6,,27.5,0
21998,100250,Korie Hlede,1611661321,DET,Detroit Shock,1029800064,1998-07-11,DET @ WAS,L,31,3,13,0.231,1,3,0.333,2,4,0.5,2,1,3,2,0,1,4,1,9,,14.6,0
21998,100251,Aneta Kausaite,1611661321,DET,Detroit Shock,1029800064,1998-07-11,DET @ WAS,L,7,1,2,0.5,0,0,,0,0,,1,1,2,0,1,0,2,0,2,,5.4,0
21998,100253,Razija Brcaninovic,1611661321,DET,Detroit Shock,1029800064,1998-07-11,DET @ WAS,L,21,2,6,0.333,0,0,,1,1,1.0,2,0,2,1,2,1,0,3,5,,17.9,0
21998,100255,Rachael Sporn,1611661321,DET,Detroit Shock,1029800064,1998-07-11,DET @ WAS,L,17,3,6,0.5,0,0,,0,0,,4,0,4,1,0,0,0,0,6,,12.3,0
21998,100269,Carla Boyd,1611661321,DET,Detroit Shock,1029800064,1998-07-11,DET @ WAS,L,10,0,5,0.0,0,2,0.0,0,2,0.0,0,1,1,0,1,0,0,4,0,,4.2,0
21998,100052,Deborah Carter,1611661322,WAS,Washington Mystics,1029800064,1998-07-11,WAS vs. DET,W,3,0,0,,0,0,,0,0,,0,0,0,0,0,0,0,0,0,,0.0,0
21998,100156,Heidi Burge,1611661322,WAS,Washington Mystics,1029800064,1998-07-11,WAS vs. DET,W,11,2,3,0.667,0,0,,1,2,0.5,1,2,3,0,0,2,4,3,5,,10.6,0
21998,100193,La'Shawn Brown,1611661322,WAS,Washington Mystics,1029800064,1998-07-11,WAS vs. DET,W,6,1,1,1.0,0,0,,2,2,1.0,0,2,2,0,0,0,0,3,4,,6.4,0
21998,100194,Keri Chaconas,1611661322,WAS,Washington Mystics,1029800064,1998-07-11,WAS vs. DET,W,13,1,4,0.25,1,1,1.0,1,2,0.5,0,1,1,1,0,0,2,0,4,,4.7,0
21998,100198,Nikki McCray,1611661322,WAS,Washington Mystics,1029800064,1998-07-11,WAS vs. DET,W,35,10,19,0.526,0,2,0.0,1,4,0.25,1,3,4,3,2,0,3,2,21,,33.3,0
21998,100199,Murriel Page,1611661322,WAS,Washington Mystics,1029800064,1998-07-11,WAS vs. DET,W,24,1,7,0.143,0,0,,0,0,,3,6,9,2,0,1,1,5,2,,17.8,0
21998,100201,Alessandra Santos de Olive,1611661322,WAS,Washington Mystics,1029800064,1998-07-11,WAS vs. DET,W,36,4,7,0.571,0,0,,5,8,0.625,5,9,14,0,2,1,5,1,13,,33.8,0
21998,100202,Adrienne Shuler,1611661322,WAS,Washington Mystics,1029800064,1998-07-11,WAS vs. DET,W,23,1,4,0.25,1,1,1.0,4,4,1.0,4,2,6,5,0,0,2,0,7,,19.7,0
21998,100204,Rita Williams,1611661322,WAS,Washington Mystics,1029800064,1998-07-11,WAS vs. DET,W,16,3,5,0.6,1,2,0.5,3,4,0.75,1,1,2,2,3,0,0,1,10,,24.4,0
21998,100283,Leila de Souza Sobral,1611661322,WAS,Washington Mystics,1029800064,1998-07-11,WAS vs. DET,W,3,0,1,0.0,0,1,0.0,0,0,,0,0,0,0,0,0,1,1,0,,-1.0,0
21998,100374,Penny Moore,1611661322,WAS,Washington Mystics,1029800064,1998-07-11,WAS vs. DET,W,30,5,9,0.556,1,2,0.5,1,2,0.5,2,5,7,1,0,0,3,2,12,,18.9,0
21998,100072,Sheryl Swoopes,1611661316,HOU,Houston Comets,1029800065,1998-07-11,HOU vs. UTA,W,31,8,13,0.615,0,2,0.0,2,2,1.0,0,4,4,0,2,2,1,3,18,,33.8,0
21998,100073,Cynthia Cooper,1611661316,HOU,Houston Comets,1029800065,1998-07-11,HOU vs. UTA,W,38,7,18,0.389,1,4,0.25,9,14,0.643,2,2,4,4,3,0,2,3,24,,41.8,0
21998,100075,Janeth Arcain,1611661316,HOU,Houston Comets,1029800065,1998-07-11,HOU vs. UTA,W,14,1,4,0.25,0,1,0.0,2,2,1.0,0,3,3,0,1,0,0,0,4,,10.6,0
21998,100076,Tina Thompson,1611661316,HOU,Houston Comets,1029800065,1998-07-11,HOU vs. UTA,W,34,6,13,0.462,2,6,0.333,0,0,,1,3,4,0,3,2,0,4,14,,33.8,0
21998,100083,Kim Perrot,1611661316,HOU,Houston Comets,1029800065,1998-07-11,HOU vs. UTA,W,37,3,4,0.75,0,1,0.0,0,2,0.0,0,2,2,7,2,0,3,2,6,,21.9,0
21998,100085,Yolanda Moore,1611661316,HOU,Houston Comets,1029800065,1998-07-11,HOU vs. UTA,W,17,2,2,1.0,0,0,,0,0,,1,2,3,0,0,0,1,0,4,,6.6,0
21998,100207,Monica Lamb,1611661316,HOU,Houston Comets,1029800065,1998-07-11,HOU vs. UTA,W,29,1,3,0.333,0,0,,0,0,,3,3,6,1,1,0,4,4,2,,9.7,0
21998,100022,Chantel Tremitiere,1611661319,UTA,Utah Starzz,1029800065,1998-07-11,UTA @ HOU,L,16,1,1,1.0,0,0,,0,0,,0,2,2,5,0,0,1,3,2,,10.9,0
21998,100045,Dena Head,1611661319,UTA,Utah Starzz,1029800065,1998-07-11,UTA @ HOU,L,16,0,1,0.0,0,1,0.0,0,0,,0,1,1,1,1,0,0,0,0,,5.7,0
21998,100046,Wendy Palmer,1611661319,UTA,Utah Starzz,1029800065,1998-07-11,UTA @ HOU,L,36,7,18,0.389,0,0,,8,8,1.0,6,4,10,1,0,0,2,0,22,,33.5,0
21998,100047,Tammi Reiss,1611661319,UTA,Utah Starzz,1029800065,1998-07-11,UTA @ HOU,L,10,2,2,1.0,0,0,,0,0,,0,0,0,2,0,0,0,1,4,,7.0,0
21998,100050,Kim Williams,1611661319,UTA,Utah Starzz,1029800065,1998-07-11,UTA @ HOU,L,19,3,7,0.429,1,1,1.0,0,0,,0,3,3,3,2,0,2,3,7,,19.1,0
21998,100084,Fran Harris,1611661319,UTA,Utah Starzz,1029800065,1998-07-11,UTA @ HOU,L,21,3,5,0.6,1,1,1.0,0,0,,1,2,3,0,0,0,0,3,7,,10.6,0
21998,100237,Tricia Bader Binford,1611661319,UTA,Utah Starzz,1029800065,1998-07-11,UTA @ HOU,L,19,2,7,0.286,1,4,0.25,0,0,,0,1,1,0,2,0,3,3,5,,9.2,0
21998,100239,Margo Dydek,1611661319,UTA,Utah Starzz,1029800065,1998-07-11,UTA @ HOU,L,29,2,8,0.25,0,1,0.0,3,3,1.0,1,9,10,0,1,2,5,3,7,,23.0,0
21998,100242,LaTonya Johnson,1611661319,UTA,Utah Starzz,1029800065,1998-07-11,UTA @ HOU,L,19,5,8,0.625,0,0,,0,0,,2,2,4,0,0,0,1,2,10,,13.8,0
21998,100243,Olympia Scott,1611661319,UTA,Utah Starzz,1029800065,1998-07-11,UTA @ HOU,L,15,2,5,0.4,0,0,,0,0,,1,0,1,0,2,1,1,1,4,,13.2,0
21998,100002,Rebecca Lobo,1611661313,NYL,New York Liberty,1029800066,1998-07-12,NYL vs. CHA,L,25,4,8,0.5,1,3,0.333,1,2,0.5,2,5,7,2,0,0,2,4,10,,19.4,0
21998,100101,Teresa Weatherspoon,1611661313,NYL,New York Liberty,1029800066,1998-07-12,NYL vs. CHA,L,40,1,6,0.167,1,2,0.5,0,0,,0,7,7,5,1,0,3,3,3,,18.9,0
21998,100102,Kym Hampton,1611661313,NYL,New York Liberty,1029800066,1998-07-12,NYL vs. CHA,L,34,5,9,0.556,0,0,,2,3,0.667,2,7,9,1,0,0,1,2,12,,23.3,0
21998,100103,Vickie Johnson,1611661313,NYL,New York Liberty,1029800066,1998-07-12,NYL vs. CHA,L,35,0,9,0.0,0,2,0.0,0,0,,2,3,5,1,1,0,1,1,0,,9.5,0
21998,100104,Sue Wicks,1611661313,NYL,New York Liberty,1029800066,1998-07-12,NYL vs. CHA,L,21,5,10,0.5,0,0,,0,0,,3,1,4,2,0,1,2,0,10,,18.8,0
21998,100105,Sophia Witherspoon,1611661313,NYL,New York Liberty,1029800066,1998-07-12,NYL vs. CHA,L,22,2,15,0.133,1,4,0.25,6,6,1.0,1,2,3,2,1,0,1,1,11,,19.6,0
21998,100107,Kisha Ford,1611661313,NYL,New York Liberty,1029800066,1998-07-12,NYL vs. CHA,L,19,4,10,0.4,1,1,1.0,2,4,0.5,1,1,2,2,1,0,0,3,11,,19.4,0
21998,100216,Alicia Thompson,1611661313,NYL,New York Liberty,1029800066,1998-07-12,NYL vs. CHA,L,4,0,0,,0,0,,0,0,,0,1,1,0,0,0,0,0,0,,1.2,0
21998,100058,Vicky Bullett,1611661314,CHA,Charlotte Sting,1029800066,1998-07-12,CHA @ NYL,W,34,4,11,0.364,0,1,0.0,0,0,,2,1,3,2,3,3,1,1,8,,31.6,0
21998,100059,Andrea Stinson,1611661314,CHA,Charlotte Sting,1029800066,1998-07-12,CHA @ NYL,W,38,6,14,0.429,1,4,0.25,2,2,1.0,0,6,6,7,1,1,3,2,15,,35.7,0
21998,100062,Tora Suber,1611661314,CHA,Charlotte Sting,1029800066,1998-07-12,CHA @ NYL,W,27,4,11,0.364,2,6,0.333,0,0,,1,2,3,3,2,0,0,1,10,,24.1,0
21998,100063,Sharon Manning,1611661314,CHA,Charlotte Sting,1029800066,1998-07-12,CHA @ NYL,W,21,2,5,0.4,0,0,,2,4,0.5,2,8,10,0,0,0,1,2,6,,17.0,0
21998,100065,Andrea Congreaves,1611661314,CHA,Charlotte Sting,1029800066,1998-07-12,CHA @ NYL,W,32,7,9,0.778,4,6,0.667,5,5,1.0,2,8,10,3,0,1,1,2,23,,41.5,0
21998,100177,Kelly Boucher,1611661314,CHA,Charlotte Sting,1029800066,1998-07-12,CHA @ NYL,W,9,0,3,0.0,0,1,0.0,0,0,,0,2,2,0,0,0,0,1,0,,2.4,0
21998,100178,Sonia Chase,1611661314,CHA,Charlotte Sting,1029800066,1998-07-12,CHA @ NYL,W,9,0,0,,0,0,,0,0,,0,0,0,1,0,0,0,1,0,,1.5,0
21998,100182,Tracy Reid,1611661314,CHA,Charlotte Sting,1029800066,1998-07-12,CHA @ NYL,W,30,6,13,0.462,0,0,,1,2,0.5,2,6,8,3,2,0,1,3,13,,32.1,0
21998,100049,Raegan Scott,1611661315,CLE,Cleveland Rockers,1029800067,1998-07-12,CLE @ LAS,L,10,1,1,1.0,0,0,,1,2,0.5,1,1,2,0,0,1,0,2,3,,8.4,0
21998,100087,Janice Braxton,1611661315,CLE,Cleveland Rockers,1029800067,1998-07-12,CLE @ LAS,L,29,5,8,0.625,0,0,,3,3,1.0,2,5,7,2,1,2,3,3,13,,30.4,0
21998,100088,Michelle Edwards,1611661315,CLE,Cleveland Rockers,1029800067,1998-07-12,CLE @ LAS,L,17,4,7,0.571,1,2,0.5,1,2,0.5,0,2,2,1,1,0,2,2,10,,14.9,0
21998,100089,Isabelle Fijalkowski,1611661315,CLE,Cleveland Rockers,1029800067,1998-07-12,CLE @ LAS,L,25,5,9,0.556,0,0,,2,3,0.667,0,4,4,3,0,0,2,5,12,,19.3,0
21998,100091,Eva Nemcova,1611661315,CLE,Cleveland Rockers,1029800067,1998-07-12,CLE @ LAS,L,38,3,8,0.375,1,1,1.0,0,0,,1,2,3,5,2,3,3,0,7,,30.1,0
21998,100092,Merlakia Jones,1611661315,CLE,Cleveland Rockers,1029800067,1998-07-12,CLE @ LAS,L,24,2,8,0.25,1,1,1.0,0,0,,0,3,3,0,0,0,2,3,5,,6.6,0
21998,100097,Rushia Brown,1611661315,CLE,Cleveland Rockers,1029800067,1998-07-12,CLE @ LAS,L,14,2,6,0.333,0,0,,1,2,0.5,0,0,0,1,0,0,1,3,5,,5.5,0
21998,100100,Adrienne Johnson,1611661315,CLE,Cleveland Rockers,1029800067,1998-07-12,CLE @ LAS,L,8,1,1,1.0,0,0,,0,0,,0,0,0,0,0,0,0,0,2,,2.0,0
21998,100183,Cindy Blodgett,1611661315,CLE,Cleveland Rockers,1029800067,1998-07-12,CLE @ LAS,L,2,0,1,0.0,0,1,0.0,0,0,,0,0,0,0,0,0,0,0,0,,0.0,0
21998,100187,Suzie McConnell Serio,1611661315,CLE,Cleveland Rockers,1029800067,1998-07-12,CLE @ LAS,L,33,4,6,0.667,1,1,1.0,0,0,,0,1,1,10,3,1,7,3,9,,30.2,0
21998,100003,Lisa Leslie,1611661320,LAS,Los Angeles Sparks,1029800067,1998-07-12,LAS vs. CLE,W,30,6,14,0.429,0,0,,6,6,1.0,3,8,11,3,6,2,4,3,18,,55.7,0
21998,100004,Penny Toler,1611661320,LAS,Los Angeles Sparks,1029800067,1998-07-12,LAS vs. CLE,W,30,7,10,0.7,4,5,0.8,4,4,1.0,1,2,3,9,1,0,2,1,22,,40.1,0
21998,100007,Jamila Wideman,1611661320,LAS,Los Angeles Sparks,1029800067,1998-07-12,LAS vs. CLE,W,19,3,4,0.75,1,1,1.0,2,2,1.0,0,0,0,1,1,0,3,1,9,,10.5,0
21998,100008,Tamecka Dixon,1611661320,LAS,Los Angeles Sparks,1029800067,1998-07-12,LAS vs. CLE,W,28,4,6,0.667,2,3,0.667,1,1,1.0,1,1,2,3,1,0,3,2,11,,17.9,0
21998,100009,Katrina Colleton,1611661320,LAS,Los Angeles Sparks,1029800067,1998-07-12,LAS vs. CLE,W,15,0,2,0.0,0,0,,0,0,,0,0,0,1,4,1,1,0,0,,15.5,0
21998,100012,Mwadi Mabika,1611661320,LAS,Los Angeles Sparks,1029800067,1998-07-12,LAS vs. CLE,W,20,3,8,0.375,1,4,0.25,0,0,,0,0,0,1,0,1,0,2,7,,11.5,0
21998,100020,Pam McGee,1611661320,LAS,Los Angeles Sparks,1029800067,1998-07-12,LAS vs. CLE,W,25,3,8,0.375,0,0,,2,4,0.5,3,2,5,1,0,0,2,3,8,,13.5,0
21998,100169,Octavia Blue,1611661320,LAS,Los Angeles Sparks,1029800067,1998-07-12,LAS vs. CLE,W,2,0,1,0.0,0,0,,1,2,0.5,1,0,1,0,0,0,0,0,1,,2.2,0
21998,100174,Eugenia Rycraw,1611661320,LAS,Los Angeles Sparks,1029800067,1998-07-12,LAS vs. CLE,W,12,1,5,0.2,0,0,,2,2,1.0,2,2,4,1,1,2,0,3,4,,19.3,0
21998,100176,Sandra VanEmbricqs,1611661320,LAS,Los Angeles Sparks,1029800067,1998-07-12,LAS vs. CLE,W,13,2,3,0.667,0,0,,1,2,0.5,1,3,4,0,2,0,0,1,5,,15.8,0
21998,100286,Michelle Reed,1611661320,LAS,Los Angeles Sparks,1029800067,1998-07-12,LAS vs. CLE,W,6,1,2,0.5,0,1,0.0,0,0,,1,0,1,1,0,0,0,1,2,,4.7,0
21998,100072,Sheryl Swoopes,1611661316,HOU,Houston Comets,1029800068,1998-07-13,HOU vs. WAS,W,33,10,18,0.556,1,3,0.333,0,0,,4,3,7,2,4,1,1,1,21,,46.4,0
21998,100073,Cynthia Cooper,1611661316,HOU,Houston Comets,1029800068,1998-07-13,HOU vs. WAS,W,35,9,18,0.5,2,6,0.333,3,5,0.6,2,3,5,8,2,1,1,2,23,,49.0,0
21998,100075,Janeth Arcain,1611661316,HOU,Houston Comets,1029800068,1998-07-13,HOU vs. WAS,W,28,7,13,0.538,0,2,0.0,0,0,,2,1,3,1,2,0,4,2,14,,21.1,0
21998,100076,Tina Thompson,1611661316,HOU,Houston Comets,1029800068,1998-07-13,HOU vs. WAS,W,23,2,5,0.4,0,2,0.0,2,2,1.0,3,0,3,1,0,1,1,4,6,,13.1,0
21998,100077,Tammy Jackson,1611661316,HOU,Houston Comets,1029800068,1998-07-13,HOU vs. WAS,W,4,0,1,0.0,0,0,,0,0,,0,0,0,0,0,0,1,0,0,,-1.0,0
21998,100083,Kim Perrot,1611661316,HOU,Houston Comets,1029800068,1998-07-13,HOU vs. WAS,W,28,3,7,0.429,1,4,0.25,0,0,,0,4,4,6,2,0,1,3,7,,25.8,0
21998,100085,Yolanda Moore,1611661316,HOU,Houston Comets,1029800068,1998-07-13,HOU vs. WAS,W,18,0,1,0.0,0,0,,0,0,,1,1,2,1,0,0,2,2,0,,1.9,0
21998,100086,Tiffany Woosley,1611661316,HOU,Houston Comets,1029800068,1998-07-13,HOU vs. WAS,W,2,0,0,,0,0,,0,0,,0,0,0,0,1,0,0,0,0,,3.0,0
21998,100207,Monica Lamb,1611661316,HOU,Houston Comets,1029800068,1998-07-13,HOU vs. WAS,W,25,5,9,0.556,0,0,,0,0,,1,4,5,0,0,0,0,4,10,,16.0,0
21998,100208,Nyree Roberts,1611661316,HOU,Houston Comets,1029800068,1998-07-13,HOU vs. WAS,W,2,0,0,,0,0,,0,0,,0,0,0,0,0,0,0,0,0,,0.0,0
21998,100211,Amaya Valdemoro,1611661316,HOU,Houston Comets,1029800068,1998-07-13,HOU vs. WAS,W,2,0,1,0.0,0,0,,0,0,,0,0,0,0,0,0,1,0,0,,-1.0,0
21998,100052,Deborah Carter,1611661322,WAS,Washington Mystics,1029800068,1998-07-13,WAS @ HOU,L,7,1,4,0.25,0,0,,0,0,,1,0,1,0,0,0,0,1,2,,3.2,0
21998,100156,Heidi Burge,1611661322,WAS,Washington Mystics,1029800068,1998-07-13,WAS @ HOU,L,10,3,4,0.75,0,0,,0,0,,0,2,2,0,0,0,1,1,6,,7.4,0
21998,100194,Keri Chaconas,1611661322,WAS,Washington Mystics,1029800068,1998-07-13,WAS @ HOU,L,9,2,3,0.667,1,2,0.5,0,0,,1,0,1,1,0,0,3,1,5,,4.7,0
21998,100198,Nikki McCray,1611661322,WAS,Washington Mystics,1029800068,1998-07-13,WAS @ HOU,L,36,6,17,0.353,1,1,1.0,1,2,0.5,1,2,3,4,0,0,5,4,14,,18.6,0
21998,100199,Murriel Page,1611661322,WAS,Washington Mystics,1029800068,1998-07-13,WAS @ HOU,L,36,4,6,0.667,0,0,,3,4,0.75,2,5,7,3,1,0,3,2,11,,23.9,0
21998,100201,Alessandra Santos de Olive,1611661322,WAS,Washington Mystics,1029800068,1998-07-13,WAS @ HOU,L,32,5,13,0.385,0,0,,4,8,0.5,8,4,12,0,1,1,4,4,14,,30.4,0
21998,100202,Adrienne Shuler,1611661322,WAS,Washington Mystics,1029800068,1998-07-13,WAS @ HOU,L,14,2,2,1.0,1,1,1.0,0,0,,0,1,1,2,0,0,2,3,5,,7.2,0
21998,100204,Rita Williams,1611661322,WAS,Washington Mystics,1029800068,1998-07-13,WAS @ HOU,L,26,1,2,0.5,0,0,,5,6,0.833,0,1,1,3,2,0,5,3,7,,13.7,0
21998,100283,Leila de Souza Sobral,1611661322,WAS,Washington Mystics,1029800068,1998-07-13,WAS @ HOU,L,2,0,0,,0,0,,0,0,,0,1,1,1,0,1,0,0,0,,5.7,0
21998,100374,Penny Moore,1611661322,WAS,Washington Mystics,1029800068,1998-07-13,WAS @ HOU,L,28,1,5,0.2,1,1,1.0,0,0,,3,3,6,0,1,1,1,2,3,,15.2,0
21998,100022,Chantel Tremitiere,1611661319,UTA,Utah Starzz,1029800069,1998-07-13,UTA vs. DET,L,32,1,4,0.25,1,2,0.5,7,8,0.875,1,1,2,3,0,0,3,4,10,,13.9,0
21998,100043,Elena Baranova,1611661319,UTA,Utah Starzz,1029800069,1998-07-13,UTA vs. DET,L,35,5,14,0.357,0,3,0.0,3,4,0.75,1,6,7,2,2,3,3,2,13,,36.4,0
21998,100045,Dena Head,1611661319,UTA,Utah Starzz,1029800069,1998-07-13,UTA vs. DET,L,11,3,5,0.6,1,1,1.0,0,0,,0,2,2,1,0,0,2,1,7,,8.9,0
21998,100046,Wendy Palmer,1611661319,UTA,Utah Starzz,1029800069,1998-07-13,UTA vs. DET,L,34,6,14,0.429,0,1,0.0,7,12,0.583,5,4,9,1,3,0,2,2,19,,38.3,0
21998,100050,Kim Williams,1611661319,UTA,Utah Starzz,1029800069,1998-07-13,UTA vs. DET,L,17,0,4,0.0,0,0,,1,2,0.5,0,5,5,1,1,0,0,2,1,,11.5,0
21998,100084,Fran Harris,1611661319,UTA,Utah Starzz,1029800069,1998-07-13,UTA vs. DET,L,4,0,1,0.0,0,1,0.0,0,0,,0,0,0,0,1,0,1,0,0,,2.0,0
21998,100237,Tricia Bader Binford,1611661319,UTA,Utah Starzz,1029800069,1998-07-13,UTA vs. DET,L,13,1,4,0.25,0,2,0.0,0,0,,0,1,1,2,0,0,0,3,2,,6.2,0
21998,100239,Margo Dydek,1611661319,UTA,Utah Starzz,1029800069,1998-07-13,UTA vs. DET,L,26,3,8,0.375,0,0,,2,2,1.0,1,2,3,0,2,6,2,4,8,,33.6,0
21998,100242,LaTonya Johnson,1611661319,UTA,Utah Starzz,1029800069,1998-07-13,UTA vs. DET,L,21,2,6,0.333,0,1,0.0,0,1,0.0,1,3,4,1,3,0,0,3,4,,19.3,0
21998,100243,Olympia Scott,1611661319,UTA,Utah Starzz,1029800069,1998-07-13,UTA vs. DET,L,7,1,2,0.5,0,0,,1,2,0.5,0,1,1,0,2,0,1,0,3,,9.2,0
21998,100090,Lynette Woodard,1611661321,DET,Detroit Shock,1029800069,1998-07-13,DET @ UTA,W,17,2,6,0.333,0,0,,0,0,,1,2,3,0,1,0,1,2,4,,9.6,0
21998,100108,Rhonda Blades,1611661321,DET,Detroit Shock,1029800069,1998-07-13,DET @ UTA,W,5,0,0,,0,0,,0,0,,0,1,1,0,0,1,1,1,0,,3.2,0
21998,100246,Gergana Branzova,1611661321,DET,Detroit Shock,1029800069,1998-07-13,DET @ UTA,W,14,3,3,1.0,0,0,,2,2,1.0,0,3,3,1,0,0,1,4,8,,12.1,0
21998,100247,Sandy Brondello,1611661321,DET,Detroit Shock,1029800069,1998-07-13,DET @ UTA,W,35,8,16,0.5,1,2,0.5,6,6,1.0,4,6,10,3,1,0,3,2,23,,39.5,0
21998,100248,Cindy Brown,1611661321,DET,Detroit Shock,1029800069,1998-07-13,DET @ UTA,W,22,1,7,0.143,0,1,0.0,3,3,1.0,2,5,7,1,2,1,2,4,5,,21.9,0
21998,100250,Korie Hlede,1611661321,DET,Detroit Shock,1029800069,1998-07-13,DET @ UTA,W,40,7,17,0.412,3,5,0.6,2,2,1.0,2,9,11,2,1,0,2,2,19,,36.2,0
21998,100253,Razija Brcaninovic,1611661321,DET,Detroit Shock,1029800069,1998-07-13,DET @ UTA,W,22,2,6,0.333,0,0,,1,4,0.25,4,2,6,1,0,0,3,2,5,,10.7,0
21998,100255,Rachael Sporn,1611661321,DET,Detroit Shock,1029800069,1998-07-13,DET @ UTA,W,22,2,6,0.333,0,0,,0,0,,2,1,3,2,1,1,4,3,4,,12.6,0
21998,100269,Carla Boyd,1611661321,DET,Detroit Shock,1029800069,1998-07-13,DET @ UTA,W,23,1,6,0.167,0,3,0.0,4,5,0.8,0,2,2,2,0,1,3,5,6,,11.4,0
21998,100019,Mikiko Hagiwara,1611661317,PHO,Phoenix Mercury,1029800070,1998-07-13,PHO vs. LAS,W,2,0,1,0.0,0,0,,0,0,,0,0,0,0,0,0,0,0,0,,0.0,0
21998,100029,Michele Timms,1611661317,PHO,Phoenix Mercury,1029800070,1998-07-13,PHO vs. LAS,W,26,1,6,0.167,1,1,1.0,1,2,0.5,0,1,1,5,3,0,4,4,4,,17.7,0
21998,100030,Jennifer Gillom,1611661317,PHO,Phoenix Mercury,1029800070,1998-07-13,PHO vs. LAS,W,36,10,19,0.526,2,4,0.5,5,7,0.714,4,5,9,1,3,0,3,5,27,,45.3,0
21998,100031,Bridget Pettis,1611661317,PHO,Phoenix Mercury,1029800070,1998-07-13,PHO vs. LAS,W,31,4,9,0.444,1,6,0.167,0,0,,0,3,3,2,1,1,2,4,9,,19.6,0
21998,100035,Umeki Webb,1611661317,PHO,Phoenix Mercury,1029800070,1998-07-13,PHO vs. LAS,W,35,3,10,0.3,1,1,1.0,3,5,0.6,2,5,7,3,2,0,3,5,10,,25.9,0
21998,100037,Marlies Askamp,1611661317,PHO,Phoenix Mercury,1029800070,1998-07-13,PHO vs. LAS,W,7,2,2,1.0,0,0,,0,0,,0,0,0,0,0,1,2,2,4,,5.0,0
21998,100221,Michelle Brogan,1611661317,PHO,Phoenix Mercury,1029800070,1998-07-13,PHO vs. LAS,W,29,2,7,0.286,0,0,,3,6,0.5,3,5,8,3,0,0,2,1,7,,19.1,0
21998,100222,Kristi Harrower,1611661317,PHO,Phoenix Mercury,1029800070,1998-07-13,PHO vs. LAS,W,16,0,1,0.0,0,1,0.0,3,4,0.75,0,0,0,2,1,0,1,2,3,,8.0,0
21998,100224,Andrea Kuklova,1611661317,PHO,Phoenix Mercury,1029800070,1998-07-13,PHO vs. LAS,W,9,0,0,,0,0,,0,0,,0,0,0,3,1,0,1,1,0,,6.5,0
21998,100227,Maria Stepanova,1611661317,PHO,Phoenix Mercury,1029800070,1998-07-13,PHO vs. LAS,W,9,3,7,0.429,0,0,,2,2,1.0,2,1,3,0,0,1,1,0,8,,13.6,0
21998,100003,Lisa Leslie,1611661320,LAS,Los Angeles Sparks,1029800070,1998-07-13,LAS @ PHO,L,28,5,11,0.455,0,0,,3,5,0.6,1,12,13,1,3,3,6,4,13,,42.1,0
21998,100004,Penny Toler,1611661320,LAS,Los Angeles Sparks,1029800070,1998-07-13,LAS @ PHO,L,28,5,12,0.417,0,0,,2,2,1.0,3,2,5,2,1,0,5,6,12,,19.0,0
21998,100007,Jamila Wideman,1611661320,LAS,Los Angeles Sparks,1029800070,1998-07-13,LAS @ PHO,L,14,1,2,0.5,0,0,,4,5,0.8,0,2,2,2,0,0,2,1,6,,9.4,0
21998,100008,Tamecka Dixon,1611661320,LAS,Los Angeles Sparks,1029800070,1998-07-13,LAS @ PHO,L,35,2,10,0.2,1,2,0.5,6,8,0.75,1,1,2,2,1,0,1,3,11,,18.4,0
21998,100009,Katrina Colleton,1611661320,LAS,Los Angeles Sparks,1029800070,1998-07-13,LAS @ PHO,L,15,1,3,0.333,0,0,,2,2,1.0,2,0,2,1,1,0,0,0,4,,10.9,0
21998,100012,Mwadi Mabika,1611661320,LAS,Los Angeles Sparks,1029800070,1998-07-13,LAS @ PHO,L,23,2,9,0.222,1,4,0.25,0,0,,0,1,1,1,3,1,2,3,5,,17.7,0
21998,100020,Pam McGee,1611661320,LAS,Los Angeles Sparks,1029800070,1998-07-13,LAS @ PHO,L,15,0,3,0.0,0,0,,1,2,0.5,1,2,3,0,0,0,3,3,1,,1.6,0
21998,100169,Octavia Blue,1611661320,LAS,Los Angeles Sparks,1029800070,1998-07-13,LAS @ PHO,L,1,0,0,,0,0,,0,0,,0,0,0,0,0,0,0,0,0,,0.0,0
21998,100174,Eugenia Rycraw,1611661320,LAS,Los Angeles Sparks,1029800070,1998-07-13,LAS @ PHO,L,17,2,2,1.0,0,0,,0,0,,1,2,3,1,0,1,1,4,4,,11.1,0
21998,100176,Sandra VanEmbricqs,1611661320,LAS,Los Angeles Sparks,1029800070,1998-07-13,LAS @ PHO,L,18,3,6,0.5,0,0,,0,0,,2,1,3,0,1,0,1,5,6,,11.6,0
21998,100286,Michelle Reed,1611661320,LAS,Los Angeles Sparks,1029800070,1998-07-13,LAS @ PHO,L,6,0,2,0.0,0,1,0.0,0,0,,1,0,1,0,0,0,1,0,0,,0.2,0
21998,100049,Raegan Scott,1611661315,CLE,Cleveland Rockers,1029800071,1998-07-14,CLE @ SAC,W,6,0,1,0.0,0,0,,0,0,,0,0,0,1,0,1,0,1,0,,4.5,0
21998,100087,Janice Braxton,1611661315,CLE,Cleveland Rockers,1029800071,1998-07-14,CLE @ SAC,W,23,2,5,0.4,0,0,,2,2,1.0,2,3,5,3,1,0,1,0,6,,18.5,0
21998,100088,Michelle Edwards,1611661315,CLE,Cleveland Rockers,1029800071,1998-07-14,CLE @ SAC,W,26,1,8,0.125,0,1,0.0,0,0,,0,3,3,3,2,0,3,1,2,,13.1,0
21998,100089,Isabelle Fijalkowski,1611661315,CLE,Cleveland Rockers,1029800071,1998-07-14,CLE @ SAC,W,21,2,7,0.286,0,0,,1,1,1.0,0,5,5,0,0,2,0,5,5,,17.0,0
21998,100091,Eva Nemcova,1611661315,CLE,Cleveland Rockers,1029800071,1998-07-14,CLE @ SAC,W,36,4,11,0.364,1,4,0.25,6,6,1.0,1,3,4,0,1,1,2,1,15,,23.8,0
21998,100092,Merlakia Jones,1611661315,CLE,Cleveland Rockers,1029800071,1998-07-14,CLE @ SAC,W,22,6,12,0.5,0,0,,1,2,0.5,1,2,3,1,0,1,1,5,13,,20.1,0
21998,100097,Rushia Brown,1611661315,CLE,Cleveland Rockers,1029800071,1998-07-14,CLE @ SAC,W,24,2,4,0.5,0,0,,2,2,1.0,2,2,4,0,0,3,2,3,6,,17.8,0
21998,100100,Adrienne Johnson,1611661315,CLE,Cleveland Rockers,1029800071,1998-07-14,CLE @ SAC,W,9,3,3,1.0,1,1,1.0,0,0,,2,0,2,0,1,0,2,0,7,,10.4,0
21998,100187,Suzie McConnell Serio,1611661315,CLE,Cleveland Rockers,1029800071,1998-07-14,CLE @ SAC,W,33,2,6,0.333,1,4,0.25,2,2,1.0,0,3,3,9,0,0,3,2,7,,21.1,0
21998,100011,Linda Burgess,1611661318,SAC,Sacramento Monarchs,1029800071,1998-07-14,SAC vs. CLE,L,12,0,2,0.0,0,0,,0,0,,1,1,2,1,1,0,0,2,0,,6.9,0
21998,100017,Bridgette Gordon,1611661318,SAC,Sacramento Monarchs,1029800071,1998-07-14,SAC vs. CLE,L,14,1,2,0.5,0,0,,1,2,0.5,1,0,1,1,0,0,4,2,3,,1.7,0
21998,100027,Latasha Byears,1611661318,SAC,Sacramento Monarchs,1029800071,1998-07-14,SAC vs. CLE,L,30,6,19,0.316,0,3,0.0,4,7,0.571,2,2,4,0,1,0,3,5,16,,20.8,0
21998,100044,Lady Grooms,1611661318,SAC,Sacramento Monarchs,1029800071,1998-07-14,SAC vs. CLE,L,23,3,4,0.75,0,1,0.0,1,2,0.5,1,0,1,0,1,0,1,0,7,,10.2,0
21998,100223,Pauline Jordan,1611661318,SAC,Sacramento Monarchs,1029800071,1998-07-14,SAC vs. CLE,L,24,2,7,0.286,0,0,,2,2,1.0,1,2,3,1,1,0,1,3,6,,13.1,0
21998,100231,Adia Barnes,1611661318,SAC,Sacramento Monarchs,1029800071,1998-07-14,SAC vs. CLE,L,20,4,6,0.667,1,1,1.0,2,2,1.0,1,1,2,0,0,0,3,2,11,,10.4,0
21998,100234,Ticha Penicheiro,1611661318,SAC,Sacramento Monarchs,1029800071,1998-07-14,SAC vs. CLE,L,35,0,4,0.0,0,2,0.0,2,4,0.5,1,5,6,11,3,0,1,3,2,,33.7,0
21998,100235,Franthea Price,1611661318,SAC,Sacramento Monarchs,1029800071,1998-07-14,SAC vs. CLE,L,11,0,3,0.0,0,1,0.0,0,0,,0,1,1,4,2,0,0,1,0,,13.2,0
21998,100236,Tangela Smith,1611661318,SAC,Sacramento Monarchs,1029800071,1998-07-14,SAC vs. CLE,L,31,6,11,0.545,1,1,1.0,0,0,,2,5,7,2,0,4,2,1,13,,34.4,0
21998,100002,Rebecca Lobo,1611661313,NYL,New York Liberty,1029800072,1998-07-15,NYL @ CHA,L,29,2,8,0.25,0,0,,2,2,1.0,1,2,3,1,0,0,2,2,6,,9.1,0
21998,100101,Teresa Weatherspoon,1611661313,NYL,New York Liberty,1029800072,1998-07-15,NYL @ CHA,L,32,4,11,0.364,1,4,0.25,0,0,,1,1,2,6,2,0,3,4,9,,23.4,0
21998,100102,Kym Hampton,1611661313,NYL,New York Liberty,1029800072,1998-07-15,NYL @ CHA,L,24,5,7,0.714,0,0,,3,5,0.6,1,11,12,0,0,1,3,4,13,,27.4,0
21998,100103,Vickie Johnson,1611661313,NYL,New York Liberty,1029800072,1998-07-15,NYL @ CHA,L,34,4,12,0.333,1,2,0.5,4,4,1.0,2,5,7,3,1,0,3,6,13,,25.9,0
21998,100104,Sue Wicks,1611661313,NYL,New York Liberty,1029800072,1998-07-15,NYL @ CHA,L,12,0,2,0.0,0,0,,0,0,,1,1,2,1,1,0,0,0,0,,6.9,0
21998,100105,Sophia Witherspoon,1611661313,NYL,New York Liberty,1029800072,1998-07-15,NYL @ CHA,L,28,7,15,0.467,2,7,0.286,1,2,0.5,5,1,6,3,2,0,4,2,17,,30.7,0
21998,100106,Trena Trice-Hill,1611661313,NYL,New York Liberty,1029800072,1998-07-15,NYL @ CHA,L,12,0,2,0.0,0,0,,0,0,,1,0,1,0,0,0,1,1,0,,0.2,0
21998,100107,Kisha Ford,1611661313,NYL,New York Liberty,1029800072,1998-07-15,NYL @ CHA,L,13,2,3,0.667,0,0,,1,2,0.5,0,0,0,2,0,0,0,1,5,,8.0,0
21998,100213,Elisabeth Cebrian,1611661313,NYL,New York Liberty,1029800072,1998-07-15,NYL @ CHA,L,3,0,1,0.0,0,0,,0,0,,0,0,0,0,0,0,0,1,0,,0.0,0
21998,100216,Alicia Thompson,1611661313,NYL,New York Liberty,1029800072,1998-07-15,NYL @ CHA,L,5,0,0,,0,0,,0,0,,0,0,0,0,0,0,0,0,0,,0.0,0
21998,100217,Coquese Washington,1611661313,NYL,New York Liberty,1029800072,1998-07-15,NYL @ CHA,L,8,1,2,0.5,0,1,0.0,0,0,,0,1,1,0,0,0,2,2,2,,1.2,0
21998,100058,Vicky Bullett,1611661314,CHA,Charlotte Sting,1029800072,1998-07-15,CHA vs. NYL,W,36,6,12,0.5,1,1,1.0,6,6,1.0,0,2,2,3,3,1,3,4,19,,34.9,0
21998,100059,Andrea Stinson,1611661314,CHA,Charlotte Sting,1029800072,1998-07-15,CHA vs. NYL,W,33,5,11,0.455,0,2,0.0,1,6,0.167,0,5,5,7,1,0,2,1,11,,28.5,0
21998,100060,Rhonda Mapp,1611661314,CHA,Charlotte Sting,1029800072,1998-07-15,CHA vs. NYL,W,8,1,4,0.25,0,1,0.0,0,0,,1,0,1,1,1,0,1,0,2,,6.7,0
21998,100062,Tora Suber,1611661314,CHA,Charlotte Sting,1029800072,1998-07-15,CHA vs. NYL,W,33,3,6,0.5,1,4,0.25,5,6,0.833,0,3,3,2,2,0,0,1,12,,24.6,0
21998,100063,Sharon Manning,1611661314,CHA,Charlotte Sting,1029800072,1998-07-15,CHA vs. NYL,W,31,2,4,0.5,0,0,,2,4,0.5,1,4,5,1,2,0,2,4,6,,17.5,0
21998,100070,Tia Paschal,1611661314,CHA,Charlotte Sting,1029800072,1998-07-15,CHA vs. NYL,W,12,2,3,0.667,0,0,,0,0,,2,0,2,1,1,0,0,1,4,,10.9,0
21998,100177,Kelly Boucher,1611661314,CHA,Charlotte Sting,1029800072,1998-07-15,CHA vs. NYL,W,2,0,0,,0,0,,0,0,,0,1,1,0,0,0,0,0,0,,1.2,0
21998,100178,Sonia Chase,1611661314,CHA,Charlotte Sting,1029800072,1998-07-15,CHA vs. NYL,W,4,0,0,,0,0,,0,0,,0,0,0,0,0,0,4,1,0,,-4.0,0
21998,100180,Pollyanna Johns Kimbrough,1611661314,CHA,Charlotte Sting,1029800072,1998-07-15,CHA vs. NYL,W,6,2,2,1.0,0,0,,0,0,,0,0,0,0,0,0,0,0,4,,4.0,0
21998,100182,Tracy Reid,1611661314,CHA,Charlotte Sting,1029800072,1998-07-15,CHA vs. NYL,W,35,6,11,0.545,0,0,,2,5,0.4,0,5,5,1,1,1,2,1,14,,25.5,0
21998,100019,Mikiko Hagiwara,1611661317,PHO,Phoenix Mercury,1029800073,1998-07-15,PHO vs. DET,W,2,0,0,,0,0,,0,0,,0,0,0,0,0,0,0,0,0,,0.0,0
21998,100029,Michele Timms,1611661317,PHO,Phoenix Mercury,1029800073,1998-07-15,PHO vs. DET,W,32,3,6,0.5,0,1,0.0,2,2,1.0,0,1,1,5,0,0,1,2,8,,15.7,0
21998,100030,Jennifer Gillom,1611661317,PHO,Phoenix Mercury,1029800073,1998-07-15,PHO vs. DET,W,27,7,14,0.5,1,2,0.5,2,2,1.0,1,4,5,1,5,1,3,2,17,,39.5,0
21998,100031,Bridget Pettis,1611661317,PHO,Phoenix Mercury,1029800073,1998-07-15,PHO vs. DET,W,20,1,9,0.111,0,1,0.0,0,0,,4,1,5,2,0,0,3,1,2,,8.0,0
21998,100035,Umeki Webb,1611661317,PHO,Phoenix Mercury,1029800073,1998-07-15,PHO vs. DET,W,19,3,5,0.6,0,0,,1,2,0.5,2,1,3,1,3,0,0,4,7,,21.1,0
21998,100037,Marlies Askamp,1611661317,PHO,Phoenix Mercury,1029800073,1998-07-15,PHO vs. DET,W,15,3,5,0.6,0,0,,3,4,0.75,1,3,4,0,1,1,1,2,9,,18.8,0
21998,100221,Michelle Brogan,1611661317,PHO,Phoenix Mercury,1029800073,1998-07-15,PHO vs. DET,W,34,4,8,0.5,1,2,0.5,3,6,0.5,1,5,6,2,1,0,2,2,12,,23.2,0
21998,100222,Kristi Harrower,1611661317,PHO,Phoenix Mercury,1029800073,1998-07-15,PHO vs. DET,W,11,1,3,0.333,1,3,0.333,0,0,,0,0,0,3,0,0,0,0,3,,7.5,0
21998,100224,Andrea Kuklova,1611661317,PHO,Phoenix Mercury,1029800073,1998-07-15,PHO vs. DET,W,17,4,6,0.667,0,0,,1,1,1.0,1,1,2,3,0,2,2,3,9,,19.9,0
21998,100225,Brandy Reed,1611661317,PHO,Phoenix Mercury,1029800073,1998-07-15,PHO vs. DET,W,19,2,6,0.333,0,1,0.0,1,2,0.5,0,4,4,4,1,1,1,3,5,,20.8,0
21998,100227,Maria Stepanova,1611661317,PHO,Phoenix Mercury,1029800073,1998-07-15,PHO vs. DET,W,4,0,1,0.0,0,0,,1,2,0.5,1,2,3,0,0,1,1,3,1,,6.6,0
21998,100090,Lynette Woodard,1611661321,DET,Detroit Shock,1029800073,1998-07-15,DET @ PHO,L,19,0,3,0.0,0,0,,3,4,0.75,1,1,2,0,1,0,3,2,3,,5.4,0
21998,100108,Rhonda Blades,1611661321,DET,Detroit Shock,1029800073,1998-07-15,DET @ PHO,L,12,2,3,0.667,1,1,1.0,0,0,,0,0,0,1,0,0,2,1,5,,4.5,0
21998,100246,Gergana Branzova,1611661321,DET,Detroit Shock,1029800073,1998-07-15,DET @ PHO,L,6,1,2,0.5,0,0,,0,0,,1,2,3,1,0,0,0,1,2,,7.1,0
21998,100247,Sandy Brondello,1611661321,DET,Detroit Shock,1029800073,1998-07-15,DET @ PHO,L,30,1,7,0.143,0,1,0.0,5,5,1.0,1,2,3,4,0,0,3,1,7,,13.6,0
21998,100248,Cindy Brown,1611661321,DET,Detroit Shock,1029800073,1998-07-15,DET @ PHO,L,34,3,9,0.333,1,1,1.0,4,8,0.5,3,6,9,0,3,0,4,5,11,,26.8,0
21998,100250,Korie Hlede,1611661321,DET,Detroit Shock,1029800073,1998-07-15,DET @ PHO,L,38,8,18,0.444,0,0,,0,0,,2,1,3,0,2,0,4,3,16,,21.6,0
21998,100251,Aneta Kausaite,1611661321,DET,Detroit Shock,1029800073,1998-07-15,DET @ PHO,L,4,0,3,0.0,0,0,,0,0,,1,0,1,0,0,0,0,0,0,,1.2,0
21998,100253,Razija Brcaninovic,1611661321,DET,Detroit Shock,1029800073,1998-07-15,DET @ PHO,L,7,0,0,,0,0,,2,2,1.0,0,1,1,0,0,1,1,3,2,,5.2,0
21998,100255,Rachael Sporn,1611661321,DET,Detroit Shock,1029800073,1998-07-15,DET @ PHO,L,33,5,9,0.556,0,0,,2,3,0.667,2,7,9,1,0,4,2,3,12,,34.3,0
21998,100269,Carla Boyd,1611661321,DET,Detroit Shock,1029800073,1998-07-15,DET @ PHO,L,17,1,3,0.333,0,0,,0,0,,1,1,2,1,0,0,1,3,2,,4.9,0
21998,100011,Linda Burgess,1611661318,SAC,Sacramento Monarchs,1029800074,1998-07-15,SAC @ LAS,L,29,5,9,0.556,0,0,,0,0,,2,6,8,2,3,0,4,4,10,,27.6,0
21998,100017,Bridgette Gordon,1611661318,SAC,Sacramento Monarchs,1029800074,1998-07-15,SAC @ LAS,L,3,0,1,0.0,0,0,,0,0,,0,1,1,0,0,0,1,0,0,,0.2,0
21998,100027,Latasha Byears,1611661318,SAC,Sacramento Monarchs,1029800074,1998-07-15,SAC @ LAS,L,40,8,22,0.364,0,1,0.0,0,0,,8,5,13,2,0,0,2,3,16,,32.6,0
21998,100044,Lady Grooms,1611661318,SAC,Sacramento Monarchs,1029800074,1998-07-15,SAC @ LAS,L,18,1,6,0.167,0,0,,0,0,,1,0,1,1,1,0,1,1,2,,6.7,0
21998,100175,Rehema Stephens,1611661318,SAC,Sacramento Monarchs,1029800074,1998-07-15,SAC @ LAS,L,6,1,3,0.333,0,1,0.0,0,0,,0,1,1,0,1,0,0,0,2,,6.2,0
21998,100223,Pauline Jordan,1611661318,SAC,Sacramento Monarchs,1029800074,1998-07-15,SAC @ LAS,L,16,1,4,0.25,0,0,,2,2,1.0,2,1,3,1,0,0,0,4,4,,9.1,0
21998,100230,Quacy Barnes,1611661318,SAC,Sacramento Monarchs,1029800074,1998-07-15,SAC @ LAS,L,1,0,0,,0,0,,0,0,,0,0,0,0,0,0,0,0,0,,0.0,0
21998,100231,Adia Barnes,1611661318,SAC,Sacramento Monarchs,1029800074,1998-07-15,SAC @ LAS,L,25,4,13,0.308,1,4,0.25,2,2,1.0,2,2,4,2,1,0,0,2,11,,21.8,0
21998,100234,Ticha Penicheiro,1611661318,SAC,Sacramento Monarchs,1029800074,1998-07-15,SAC @ LAS,L,41,3,7,0.429,2,4,0.5,0,0,,0,6,6,12,2,0,5,4,8,,34.2,0
21998,100235,Franthea Price,1611661318,SAC,Sacramento Monarchs,1029800074,1998-07-15,SAC @ LAS,L,14,4,7,0.571,2,3,0.667,0,0,,1,3,4,1,0,0,2,1,10,,14.3,0
21998,100236,Tangela Smith,1611661318,SAC,Sacramento Monarchs,1029800074,1998-07-15,SAC @ LAS,L,32,5,16,0.313,0,1,0.0,3,5,0.6,4,1,5,1,0,1,2,2,13,,21.5,0
21998,100003,Lisa Leslie,1611661320,LAS,Los Angeles Sparks,1029800074,1998-07-15,LAS vs. SAC,W,41,6,15,0.4,0,1,0.0,4,4,1.0,1,6,7,6,0,4,3,3,16,,42.4,0
21998,100004,Penny Toler,1611661320,LAS,Los Angeles Sparks,1029800074,1998-07-15,LAS vs. SAC,W,40,7,13,0.538,0,3,0.0,2,3,0.667,1,5,6,6,0,0,1,2,16,,31.2,0
21998,100007,Jamila Wideman,1611661320,LAS,Los Angeles Sparks,1029800074,1998-07-15,LAS vs. SAC,W,5,0,0,,0,0,,0,0,,0,1,1,1,0,0,3,0,0,,-0.3,0
21998,100008,Tamecka Dixon,1611661320,LAS,Los Angeles Sparks,1029800074,1998-07-15,LAS vs. SAC,W,37,7,16,0.438,2,5,0.4,6,8,0.75,0,4,4,3,0,1,3,4,22,,31.3,0
21998,100009,Katrina Colleton,1611661320,LAS,Los Angeles Sparks,1029800074,1998-07-15,LAS vs. SAC,W,9,0,2,0.0,0,0,,0,0,,0,1,1,0,0,0,1,1,0,,0.2,0
21998,100012,Mwadi Mabika,1611661320,LAS,Los Angeles Sparks,1029800074,1998-07-15,LAS vs. SAC,W,31,4,11,0.364,1,4,0.25,3,4,0.75,0,6,6,2,0,0,0,3,12,,22.2,0
21998,100020,Pam McGee,1611661320,LAS,Los Angeles Sparks,1029800074,1998-07-15,LAS vs. SAC,W,12,1,2,0.5,0,0,,3,4,0.75,1,3,4,0,1,2,3,1,5,,15.8,0
21998,100169,Octavia Blue,1611661320,LAS,Los Angeles Sparks,1029800074,1998-07-15,LAS vs. SAC,W,10,0,0,,0,0,,0,0,,0,1,1,1,1,0,0,2,0,,5.7,0
21998,100174,Eugenia Rycraw,1611661320,LAS,Los Angeles Sparks,1029800074,1998-07-15,LAS vs. SAC,W,13,2,3,0.667,0,0,,0,0,,1,1,2,0,0,0,2,0,4,,4.4,0
21998,100176,Sandra VanEmbricqs,1611661320,LAS,Los Angeles Sparks,1029800074,1998-07-15,LAS vs. SAC,W,27,3,5,0.6,0,0,,0,0,,1,1,2,0,1,0,0,4,6,,11.4,0
21998,100002,Rebecca Lobo,1611661313,NYL,New York Liberty,1029800075,1998-07-16,NYL @ CLE,L,34,3,10,0.3,0,0,,4,6,0.667,3,5,8,1,0,3,2,3,10,,28.1,0
21998,100101,Teresa Weatherspoon,1611661313,NYL,New York Liberty,1029800075,1998-07-16,NYL @ CLE,L,33,0,1,0.0,0,1,0.0,0,0,,1,2,3,6,2,0,2,4,0,,16.6,0
21998,100102,Kym Hampton,1611661313,NYL,New York Liberty,1029800075,1998-07-16,NYL @ CLE,L,32,3,7,0.429,0,0,,1,2,0.5,3,7,10,0,1,0,5,1,7,,17.0,0
21998,100103,Vickie Johnson,1611661313,NYL,New York Liberty,1029800075,1998-07-16,NYL @ CLE,L,29,3,7,0.429,1,1,1.0,1,2,0.5,0,2,2,4,0,1,3,3,8,,16.4,0
21998,100104,Sue Wicks,1611661313,NYL,New York Liberty,1029800075,1998-07-16,NYL @ CLE,L,11,0,1,0.0,0,0,,1,2,0.5,0,1,1,1,0,1,3,1,1,,3.7,0
21998,100105,Sophia Witherspoon,1611661313,NYL,New York Liberty,1029800075,1998-07-16,NYL @ CLE,L,28,5,15,0.333,0,2,0.0,3,3,1.0,0,0,0,1,2,0,2,2,13,,18.5,0
21998,100107,Kisha Ford,1611661313,NYL,New York Liberty,1029800075,1998-07-16,NYL @ CLE,L,19,2,5,0.4,0,0,,1,1,1.0,1,0,1,1,1,0,1,3,5,,9.7,0
21998,100213,Elisabeth Cebrian,1611661313,NYL,New York Liberty,1029800075,1998-07-16,NYL @ CLE,L,3,1,1,1.0,0,0,,0,0,,0,0,0,0,0,0,0,0,2,,2.0,0
21998,100217,Coquese Washington,1611661313,NYL,New York Liberty,1029800075,1998-07-16,NYL @ CLE,L,11,2,3,0.667,1,1,1.0,0,0,,0,2,2,2,1,0,0,0,5,,13.4,0
21998,100049,Raegan Scott,1611661315,CLE,Cleveland Rockers,1029800075,1998-07-16,CLE vs. NYL,W,11,1,3,0.333,0,0,,0,0,,0,2,2,2,0,0,0,2,2,,7.4,0
21998,100087,Janice Braxton,1611661315,CLE,Cleveland Rockers,1029800075,1998-07-16,CLE vs. NYL,W,26,2,8,0.25,0,1,0.0,0,0,,0,4,4,4,3,0,0,2,4,,23.8,0
21998,100088,Michelle Edwards,1611661315,CLE,Cleveland Rockers,1029800075,1998-07-16,CLE vs. NYL,W,26,2,7,0.286,0,2,0.0,1,2,0.5,1,6,7,1,1,1,1,0,5,,19.9,0
21998,100089,Isabelle Fijalkowski,1611661315,CLE,Cleveland Rockers,1029800075,1998-07-16,CLE vs. NYL,W,22,7,12,0.583,0,0,,1,2,0.5,2,4,6,0,3,0,2,1,15,,29.2,0
21998,100091,Eva Nemcova,1611661315,CLE,Cleveland Rockers,1029800075,1998-07-16,CLE vs. NYL,W,30,5,10,0.5,1,3,0.333,1,1,1.0,3,2,5,0,0,2,2,3,12,,22.0,0
21998,100092,Merlakia Jones,1611661315,CLE,Cleveland Rockers,1029800075,1998-07-16,CLE vs. NYL,W,14,1,1,1.0,0,0,,0,0,,1,1,2,0,1,0,0,2,2,,7.4,0
21998,100097,Rushia Brown,1611661315,CLE,Cleveland Rockers,1029800075,1998-07-16,CLE vs. NYL,W,22,1,6,0.167,0,0,,4,4,1.0,2,2,4,1,2,0,5,4,6,,13.3,0
21998,100100,Adrienne Johnson,1611661315,CLE,Cleveland Rockers,1029800075,1998-07-16,CLE vs. NYL,W,9,2,3,0.667,0,0,,0,0,,1,0,1,1,0,0,1,1,4,,5.7,0
21998,100183,Cindy Blodgett,1611661315,CLE,Cleveland Rockers,1029800075,1998-07-16,CLE vs. NYL,W,6,1,2,0.5,0,0,,0,0,,0,0,0,0,0,0,1,2,2,,1.0,0
21998,100186,Tanja Kostic,1611661315,CLE,Cleveland Rockers,1029800075,1998-07-16,CLE vs. NYL,W,3,0,0,,0,0,,0,0,,0,0,0,0,0,0,1,0,0,,-1.0,0
21998,100187,Suzie McConnell Serio,1611661315,CLE,Cleveland Rockers,1029800075,1998-07-16,CLE vs. NYL,W,31,3,4,0.75,1,1,1.0,1,3,0.333,0,0,0,7,0,1,2,2,8,,19.5,0
21998,100058,Vicky Bullett,1611661314,CHA,Charlotte Sting,1029800076,1998-07-17,CHA vs. WAS,W,22,3,7,0.429,0,0,,1,1,1.0,1,1,2,3,2,2,2,2,7,,23.9,0
21998,100059,Andrea Stinson,1611661314,CHA,Charlotte Sting,1029800076,1998-07-17,CHA vs. WAS,W,28,4,10,0.4,1,2,0.5,3,4,0.75,1,1,2,3,0,1,2,2,12,,19.9,0
21998,100060,Rhonda Mapp,1611661314,CHA,Charlotte Sting,1029800076,1998-07-17,CHA vs. WAS,W,16,5,10,0.5,1,2,0.5,1,3,0.333,2,2,4,0,1,1,2,3,12,,20.8,0
21998,100062,Tora Suber,1611661314,CHA,Charlotte Sting,1029800076,1998-07-17,CHA vs. WAS,W,24,5,8,0.625,4,7,0.571,0,0,,0,1,1,1,0,0,0,1,14,,16.7,0
21998,100063,Sharon Manning,1611661314,CHA,Charlotte Sting,1029800076,1998-07-17,CHA vs. WAS,W,23,2,6,0.333,0,0,,1,4,0.25,4,4,8,1,2,0,0,1,5,,22.1,0
21998,100070,Tia Paschal,1611661314,CHA,Charlotte Sting,1029800076,1998-07-17,CHA vs. WAS,W,15,1,4,0.25,0,0,,1,2,0.5,0,1,1,3,0,0,2,4,3,,6.7,0
21998,100177,Kelly Boucher,1611661314,CHA,Charlotte Sting,1029800076,1998-07-17,CHA vs. WAS,W,11,1,3,0.333,0,1,0.0,3,4,0.75,1,3,4,1,0,0,0,1,5,,11.3,0
21998,100178,Sonia Chase,1611661314,CHA,Charlotte Sting,1029800076,1998-07-17,CHA vs. WAS,W,10,1,3,0.333,0,0,,2,2,1.0,1,1,2,0,0,0,1,0,4,,5.4,0
21998,100180,Pollyanna Johns Kimbrough,1611661314,CHA,Charlotte Sting,1029800076,1998-07-17,CHA vs. WAS,W,19,2,3,0.667,0,0,,3,5,0.6,0,6,6,2,1,0,0,0,7,,20.2,0
21998,100182,Tracy Reid,1611661314,CHA,Charlotte Sting,1029800076,1998-07-17,CHA vs. WAS,W,32,8,11,0.727,0,0,,1,3,0.333,2,6,8,4,2,0,1,1,17,,37.6,0
21998,100052,Deborah Carter,1611661322,WAS,Washington Mystics,1029800076,1998-07-17,WAS @ CHA,L,17,2,9,0.222,1,2,0.5,0,0,,0,1,1,0,0,0,2,1,5,,4.2,0
21998,100156,Heidi Burge,1611661322,WAS,Washington Mystics,1029800076,1998-07-17,WAS @ CHA,L,22,5,10,0.5,0,0,,0,0,,2,1,3,1,1,0,2,4,10,,16.1,0
21998,100193,La'Shawn Brown,1611661322,WAS,Washington Mystics,1029800076,1998-07-17,WAS @ CHA,L,18,1,3,0.333,0,0,,0,0,,1,4,5,0,1,0,2,5,2,,9.0,0
21998,100194,Keri Chaconas,1611661322,WAS,Washington Mystics,1029800076,1998-07-17,WAS @ CHA,L,30,3,11,0.273,2,8,0.25,2,2,1.0,0,0,0,5,0,0,2,3,10,,15.5,0
21998,100197,Angela Jackson,1611661322,WAS,Washington Mystics,1029800076,1998-07-17,WAS @ CHA,L,7,0,2,0.0,0,0,,0,0,,2,0,2,0,0,0,0,3,0,,2.4,0
21998,100199,Murriel Page,1611661322,WAS,Washington Mystics,1029800076,1998-07-17,WAS @ CHA,L,34,4,11,0.364,0,0,,0,0,,1,4,5,0,0,2,1,3,8,,19.0,0
21998,100202,Adrienne Shuler,1611661322,WAS,Washington Mystics,1029800076,1998-07-17,WAS @ CHA,L,19,1,2,0.5,0,1,0.0,2,3,0.667,1,2,3,5,1,0,1,2,4,,17.1,0
21998,100204,Rita Williams,1611661322,WAS,Washington Mystics,1029800076,1998-07-17,WAS @ CHA,L,21,1,5,0.2,0,4,0.0,1,3,0.333,0,5,5,1,2,0,0,1,3,,16.5,0
21998,100283,Leila de Souza Sobral,1611661322,WAS,Washington Mystics,1029800076,1998-07-17,WAS @ CHA,L,7,2,5,0.4,1,3,0.333,1,2,0.5,1,0,1,1,0,1,3,1,6,,8.7,0
21998,100374,Penny Moore,1611661322,WAS,Washington Mystics,1029800076,1998-07-17,WAS @ CHA,L,25,3,7,0.429,0,3,0.0,2,2,1.0,2,6,8,2,0,1,2,1,8,,21.6,0
21998,100022,Chantel Tremitiere,1611661319,UTA,Utah Starzz,1029800077,1998-07-17,UTA @ DET,L,26,1,4,0.25,0,2,0.0,1,2,0.5,1,2,3,3,0,0,1,2,3,,10.1,0
21998,100043,Elena Baranova,1611661319,UTA,Utah Starzz,1029800077,1998-07-17,UTA @ DET,L,37,2,10,0.2,0,1,0.0,3,3,1.0,3,4,7,2,2,0,2,2,7,,22.4,0
21998,100045,Dena Head,1611661319,UTA,Utah Starzz,1029800077,1998-07-17,UTA @ DET,L,18,2,5,0.4,0,2,0.0,2,2,1.0,0,1,1,2,3,0,1,2,6,,18.2,0
21998,100046,Wendy Palmer,1611661319,UTA,Utah Starzz,1029800077,1998-07-17,UTA @ DET,L,24,5,10,0.5,0,0,,0,0,,2,3,5,0,0,0,3,3,10,,13.0,0
21998,100050,Kim Williams,1611661319,UTA,Utah Starzz,1029800077,1998-07-17,UTA @ DET,L,20,7,9,0.778,0,0,,2,2,1.0,1,2,3,1,1,0,3,4,16,,21.1,0
21998,100084,Fran Harris,1611661319,UTA,Utah Starzz,1029800077,1998-07-17,UTA @ DET,L,17,0,1,0.0,0,0,,0,0,,0,0,0,2,2,0,1,1,0,,8.0,0
21998,100168,Erin Alexander,1611661319,UTA,Utah Starzz,1029800077,1998-07-17,UTA @ DET,L,12,1,4,0.25,1,4,0.25,0,0,,0,0,0,0,0,0,1,1,3,,2.0,0
21998,100237,Tricia Bader Binford,1611661319,UTA,Utah Starzz,1029800077,1998-07-17,UTA @ DET,L,3,1,1,1.0,1,1,1.0,0,0,,0,0,0,0,0,0,0,1,3,,3.0,0
21998,100239,Margo Dydek,1611661319,UTA,Utah Starzz,1029800077,1998-07-17,UTA @ DET,L,31,6,14,0.429,0,0,,3,6,0.5,0,11,11,1,0,8,3,4,15,,50.7,0
21998,100242,LaTonya Johnson,1611661319,UTA,Utah Starzz,1029800077,1998-07-17,UTA @ DET,L,7,2,3,0.667,0,1,0.0,0,0,,1,1,2,0,0,0,1,1,4,,5.4,0
21998,100243,Olympia Scott,1611661319,UTA,Utah Starzz,1029800077,1998-07-17,UTA @ DET,L,5,0,1,0.0,0,0,,0,0,,0,1,1,0,0,0,1,2,0,,0.2,0
21998,100090,Lynette Woodard,1611661321,DET,Detroit Shock,1029800077,1998-07-17,DET vs. UTA,W,10,0,3,0.0,0,0,,0,0,,2,0,2,0,1,0,2,0,0,,3.4,0
21998,100108,Rhonda Blades,1611661321,DET,Detroit Shock,1029800077,1998-07-17,DET vs. UTA,W,3,0,1,0.0,0,1,0.0,0,0,,0,1,1,0,0,0,0,0,0,,1.2,0
21998,100246,Gergana Branzova,1611661321,DET,Detroit Shock,1029800077,1998-07-17,DET vs. UTA,W,10,2,6,0.333,0,1,0.0,0,0,,1,0,1,1,0,0,1,2,4,,5.7,0
21998,100247,Sandy Brondello,1611661321,DET,Detroit Shock,1029800077,1998-07-17,DET vs. UTA,W,37,7,13,0.538,1,2,0.5,3,4,0.75,1,3,4,7,0,0,0,1,18,,33.3,0
21998,100248,Cindy Brown,1611661321,DET,Detroit Shock,1029800077,1998-07-17,DET vs. UTA,W,29,6,10,0.6,2,2,1.0,2,2,1.0,5,10,15,0,3,0,2,3,16,,41.0,0
21998,100250,Korie Hlede,1611661321,DET,Detroit Shock,1029800077,1998-07-17,DET vs. UTA,W,40,5,13,0.385,3,3,1.0,4,4,1.0,1,3,4,3,0,0,2,4,17,,24.3,0
21998,100253,Razija Brcaninovic,1611661321,DET,Detroit Shock,1029800077,1998-07-17,DET vs. UTA,W,18,4,12,0.333,0,0,,2,5,0.4,4,2,6,1,1,0,2,2,10,,19.7,0
21998,100255,Rachael Sporn,1611661321,DET,Detroit Shock,1029800077,1998-07-17,DET vs. UTA,W,24,2,6,0.333,0,0,,0,0,,2,2,4,2,0,0,2,3,4,,9.8,0
21998,100269,Carla Boyd,1611661321,DET,Detroit Shock,1029800077,1998-07-17,DET vs. UTA,W,29,4,11,0.364,0,0,,2,2,1.0,2,3,5,4,1,0,2,0,10,,23.0,0
21998,100072,Sheryl Swoopes,1611661316,HOU,Houston Comets,1029800078,1998-07-17,HOU @ LAS,W,37,5,15,0.333,1,4,0.25,3,3,1.0,2,8,10,1,3,0,3,2,14,,33.5,0
21998,100073,Cynthia Cooper,1611661316,HOU,Houston Comets,1029800078,1998-07-17,HOU @ LAS,W,39,5,18,0.278,0,5,0.0,12,12,1.0,3,4,7,5,1,1,2,2,22,,41.9,0
21998,100075,Janeth Arcain,1611661316,HOU,Houston Comets,1029800078,1998-07-17,HOU @ LAS,W,15,2,6,0.333,0,2,0.0,0,0,,0,0,0,1,0,0,0,1,4,,5.5,0
21998,100076,Tina Thompson,1611661316,HOU,Houston Comets,1029800078,1998-07-17,HOU @ LAS,W,30,5,10,0.5,2,3,0.667,0,3,0.0,2,3,5,1,2,0,1,3,12,,24.5,0
21998,100077,Tammy Jackson,1611661316,HOU,Houston Comets,1029800078,1998-07-17,HOU @ LAS,W,1,0,0,,0,0,,0,0,,1,1,2,0,0,0,0,0,0,,2.4,0
21998,100083,Kim Perrot,1611661316,HOU,Houston Comets,1029800078,1998-07-17,HOU @ LAS,W,36,3,7,0.429,1,4,0.25,2,4,0.5,0,3,3,9,3,0,1,2,9,,34.1,0
21998,100085,Yolanda Moore,1611661316,HOU,Houston Comets,1029800078,1998-07-17,HOU @ LAS,W,14,1,2,0.5,0,0,,2,2,1.0,0,4,4,0,0,0,0,1,4,,8.8,0
21998,100207,Monica Lamb,1611661316,HOU,Houston Comets,1029800078,1998-07-17,HOU @ LAS,W,28,3,4,0.75,0,0,,3,4,0.75,2,2,4,0,1,2,1,2,9,,21.8,0
21998,100003,Lisa Leslie,1611661320,LAS,Los Angeles Sparks,1029800078,1998-07-17,LAS vs. HOU,L,34,8,17,0.471,0,2,0.0,2,2,1.0,3,5,8,5,1,2,5,5,18,,39.1,0
21998,100004,Penny Toler,1611661320,LAS,Los Angeles Sparks,1029800078,1998-07-17,LAS vs. HOU,L,34,6,12,0.5,1,3,0.333,0,0,,1,6,7,7,1,0,1,3,13,,33.9,0
21998,100007,Jamila Wideman,1611661320,LAS,Los Angeles Sparks,1029800078,1998-07-17,LAS vs. HOU,L,6,0,1,0.0,0,0,,0,0,,0,0,0,1,0,0,0,1,0,,1.5,0
21998,100008,Tamecka Dixon,1611661320,LAS,Los Angeles Sparks,1029800078,1998-07-17,LAS vs. HOU,L,34,6,12,0.5,2,4,0.5,2,2,1.0,0,2,2,1,0,0,2,6,16,,17.9,0
21998,100009,Katrina Colleton,1611661320,LAS,Los Angeles Sparks,1029800078,1998-07-17,LAS vs. HOU,L,16,1,5,0.2,1,1,1.0,0,0,,1,0,1,1,0,0,0,1,3,,5.7,0
21998,100012,Mwadi Mabika,1611661320,LAS,Los Angeles Sparks,1029800078,1998-07-17,LAS vs. HOU,L,31,2,9,0.222,1,4,0.25,0,2,0.0,1,4,5,1,0,0,2,2,5,,10.5,0
21998,100020,Pam McGee,1611661320,LAS,Los Angeles Sparks,1029800078,1998-07-17,LAS vs. HOU,L,23,3,10,0.3,0,0,,3,3,1.0,5,4,9,2,0,2,1,2,9,,27.8,0
21998,100169,Octavia Blue,1611661320,LAS,Los Angeles Sparks,1029800078,1998-07-17,LAS vs. HOU,L,3,1,1,1.0,0,0,,0,0,,0,0,0,0,0,0,0,0,2,,2.0,0
21998,100174,Eugenia Rycraw,1611661320,LAS,Los Angeles Sparks,1029800078,1998-07-17,LAS vs. HOU,L,10,0,1,0.0,0,0,,0,0,,0,3,3,0,0,1,1,1,0,,5.6,0
21998,100176,Sandra VanEmbricqs,1611661320,LAS,Los Angeles Sparks,1029800078,1998-07-17,LAS vs. HOU,L,9,1,3,0.333,0,0,,0,0,,0,1,1,0,0,0,0,1,2,,3.2,0
21998,100049,Raegan Scott,1611661315,CLE,Cleveland Rockers,1029800079,1998-07-18,CLE @ DET,L,12,0,1,0.0,0,0,,0,0,,0,2,2,0,1,0,0,1,0,,5.4,0
21998,100087,Janice Braxton,1611661315,CLE,Cleveland Rockers,1029800079,1998-07-18,CLE @ DET,L,24,4,9,0.444,1,1,1.0,1,2,0.5,0,3,3,1,2,0,2,4,10,,19.1,0
21998,100088,Michelle Edwards,1611661315,CLE,Cleveland Rockers,1029800079,1998-07-18,CLE @ DET,L,25,5,11,0.455,0,1,0.0,3,4,0.75,0,2,2,0,0,0,1,3,13,,14.4,0
21998,100089,Isabelle Fijalkowski,1611661315,CLE,Cleveland Rockers,1029800079,1998-07-18,CLE @ DET,L,27,3,7,0.429,0,0,,1,1,1.0,3,4,7,1,0,1,3,5,7,,16.9,0
21998,100091,Eva Nemcova,1611661315,CLE,Cleveland Rockers,1029800079,1998-07-18,CLE @ DET,L,27,2,5,0.4,0,1,0.0,1,2,0.5,0,5,5,1,2,1,2,5,5,,19.5,0
21998,100092,Merlakia Jones,1611661315,CLE,Cleveland Rockers,1029800079,1998-07-18,CLE @ DET,L,28,4,9,0.444,0,1,0.0,1,2,0.5,1,2,3,1,3,1,2,3,9,,24.1,0
21998,100097,Rushia Brown,1611661315,CLE,Cleveland Rockers,1029800079,1998-07-18,CLE @ DET,L,14,0,2,0.0,0,0,,2,2,1.0,0,0,0,0,0,1,1,4,2,,4.0,0
21998,100100,Adrienne Johnson,1611661315,CLE,Cleveland Rockers,1029800079,1998-07-18,CLE @ DET,L,7,0,3,0.0,0,1,0.0,0,0,,0,0,0,0,0,0,1,0,0,,-1.0,0
21998,100183,Cindy Blodgett,1611661315,CLE,Cleveland Rockers,1029800079,1998-07-18,CLE @ DET,L,2,0,1,0.0,0,1,0.0,0,0,,0,0,0,0,0,0,0,1,0,,0.0,0
21998,100187,Suzie McConnell Serio,1611661315,CLE,Cleveland Rockers,1029800079,1998-07-18,CLE @ DET,L,34,4,7,0.571,1,3,0.333,2,3,0.667,0,2,2,1,1,0,4,1,11,,13.9,0
21998,100023,Tajama Abraham,1611661321,DET,Detroit Shock,1029800079,1998-07-18,DET vs. CLE,W,1,1,2,0.5,0,0,,0,0,,1,0,1,0,0,0,0,0,2,,3.2,0
21998,100090,Lynette Woodard,1611661321,DET,Detroit Shock,1029800079,1998-07-18,DET vs. CLE,W,9,1,3,0.333,0,0,,3,4,0.75,2,1,3,1,0,0,0,1,5,,10.1,0
21998,100108,Rhonda Blades,1611661321,DET,Detroit Shock,1029800079,1998-07-18,DET vs. CLE,W,7,0,2,0.0,0,1,0.0,1,2,0.5,1,1,2,1,0,0,1,1,1,,3.9,0
21998,100246,Gergana Branzova,1611661321,DET,Detroit Shock,1029800079,1998-07-18,DET vs. CLE,W,5,0,2,0.0,0,0,,0,0,,0,0,0,0,0,0,0,1,0,,0.0,0
21998,100247,Sandy Brondello,1611661321,DET,Detroit Shock,1029800079,1998-07-18,DET vs. CLE,W,35,2,8,0.25,1,3,0.333,4,4,1.0,0,2,2,3,1,0,2,2,9,,16.9,0
21998,100248,Cindy Brown,1611661321,DET,Detroit Shock,1029800079,1998-07-18,DET vs. CLE,W,33,5,9,0.556,2,3,0.667,4,5,0.8,0,7,7,1,2,1,2,2,16,,32.9,0
21998,100250,Korie Hlede,1611661321,DET,Detroit Shock,1029800079,1998-07-18,DET vs. CLE,W,37,4,12,0.333,1,6,0.167,7,8,0.875,1,12,13,2,0,0,3,1,16,,31.6,0
21998,100253,Razija Brcaninovic,1611661321,DET,Detroit Shock,1029800079,1998-07-18,DET vs. CLE,W,32,4,7,0.571,0,0,,5,8,0.625,3,2,5,0,1,1,2,2,13,,23.0,0
21998,100255,Rachael Sporn,1611661321,DET,Detroit Shock,1029800079,1998-07-18,DET vs. CLE,W,9,0,1,0.0,0,0,,1,2,0.5,1,1,2,1,0,0,1,1,1,,3.9,0
21998,100269,Carla Boyd,1611661321,DET,Detroit Shock,1029800079,1998-07-18,DET vs. CLE,W,31,3,8,0.375,1,3,0.333,2,2,1.0,1,0,1,2,1,0,3,2,9,,13.2,0
21998,100270,Angela Hamblin,1611661321,DET,Detroit Shock,1029800079,1998-07-18,DET vs. CLE,W,1,0,0,,0,0,,0,0,,0,0,0,0,0,0,0,1,0,,0.0,0
21998,100002,Rebecca Lobo,1611661313,NYL,New York Liberty,1029800080,1998-07-18,NYL @ PHO,W,32,3,8,0.375,0,0,,3,4,0.75,1,4,5,0,0,1,4,2,9,,14.0,0
21998,100101,Teresa Weatherspoon,1611661313,NYL,New York Liberty,1029800080,1998-07-18,NYL @ PHO,W,29,3,4,0.75,1,1,1.0,2,5,0.4,0,4,4,5,4,0,4,3,9,,29.3,0
21998,100102,Kym Hampton,1611661313,NYL,New York Liberty,1029800080,1998-07-18,NYL @ PHO,W,19,5,6,0.833,0,0,,0,0,,1,0,1,0,0,0,0,3,10,,11.2,0
21998,100103,Vickie Johnson,1611661313,NYL,New York Liberty,1029800080,1998-07-18,NYL @ PHO,W,31,3,7,0.429,0,0,,0,0,,0,4,4,2,0,0,0,4,6,,13.8,0
21998,100104,Sue Wicks,1611661313,NYL,New York Liberty,1029800080,1998-07-18,NYL @ PHO,W,19,2,6,0.333,0,0,,1,2,0.5,1,2,3,0,0,0,2,4,5,,6.6,0
21998,100105,Sophia Witherspoon,1611661313,NYL,New York Liberty,1029800080,1998-07-18,NYL @ PHO,W,33,7,13,0.538,0,1,0.0,10,12,0.833,0,6,6,0,2,0,2,1,24,,35.2,0
21998,100107,Kisha Ford,1611661313,NYL,New York Liberty,1029800080,1998-07-18,NYL @ PHO,W,13,0,2,0.0,0,0,,0,0,,1,0,1,2,0,1,1,3,0,,6.2,0
21998,100213,Elisabeth Cebrian,1611661313,NYL,New York Liberty,1029800080,1998-07-18,NYL @ PHO,W,11,2,2,1.0,0,0,,0,0,,1,0,1,0,0,0,3,4,4,,2.2,0
21998,100217,Coquese Washington,1611661313,NYL,New York Liberty,1029800080,1998-07-18,NYL @ PHO,W,13,1,3,0.333,0,0,,0,0,,0,3,3,2,3,0,2,4,2,,15.6,0
21998,100019,Mikiko Hagiwara,1611661317,PHO,Phoenix Mercury,1029800080,1998-07-18,PHO vs. NYL,L,3,0,1,0.0,0,1,0.0,0,0,,0,0,0,0,0,0,1,0,0,,-1.0,0
21998,100029,Michele Timms,1611661317,PHO,Phoenix Mercury,1029800080,1998-07-18,PHO vs. NYL,L,37,2,10,0.2,2,5,0.4,5,9,0.556,2,3,5,8,1,0,3,3,11,,29.0,0
21998,100030,Jennifer Gillom,1611661317,PHO,Phoenix Mercury,1029800080,1998-07-18,PHO vs. NYL,L,32,3,12,0.25,0,4,0.0,5,6,0.833,1,5,6,1,0,0,2,2,11,,17.7,0
21998,100031,Bridget Pettis,1611661317,PHO,Phoenix Mercury,1029800080,1998-07-18,PHO vs. NYL,L,21,4,9,0.444,0,3,0.0,1,1,1.0,1,4,5,2,1,0,1,2,9,,20.0,0
21998,100035,Umeki Webb,1611661317,PHO,Phoenix Mercury,1029800080,1998-07-18,PHO vs. NYL,L,34,0,4,0.0,0,0,,2,2,1.0,1,2,3,4,0,0,2,4,2,,9.6,0
21998,100037,Marlies Askamp,1611661317,PHO,Phoenix Mercury,1029800080,1998-07-18,PHO vs. NYL,L,14,2,3,0.667,0,0,,0,4,0.0,1,0,1,0,0,0,1,2,4,,4.2,0
21998,100221,Michelle Brogan,1611661317,PHO,Phoenix Mercury,1029800080,1998-07-18,PHO vs. NYL,L,32,6,10,0.6,0,0,,2,2,1.0,3,0,3,2,4,0,2,1,14,,30.6,0
21998,100222,Kristi Harrower,1611661317,PHO,Phoenix Mercury,1029800080,1998-07-18,PHO vs. NYL,L,9,0,1,0.0,0,1,0.0,3,4,0.75,0,0,0,1,1,0,0,1,3,,7.5,0
21998,100224,Andrea Kuklova,1611661317,PHO,Phoenix Mercury,1029800080,1998-07-18,PHO vs. NYL,L,5,1,1,1.0,0,0,,0,0,,0,0,0,0,0,0,1,2,2,,1.0,0
21998,100225,Brandy Reed,1611661317,PHO,Phoenix Mercury,1029800080,1998-07-18,PHO vs. NYL,L,11,3,5,0.6,1,1,1.0,0,0,,1,2,3,0,2,0,2,2,7,,14.6,0
21998,100227,Maria Stepanova,1611661317,PHO,Phoenix Mercury,1029800080,1998-07-18,PHO vs. NYL,L,2,0,0,,0,0,,0,0,,0,0,0,1,0,0,1,1,0,,0.5,0
21998,100072,Sheryl Swoopes,1611661316,HOU,Houston Comets,1029800081,1998-07-18,HOU @ SAC,W,32,5,13,0.385,2,5,0.4,2,2,1.0,1,4,5,1,3,1,2,1,14,,31.5,0
21998,100073,Cynthia Cooper,1611661316,HOU,Houston Comets,1029800081,1998-07-18,HOU @ SAC,W,31,7,17,0.412,1,6,0.167,8,9,0.889,0,2,2,2,2,0,2,0,23,,32.4,0
21998,100075,Janeth Arcain,1611661316,HOU,Houston Comets,1029800081,1998-07-18,HOU @ SAC,W,24,2,6,0.333,0,0,,2,3,0.667,2,3,5,2,1,1,1,0,6,,20.0,0
21998,100076,Tina Thompson,1611661316,HOU,Houston Comets,1029800081,1998-07-18,HOU @ SAC,W,26,5,9,0.556,2,3,0.667,5,5,1.0,4,7,11,0,0,0,5,3,17,,25.2,0
21998,100077,Tammy Jackson,1611661316,HOU,Houston Comets,1029800081,1998-07-18,HOU @ SAC,W,5,1,2,0.5,0,0,,0,0,,0,0,0,0,1,0,1,1,2,,4.0,0
21998,100083,Kim Perrot,1611661316,HOU,Houston Comets,1029800081,1998-07-18,HOU @ SAC,W,32,4,7,0.571,2,4,0.5,0,0,,0,2,2,7,3,0,1,3,10,,30.9,0
21998,100085,Yolanda Moore,1611661316,HOU,Houston Comets,1029800081,1998-07-18,HOU @ SAC,W,20,1,2,0.5,0,0,,0,0,,1,3,4,0,0,0,0,0,2,,6.8,0
21998,100086,Tiffany Woosley,1611661316,HOU,Houston Comets,1029800081,1998-07-18,HOU @ SAC,W,5,0,2,0.0,0,1,0.0,0,0,,0,0,0,0,0,0,0,0,0,,0.0,0
21998,100207,Monica Lamb,1611661316,HOU,Houston Comets,1029800081,1998-07-18,HOU @ SAC,W,17,0,2,0.0,0,0,,0,0,,1,5,6,0,1,3,2,1,0,,17.2,0
21998,100208,Nyree Roberts,1611661316,HOU,Houston Comets,1029800081,1998-07-18,HOU @ SAC,W,5,0,0,,0,0,,1,2,0.5,0,1,1,0,1,0,0,0,1,,5.2,0
21998,100211,Amaya Valdemoro,1611661316,HOU,Houston Comets,1029800081,1998-07-18,HOU @ SAC,W,3,0,0,,0,0,,0,0,,0,0,0,0,0,0,2,0,0,,-2.0,0
21998,100011,Linda Burgess,1611661318,SAC,Sacramento Monarchs,1029800081,1998-07-18,SAC vs. HOU,L,19,2,7,0.286,0,1,0.0,0,0,,1,2,3,0,0,0,1,2,4,,6.6,0
21998,100017,Bridgette Gordon,1611661318,SAC,Sacramento Monarchs,1029800081,1998-07-18,SAC vs. HOU,L,8,0,2,0.0,0,0,,0,0,,0,1,1,0,0,0,1,1,0,,0.2,0
21998,100027,Latasha Byears,1611661318,SAC,Sacramento Monarchs,1029800081,1998-07-18,SAC vs. HOU,L,31,7,20,0.35,0,0,,2,2,1.0,4,3,7,1,2,1,2,3,16,,32.9,0
21998,100044,Lady Grooms,1611661318,SAC,Sacramento Monarchs,1029800081,1998-07-18,SAC vs. HOU,L,31,5,11,0.455,0,0,,2,2,1.0,4,4,8,0,0,0,4,2,12,,17.6,0
21998,100175,Rehema Stephens,1611661318,SAC,Sacramento Monarchs,1029800081,1998-07-18,SAC vs. HOU,L,6,0,4,0.0,0,0,,1,2,0.5,1,0,1,1,0,0,2,1,1,,1.7,0
21998,100223,Pauline Jordan,1611661318,SAC,Sacramento Monarchs,1029800081,1998-07-18,SAC vs. HOU,L,14,0,2,0.0,0,0,,0,0,,1,1,2,0,1,2,2,1,0,,9.4,0
21998,100230,Quacy Barnes,1611661318,SAC,Sacramento Monarchs,1029800081,1998-07-18,SAC vs. HOU,L,3,0,0,,0,0,,0,0,,0,0,0,0,1,0,0,0,0,,3.0,0
21998,100231,Adia Barnes,1611661318,SAC,Sacramento Monarchs,1029800081,1998-07-18,SAC vs. HOU,L,24,4,11,0.364,0,1,0.0,1,2,0.5,3,3,6,0,0,2,3,1,9,,19.2,0
21998,100234,Ticha Penicheiro,1611661318,SAC,Sacramento Monarchs,1029800081,1998-07-18,SAC vs. HOU,L,34,0,3,0.0,0,3,0.0,0,0,,0,2,2,10,5,0,5,0,0,,27.4,0
21998,100235,Franthea Price,1611661318,SAC,Sacramento Monarchs,1029800081,1998-07-18,SAC vs. HOU,L,11,0,1,0.0,0,1,0.0,0,0,,0,3,3,0,1,0,1,0,0,,5.6,0
21998,100236,Tangela Smith,1611661318,SAC,Sacramento Monarchs,1029800081,1998-07-18,SAC vs. HOU,L,19,0,5,0.0,0,0,,2,2,1.0,1,2,3,1,0,1,1,4,2,,9.1,0
21998,100022,Chantel Tremitiere,1611661319,UTA,Utah Starzz,1029800082,1998-07-19,UTA @ WAS,W,28,4,9,0.444,1,2,0.5,7,8,0.875,2,3,5,6,1,0,1,0,16,,33.0,0
21998,100043,Elena Baranova,1611661319,UTA,Utah Starzz,1029800082,1998-07-19,UTA @ WAS,W,14,3,5,0.6,0,0,,0,0,,4,3,7,2,1,2,1,0,6,,25.4,0
21998,100045,Dena Head,1611661319,UTA,Utah Starzz,1029800082,1998-07-19,UTA @ WAS,W,19,2,3,0.667,2,2,1.0,1,1,1.0,0,1,1,1,2,0,2,4,7,,13.7,0
21998,100046,Wendy Palmer,1611661319,UTA,Utah Starzz,1029800082,1998-07-19,UTA @ WAS,W,33,8,13,0.615,0,1,0.0,8,10,0.8,2,7,9,1,1,0,2,4,24,,37.3,0
21998,100050,Kim Williams,1611661319,UTA,Utah Starzz,1029800082,1998-07-19,UTA @ WAS,W,33,6,12,0.5,0,0,,7,10,0.7,0,2,2,4,3,0,1,4,19,,35.4,0
21998,100084,Fran Harris,1611661319,UTA,Utah Starzz,1029800082,1998-07-19,UTA @ WAS,W,7,0,0,,0,0,,0,0,,0,1,1,0,0,0,1,1,0,,0.2,0
21998,100239,Margo Dydek,1611661319,UTA,Utah Starzz,1029800082,1998-07-19,UTA @ WAS,W,33,4,10,0.4,0,0,,4,4,1.0,1,8,9,4,0,3,4,3,12,,33.8,0
21998,100242,LaTonya Johnson,1611661319,UTA,Utah Starzz,1029800082,1998-07-19,UTA @ WAS,W,22,3,3,1.0,1,1,1.0,0,0,,1,6,7,1,0,0,4,1,7,,12.9,0
21998,100243,Olympia Scott,1611661319,UTA,Utah Starzz,1029800082,1998-07-19,UTA @ WAS,W,11,3,4,0.75,0,0,,2,6,0.333,2,0,2,0,1,0,4,1,8,,9.4,0
21998,100052,Deborah Carter,1611661322,WAS,Washington Mystics,1029800082,1998-07-19,WAS vs. UTA,L,17,4,7,0.571,1,2,0.5,3,3,1.0,0,1,1,0,0,0,0,3,12,,13.2,0
21998,100156,Heidi Burge,1611661322,WAS,Washington Mystics,1029800082,1998-07-19,WAS vs. UTA,L,23,6,10,0.6,1,1,1.0,2,3,0.667,1,2,3,2,0,1,0,4,15,,24.6,0
21998,100193,La'Shawn Brown,1611661322,WAS,Washington Mystics,1029800082,1998-07-19,WAS vs. UTA,L,5,0,2,0.0,0,0,,0,0,,0,0,0,0,0,0,3,1,0,,-3.0,0
21998,100194,Keri Chaconas,1611661322,WAS,Washington Mystics,1029800082,1998-07-19,WAS vs. UTA,L,21,4,8,0.5,4,7,0.571,1,2,0.5,1,1,2,2,0,0,4,6,13,,14.4,0
21998,100197,Angela Jackson,1611661322,WAS,Washington Mystics,1029800082,1998-07-19,WAS vs. UTA,L,12,1,1,1.0,0,0,,2,4,0.5,1,0,1,0,0,2,0,3,4,,11.2,0
21998,100198,Nikki McCray,1611661322,WAS,Washington Mystics,1029800082,1998-07-19,WAS vs. UTA,L,30,8,14,0.571,3,5,0.6,7,7,1.0,3,1,4,1,2,0,3,6,26,,35.3,0
21998,100199,Murriel Page,1611661322,WAS,Washington Mystics,1029800082,1998-07-19,WAS vs. UTA,L,24,2,5,0.4,0,0,,0,1,0.0,4,3,7,0,0,0,0,1,4,,12.4,0
21998,100202,Adrienne Shuler,1611661322,WAS,Washington Mystics,1029800082,1998-07-19,WAS vs. UTA,L,13,0,1,0.0,0,1,0.0,0,0,,0,1,1,2,0,0,0,0,0,,4.2,0
21998,100204,Rita Williams,1611661322,WAS,Washington Mystics,1029800082,1998-07-19,WAS vs. UTA,L,18,1,7,0.143,0,3,0.0,2,2,1.0,1,0,1,1,2,0,1,0,4,,11.7,0
21998,100283,Leila de Souza Sobral,1611661322,WAS,Washington Mystics,1029800082,1998-07-19,WAS vs. UTA,L,10,1,5,0.2,0,3,0.0,0,0,,1,0,1,0,1,0,0,4,2,,6.2,0
21998,100374,Penny Moore,1611661322,WAS,Washington Mystics,1029800082,1998-07-19,WAS vs. UTA,L,27,3,15,0.2,1,5,0.2,1,2,0.5,2,4,6,0,3,1,2,2,8,,25.2,0
21998,100058,Vicky Bullett,1611661314,CHA,Charlotte Sting,1029800083,1998-07-19,CHA @ CLE,L,23,5,14,0.357,0,1,0.0,3,4,0.75,4,0,4,0,0,0,2,4,13,,15.8,0
21998,100059,Andrea Stinson,1611661314,CHA,Charlotte Sting,1029800083,1998-07-19,CHA @ CLE,L,33,1,15,0.067,0,2,0.0,0,0,,0,6,6,3,2,1,2,2,2,,20.7,0
21998,100060,Rhonda Mapp,1611661314,CHA,Charlotte Sting,1029800083,1998-07-19,CHA @ CLE,L,25,5,10,0.5,0,2,0.0,5,6,0.833,1,1,2,1,1,0,3,4,15,,18.9,0
21998,100062,Tora Suber,1611661314,CHA,Charlotte Sting,1029800083,1998-07-19,CHA @ CLE,L,33,3,9,0.333,2,7,0.286,1,2,0.5,2,1,3,3,1,0,1,3,9,,19.1,0
21998,100063,Sharon Manning,1611661314,CHA,Charlotte Sting,1029800083,1998-07-19,CHA @ CLE,L,21,3,5,0.6,0,0,,0,0,,3,2,5,4,2,1,4,3,6,,23.0,0
21998,100070,Tia Paschal,1611661314,CHA,Charlotte Sting,1029800083,1998-07-19,CHA @ CLE,L,6,0,2,0.0,0,0,,0,0,,0,0,0,0,0,0,0,0,0,,0.0,0
21998,100177,Kelly Boucher,1611661314,CHA,Charlotte Sting,1029800083,1998-07-19,CHA @ CLE,L,1,0,0,,0,0,,0,0,,0,0,0,0,0,0,0,0,0,,0.0,0
21998,100178,Sonia Chase,1611661314,CHA,Charlotte Sting,1029800083,1998-07-19,CHA @ CLE,L,14,1,3,0.333,0,0,,0,0,,0,1,1,2,1,0,0,1,2,,9.2,0
21998,100180,Pollyanna Johns Kimbrough,1611661314,CHA,Charlotte Sting,1029800083,1998-07-19,CHA @ CLE,L,10,1,2,0.5,0,0,,0,1,0.0,1,1,2,0,0,0,0,0,2,,4.4,0
21998,100182,Tracy Reid,1611661314,CHA,Charlotte Sting,1029800083,1998-07-19,CHA @ CLE,L,34,9,13,0.692,0,0,,2,4,0.5,3,4,7,2,2,0,3,4,20,,34.4,0
21998,100049,Raegan Scott,1611661315,CLE,Cleveland Rockers,1029800083,1998-07-19,CLE vs. CHA,W,7,0,1,0.0,0,0,,0,0,,0,0,0,0,0,0,1,2,0,,-1.0,0
21998,100087,Janice Braxton,1611661315,CLE,Cleveland Rockers,1029800083,1998-07-19,CLE vs. CHA,W,29,3,5,0.6,0,0,,8,8,1.0,0,9,9,1,0,0,4,3,14,,22.3,0
21998,100088,Michelle Edwards,1611661315,CLE,Cleveland Rockers,1029800083,1998-07-19,CLE vs. CHA,W,23,3,7,0.429,0,0,,1,2,0.5,0,1,1,6,1,0,4,1,7,,16.2,0
21998,100089,Isabelle Fijalkowski,1611661315,CLE,Cleveland Rockers,1029800083,1998-07-19,CLE vs. CHA,W,20,4,6,0.667,0,1,0.0,2,2,1.0,1,2,3,1,0,0,1,5,10,,14.1,0
21998,100091,Eva Nemcova,1611661315,CLE,Cleveland Rockers,1029800083,1998-07-19,CLE vs. CHA,W,34,6,12,0.5,3,4,0.75,0,0,,1,4,5,2,3,2,0,1,15,,39.0,0
21998,100092,Merlakia Jones,1611661315,CLE,Cleveland Rockers,1029800083,1998-07-19,CLE vs. CHA,W,24,6,13,0.462,1,2,0.5,6,6,1.0,0,5,5,4,1,0,0,1,19,,34.0,0
21998,100097,Rushia Brown,1611661315,CLE,Cleveland Rockers,1029800083,1998-07-19,CLE vs. CHA,W,20,4,5,0.8,0,0,,1,1,1.0,2,0,2,3,2,1,0,3,9,,24.9,0
21998,100100,Adrienne Johnson,1611661315,CLE,Cleveland Rockers,1029800083,1998-07-19,CLE vs. CHA,W,6,2,2,1.0,0,0,,0,0,,0,1,1,0,0,0,1,0,4,,4.2,0
21998,100183,Cindy Blodgett,1611661315,CLE,Cleveland Rockers,1029800083,1998-07-19,CLE vs. CHA,W,4,1,2,0.5,1,2,0.5,0,0,,0,1,1,0,0,0,0,2,3,,4.2,0
21998,100186,Tanja Kostic,1611661315,CLE,Cleveland Rockers,1029800083,1998-07-19,CLE vs. CHA,W,4,0,0,,0,0,,0,0,,0,0,0,0,0,0,1,0,0,,-1.0,0
21998,100187,Suzie McConnell Serio,1611661315,CLE,Cleveland Rockers,1029800083,1998-07-19,CLE vs. CHA,W,29,1,3,0.333,0,1,0.0,2,4,0.5,0,1,1,8,2,0,7,1,4,,16.2,0
21998,100019,Mikiko Hagiwara,1611661317,PHO,Phoenix Mercury,1029800084,1998-07-20,PHO vs. SAC,W,8,1,3,0.333,0,1,0.0,0,0,,0,0,0,0,0,0,0,0,2,,2.0,0
21998,100029,Michele Timms,1611661317,PHO,Phoenix Mercury,1029800084,1998-07-20,PHO vs. SAC,W,30,1,2,0.5,1,2,0.5,0,0,,0,1,1,9,0,0,3,0,3,,14.7,0
21998,100030,Jennifer Gillom,1611661317,PHO,Phoenix Mercury,1029800084,1998-07-20,PHO vs. SAC,W,32,6,13,0.462,1,2,0.5,3,6,0.5,2,4,6,3,2,0,3,2,16,,30.7,0
21998,100031,Bridget Pettis,1611661317,PHO,Phoenix Mercury,1029800084,1998-07-20,PHO vs. SAC,W,31,6,13,0.462,2,6,0.333,4,4,1.0,0,1,1,2,1,0,0,2,18,,25.2,0
21998,100035,Umeki Webb,1611661317,PHO,Phoenix Mercury,1029800084,1998-07-20,PHO vs. SAC,W,32,3,7,0.429,1,1,1.0,2,2,1.0,2,4,6,7,2,0,2,2,9,,30.7,0
21998,100037,Marlies Askamp,1611661317,PHO,Phoenix Mercury,1029800084,1998-07-20,PHO vs. SAC,W,17,6,10,0.6,0,0,,1,2,0.5,2,2,4,1,0,1,1,2,13,,21.3,0
21998,100221,Michelle Brogan,1611661317,PHO,Phoenix Mercury,1029800084,1998-07-20,PHO vs. SAC,W,25,3,3,1.0,0,0,,8,9,0.889,0,6,6,0,1,0,1,1,14,,23.2,0
21998,100222,Kristi Harrower,1611661317,PHO,Phoenix Mercury,1029800084,1998-07-20,PHO vs. SAC,W,10,2,3,0.667,1,2,0.5,0,0,,0,0,0,1,0,0,0,0,5,,6.5,0
21998,100224,Andrea Kuklova,1611661317,PHO,Phoenix Mercury,1029800084,1998-07-20,PHO vs. SAC,W,5,2,4,0.5,0,0,,0,0,,0,0,0,0,0,0,1,0,4,,3.0,0
21998,100225,Brandy Reed,1611661317,PHO,Phoenix Mercury,1029800084,1998-07-20,PHO vs. SAC,W,4,0,0,,0,0,,0,2,0.0,0,1,1,0,1,0,2,0,0,,2.2,0
21998,100227,Maria Stepanova,1611661317,PHO,Phoenix Mercury,1029800084,1998-07-20,PHO vs. SAC,W,6,1,3,0.333,0,0,,2,2,1.0,2,2,4,0,0,0,1,0,4,,7.8,0
21998,100011,Linda Burgess,1611661318,SAC,Sacramento Monarchs,1029800084,1998-07-20,SAC @ PHO,L,19,1,2,0.5,0,0,,0,0,,3,2,5,1,1,0,1,4,2,,11.5,0
21998,100017,Bridgette Gordon,1611661318,SAC,Sacramento Monarchs,1029800084,1998-07-20,SAC @ PHO,L,3,0,1,0.0,0,0,,0,0,,0,0,0,0,0,0,0,1,0,,0.0,0
21998,100027,Latasha Byears,1611661318,SAC,Sacramento Monarchs,1029800084,1998-07-20,SAC @ PHO,L,32,14,20,0.7,0,0,,0,0,,3,5,8,3,3,0,4,5,28,,47.1,0
21998,100044,Lady Grooms,1611661318,SAC,Sacramento Monarchs,1029800084,1998-07-20,SAC @ PHO,L,33,4,4,1.0,0,0,,0,0,,0,3,3,3,0,1,0,2,8,,19.1,0
21998,100223,Pauline Jordan,1611661318,SAC,Sacramento Monarchs,1029800084,1998-07-20,SAC @ PHO,L,16,3,5,0.6,0,0,,2,2,1.0,0,1,1,0,2,1,1,2,8,,17.2,0
21998,100231,Adia Barnes,1611661318,SAC,Sacramento Monarchs,1029800084,1998-07-20,SAC @ PHO,L,20,2,7,0.286,1,5,0.2,0,0,,0,1,1,0,1,0,3,2,5,,6.2,0
21998,100234,Ticha Penicheiro,1611661318,SAC,Sacramento Monarchs,1029800084,1998-07-20,SAC @ PHO,L,37,4,8,0.5,0,0,,0,0,,0,4,4,7,0,0,3,4,8,,20.3,0
21998,100235,Franthea Price,1611661318,SAC,Sacramento Monarchs,1029800084,1998-07-20,SAC @ PHO,L,16,1,5,0.2,0,3,0.0,0,0,,0,2,2,0,0,0,5,2,2,,-0.6,0
21998,100236,Tangela Smith,1611661318,SAC,Sacramento Monarchs,1029800084,1998-07-20,SAC @ PHO,L,24,3,11,0.273,0,1,0.0,0,0,,1,1,2,1,0,0,2,2,6,,7.9,0
21998,100058,Vicky Bullett,1611661314,CHA,Charlotte Sting,1029800085,1998-07-21,CHA @ WAS,W,31,8,17,0.471,1,2,0.5,2,2,1.0,2,5,7,0,2,1,2,3,19,,34.4,0
21998,100059,Andrea Stinson,1611661314,CHA,Charlotte Sting,1029800085,1998-07-21,CHA @ WAS,W,32,5,9,0.556,1,2,0.5,0,0,,0,4,4,3,2,0,5,3,11,,21.3,0
21998,100060,Rhonda Mapp,1611661314,CHA,Charlotte Sting,1029800085,1998-07-21,CHA @ WAS,W,21,4,6,0.667,0,0,,8,8,1.0,1,3,4,1,0,0,2,4,16,,20.3,0
21998,100062,Tora Suber,1611661314,CHA,Charlotte Sting,1029800085,1998-07-21,CHA @ WAS,W,30,4,8,0.5,3,6,0.5,1,1,1.0,0,1,1,6,3,0,2,2,12,,29.2,0
21998,100063,Sharon Manning,1611661314,CHA,Charlotte Sting,1029800085,1998-07-21,CHA @ WAS,W,22,2,3,0.667,0,0,,2,2,1.0,1,4,5,0,0,0,3,5,6,,9.0,0
21998,100065,Andrea Congreaves,1611661314,CHA,Charlotte Sting,1029800085,1998-07-21,CHA @ WAS,W,19,0,2,0.0,0,2,0.0,0,0,,0,5,5,1,1,0,1,0,0,,9.5,0
21998,100070,Tia Paschal,1611661314,CHA,Charlotte Sting,1029800085,1998-07-21,CHA @ WAS,W,4,1,3,0.333,0,0,,0,0,,0,0,0,0,0,0,1,1,2,,1.0,0
21998,100177,Kelly Boucher,1611661314,CHA,Charlotte Sting,1029800085,1998-07-21,CHA @ WAS,W,2,0,1,0.0,0,0,,0,0,,0,0,0,0,0,0,1,0,0,,-1.0,0
21998,100178,Sonia Chase,1611661314,CHA,Charlotte Sting,1029800085,1998-07-21,CHA @ WAS,W,9,1,3,0.333,0,0,,0,0,,0,1,1,0,1,0,0,0,2,,6.2,0
21998,100180,Pollyanna Johns Kimbrough,1611661314,CHA,Charlotte Sting,1029800085,1998-07-21,CHA @ WAS,W,3,0,0,,0,0,,0,0,,1,1,2,0,0,0,0,0,0,,2.4,0
21998,100182,Tracy Reid,1611661314,CHA,Charlotte Sting,1029800085,1998-07-21,CHA @ WAS,W,27,3,7,0.429,0,0,,10,14,0.714,2,3,5,2,1,1,1,3,16,,30.0,0
21998,100052,Deborah Carter,1611661322,WAS,Washington Mystics,1029800085,1998-07-21,WAS vs. CHA,L,11,2,5,0.4,0,1,0.0,0,0,,0,1,1,0,0,0,1,1,4,,4.2,0
21998,100156,Heidi Burge,1611661322,WAS,Washington Mystics,1029800085,1998-07-21,WAS vs. CHA,L,21,2,7,0.286,0,0,,3,6,0.5,3,2,5,1,0,0,6,5,7,,8.5,0
21998,100193,La'Shawn Brown,1611661322,WAS,Washington Mystics,1029800085,1998-07-21,WAS vs. CHA,L,17,1,3,0.333,0,0,,0,0,,0,1,1,0,0,2,1,4,2,,8.2,0
21998,100194,Keri Chaconas,1611661322,WAS,Washington Mystics,1029800085,1998-07-21,WAS vs. CHA,L,15,1,5,0.2,1,5,0.2,2,2,1.0,0,0,0,0,1,0,1,2,5,,7.0,0
21998,100197,Angela Jackson,1611661322,WAS,Washington Mystics,1029800085,1998-07-21,WAS vs. CHA,L,3,0,1,0.0,0,0,,2,2,1.0,0,0,0,0,0,0,0,0,2,,2.0,0
21998,100198,Nikki McCray,1611661322,WAS,Washington Mystics,1029800085,1998-07-21,WAS vs. CHA,L,31,6,17,0.353,2,4,0.5,1,2,0.5,0,2,2,1,2,0,3,1,15,,21.9,0
21998,100199,Murriel Page,1611661322,WAS,Washington Mystics,1029800085,1998-07-21,WAS vs. CHA,L,34,3,7,0.429,0,0,,2,2,1.0,3,5,8,0,0,1,0,2,8,,20.6,0
21998,100202,Adrienne Shuler,1611661322,WAS,Washington Mystics,1029800085,1998-07-21,WAS vs. CHA,L,7,0,0,,0,0,,0,0,,0,0,0,0,0,0,0,2,0,,0.0,0
21998,100204,Rita Williams,1611661322,WAS,Washington Mystics,1029800085,1998-07-21,WAS vs. CHA,L,26,1,3,0.333,0,1,0.0,4,4,1.0,1,1,2,3,0,0,1,2,6,,11.9,0
21998,100283,Leila de Souza Sobral,1611661322,WAS,Washington Mystics,1029800085,1998-07-21,WAS vs. CHA,L,3,0,1,0.0,0,1,0.0,1,2,0.5,0,0,0,1,1,0,0,0,1,,5.5,0
21998,100374,Penny Moore,1611661322,WAS,Washington Mystics,1029800085,1998-07-21,WAS vs. CHA,L,32,6,18,0.333,1,5,0.2,4,4,1.0,4,7,11,5,5,2,2,4,17,,56.7,0
21998,100072,Sheryl Swoopes,1611661316,HOU,Houston Comets,1029800086,1998-07-21,HOU @ PHO,W,38,7,19,0.368,0,4,0.0,5,6,0.833,5,5,10,1,3,0,1,2,19,,40.5,0
21998,100073,Cynthia Cooper,1611661316,HOU,Houston Comets,1029800086,1998-07-21,HOU @ PHO,W,38,6,14,0.429,0,0,,11,13,0.846,0,3,3,3,2,0,4,5,23,,33.1,0
21998,100075,Janeth Arcain,1611661316,HOU,Houston Comets,1029800086,1998-07-21,HOU @ PHO,W,10,1,5,0.2,0,0,,1,2,0.5,1,0,1,0,0,0,0,0,3,,4.2,0
21998,100076,Tina Thompson,1611661316,HOU,Houston Comets,1029800086,1998-07-21,HOU @ PHO,W,34,2,7,0.286,0,2,0.0,1,2,0.5,1,4,5,0,0,1,3,4,5,,11.0,0
21998,100083,Kim Perrot,1611661316,HOU,Houston Comets,1029800086,1998-07-21,HOU @ PHO,W,34,1,3,0.333,0,2,0.0,0,0,,0,1,1,2,1,0,4,3,2,,5.2,0
21998,100085,Yolanda Moore,1611661316,HOU,Houston Comets,1029800086,1998-07-21,HOU @ PHO,W,12,0,0,,0,0,,0,0,,0,2,2,0,3,0,0,1,0,,11.4,0
21998,100207,Monica Lamb,1611661316,HOU,Houston Comets,1029800086,1998-07-21,HOU @ PHO,W,34,3,4,0.75,0,0,,7,7,1.0,4,3,7,0,2,1,1,2,13,,29.4,0
21998,100029,Michele Timms,1611661317,PHO,Phoenix Mercury,1029800086,1998-07-21,PHO vs. HOU,L,35,3,12,0.25,1,3,0.333,1,1,1.0,2,1,3,6,2,0,1,2,8,,25.6,0
21998,100030,Jennifer Gillom,1611661317,PHO,Phoenix Mercury,1029800086,1998-07-21,PHO vs. HOU,L,38,8,19,0.421,3,6,0.5,5,8,0.625,1,10,11,2,0,0,4,2,24,,36.2,0
21998,100031,Bridget Pettis,1611661317,PHO,Phoenix Mercury,1029800086,1998-07-21,PHO vs. HOU,L,29,0,2,0.0,0,1,0.0,2,2,1.0,1,0,1,2,0,0,3,1,2,,3.2,0
21998,100035,Umeki Webb,1611661317,PHO,Phoenix Mercury,1029800086,1998-07-21,PHO vs. HOU,L,20,2,5,0.4,0,0,,1,4,0.25,2,2,4,2,1,1,0,5,5,,18.8,0
21998,100037,Marlies Askamp,1611661317,PHO,Phoenix Mercury,1029800086,1998-07-21,PHO vs. HOU,L,10,0,3,0.0,0,0,,0,0,,2,2,4,0,1,1,1,3,0,,9.8,0
21998,100221,Michelle Brogan,1611661317,PHO,Phoenix Mercury,1029800086,1998-07-21,PHO vs. HOU,L,32,3,6,0.5,1,3,0.333,2,2,1.0,1,2,3,2,1,0,4,3,9,,14.6,0
21998,100222,Kristi Harrower,1611661317,PHO,Phoenix Mercury,1029800086,1998-07-21,PHO vs. HOU,L,20,2,3,0.667,2,2,1.0,0,0,,1,3,4,2,0,0,3,1,6,,10.8,0
21998,100224,Andrea Kuklova,1611661317,PHO,Phoenix Mercury,1029800086,1998-07-21,PHO vs. HOU,L,9,1,1,1.0,0,0,,1,1,1.0,0,0,0,0,0,0,0,2,3,,3.0,0
21998,100225,Brandy Reed,1611661317,PHO,Phoenix Mercury,1029800086,1998-07-21,PHO vs. HOU,L,7,2,4,0.5,0,0,,1,1,1.0,3,1,4,0,0,0,2,4,5,,7.8,0
21998,100002,Rebecca Lobo,1611661313,NYL,New York Liberty,1029800087,1998-07-21,NYL @ LAS,W,35,6,8,0.75,0,1,0.0,3,4,0.75,2,4,6,3,0,3,2,3,15,,33.7,0
21998,100101,Teresa Weatherspoon,1611661313,NYL,New York Liberty,1029800087,1998-07-21,NYL @ LAS,W,32,4,7,0.571,2,3,0.667,5,6,0.833,1,6,7,13,3,0,4,2,15,,47.9,0
21998,100102,Kym Hampton,1611661313,NYL,New York Liberty,1029800087,1998-07-21,NYL @ LAS,W,32,3,9,0.333,0,0,,8,10,0.8,1,4,5,1,2,2,0,5,14,,33.5,0
21998,100103,Vickie Johnson,1611661313,NYL,New York Liberty,1029800087,1998-07-21,NYL @ LAS,W,32,6,10,0.6,0,0,,5,5,1.0,0,5,5,3,0,2,1,1,17,,32.5,0
21998,100104,Sue Wicks,1611661313,NYL,New York Liberty,1029800087,1998-07-21,NYL @ LAS,W,13,2,4,0.5,0,0,,2,2,1.0,0,3,3,1,1,0,1,3,6,,13.1,0
21998,100105,Sophia Witherspoon,1611661313,NYL,New York Liberty,1029800087,1998-07-21,NYL @ LAS,W,32,7,14,0.5,2,4,0.5,0,0,,1,1,2,2,0,0,2,1,16,,19.4,0
21998,100107,Kisha Ford,1611661313,NYL,New York Liberty,1029800087,1998-07-21,NYL @ LAS,W,16,4,5,0.8,0,0,,1,1,1.0,2,0,2,0,2,0,1,1,9,,16.4,0
21998,100217,Coquese Washington,1611661313,NYL,New York Liberty,1029800087,1998-07-21,NYL @ LAS,W,8,0,1,0.0,0,1,0.0,0,0,,0,0,0,2,0,0,1,1,0,,2.0,0
21998,100003,Lisa Leslie,1611661320,LAS,Los Angeles Sparks,1029800087,1998-07-21,LAS vs. NYL,L,36,7,14,0.5,1,1,1.0,9,10,0.9,3,6,9,5,1,1,3,1,24,,45.3,0
21998,100004,Penny Toler,1611661320,LAS,Los Angeles Sparks,1029800087,1998-07-21,LAS vs. NYL,L,30,5,13,0.385,1,1,1.0,0,0,,2,3,5,5,0,0,3,4,11,,21.5,0
21998,100007,Jamila Wideman,1611661320,LAS,Los Angeles Sparks,1029800087,1998-07-21,LAS vs. NYL,L,12,0,2,0.0,0,0,,0,0,,0,0,0,4,0,0,2,1,0,,4.0,0
21998,100008,Tamecka Dixon,1611661320,LAS,Los Angeles Sparks,1029800087,1998-07-21,LAS vs. NYL,L,36,6,14,0.429,2,5,0.4,2,2,1.0,0,2,2,5,5,0,2,4,16,,38.9,0
21998,100009,Katrina Colleton,1611661320,LAS,Los Angeles Sparks,1029800087,1998-07-21,LAS vs. NYL,L,7,0,0,,0,0,,0,0,,0,0,0,0,0,0,1,1,0,,-1.0,0
21998,100012,Mwadi Mabika,1611661320,LAS,Los Angeles Sparks,1029800087,1998-07-21,LAS vs. NYL,L,24,3,9,0.333,2,5,0.4,0,0,,4,2,6,1,1,0,0,3,8,,19.7,0
21998,100020,Pam McGee,1611661320,LAS,Los Angeles Sparks,1029800087,1998-07-21,LAS vs. NYL,L,24,3,9,0.333,0,1,0.0,2,6,0.333,4,3,7,1,1,1,2,5,8,,21.9,0
21998,100169,Octavia Blue,1611661320,LAS,Los Angeles Sparks,1029800087,1998-07-21,LAS vs. NYL,L,5,0,1,0.0,0,1,0.0,0,0,,0,0,0,0,0,0,0,1,0,,0.0,0
21998,100174,Eugenia Rycraw,1611661320,LAS,Los Angeles Sparks,1029800087,1998-07-21,LAS vs. NYL,L,5,2,2,1.0,0,0,,0,0,,0,0,0,0,0,0,0,1,4,,4.0,0
21998,100176,Sandra VanEmbricqs,1611661320,LAS,Los Angeles Sparks,1029800087,1998-07-21,LAS vs. NYL,L,15,3,5,0.6,0,0,,0,0,,0,1,1,0,1,0,1,4,6,,9.2,0
21998,100286,Michelle Reed,1611661320,LAS,Los Angeles Sparks,1029800087,1998-07-21,LAS vs. NYL,L,6,0,0,,0,0,,0,0,,0,0,0,1,0,0,1,0,0,,0.5,0
21998,100058,Vicky Bullett,1611661314,CHA,Charlotte Sting,1029800088,1998-07-22,CHA vs. UTA,L,29,3,10,0.3,0,0,,0,0,,3,8,11,1,4,0,3,3,6,,29.7,0
21998,100059,Andrea Stinson,1611661314,CHA,Charlotte Sting,1029800088,1998-07-22,CHA vs. UTA,L,33,5,11,0.455,0,3,0.0,0,1,0.0,2,0,2,6,3,0,5,3,10,,25.4,0
21998,100060,Rhonda Mapp,1611661314,CHA,Charlotte Sting,1029800088,1998-07-22,CHA vs. UTA,L,21,7,19,0.368,0,0,,3,3,1.0,0,3,3,1,0,0,2,2,17,,20.1,0
21998,100062,Tora Suber,1611661314,CHA,Charlotte Sting,1029800088,1998-07-22,CHA vs. UTA,L,34,2,7,0.286,0,2,0.0,1,2,0.5,1,2,3,4,2,0,2,2,5,,18.6,0
21998,100063,Sharon Manning,1611661314,CHA,Charlotte Sting,1029800088,1998-07-22,CHA vs. UTA,L,25,4,10,0.4,0,1,0.0,0,0,,2,3,5,1,4,0,1,1,8,,26.5,0
21998,100065,Andrea Congreaves,1611661314,CHA,Charlotte Sting,1029800088,1998-07-22,CHA vs. UTA,L,19,2,4,0.5,0,2,0.0,0,0,,0,3,3,3,0,0,2,4,4,,10.1,0
21998,100070,Tia Paschal,1611661314,CHA,Charlotte Sting,1029800088,1998-07-22,CHA vs. UTA,L,1,0,0,,0,0,,0,0,,0,0,0,0,0,0,0,0,0,,0.0,0
21998,100178,Sonia Chase,1611661314,CHA,Charlotte Sting,1029800088,1998-07-22,CHA vs. UTA,L,5,0,0,,0,0,,0,0,,0,0,0,3,0,0,0,0,0,,4.5,0
21998,100180,Pollyanna Johns Kimbrough,1611661314,CHA,Charlotte Sting,1029800088,1998-07-22,CHA vs. UTA,L,3,0,0,,0,0,,0,0,,0,0,0,0,0,0,0,0,0,,0.0,0
21998,100182,Tracy Reid,1611661314,CHA,Charlotte Sting,1029800088,1998-07-22,CHA vs. UTA,L,30,3,7,0.429,0,0,,2,3,0.667,0,2,2,0,1,1,1,1,8,,15.4,0
21998,100022,Chantel Tremitiere,1611661319,UTA,Utah Starzz,1029800088,1998-07-22,UTA @ CHA,W,36,2,4,0.5,1,1,1.0,1,2,0.5,1,3,4,4,0,0,4,0,6,,12.8,0
21998,100045,Dena Head,1611661319,UTA,Utah Starzz,1029800088,1998-07-22,UTA @ CHA,W,6,0,0,,0,0,,1,2,0.5,0,1,1,0,2,0,2,0,1,,6.2,0
21998,100046,Wendy Palmer,1611661319,UTA,Utah Starzz,1029800088,1998-07-22,UTA @ CHA,W,32,4,13,0.308,0,0,,2,4,0.5,5,2,7,2,2,1,4,3,10,,26.4,0
21998,100050,Kim Williams,1611661319,UTA,Utah Starzz,1029800088,1998-07-22,UTA @ CHA,W,29,6,13,0.462,1,2,0.5,2,4,0.5,3,5,8,0,4,0,5,2,15,,31.6,0
21998,100084,Fran Harris,1611661319,UTA,Utah Starzz,1029800088,1998-07-22,UTA @ CHA,W,15,0,4,0.0,0,0,,0,0,,0,3,3,2,0,0,0,0,0,,6.6,0
21998,100168,Erin Alexander,1611661319,UTA,Utah Starzz,1029800088,1998-07-22,UTA @ CHA,W,10,2,3,0.667,2,3,0.667,0,0,,0,2,2,1,0,0,0,1,6,,9.9,0
21998,100237,Tricia Bader Binford,1611661319,UTA,Utah Starzz,1029800088,1998-07-22,UTA @ CHA,W,5,1,2,0.5,1,1,1.0,0,0,,0,1,1,0,0,0,0,0,3,,4.2,0
21998,100239,Margo Dydek,1611661319,UTA,Utah Starzz,1029800088,1998-07-22,UTA @ CHA,W,34,5,13,0.385,0,0,,3,6,0.5,3,11,14,1,0,5,5,4,13,,41.3,0
21998,100242,LaTonya Johnson,1611661319,UTA,Utah Starzz,1029800088,1998-07-22,UTA @ CHA,W,19,2,5,0.4,0,2,0.0,1,2,0.5,2,0,2,0,0,0,2,1,5,,5.4,0
21998,100243,Olympia Scott,1611661319,UTA,Utah Starzz,1029800088,1998-07-22,UTA @ CHA,W,14,1,2,0.5,0,0,,0,0,,0,1,1,1,0,1,2,1,2,,5.7,0
21998,100023,Tajama Abraham,1611661321,DET,Detroit Shock,1029800089,1998-07-22,DET vs. WAS,W,4,0,1,0.0,0,0,,1,2,0.5,1,0,1,0,0,0,1,2,1,,1.2,0
21998,100090,Lynette Woodard,1611661321,DET,Detroit Shock,1029800089,1998-07-22,DET vs. WAS,W,16,1,2,0.5,0,0,,4,7,0.571,0,3,3,1,4,1,3,4,6,,23.1,0
21998,100108,Rhonda Blades,1611661321,DET,Detroit Shock,1029800089,1998-07-22,DET vs. WAS,W,19,1,1,1.0,0,0,,0,3,0.0,0,0,0,2,2,0,0,3,2,,11.0,0
21998,100246,Gergana Branzova,1611661321,DET,Detroit Shock,1029800089,1998-07-22,DET vs. WAS,W,13,5,6,0.833,0,0,,1,2,0.5,3,2,5,0,0,0,2,2,11,,15.0,0
21998,100247,Sandy Brondello,1611661321,DET,Detroit Shock,1029800089,1998-07-22,DET vs. WAS,W,24,3,7,0.429,0,2,0.0,2,2,1.0,0,4,4,3,0,0,2,0,8,,15.3,0
21998,100248,Cindy Brown,1611661321,DET,Detroit Shock,1029800089,1998-07-22,DET vs. WAS,W,26,3,7,0.429,0,2,0.0,2,2,1.0,4,8,12,3,1,2,0,3,8,,35.9,0
21998,100250,Korie Hlede,1611661321,DET,Detroit Shock,1029800089,1998-07-22,DET vs. WAS,W,33,3,10,0.3,1,2,0.5,4,5,0.8,1,4,5,3,0,0,3,2,11,,18.5,0
21998,100253,Razija Brcaninovic,1611661321,DET,Detroit Shock,1029800089,1998-07-22,DET vs. WAS,W,18,3,8,0.375,0,0,,0,0,,1,2,3,2,0,3,2,3,6,,19.6,0
21998,100255,Rachael Sporn,1611661321,DET,Detroit Shock,1029800089,1998-07-22,DET vs. WAS,W,19,1,5,0.2,0,0,,2,2,1.0,2,1,3,1,0,1,2,3,4,,10.1,0
21998,100269,Carla Boyd,1611661321,DET,Detroit Shock,1029800089,1998-07-22,DET vs. WAS,W,24,7,12,0.583,2,2,1.0,3,4,0.75,1,4,5,1,1,0,3,1,19,,26.5,0
21998,100270,Angela Hamblin,1611661321,DET,Detroit Shock,1029800089,1998-07-22,DET vs. WAS,W,4,0,1,0.0,0,0,,0,0,,0,0,0,0,0,0,1,0,0,,-1.0,0
21998,100052,Deborah Carter,1611661322,WAS,Washington Mystics,1029800089,1998-07-22,WAS @ DET,L,16,1,6,0.167,0,3,0.0,4,4,1.0,0,4,4,1,2,0,1,4,6,,17.3,0
21998,100156,Heidi Burge,1611661322,WAS,Washington Mystics,1029800089,1998-07-22,WAS @ DET,L,23,3,12,0.25,0,2,0.0,3,4,0.75,3,2,5,0,0,0,1,3,9,,14.0,0
21998,100193,La'Shawn Brown,1611661322,WAS,Washington Mystics,1029800089,1998-07-22,WAS @ DET,L,11,1,2,0.5,0,0,,1,2,0.5,0,2,2,0,0,0,2,3,3,,3.4,0
21998,100194,Keri Chaconas,1611661322,WAS,Washington Mystics,1029800089,1998-07-22,WAS @ DET,L,19,4,10,0.4,1,4,0.25,1,2,0.5,0,3,3,2,3,0,2,1,10,,23.6,0
21998,100197,Angela Jackson,1611661322,WAS,Washington Mystics,1029800089,1998-07-22,WAS @ DET,L,7,2,2,1.0,0,0,,0,0,,0,1,1,0,1,0,0,1,4,,8.2,0
21998,100198,Nikki McCray,1611661322,WAS,Washington Mystics,1029800089,1998-07-22,WAS @ DET,L,29,2,16,0.125,0,2,0.0,4,5,0.8,2,1,3,0,1,0,1,0,8,,13.6,0
21998,100199,Murriel Page,1611661322,WAS,Washington Mystics,1029800089,1998-07-22,WAS @ DET,L,37,3,6,0.5,0,0,,1,1,1.0,3,5,8,1,0,0,3,4,7,,15.1,0
21998,100202,Adrienne Shuler,1611661322,WAS,Washington Mystics,1029800089,1998-07-22,WAS @ DET,L,13,2,3,0.667,0,1,0.0,0,0,,0,2,2,2,1,0,2,4,4,,10.4,0
21998,100204,Rita Williams,1611661322,WAS,Washington Mystics,1029800089,1998-07-22,WAS @ DET,L,23,2,2,1.0,0,0,,1,1,1.0,0,2,2,3,1,0,1,0,5,,13.9,0
21998,100283,Leila de Souza Sobral,1611661322,WAS,Washington Mystics,1029800089,1998-07-22,WAS @ DET,L,13,1,4,0.25,1,2,0.5,2,3,0.667,0,0,0,0,0,0,1,3,5,,4.0,0
21998,100374,Penny Moore,1611661322,WAS,Washington Mystics,1029800089,1998-07-22,WAS @ DET,L,9,0,4,0.0,0,2,0.0,0,0,,0,1,1,0,1,0,0,0,0,,4.2,0
21998,100029,Michele Timms,1611661317,PHO,Phoenix Mercury,1029800090,1998-07-23,PHO @ LAS,L,26,1,5,0.2,0,4,0.0,0,0,,1,4,5,3,1,0,6,3,2,,9.5,0
21998,100030,Jennifer Gillom,1611661317,PHO,Phoenix Mercury,1029800090,1998-07-23,PHO @ LAS,L,34,8,18,0.444,0,3,0.0,11,15,0.733,4,5,9,4,3,0,0,2,27,,52.8,0
21998,100031,Bridget Pettis,1611661317,PHO,Phoenix Mercury,1029800090,1998-07-23,PHO @ LAS,L,22,3,9,0.333,1,3,0.333,2,4,0.5,2,0,2,2,0,0,0,2,9,,14.4,0
21998,100035,Umeki Webb,1611661317,PHO,Phoenix Mercury,1029800090,1998-07-23,PHO @ LAS,L,28,3,5,0.6,0,0,,0,0,,0,2,2,2,0,3,0,5,6,,20.4,0
21998,100037,Marlies Askamp,1611661317,PHO,Phoenix Mercury,1029800090,1998-07-23,PHO @ LAS,L,9,0,1,0.0,0,0,,0,0,,0,2,2,0,0,0,1,1,0,,1.4,0
21998,100221,Michelle Brogan,1611661317,PHO,Phoenix Mercury,1029800090,1998-07-23,PHO @ LAS,L,26,3,7,0.429,1,1,1.0,0,0,,1,2,3,3,0,1,1,1,7,,17.1,0
21998,100222,Kristi Harrower,1611661317,PHO,Phoenix Mercury,1029800090,1998-07-23,PHO @ LAS,L,14,1,2,0.5,1,2,0.5,2,2,1.0,0,0,0,3,0,0,1,1,5,,8.5,0
21998,100224,Andrea Kuklova,1611661317,PHO,Phoenix Mercury,1029800090,1998-07-23,PHO @ LAS,L,24,2,7,0.286,0,0,,0,0,,1,1,2,3,1,0,1,3,4,,12.9,0
21998,100225,Brandy Reed,1611661317,PHO,Phoenix Mercury,1029800090,1998-07-23,PHO @ LAS,L,7,2,3,0.667,0,0,,0,0,,3,0,3,0,1,0,1,0,4,,9.6,0
21998,100227,Maria Stepanova,1611661317,PHO,Phoenix Mercury,1029800090,1998-07-23,PHO @ LAS,L,10,2,5,0.4,0,0,,0,0,,1,2,3,1,0,1,2,3,4,,10.1,0
21998,100004,Penny Toler,1611661320,LAS,Los Angeles Sparks,1029800090,1998-07-23,LAS vs. PHO,W,34,8,17,0.471,0,0,,5,7,0.714,2,0,2,3,2,0,2,3,21,,31.9,0
21998,100007,Jamila Wideman,1611661320,LAS,Los Angeles Sparks,1029800090,1998-07-23,LAS vs. PHO,W,8,0,1,0.0,0,0,,0,0,,0,0,0,3,1,0,2,4,0,,5.5,0
21998,100008,Tamecka Dixon,1611661320,LAS,Los Angeles Sparks,1029800090,1998-07-23,LAS vs. PHO,W,32,10,14,0.714,0,0,,3,3,1.0,0,4,4,0,1,0,4,4,23,,26.8,0
21998,100009,Katrina Colleton,1611661320,LAS,Los Angeles Sparks,1029800090,1998-07-23,LAS vs. PHO,W,7,0,0,,0,0,,0,0,,0,0,0,0,0,0,0,0,0,,0.0,0
21998,100012,Mwadi Mabika,1611661320,LAS,Los Angeles Sparks,1029800090,1998-07-23,LAS vs. PHO,W,34,3,10,0.3,2,4,0.5,0,0,,0,8,8,4,2,0,1,2,8,,28.6,0
21998,100020,Pam McGee,1611661320,LAS,Los Angeles Sparks,1029800090,1998-07-23,LAS vs. PHO,W,14,2,3,0.667,0,0,,0,0,,2,3,5,0,0,1,0,2,4,,13.0,0
21998,100169,Octavia Blue,1611661320,LAS,Los Angeles Sparks,1029800090,1998-07-23,LAS vs. PHO,W,10,2,4,0.5,0,0,,0,0,,0,1,1,0,1,0,0,1,4,,8.2,0
21998,100174,Eugenia Rycraw,1611661320,LAS,Los Angeles Sparks,1029800090,1998-07-23,LAS vs. PHO,W,25,0,1,0.0,0,0,,1,2,0.5,0,1,1,0,1,1,1,2,1,,7.2,0
21998,100176,Sandra VanEmbricqs,1611661320,LAS,Los Angeles Sparks,1029800090,1998-07-23,LAS vs. PHO,W,31,3,4,0.75,0,0,,3,6,0.5,0,2,2,3,0,4,2,3,9,,25.9,0
21998,100286,Michelle Reed,1611661320,LAS,Los Angeles Sparks,1029800090,1998-07-23,LAS vs. PHO,W,5,0,1,0.0,0,0,,0,0,,0,1,1,0,1,0,1,0,0,,3.2,0
21998,100002,Rebecca Lobo,1611661313,NYL,New York Liberty,1029800091,1998-07-24,NYL @ SAC,W,19,3,7,0.429,0,0,,0,0,,2,6,8,2,0,1,1,2,6,,20.6,0
21998,100101,Teresa Weatherspoon,1611661313,NYL,New York Liberty,1029800091,1998-07-24,NYL @ SAC,W,32,3,6,0.5,0,1,0.0,3,4,0.75,0,3,3,10,7,0,2,1,9,,46.6,0
21998,100102,Kym Hampton,1611661313,NYL,New York Liberty,1029800091,1998-07-24,NYL @ SAC,W,24,4,6,0.667,0,0,,1,2,0.5,3,1,4,0,1,1,2,3,9,,17.8,0
21998,100103,Vickie Johnson,1611661313,NYL,New York Liberty,1029800091,1998-07-24,NYL @ SAC,W,27,4,10,0.4,0,1,0.0,0,0,,1,2,3,2,0,0,2,0,8,,12.6,0
21998,100104,Sue Wicks,1611661313,NYL,New York Liberty,1029800091,1998-07-24,NYL @ SAC,W,20,4,8,0.5,0,0,,4,4,1.0,5,1,6,0,0,0,2,4,12,,17.2,0
21998,100105,Sophia Witherspoon,1611661313,NYL,New York Liberty,1029800091,1998-07-24,NYL @ SAC,W,28,5,11,0.455,1,3,0.333,4,7,0.571,1,2,3,0,2,0,1,1,15,,23.6,0
21998,100106,Trena Trice-Hill,1611661313,NYL,New York Liberty,1029800091,1998-07-24,NYL @ SAC,W,9,1,2,0.5,0,0,,3,4,0.75,0,1,1,0,0,0,1,3,5,,5.2,0
21998,100107,Kisha Ford,1611661313,NYL,New York Liberty,1029800091,1998-07-24,NYL @ SAC,W,19,3,5,0.6,0,0,,4,6,0.667,0,2,2,1,4,0,0,4,10,,25.9,0
21998,100213,Elisabeth Cebrian,1611661313,NYL,New York Liberty,1029800091,1998-07-24,NYL @ SAC,W,8,0,1,0.0,0,0,,1,2,0.5,1,1,2,0,0,0,1,2,1,,2.4,0
21998,100216,Alicia Thompson,1611661313,NYL,New York Liberty,1029800091,1998-07-24,NYL @ SAC,W,6,0,2,0.0,0,0,,1,2,0.5,2,3,5,1,0,0,0,1,1,,8.5,0
21998,100217,Coquese Washington,1611661313,NYL,New York Liberty,1029800091,1998-07-24,NYL @ SAC,W,8,0,2,0.0,0,1,0.0,0,0,,0,1,1,2,0,0,0,2,0,,4.2,0
21998,100011,Linda Burgess,1611661318,SAC,Sacramento Monarchs,1029800091,1998-07-24,SAC vs. NYL,L,19,2,4,0.5,0,0,,2,2,1.0,1,3,4,0,0,0,4,2,6,,6.8,0
21998,100027,Latasha Byears,1611661318,SAC,Sacramento Monarchs,1029800091,1998-07-24,SAC vs. NYL,L,26,6,15,0.4,0,0,,1,4,0.25,2,3,5,0,2,0,1,6,13,,24.0,0
21998,100044,Lady Grooms,1611661318,SAC,Sacramento Monarchs,1029800091,1998-07-24,SAC vs. NYL,L,31,2,5,0.4,0,0,,6,7,0.857,0,2,2,1,0,0,2,1,10,,11.9,0
21998,100223,Pauline Jordan,1611661318,SAC,Sacramento Monarchs,1029800091,1998-07-24,SAC vs. NYL,L,15,1,4,0.25,0,0,,0,0,,1,1,2,2,2,0,2,1,2,,11.4,0
21998,100230,Quacy Barnes,1611661318,SAC,Sacramento Monarchs,1029800091,1998-07-24,SAC vs. NYL,L,8,0,0,,0,0,,0,0,,0,0,0,0,0,1,1,3,0,,2.0,0
21998,100231,Adia Barnes,1611661318,SAC,Sacramento Monarchs,1029800091,1998-07-24,SAC vs. NYL,L,22,2,3,0.667,1,1,1.0,3,4,0.75,0,0,0,3,0,0,1,3,8,,11.5,0
21998,100234,Ticha Penicheiro,1611661318,SAC,Sacramento Monarchs,1029800091,1998-07-24,SAC vs. NYL,L,35,1,5,0.2,0,1,0.0,2,2,1.0,1,3,4,3,1,0,4,5,4,,12.3,0
21998,100235,Franthea Price,1611661318,SAC,Sacramento Monarchs,1029800091,1998-07-24,SAC vs. NYL,L,18,2,7,0.286,0,3,0.0,0,1,0.0,0,1,1,0,1,0,2,2,4,,6.2,0
21998,100236,Tangela Smith,1611661318,SAC,Sacramento Monarchs,1029800091,1998-07-24,SAC vs. NYL,L,26,2,8,0.25,0,1,0.0,3,4,0.75,2,2,4,1,0,2,1,0,7,,18.3,0
21998,100058,Vicky Bullett,1611661314,CHA,Charlotte Sting,1029800092,1998-07-25,CHA vs. HOU,L,29,3,12,0.25,0,1,0.0,0,0,,0,6,6,3,5,2,3,2,6,,35.7,0
21998,100059,Andrea Stinson,1611661314,CHA,Charlotte Sting,1029800092,1998-07-25,CHA vs. HOU,L,33,7,15,0.467,1,3,0.333,3,3,1.0,2,3,5,4,4,0,3,5,18,,39.0,0
21998,100060,Rhonda Mapp,1611661314,CHA,Charlotte Sting,1029800092,1998-07-25,CHA vs. HOU,L,17,2,3,0.667,0,1,0.0,0,0,,0,2,2,1,0,1,1,2,4,,9.9,0
21998,100062,Tora Suber,1611661314,CHA,Charlotte Sting,1029800092,1998-07-25,CHA vs. HOU,L,22,0,7,0.0,0,5,0.0,2,2,1.0,1,0,1,1,0,0,1,1,2,,3.7,0
21998,100063,Sharon Manning,1611661314,CHA,Charlotte Sting,1029800092,1998-07-25,CHA vs. HOU,L,25,3,8,0.375,0,0,,3,3,1.0,7,8,15,0,0,0,1,1,9,,26.0,0
21998,100065,Andrea Congreaves,1611661314,CHA,Charlotte Sting,1029800092,1998-07-25,CHA vs. HOU,L,8,0,1,0.0,0,1,0.0,0,0,,0,2,2,1,1,0,2,0,0,,4.9,0
21998,100178,Sonia Chase,1611661314,CHA,Charlotte Sting,1029800092,1998-07-25,CHA vs. HOU,L,1,0,0,,0,0,,0,0,,0,0,0,0,0,0,0,0,0,,0.0,0
21998,100180,Pollyanna Johns Kimbrough,1611661314,CHA,Charlotte Sting,1029800092,1998-07-25,CHA vs. HOU,L,8,2,3,0.667,0,0,,0,0,,2,0,2,0,0,0,1,0,4,,5.4,0
21998,100181,Christy Smith,1611661314,CHA,Charlotte Sting,1029800092,1998-07-25,CHA vs. HOU,L,21,1,6,0.167,1,5,0.2,0,0,,0,1,1,7,0,0,5,3,3,,9.7,0
21998,100182,Tracy Reid,1611661314,CHA,Charlotte Sting,1029800092,1998-07-25,CHA vs. HOU,L,36,6,13,0.462,0,1,0.0,0,3,0.0,1,2,3,2,1,0,1,2,12,,20.6,0
21998,100072,Sheryl Swoopes,1611661316,HOU,Houston Comets,1029800092,1998-07-25,HOU @ CHA,W,34,9,17,0.529,2,6,0.333,0,0,,0,4,4,4,1,2,1,2,20,,38.8,0
21998,100073,Cynthia Cooper,1611661316,HOU,Houston Comets,1029800092,1998-07-25,HOU @ CHA,W,38,3,14,0.214,1,7,0.143,4,6,0.667,0,8,8,6,1,1,8,3,11,,27.6,0
21998,100075,Janeth Arcain,1611661316,HOU,Houston Comets,1029800092,1998-07-25,HOU @ CHA,W,16,1,4,0.25,0,1,0.0,1,2,0.5,0,2,2,0,0,0,2,1,3,,3.4,0
21998,100076,Tina Thompson,1611661316,HOU,Houston Comets,1029800092,1998-07-25,HOU @ CHA,W,35,6,10,0.6,3,4,0.75,0,0,,2,5,7,1,0,2,3,3,15,,27.9,0
21998,100083,Kim Perrot,1611661316,HOU,Houston Comets,1029800092,1998-07-25,HOU @ CHA,W,33,6,9,0.667,5,6,0.833,0,0,,1,2,3,3,2,0,4,2,17,,27.1,0
21998,100085,Yolanda Moore,1611661316,HOU,Houston Comets,1029800092,1998-07-25,HOU @ CHA,W,21,0,1,0.0,0,0,,0,0,,2,0,2,1,2,0,0,2,0,,9.9,0
21998,100207,Monica Lamb,1611661316,HOU,Houston Comets,1029800092,1998-07-25,HOU @ CHA,W,23,0,1,0.0,0,0,,1,2,0.5,1,2,3,0,1,0,1,3,1,,6.6,0
21998,100049,Raegan Scott,1611661315,CLE,Cleveland Rockers,1029800093,1998-07-25,CLE vs. UTA,W,6,0,1,0.0,0,0,,0,0,,0,2,2,0,0,0,0,0,0,,2.4,0
21998,100087,Janice Braxton,1611661315,CLE,Cleveland Rockers,1029800093,1998-07-25,CLE vs. UTA,W,27,2,5,0.4,0,0,,2,2,1.0,1,6,7,3,4,2,2,1,6,,34.9,0
21998,100088,Michelle Edwards,1611661315,CLE,Cleveland Rockers,1029800093,1998-07-25,CLE vs. UTA,W,24,1,5,0.2,1,1,1.0,1,2,0.5,0,2,2,6,0,0,2,0,4,,13.4,0
21998,100089,Isabelle Fijalkowski,1611661315,CLE,Cleveland Rockers,1029800093,1998-07-25,CLE vs. UTA,W,31,8,15,0.533,0,0,,8,9,0.889,0,8,8,2,0,1,2,4,24,,37.6,0
21998,100091,Eva Nemcova,1611661315,CLE,Cleveland Rockers,1029800093,1998-07-25,CLE vs. UTA,W,36,5,10,0.5,0,1,0.0,2,4,0.5,0,2,2,2,0,0,1,2,12,,16.4,0
21998,100092,Merlakia Jones,1611661315,CLE,Cleveland Rockers,1029800093,1998-07-25,CLE vs. UTA,W,29,5,6,0.833,0,0,,0,0,,0,5,5,4,1,0,1,1,10,,24.0,0
21998,100097,Rushia Brown,1611661315,CLE,Cleveland Rockers,1029800093,1998-07-25,CLE vs. UTA,W,12,2,3,0.667,0,0,,1,2,0.5,0,1,1,0,1,1,1,3,5,,11.2,0
21998,100100,Adrienne Johnson,1611661315,CLE,Cleveland Rockers,1029800093,1998-07-25,CLE vs. UTA,W,2,0,0,,0,0,,0,0,,0,0,0,0,0,0,1,0,0,,-1.0,0
21998,100183,Cindy Blodgett,1611661315,CLE,Cleveland Rockers,1029800093,1998-07-25,CLE vs. UTA,W,7,1,4,0.25,1,4,0.25,0,0,,0,0,0,0,0,0,0,0,3,,3.0,0
21998,100187,Suzie McConnell Serio,1611661315,CLE,Cleveland Rockers,1029800093,1998-07-25,CLE vs. UTA,W,26,2,5,0.4,1,1,1.0,0,0,,0,1,1,6,0,0,2,1,5,,13.2,0
21998,100022,Chantel Tremitiere,1611661319,UTA,Utah Starzz,1029800093,1998-07-25,UTA @ CLE,L,32,1,7,0.143,0,2,0.0,0,0,,2,3,5,7,0,0,3,1,2,,15.5,0
21998,100045,Dena Head,1611661319,UTA,Utah Starzz,1029800093,1998-07-25,UTA @ CLE,L,13,1,5,0.2,0,1,0.0,0,0,,2,0,2,0,1,0,2,1,2,,5.4,0
21998,100046,Wendy Palmer,1611661319,UTA,Utah Starzz,1029800093,1998-07-25,UTA @ CLE,L,35,8,13,0.615,3,3,1.0,4,8,0.5,2,9,11,1,0,0,2,3,23,,35.7,0
21998,100050,Kim Williams,1611661319,UTA,Utah Starzz,1029800093,1998-07-25,UTA @ CLE,L,22,2,8,0.25,0,0,,0,0,,0,1,1,2,2,0,4,2,4,,10.2,0
21998,100168,Erin Alexander,1611661319,UTA,Utah Starzz,1029800093,1998-07-25,UTA @ CLE,L,13,1,4,0.25,1,3,0.333,0,0,,0,1,1,1,0,0,2,3,3,,3.7,0
21998,100237,Tricia Bader Binford,1611661319,UTA,Utah Starzz,1029800093,1998-07-25,UTA @ CLE,L,19,2,7,0.286,2,3,0.667,0,0,,0,2,2,3,1,0,1,0,6,,14.9,0
21998,100239,Margo Dydek,1611661319,UTA,Utah Starzz,1029800093,1998-07-25,UTA @ CLE,L,26,3,8,0.375,0,0,,2,2,1.0,2,6,8,2,1,2,4,5,8,,25.6,0
21998,100242,LaTonya Johnson,1611661319,UTA,Utah Starzz,1029800093,1998-07-25,UTA @ CLE,L,22,2,6,0.333,1,4,0.25,2,2,1.0,0,0,0,1,1,0,1,1,7,,10.5,0
21998,100243,Olympia Scott,1611661319,UTA,Utah Starzz,1029800093,1998-07-25,UTA @ CLE,L,18,2,6,0.333,0,0,,0,0,,2,2,4,1,2,0,0,4,4,,16.3,0
21998,100004,Penny Toler,1611661320,LAS,Los Angeles Sparks,1029800094,1998-07-25,LAS @ DET,L,33,8,19,0.421,1,3,0.333,0,0,,3,3,6,2,0,1,2,6,17,,28.2,0
21998,100007,Jamila Wideman,1611661320,LAS,Los Angeles Sparks,1029800094,1998-07-25,LAS @ DET,L,9,0,1,0.0,0,1,0.0,0,0,,0,0,0,2,0,0,1,2,0,,2.0,0
21998,100008,Tamecka Dixon,1611661320,LAS,Los Angeles Sparks,1029800094,1998-07-25,LAS @ DET,L,34,10,23,0.435,2,4,0.5,4,5,0.8,3,3,6,2,1,0,2,2,26,,37.2,0
21998,100009,Katrina Colleton,1611661320,LAS,Los Angeles Sparks,1029800094,1998-07-25,LAS @ DET,L,12,0,3,0.0,0,2,0.0,0,0,,1,0,1,0,0,0,0,0,0,,1.2,0
21998,100012,Mwadi Mabika,1611661320,LAS,Los Angeles Sparks,1029800094,1998-07-25,LAS @ DET,L,28,3,13,0.231,1,6,0.167,0,0,,2,4,6,1,2,0,1,0,7,,20.7,0
21998,100020,Pam McGee,1611661320,LAS,Los Angeles Sparks,1029800094,1998-07-25,LAS @ DET,L,25,2,7,0.286,0,0,,6,7,0.857,3,2,5,0,1,1,1,5,10,,21.0,0
21998,100169,Octavia Blue,1611661320,LAS,Los Angeles Sparks,1029800094,1998-07-25,LAS @ DET,L,13,2,5,0.4,1,2,0.5,0,0,,2,5,7,0,0,0,1,3,5,,12.4,0
21998,100174,Eugenia Rycraw,1611661320,LAS,Los Angeles Sparks,1029800094,1998-07-25,LAS @ DET,L,18,1,1,1.0,0,0,,0,1,0.0,0,3,3,0,0,2,0,0,2,,11.6,0
21998,100176,Sandra VanEmbricqs,1611661320,LAS,Los Angeles Sparks,1029800094,1998-07-25,LAS @ DET,L,24,0,5,0.0,0,0,,0,0,,2,3,5,0,3,0,2,3,0,,13.0,0
21998,100286,Michelle Reed,1611661320,LAS,Los Angeles Sparks,1029800094,1998-07-25,LAS @ DET,L,4,0,1,0.0,0,1,0.0,0,0,,0,0,0,0,0,0,0,0,0,,0.0,0
21998,100090,Lynette Woodard,1611661321,DET,Detroit Shock,1029800094,1998-07-25,DET vs. LAS,W,3,0,0,,0,0,,0,0,,0,0,0,0,0,0,0,1,0,,0.0,0
21998,100108,Rhonda Blades,1611661321,DET,Detroit Shock,1029800094,1998-07-25,DET vs. LAS,W,4,0,0,,0,0,,1,2,0.5,0,2,2,0,0,0,1,0,1,,2.4,0
21998,100246,Gergana Branzova,1611661321,DET,Detroit Shock,1029800094,1998-07-25,DET vs. LAS,W,2,0,0,,0,0,,0,0,,0,1,1,0,0,0,0,1,0,,1.2,0
21998,100247,Sandy Brondello,1611661321,DET,Detroit Shock,1029800094,1998-07-25,DET vs. LAS,W,36,7,12,0.583,0,1,0.0,5,5,1.0,0,2,2,4,1,0,1,1,19,,29.4,0
21998,100248,Cindy Brown,1611661321,DET,Detroit Shock,1029800094,1998-07-25,DET vs. LAS,W,38,3,11,0.273,0,1,0.0,1,2,0.5,3,11,14,1,0,1,1,3,7,,27.3,0
21998,100250,Korie Hlede,1611661321,DET,Detroit Shock,1029800094,1998-07-25,DET vs. LAS,W,40,9,18,0.5,0,3,0.0,2,2,1.0,1,5,6,7,3,0,6,4,20,,40.7,0
21998,100253,Razija Brcaninovic,1611661321,DET,Detroit Shock,1029800094,1998-07-25,DET vs. LAS,W,18,2,4,0.5,0,0,,1,3,0.333,0,5,5,0,0,1,2,2,5,,12.0,0
21998,100255,Rachael Sporn,1611661321,DET,Detroit Shock,1029800094,1998-07-25,DET vs. LAS,W,22,4,5,0.8,0,0,,1,1,1.0,2,3,5,1,0,0,2,2,9,,14.5,0
21998,100269,Carla Boyd,1611661321,DET,Detroit Shock,1029800094,1998-07-25,DET vs. LAS,W,37,3,13,0.231,1,4,0.25,1,4,0.25,2,3,5,2,3,1,2,1,8,,27.0,0
21998,100002,Rebecca Lobo,1611661313,NYL,New York Liberty,1029800095,1998-07-26,NYL vs. DET,W,29,5,7,0.714,0,0,,4,4,1.0,2,8,10,3,0,2,2,4,14,,34.5,0
21998,100101,Teresa Weatherspoon,1611661313,NYL,New York Liberty,1029800095,1998-07-26,NYL vs. DET,W,25,1,7,0.143,0,1,0.0,0,0,,1,3,4,9,4,0,2,1,2,,30.3,0
21998,100102,Kym Hampton,1611661313,NYL,New York Liberty,1029800095,1998-07-26,NYL vs. DET,W,21,4,8,0.5,0,0,,0,0,,0,2,2,1,1,0,1,2,8,,13.9,0
21998,100103,Vickie Johnson,1611661313,NYL,New York Liberty,1029800095,1998-07-26,NYL vs. DET,W,25,2,7,0.286,1,3,0.333,2,2,1.0,1,1,2,4,3,0,3,2,7,,21.4,0
21998,100104,Sue Wicks,1611661313,NYL,New York Liberty,1029800095,1998-07-26,NYL vs. DET,W,12,2,4,0.5,0,0,,5,5,1.0,1,1,2,2,0,1,2,2,9,,15.4,0
21998,100105,Sophia Witherspoon,1611661313,NYL,New York Liberty,1029800095,1998-07-26,NYL vs. DET,W,29,7,11,0.636,1,1,1.0,2,2,1.0,2,2,4,0,1,1,3,1,17,,24.8,0
21998,100106,Trena Trice-Hill,1611661313,NYL,New York Liberty,1029800095,1998-07-26,NYL vs. DET,W,5,1,2,0.5,0,0,,0,0,,1,1,2,0,0,1,2,2,2,,5.4,0
21998,100107,Kisha Ford,1611661313,NYL,New York Liberty,1029800095,1998-07-26,NYL vs. DET,W,19,5,5,1.0,0,0,,2,2,1.0,1,1,2,0,1,0,1,1,12,,16.4,0
21998,100213,Elisabeth Cebrian,1611661313,NYL,New York Liberty,1029800095,1998-07-26,NYL vs. DET,W,12,1,2,0.5,0,0,,0,0,,0,2,2,1,0,0,0,0,2,,5.9,0
21998,100216,Alicia Thompson,1611661313,NYL,New York Liberty,1029800095,1998-07-26,NYL vs. DET,W,7,0,1,0.0,0,0,,1,2,0.5,0,1,1,0,0,0,3,0,1,,-0.8,0
21998,100217,Coquese Washington,1611661313,NYL,New York Liberty,1029800095,1998-07-26,NYL vs. DET,W,16,1,3,0.333,1,2,0.5,1,2,0.5,1,1,2,3,2,0,2,2,4,,14.9,0
21998,100023,Tajama Abraham,1611661321,DET,Detroit Shock,1029800095,1998-07-26,DET @ NYL,L,8,1,3,0.333,0,0,,2,4,0.5,0,0,0,0,2,1,1,1,4,,12.0,0
21998,100090,Lynette Woodard,1611661321,DET,Detroit Shock,1029800095,1998-07-26,DET @ NYL,L,13,1,4,0.25,0,0,,0,0,,1,1,2,0,2,0,0,2,2,,10.4,0
21998,100108,Rhonda Blades,1611661321,DET,Detroit Shock,1029800095,1998-07-26,DET @ NYL,L,17,1,3,0.333,0,0,,0,0,,0,0,0,2,0,0,1,2,2,,4.0,0
21998,100246,Gergana Branzova,1611661321,DET,Detroit Shock,1029800095,1998-07-26,DET @ NYL,L,9,3,4,0.75,0,1,0.0,0,0,,1,1,2,0,0,0,0,1,6,,8.4,0
21998,100247,Sandy Brondello,1611661321,DET,Detroit Shock,1029800095,1998-07-26,DET @ NYL,L,24,3,9,0.333,0,1,0.0,2,2,1.0,2,2,4,1,3,0,4,0,8,,19.3,0
21998,100248,Cindy Brown,1611661321,DET,Detroit Shock,1029800095,1998-07-26,DET @ NYL,L,31,3,8,0.375,1,3,0.333,4,4,1.0,2,4,6,2,3,0,4,3,11,,26.2,0
21998,100250,Korie Hlede,1611661321,DET,Detroit Shock,1029800095,1998-07-26,DET @ NYL,L,39,5,11,0.455,1,3,0.333,3,4,0.75,2,6,8,6,1,0,3,5,14,,32.6,0
21998,100253,Razija Brcaninovic,1611661321,DET,Detroit Shock,1029800095,1998-07-26,DET @ NYL,L,17,0,7,0.0,0,0,,0,0,,0,1,1,1,1,0,3,3,0,,2.7,0
21998,100255,Rachael Sporn,1611661321,DET,Detroit Shock,1029800095,1998-07-26,DET @ NYL,L,15,4,6,0.667,0,0,,0,0,,3,0,3,1,0,0,0,1,8,,13.1,0
21998,100269,Carla Boyd,1611661321,DET,Detroit Shock,1029800095,1998-07-26,DET @ NYL,L,25,2,7,0.286,1,5,0.2,2,2,1.0,3,1,4,1,0,0,2,3,7,,11.3,0
21998,100270,Angela Hamblin,1611661321,DET,Detroit Shock,1029800095,1998-07-26,DET @ NYL,L,2,0,0,,0,0,,0,0,,0,0,0,0,0,0,0,0,0,,0.0,0
21998,100011,Linda Burgess,1611661318,SAC,Sacramento Monarchs,1029800096,1998-07-26,SAC @ WAS,W,18,4,5,0.8,0,0,,4,6,0.667,3,4,7,0,1,0,4,3,12,,19.4,0
21998,100017,Bridgette Gordon,1611661318,SAC,Sacramento Monarchs,1029800096,1998-07-26,SAC @ WAS,W,4,0,1,0.0,0,0,,2,2,1.0,0,1,1,0,0,0,0,0,2,,3.2,0
21998,100027,Latasha Byears,1611661318,SAC,Sacramento Monarchs,1029800096,1998-07-26,SAC @ WAS,W,31,5,14,0.357,0,0,,3,4,0.75,1,9,10,1,2,3,2,4,13,,39.5,0
21998,100044,Lady Grooms,1611661318,SAC,Sacramento Monarchs,1029800096,1998-07-26,SAC @ WAS,W,31,2,5,0.4,0,0,,2,2,1.0,1,0,1,1,2,0,4,3,6,,10.7,0
21998,100223,Pauline Jordan,1611661318,SAC,Sacramento Monarchs,1029800096,1998-07-26,SAC @ WAS,W,22,2,7,0.286,0,0,,2,4,0.5,2,7,9,3,1,2,1,3,6,,29.3,0
21998,100230,Quacy Barnes,1611661318,SAC,Sacramento Monarchs,1029800096,1998-07-26,SAC @ WAS,W,0,0,0,,0,0,,0,0,,0,0,,0,0,0,0,0,0,,0.0,0
21998,100231,Adia Barnes,1611661318,SAC,Sacramento Monarchs,1029800096,1998-07-26,SAC @ WAS,W,22,5,8,0.625,1,1,1.0,4,4,1.0,1,1,2,0,0,0,1,1,15,,16.4,0
21998,100234,Ticha Penicheiro,1611661318,SAC,Sacramento Monarchs,1029800096,1998-07-26,SAC @ WAS,W,35,3,4,0.75,0,0,,8,11,0.727,0,3,3,7,2,0,8,2,14,,26.1,0
21998,100235,Franthea Price,1611661318,SAC,Sacramento Monarchs,1029800096,1998-07-26,SAC @ WAS,W,7,1,2,0.5,0,0,,4,4,1.0,0,1,1,0,0,0,1,1,6,,6.2,0
21998,100236,Tangela Smith,1611661318,SAC,Sacramento Monarchs,1029800096,1998-07-26,SAC @ WAS,W,30,1,2,0.5,0,0,,3,4,0.75,0,6,6,2,0,2,1,1,5,,20.2,0
21998,100052,Deborah Carter,1611661322,WAS,Washington Mystics,1029800096,1998-07-26,WAS vs. SAC,L,14,1,5,0.2,0,1,0.0,0,0,,1,0,1,1,0,0,0,4,2,,4.7,0
21998,100156,Heidi Burge,1611661322,WAS,Washington Mystics,1029800096,1998-07-26,WAS vs. SAC,L,21,2,9,0.222,0,0,,1,3,0.333,2,6,8,2,0,0,4,2,5,,13.6,0
21998,100193,La'Shawn Brown,1611661322,WAS,Washington Mystics,1029800096,1998-07-26,WAS vs. SAC,L,16,2,4,0.5,0,0,,0,0,,1,4,5,1,2,5,0,6,4,,32.5,0
21998,100194,Keri Chaconas,1611661322,WAS,Washington Mystics,1029800096,1998-07-26,WAS vs. SAC,L,17,0,4,0.0,0,3,0.0,0,0,,0,3,3,1,0,0,2,2,0,,3.1,0
21998,100197,Angela Jackson,1611661322,WAS,Washington Mystics,1029800096,1998-07-26,WAS vs. SAC,L,4,0,0,,0,0,,0,0,,0,0,,0,0,0,0,0,0,,0.0,0
21998,100198,Nikki McCray,1611661322,WAS,Washington Mystics,1029800096,1998-07-26,WAS vs. SAC,L,32,11,18,0.611,1,2,0.5,4,4,1.0,0,0,,3,3,0,1,5,27,,39.5,0
21998,100199,Murriel Page,1611661322,WAS,Washington Mystics,1029800096,1998-07-26,WAS vs. SAC,L,25,4,7,0.571,0,0,,0,2,0.0,4,4,8,2,0,1,2,4,8,,21.6,0
21998,100202,Adrienne Shuler,1611661322,WAS,Washington Mystics,1029800096,1998-07-26,WAS vs. SAC,L,15,0,3,0.0,0,3,0.0,0,0,,0,1,1,3,3,0,1,1,0,,13.7,0
21998,100204,Rita Williams,1611661322,WAS,Washington Mystics,1029800096,1998-07-26,WAS vs. SAC,L,25,2,5,0.4,1,3,0.333,0,0,,1,1,2,2,7,0,3,4,5,,28.4,0
21998,100283,Leila de Souza Sobral,1611661322,WAS,Washington Mystics,1029800096,1998-07-26,WAS vs. SAC,L,2,0,1,0.0,0,0,,0,0,,0,0,,0,1,0,0,0,0,,3.0,0
21998,100374,Penny Moore,1611661322,WAS,Washington Mystics,1029800096,1998-07-26,WAS vs. SAC,L,29,6,16,0.375,0,6,0.0,2,4,0.5,1,3,4,3,1,0,1,2,14,,25.3,0
21998,100058,Vicky Bullett,1611661314,CHA,Charlotte Sting,1029800097,1998-07-27,CHA vs. SAC,L,32,4,9,0.444,0,1,0.0,4,4,1.0,2,6,8,3,1,1,4,6,12,,28.1,0
21998,100059,Andrea Stinson,1611661314,CHA,Charlotte Sting,1029800097,1998-07-27,CHA vs. SAC,L,38,6,17,0.353,0,3,0.0,3,4,0.75,2,5,7,5,2,0,3,4,15,,33.9,0
21998,100060,Rhonda Mapp,1611661314,CHA,Charlotte Sting,1029800097,1998-07-27,CHA vs. SAC,L,24,2,7,0.286,0,0,,5,8,0.625,1,4,5,3,1,0,1,3,9,,21.5,0
21998,100062,Tora Suber,1611661314,CHA,Charlotte Sting,1029800097,1998-07-27,CHA vs. SAC,L,16,1,7,0.143,1,4,0.25,0,0,,0,0,0,1,0,0,1,4,3,,3.5,0
21998,100063,Sharon Manning,1611661314,CHA,Charlotte Sting,1029800097,1998-07-27,CHA vs. SAC,L,16,1,4,0.25,0,0,,3,5,0.6,2,3,5,1,0,0,1,3,5,,11.5,0
21998,100070,Tia Paschal,1611661314,CHA,Charlotte Sting,1029800097,1998-07-27,CHA vs. SAC,L,1,0,0,,0,0,,0,0,,0,0,0,0,0,0,0,0,0,,0.0,0
21998,100178,Sonia Chase,1611661314,CHA,Charlotte Sting,1029800097,1998-07-27,CHA vs. SAC,L,9,1,1,1.0,0,0,,0,0,,0,0,0,0,1,0,0,1,2,,5.0,0
21998,100180,Pollyanna Johns Kimbrough,1611661314,CHA,Charlotte Sting,1029800097,1998-07-27,CHA vs. SAC,L,8,3,3,1.0,0,0,,0,0,,0,1,1,0,0,0,1,1,6,,6.2,0
21998,100181,Christy Smith,1611661314,CHA,Charlotte Sting,1029800097,1998-07-27,CHA vs. SAC,L,23,1,3,0.333,1,3,0.333,2,2,1.0,1,0,1,1,1,0,1,0,5,,9.7,0
21998,100182,Tracy Reid,1611661314,CHA,Charlotte Sting,1029800097,1998-07-27,CHA vs. SAC,L,33,3,4,0.75,0,0,,7,10,0.7,3,1,4,4,0,1,5,3,13,,21.8,0
21998,100011,Linda Burgess,1611661318,SAC,Sacramento Monarchs,1029800097,1998-07-27,SAC @ CHA,W,27,3,5,0.6,0,0,,1,4,0.25,0,2,2,1,0,0,3,2,7,,7.9,0
21998,100027,Latasha Byears,1611661318,SAC,Sacramento Monarchs,1029800097,1998-07-27,SAC @ CHA,W,29,6,11,0.545,0,0,,6,7,0.857,1,3,4,0,3,0,1,5,18,,30.8,0
21998,100044,Lady Grooms,1611661318,SAC,Sacramento Monarchs,1029800097,1998-07-27,SAC @ CHA,W,38,3,9,0.333,0,0,,8,12,0.667,3,3,6,2,0,0,2,2,14,,22.2,0
21998,100223,Pauline Jordan,1611661318,SAC,Sacramento Monarchs,1029800097,1998-07-27,SAC @ CHA,W,16,1,3,0.333,0,0,,1,2,0.5,1,2,3,1,0,0,1,6,3,,7.1,0
21998,100231,Adia Barnes,1611661318,SAC,Sacramento Monarchs,1029800097,1998-07-27,SAC @ CHA,W,15,2,6,0.333,0,0,,0,0,,0,1,1,0,0,0,3,2,4,,2.2,0
21998,100234,Ticha Penicheiro,1611661318,SAC,Sacramento Monarchs,1029800097,1998-07-27,SAC @ CHA,W,39,4,7,0.571,1,2,0.5,5,6,0.833,0,7,7,12,5,0,3,5,14,,52.4,0
21998,100236,Tangela Smith,1611661318,SAC,Sacramento Monarchs,1029800097,1998-07-27,SAC @ CHA,W,36,8,15,0.533,0,0,,0,2,0.0,3,7,10,0,1,1,2,3,16,,32.0,0
21998,100049,Raegan Scott,1611661315,CLE,Cleveland Rockers,1029800098,1998-07-27,CLE vs. LAS,W,7,1,1,1.0,0,0,,0,0,,0,1,1,0,0,1,2,1,2,,4.2,0
21998,100087,Janice Braxton,1611661315,CLE,Cleveland Rockers,1029800098,1998-07-27,CLE vs. LAS,W,22,3,8,0.375,0,0,,1,2,0.5,1,5,6,2,0,0,2,2,7,,15.2,0
21998,100088,Michelle Edwards,1611661315,CLE,Cleveland Rockers,1029800098,1998-07-27,CLE vs. LAS,W,20,3,4,0.75,0,1,0.0,2,4,0.5,0,4,4,1,0,0,1,3,8,,13.3,0
21998,100089,Isabelle Fijalkowski,1611661315,CLE,Cleveland Rockers,1029800098,1998-07-27,CLE vs. LAS,W,32,6,8,0.75,0,0,,2,3,0.667,2,7,9,1,2,3,2,1,14,,39.3,0
21998,100091,Eva Nemcova,1611661315,CLE,Cleveland Rockers,1029800098,1998-07-27,CLE vs. LAS,W,29,5,9,0.556,1,2,0.5,4,4,1.0,0,3,3,9,1,0,1,4,15,,34.1,0
21998,100092,Merlakia Jones,1611661315,CLE,Cleveland Rockers,1029800098,1998-07-27,CLE vs. LAS,W,22,5,10,0.5,0,0,,2,5,0.4,1,3,4,0,1,0,1,1,12,,18.8,0
21998,100097,Rushia Brown,1611661315,CLE,Cleveland Rockers,1029800098,1998-07-27,CLE vs. LAS,W,18,4,6,0.667,0,0,,2,2,1.0,0,2,2,3,0,1,5,3,10,,14.9,0
21998,100100,Adrienne Johnson,1611661315,CLE,Cleveland Rockers,1029800098,1998-07-27,CLE vs. LAS,W,14,3,5,0.6,0,1,0.0,1,1,1.0,1,2,3,0,0,0,0,0,7,,10.6,0
21998,100183,Cindy Blodgett,1611661315,CLE,Cleveland Rockers,1029800098,1998-07-27,CLE vs. LAS,W,7,0,1,0.0,0,1,0.0,2,4,0.5,0,0,0,1,0,0,0,1,2,,3.5,0
21998,100186,Tanja Kostic,1611661315,CLE,Cleveland Rockers,1029800098,1998-07-27,CLE vs. LAS,W,2,0,0,,0,0,,0,0,,0,0,0,0,0,0,0,0,0,,0.0,0
21998,100187,Suzie McConnell Serio,1611661315,CLE,Cleveland Rockers,1029800098,1998-07-27,CLE vs. LAS,W,27,1,3,0.333,1,1,1.0,3,4,0.75,0,2,2,7,2,0,1,3,6,,23.9,0
21998,100003,Lisa Leslie,1611661320,LAS,Los Angeles Sparks,1029800098,1998-07-27,LAS @ CLE,L,24,5,15,0.333,0,0,,2,2,1.0,1,6,7,0,0,1,3,4,12,,20.4,0
21998,100004,Penny Toler,1611661320,LAS,Los Angeles Sparks,1029800098,1998-07-27,LAS @ CLE,L,31,3,11,0.273,1,3,0.333,4,6,0.667,2,1,3,6,0,0,3,1,11,,20.6,0
21998,100007,Jamila Wideman,1611661320,LAS,Los Angeles Sparks,1029800098,1998-07-27,LAS @ CLE,L,10,0,0,,0,0,,2,2,1.0,0,0,0,5,2,0,2,3,2,,13.5,0
21998,100008,Tamecka Dixon,1611661320,LAS,Los Angeles Sparks,1029800098,1998-07-27,LAS @ CLE,L,32,5,12,0.417,1,3,0.333,1,2,0.5,0,2,2,2,0,0,2,4,12,,15.4,0
21998,100009,Katrina Colleton,1611661320,LAS,Los Angeles Sparks,1029800098,1998-07-27,LAS @ CLE,L,9,0,0,,0,0,,0,0,,1,0,1,1,1,0,0,2,0,,5.7,0
21998,100012,Mwadi Mabika,1611661320,LAS,Los Angeles Sparks,1029800098,1998-07-27,LAS @ CLE,L,35,6,12,0.5,1,5,0.2,3,4,0.75,3,5,8,2,2,0,1,5,16,,33.6,0
21998,100020,Pam McGee,1611661320,LAS,Los Angeles Sparks,1029800098,1998-07-27,LAS @ CLE,L,18,2,5,0.4,0,0,,2,2,1.0,2,3,5,0,1,0,4,3,6,,11.0,0
21998,100169,Octavia Blue,1611661320,LAS,Los Angeles Sparks,1029800098,1998-07-27,LAS @ CLE,L,7,0,2,0.0,0,1,0.0,0,0,,0,1,1,0,0,1,0,0,0,,4.2,0
21998,100174,Eugenia Rycraw,1611661320,LAS,Los Angeles Sparks,1029800098,1998-07-27,LAS @ CLE,L,9,0,2,0.0,0,0,,0,0,,1,0,1,0,1,0,1,1,0,,3.2,0
21998,100176,Sandra VanEmbricqs,1611661320,LAS,Los Angeles Sparks,1029800098,1998-07-27,LAS @ CLE,L,22,2,3,0.667,0,0,,1,2,0.5,0,1,1,2,1,0,0,3,5,,12.2,0
21998,100286,Michelle Reed,1611661320,LAS,Los Angeles Sparks,1029800098,1998-07-27,LAS @ CLE,L,3,1,1,1.0,1,1,1.0,0,0,,0,1,1,0,0,0,0,1,3,,4.2,0
21998,100029,Michele Timms,1611661317,PHO,Phoenix Mercury,1029800099,1998-07-27,PHO @ UTA,L,28,4,8,0.5,1,3,0.333,1,2,0.5,0,5,5,6,0,0,5,5,10,,20.0,0
21998,100030,Jennifer Gillom,1611661317,PHO,Phoenix Mercury,1029800099,1998-07-27,PHO @ UTA,L,34,12,25,0.48,4,8,0.5,3,9,0.333,3,3,6,1,0,2,2,2,31,,43.7,0
21998,100031,Bridget Pettis,1611661317,PHO,Phoenix Mercury,1029800099,1998-07-27,PHO @ UTA,L,26,2,7,0.286,1,3,0.333,2,2,1.0,2,1,3,3,0,0,1,1,7,,14.1,0
21998,100033,Toni Foster,1611661317,PHO,Phoenix Mercury,1029800099,1998-07-27,PHO @ UTA,L,4,0,2,0.0,0,0,,0,0,,0,0,0,0,0,0,0,0,0,,0.0,0
21998,100035,Umeki Webb,1611661317,PHO,Phoenix Mercury,1029800099,1998-07-27,PHO @ UTA,L,26,1,3,0.333,0,0,,3,4,0.75,0,1,1,3,4,0,1,4,5,,21.7,0
21998,100037,Marlies Askamp,1611661317,PHO,Phoenix Mercury,1029800099,1998-07-27,PHO @ UTA,L,14,4,5,0.8,0,0,,1,2,0.5,0,2,2,2,1,1,0,4,9,,20.4,0
21998,100221,Michelle Brogan,1611661317,PHO,Phoenix Mercury,1029800099,1998-07-27,PHO @ UTA,L,27,5,9,0.556,1,3,0.333,4,4,1.0,2,5,7,0,9,0,5,1,15,,45.4,0
21998,100222,Kristi Harrower,1611661317,PHO,Phoenix Mercury,1029800099,1998-07-27,PHO @ UTA,L,17,0,0,,0,0,,0,0,,0,1,1,2,0,0,2,1,0,,2.2,0
21998,100224,Andrea Kuklova,1611661317,PHO,Phoenix Mercury,1029800099,1998-07-27,PHO @ UTA,L,18,1,3,0.333,0,1,0.0,0,0,,2,1,3,2,2,0,6,2,2,,8.6,0
21998,100225,Brandy Reed,1611661317,PHO,Phoenix Mercury,1029800099,1998-07-27,PHO @ UTA,L,3,0,0,,0,0,,0,0,,0,0,0,0,0,0,0,0,0,,0.0,0
21998,100227,Maria Stepanova,1611661317,PHO,Phoenix Mercury,1029800099,1998-07-27,PHO @ UTA,L,3,0,1,0.0,0,0,,1,2,0.5,0,0,0,0,0,1,0,0,1,,4.0,0
21998,100022,Chantel Tremitiere,1611661319,UTA,Utah Starzz,1029800099,1998-07-27,UTA vs. PHO,W,30,3,5,0.6,2,2,1.0,5,6,0.833,2,3,5,3,3,0,2,3,13,,30.5,0
21998,100045,Dena Head,1611661319,UTA,Utah Starzz,1029800099,1998-07-27,UTA vs. PHO,W,11,3,4,0.75,1,1,1.0,0,0,,0,2,2,0,2,0,0,3,7,,15.4,0
21998,100046,Wendy Palmer,1611661319,UTA,Utah Starzz,1029800099,1998-07-27,UTA vs. PHO,W,30,5,11,0.455,1,1,1.0,1,2,0.5,1,5,6,1,0,0,4,6,12,,16.7,0
21998,100047,Tammi Reiss,1611661319,UTA,Utah Starzz,1029800099,1998-07-27,UTA vs. PHO,W,13,2,4,0.5,1,1,1.0,1,1,1.0,1,3,4,1,0,0,1,1,6,,11.3,0
21998,100050,Kim Williams,1611661319,UTA,Utah Starzz,1029800099,1998-07-27,UTA vs. PHO,W,30,6,13,0.462,0,0,,2,2,1.0,1,2,3,2,3,0,4,1,14,,25.6,0
21998,100168,Erin Alexander,1611661319,UTA,Utah Starzz,1029800099,1998-07-27,UTA vs. PHO,W,1,0,0,,0,0,,0,0,,0,0,0,0,0,0,0,0,0,,0.0,0
21998,100237,Tricia Bader Binford,1611661319,UTA,Utah Starzz,1029800099,1998-07-27,UTA vs. PHO,W,7,1,2,0.5,1,1,1.0,0,0,,0,0,0,1,0,0,1,0,3,,3.5,0
21998,100239,Margo Dydek,1611661319,UTA,Utah Starzz,1029800099,1998-07-27,UTA vs. PHO,W,27,2,5,0.4,0,0,,2,2,1.0,2,7,9,4,1,5,3,4,6,,37.8,0
21998,100242,LaTonya Johnson,1611661319,UTA,Utah Starzz,1029800099,1998-07-27,UTA vs. PHO,W,30,5,10,0.5,1,2,0.5,4,6,0.667,0,1,1,1,2,0,5,3,15,,18.7,0
21998,100243,Olympia Scott,1611661319,UTA,Utah Starzz,1029800099,1998-07-27,UTA vs. PHO,W,21,3,5,0.6,0,0,,8,8,1.0,3,3,6,4,2,0,2,3,14,,31.2,0
21998,100072,Sheryl Swoopes,1611661316,HOU,Houston Comets,1029800100,1998-07-28,HOU vs. PHO,W,38,6,17,0.353,2,4,0.5,3,5,0.6,1,2,3,2,1,0,0,1,17,,26.6,0
21998,100073,Cynthia Cooper,1611661316,HOU,Houston Comets,1029800100,1998-07-28,HOU vs. PHO,W,37,9,18,0.5,2,4,0.5,7,7,1.0,0,0,0,3,3,0,2,2,27,,38.5,0
21998,100075,Janeth Arcain,1611661316,HOU,Houston Comets,1029800100,1998-07-28,HOU vs. PHO,W,23,4,7,0.571,0,0,,1,2,0.5,5,3,8,1,2,0,2,2,9,,24.1,0
21998,100076,Tina Thompson,1611661316,HOU,Houston Comets,1029800100,1998-07-28,HOU vs. PHO,W,34,2,9,0.222,0,3,0.0,2,2,1.0,1,8,9,3,1,2,2,5,6,,28.3,0
21998,100083,Kim Perrot,1611661316,HOU,Houston Comets,1029800100,1998-07-28,HOU vs. PHO,W,37,2,7,0.286,1,5,0.2,0,0,,1,3,4,2,0,0,1,4,5,,11.8,0
21998,100085,Yolanda Moore,1611661316,HOU,Houston Comets,1029800100,1998-07-28,HOU vs. PHO,W,9,0,0,,0,0,,0,0,,0,0,0,0,1,0,0,1,0,,3.0,0
21998,100207,Monica Lamb,1611661316,HOU,Houston Comets,1029800100,1998-07-28,HOU vs. PHO,W,22,4,8,0.5,0,0,,0,0,,3,5,8,1,0,0,0,1,8,,19.1,0
21998,100029,Michele Timms,1611661317,PHO,Phoenix Mercury,1029800100,1998-07-28,PHO @ HOU,L,38,6,15,0.4,2,5,0.4,0,0,,1,1,2,3,1,0,2,4,14,,21.9,0
21998,100030,Jennifer Gillom,1611661317,PHO,Phoenix Mercury,1029800100,1998-07-28,PHO @ HOU,L,35,8,14,0.571,2,3,0.667,5,6,0.833,2,11,13,2,0,0,5,3,23,,36.6,0
21998,100031,Bridget Pettis,1611661317,PHO,Phoenix Mercury,1029800100,1998-07-28,PHO @ HOU,L,31,2,7,0.286,0,3,0.0,0,0,,0,3,3,1,0,0,3,3,4,,6.1,0
21998,100035,Umeki Webb,1611661317,PHO,Phoenix Mercury,1029800100,1998-07-28,PHO @ HOU,L,37,2,8,0.25,1,1,1.0,1,2,0.5,3,2,5,3,1,2,1,3,6,,24.5,0
21998,100037,Marlies Askamp,1611661317,PHO,Phoenix Mercury,1029800100,1998-07-28,PHO @ HOU,L,8,0,2,0.0,0,0,,0,0,,0,3,3,0,0,0,0,1,0,,3.6,0
21998,100221,Michelle Brogan,1611661317,PHO,Phoenix Mercury,1029800100,1998-07-28,PHO @ HOU,L,37,6,8,0.75,1,1,1.0,2,2,1.0,1,3,4,1,0,0,3,0,15,,18.3,0
21998,100222,Kristi Harrower,1611661317,PHO,Phoenix Mercury,1029800100,1998-07-28,PHO @ HOU,L,9,0,2,0.0,0,1,0.0,0,0,,0,0,0,0,0,1,1,2,0,,2.0,0
21998,100224,Andrea Kuklova,1611661317,PHO,Phoenix Mercury,1029800100,1998-07-28,PHO @ HOU,L,5,0,0,,0,0,,0,0,,0,0,0,0,1,0,1,3,0,,2.0,0
21998,100003,Lisa Leslie,1611661320,LAS,Los Angeles Sparks,1029800101,1998-07-29,LAS @ WAS,W,31,5,17,0.294,0,0,,3,6,0.5,7,6,13,5,1,1,3,5,13,,39.1,0
21998,100004,Penny Toler,1611661320,LAS,Los Angeles Sparks,1029800101,1998-07-29,LAS @ WAS,W,23,5,10,0.5,1,2,0.5,0,0,,0,4,4,1,1,0,4,3,11,,16.3,0
21998,100007,Jamila Wideman,1611661320,LAS,Los Angeles Sparks,1029800101,1998-07-29,LAS @ WAS,W,23,0,1,0.0,0,0,,3,4,0.75,2,1,3,2,0,0,2,3,3,,7.6,0
21998,100008,Tamecka Dixon,1611661320,LAS,Los Angeles Sparks,1029800101,1998-07-29,LAS @ WAS,W,38,7,15,0.467,1,4,0.25,5,10,0.5,0,4,4,2,3,1,3,2,20,,36.8,0
21998,100009,Katrina Colleton,1611661320,LAS,Los Angeles Sparks,1029800101,1998-07-29,LAS @ WAS,W,9,0,1,0.0,0,0,,2,2,1.0,1,0,1,2,0,0,1,0,2,,5.2,0
21998,100012,Mwadi Mabika,1611661320,LAS,Los Angeles Sparks,1029800101,1998-07-29,LAS @ WAS,W,28,2,5,0.4,2,4,0.5,0,0,,0,6,6,0,3,0,2,4,6,,20.2,0
21998,100020,Pam McGee,1611661320,LAS,Los Angeles Sparks,1029800101,1998-07-29,LAS @ WAS,W,22,8,14,0.571,0,0,,2,4,0.5,6,2,8,1,1,1,1,3,18,,34.1,0
21998,100169,Octavia Blue,1611661320,LAS,Los Angeles Sparks,1029800101,1998-07-29,LAS @ WAS,W,5,1,2,0.5,0,1,0.0,0,0,,0,0,0,0,0,0,0,1,2,,2.0,0
21998,100174,Eugenia Rycraw,1611661320,LAS,Los Angeles Sparks,1029800101,1998-07-29,LAS @ WAS,W,2,0,0,,0,0,,0,0,,0,0,0,0,0,0,0,0,0,,0.0,0
21998,100176,Sandra VanEmbricqs,1611661320,LAS,Los Angeles Sparks,1029800101,1998-07-29,LAS @ WAS,W,19,1,4,0.25,0,0,,0,0,,1,1,2,0,0,1,0,3,2,,7.4,0
21998,100052,Deborah Carter,1611661322,WAS,Washington Mystics,1029800101,1998-07-29,WAS vs. LAS,L,13,1,5,0.2,1,3,0.333,0,0,,2,0,2,1,1,0,2,0,3,,7.9,0
21998,100156,Heidi Burge,1611661322,WAS,Washington Mystics,1029800101,1998-07-29,WAS vs. LAS,L,29,6,11,0.545,0,0,,2,2,1.0,1,6,7,2,1,0,2,4,14,,26.4,0
21998,100193,La'Shawn Brown,1611661322,WAS,Washington Mystics,1029800101,1998-07-29,WAS vs. LAS,L,13,0,0,,0,0,,1,4,0.25,3,3,6,1,1,0,2,4,1,,10.7,0
21998,100194,Keri Chaconas,1611661322,WAS,Washington Mystics,1029800101,1998-07-29,WAS vs. LAS,L,6,2,3,0.667,2,3,0.667,2,2,1.0,0,0,0,0,0,0,0,0,8,,8.0,0
21998,100197,Angela Jackson,1611661322,WAS,Washington Mystics,1029800101,1998-07-29,WAS vs. LAS,L,3,0,0,,0,0,,0,0,,0,0,0,0,0,0,0,0,0,,0.0,0
21998,100198,Nikki McCray,1611661322,WAS,Washington Mystics,1029800101,1998-07-29,WAS vs. LAS,L,35,6,18,0.333,0,2,0.0,6,11,0.545,1,1,2,4,2,0,4,3,18,,28.4,0
21998,100199,Murriel Page,1611661322,WAS,Washington Mystics,1029800101,1998-07-29,WAS vs. LAS,L,36,4,7,0.571,0,0,,0,0,,5,5,10,2,2,1,2,3,8,,30.0,0
21998,100202,Adrienne Shuler,1611661322,WAS,Washington Mystics,1029800101,1998-07-29,WAS vs. LAS,L,16,3,7,0.429,0,0,,0,0,,1,2,3,3,1,0,0,2,6,,17.1,0
21998,100204,Rita Williams,1611661322,WAS,Washington Mystics,1029800101,1998-07-29,WAS vs. LAS,L,21,1,4,0.25,0,1,0.0,1,4,0.25,0,2,2,1,1,0,1,4,3,,8.9,0
21998,100374,Penny Moore,1611661322,WAS,Washington Mystics,1029800101,1998-07-29,WAS vs. LAS,L,28,3,10,0.3,0,1,0.0,1,2,0.5,1,1,2,1,0,0,3,3,7,,7.9,0
21998,100087,Janice Braxton,1611661315,CLE,Cleveland Rockers,1029800102,1998-07-29,CLE vs. SAC,W,19,0,2,0.0,0,0,,0,0,,1,1,2,1,2,2,1,3,0,,14.9,0
21998,100088,Michelle Edwards,1611661315,CLE,Cleveland Rockers,1029800102,1998-07-29,CLE vs. SAC,W,23,3,8,0.375,0,2,0.0,2,2,1.0,0,3,3,7,1,0,1,1,8,,24.1,0
21998,100089,Isabelle Fijalkowski,1611661315,CLE,Cleveland Rockers,1029800102,1998-07-29,CLE vs. SAC,W,33,5,8,0.625,0,0,,7,8,0.875,4,4,8,1,1,2,2,3,17,,35.1,0
21998,100091,Eva Nemcova,1611661315,CLE,Cleveland Rockers,1029800102,1998-07-29,CLE vs. SAC,W,32,5,9,0.556,2,2,1.0,3,4,0.75,0,4,4,4,2,0,4,2,15,,27.8,0
21998,100092,Merlakia Jones,1611661315,CLE,Cleveland Rockers,1029800102,1998-07-29,CLE vs. SAC,W,26,4,8,0.5,0,1,0.0,2,4,0.5,0,2,2,0,0,1,1,2,10,,14.4,0
21998,100097,Rushia Brown,1611661315,CLE,Cleveland Rockers,1029800102,1998-07-29,CLE vs. SAC,W,24,3,8,0.375,0,0,,6,6,1.0,1,3,4,0,0,1,1,3,12,,18.8,0
21998,100100,Adrienne Johnson,1611661315,CLE,Cleveland Rockers,1029800102,1998-07-29,CLE vs. SAC,W,9,1,4,0.25,1,2,0.5,0,0,,0,1,1,0,1,0,1,0,3,,6.2,0
21998,100183,Cindy Blodgett,1611661315,CLE,Cleveland Rockers,1029800102,1998-07-29,CLE vs. SAC,W,6,1,2,0.5,0,1,0.0,0,0,,0,1,1,0,0,0,1,0,2,,2.2,0
21998,100187,Suzie McConnell Serio,1611661315,CLE,Cleveland Rockers,1029800102,1998-07-29,CLE vs. SAC,W,28,2,8,0.25,0,1,0.0,4,5,0.8,1,1,2,6,1,0,5,1,8,,17.4,0
21998,100011,Linda Burgess,1611661318,SAC,Sacramento Monarchs,1029800102,1998-07-29,SAC @ CLE,L,18,3,8,0.375,0,0,,1,2,0.5,1,2,3,0,2,2,1,2,7,,21.6,0
21998,100017,Bridgette Gordon,1611661318,SAC,Sacramento Monarchs,1029800102,1998-07-29,SAC @ CLE,L,9,0,0,,0,0,,0,0,,2,0,2,0,0,0,2,4,0,,0.4,0
21998,100027,Latasha Byears,1611661318,SAC,Sacramento Monarchs,1029800102,1998-07-29,SAC @ CLE,L,33,10,17,0.588,0,0,,3,3,1.0,5,1,6,0,4,0,5,4,23,,37.2,0
21998,100044,Lady Grooms,1611661318,SAC,Sacramento Monarchs,1029800102,1998-07-29,SAC @ CLE,L,21,3,5,0.6,0,1,0.0,0,0,,2,1,3,1,0,0,2,0,6,,9.1,0
21998,100214,Nadine Domond,1611661318,SAC,Sacramento Monarchs,1029800102,1998-07-29,SAC @ CLE,L,12,3,6,0.5,0,2,0.0,0,0,,1,0,1,2,0,0,1,2,6,,9.2,0
21998,100223,Pauline Jordan,1611661318,SAC,Sacramento Monarchs,1029800102,1998-07-29,SAC @ CLE,L,8,0,2,0.0,0,0,,0,0,,0,3,3,0,0,0,2,2,0,,1.6,0
21998,100230,Quacy Barnes,1611661318,SAC,Sacramento Monarchs,1029800102,1998-07-29,SAC @ CLE,L,10,0,2,0.0,0,0,,0,0,,0,1,1,0,0,1,0,1,0,,4.2,0
21998,100231,Adia Barnes,1611661318,SAC,Sacramento Monarchs,1029800102,1998-07-29,SAC @ CLE,L,13,3,8,0.375,1,2,0.5,0,0,,1,1,2,1,1,0,3,1,7,,10.9,0
21998,100234,Ticha Penicheiro,1611661318,SAC,Sacramento Monarchs,1029800102,1998-07-29,SAC @ CLE,L,39,1,6,0.167,1,2,0.5,1,2,0.5,0,6,6,16,2,0,3,4,4,,38.2,0
21998,100235,Franthea Price,1611661318,SAC,Sacramento Monarchs,1029800102,1998-07-29,SAC @ CLE,L,2,0,0,,0,0,,0,0,,0,0,0,0,1,0,1,0,0,,2.0,0
21998,100236,Tangela Smith,1611661318,SAC,Sacramento Monarchs,1029800102,1998-07-29,SAC @ CLE,L,35,7,15,0.467,0,1,0.0,0,0,,0,1,1,3,3,4,2,3,14,,38.7,0
21998,100058,Vicky Bullett,1611661314,CHA,Charlotte Sting,1029800103,1998-07-30,CHA vs. CLE,W,35,6,11,0.545,0,1,0.0,6,6,1.0,5,7,12,2,4,1,1,3,18,,49.4,0
21998,100059,Andrea Stinson,1611661314,CHA,Charlotte Sting,1029800103,1998-07-30,CHA vs. CLE,W,35,3,12,0.25,0,2,0.0,2,4,0.5,0,2,2,7,1,2,0,2,8,,29.9,0
21998,100060,Rhonda Mapp,1611661314,CHA,Charlotte Sting,1029800103,1998-07-30,CHA vs. CLE,W,28,10,12,0.833,0,0,,0,0,,1,6,7,1,0,0,2,4,20,,27.9,0
21998,100062,Tora Suber,1611661314,CHA,Charlotte Sting,1029800103,1998-07-30,CHA vs. CLE,W,11,1,5,0.2,0,3,0.0,0,0,,0,0,0,1,1,0,1,0,2,,5.5,0
21998,100063,Sharon Manning,1611661314,CHA,Charlotte Sting,1029800103,1998-07-30,CHA vs. CLE,W,13,2,3,0.667,0,0,,0,1,0.0,2,4,6,0,0,0,1,1,4,,10.2,0
21998,100070,Tia Paschal,1611661314,CHA,Charlotte Sting,1029800103,1998-07-30,CHA vs. CLE,W,12,1,2,0.5,0,0,,0,0,,0,1,1,4,2,0,1,1,2,,14.2,0
21998,100178,Sonia Chase,1611661314,CHA,Charlotte Sting,1029800103,1998-07-30,CHA vs. CLE,W,4,0,0,,0,0,,0,0,,0,0,0,1,0,0,0,0,0,,1.5,0
21998,100180,Pollyanna Johns Kimbrough,1611661314,CHA,Charlotte Sting,1029800103,1998-07-30,CHA vs. CLE,W,3,0,2,0.0,0,0,,0,0,,0,0,0,0,0,0,0,1,0,,0.0,0
21998,100181,Christy Smith,1611661314,CHA,Charlotte Sting,1029800103,1998-07-30,CHA vs. CLE,W,27,2,4,0.5,1,3,0.333,2,2,1.0,0,1,1,5,0,0,3,0,7,,12.7,0
21998,100182,Tracy Reid,1611661314,CHA,Charlotte Sting,1029800103,1998-07-30,CHA vs. CLE,W,32,7,10,0.7,0,0,,4,4,1.0,1,3,4,2,1,0,5,2,18,,23.8,0
21998,100049,Raegan Scott,1611661315,CLE,Cleveland Rockers,1029800103,1998-07-30,CLE @ CHA,L,3,0,1,0.0,0,0,,0,0,,0,1,1,0,0,0,0,0,0,,1.2,0
21998,100087,Janice Braxton,1611661315,CLE,Cleveland Rockers,1029800103,1998-07-30,CLE @ CHA,L,30,1,7,0.143,0,0,,1,4,0.25,3,4,7,2,0,0,3,3,3,,11.4,0
21998,100088,Michelle Edwards,1611661315,CLE,Cleveland Rockers,1029800103,1998-07-30,CLE @ CHA,L,33,10,13,0.769,3,4,0.75,1,2,0.5,0,2,2,4,1,0,3,3,24,,32.4,0
21998,100089,Isabelle Fijalkowski,1611661315,CLE,Cleveland Rockers,1029800103,1998-07-30,CLE @ CHA,L,31,2,7,0.286,0,0,,3,3,1.0,3,4,7,5,0,1,5,4,7,,20.9,0
21998,100091,Eva Nemcova,1611661315,CLE,Cleveland Rockers,1029800103,1998-07-30,CLE @ CHA,L,35,6,10,0.6,1,2,0.5,3,4,0.75,0,3,3,1,2,0,3,1,16,,24.1,0
21998,100092,Merlakia Jones,1611661315,CLE,Cleveland Rockers,1029800103,1998-07-30,CLE @ CHA,L,21,0,6,0.0,0,0,,2,2,1.0,2,3,5,0,1,0,0,0,2,,11.0,0
21998,100097,Rushia Brown,1611661315,CLE,Cleveland Rockers,1029800103,1998-07-30,CLE @ CHA,L,10,3,4,0.75,0,0,,0,1,0.0,0,2,2,0,0,0,1,2,6,,7.4,0
21998,100100,Adrienne Johnson,1611661315,CLE,Cleveland Rockers,1029800103,1998-07-30,CLE @ CHA,L,5,1,2,0.5,0,1,0.0,0,0,,0,0,0,1,0,0,2,2,2,,1.5,0
21998,100187,Suzie McConnell Serio,1611661315,CLE,Cleveland Rockers,1029800103,1998-07-30,CLE @ CHA,L,32,2,7,0.286,0,1,0.0,0,0,,0,0,0,4,2,0,2,2,4,,14.0,0
21998,100072,Sheryl Swoopes,1611661316,HOU,Houston Comets,1029800104,1998-07-30,HOU vs. UTA,W,28,6,11,0.545,1,4,0.25,7,7,1.0,4,4,8,2,3,0,0,2,20,,41.6,0
21998,100073,Cynthia Cooper,1611661316,HOU,Houston Comets,1029800104,1998-07-30,HOU vs. UTA,W,32,7,15,0.467,2,4,0.5,6,7,0.857,0,3,3,10,0,0,4,2,22,,36.6,0
21998,100075,Janeth Arcain,1611661316,HOU,Houston Comets,1029800104,1998-07-30,HOU vs. UTA,W,19,4,6,0.667,0,0,,3,4,0.75,2,5,7,0,2,0,2,0,11,,23.4,0
21998,100076,Tina Thompson,1611661316,HOU,Houston Comets,1029800104,1998-07-30,HOU vs. UTA,W,28,6,14,0.429,1,4,0.25,1,1,1.0,1,5,6,1,3,1,3,2,14,,31.7,0
21998,100077,Tammy Jackson,1611661316,HOU,Houston Comets,1029800104,1998-07-30,HOU vs. UTA,W,9,1,3,0.333,0,0,,0,0,,0,2,2,0,1,0,0,0,2,,7.4,0
21998,100083,Kim Perrot,1611661316,HOU,Houston Comets,1029800104,1998-07-30,HOU vs. UTA,W,30,3,6,0.5,1,2,0.5,0,0,,0,1,1,3,3,0,0,1,7,,21.7,0
21998,100085,Yolanda Moore,1611661316,HOU,Houston Comets,1029800104,1998-07-30,HOU vs. UTA,W,16,4,7,0.571,0,0,,0,0,,0,0,0,0,0,0,2,0,8,,6.0,0
21998,100086,Tiffany Woosley,1611661316,HOU,Houston Comets,1029800104,1998-07-30,HOU vs. UTA,W,9,0,1,0.0,0,0,,0,0,,1,0,1,1,1,0,2,0,0,,3.7,0
21998,100207,Monica Lamb,1611661316,HOU,Houston Comets,1029800104,1998-07-30,HOU vs. UTA,W,18,0,2,0.0,0,0,,1,2,0.5,2,1,3,0,1,1,0,2,1,,10.6,0
21998,100208,Nyree Roberts,1611661316,HOU,Houston Comets,1029800104,1998-07-30,HOU vs. UTA,W,6,0,0,,0,0,,2,4,0.5,0,0,0,0,0,0,0,1,2,,2.0,0
21998,100211,Amaya Valdemoro,1611661316,HOU,Houston Comets,1029800104,1998-07-30,HOU vs. UTA,W,5,0,0,,0,0,,1,2,0.5,0,3,3,2,1,0,1,1,1,,9.6,0
21998,100022,Chantel Tremitiere,1611661319,UTA,Utah Starzz,1029800104,1998-07-30,UTA @ HOU,L,32,2,10,0.2,1,4,0.25,0,0,,0,0,0,7,0,0,4,1,5,,11.5,0
21998,100045,Dena Head,1611661319,UTA,Utah Starzz,1029800104,1998-07-30,UTA @ HOU,L,14,3,6,0.5,2,3,0.667,1,2,0.5,2,0,2,1,0,0,0,0,9,,12.9,0
21998,100046,Wendy Palmer,1611661319,UTA,Utah Starzz,1029800104,1998-07-30,UTA @ HOU,L,30,5,5,1.0,0,0,,1,6,0.167,2,4,6,2,1,0,2,4,11,,22.2,0
21998,100047,Tammi Reiss,1611661319,UTA,Utah Starzz,1029800104,1998-07-30,UTA @ HOU,L,16,1,6,0.167,0,2,0.0,0,0,,0,3,3,1,3,0,2,2,2,,14.1,0
21998,100050,Kim Williams,1611661319,UTA,Utah Starzz,1029800104,1998-07-30,UTA @ HOU,L,22,4,7,0.571,2,3,0.667,0,0,,0,2,2,3,1,0,5,5,10,,14.9,0
21998,100168,Erin Alexander,1611661319,UTA,Utah Starzz,1029800104,1998-07-30,UTA @ HOU,L,3,0,2,0.0,0,2,0.0,0,0,,0,0,0,0,0,0,1,1,0,,-1.0,0
21998,100237,Tricia Bader Binford,1611661319,UTA,Utah Starzz,1029800104,1998-07-30,UTA @ HOU,L,7,0,1,0.0,0,0,,0,0,,0,0,0,1,1,0,3,1,0,,1.5,0
21998,100239,Margo Dydek,1611661319,UTA,Utah Starzz,1029800104,1998-07-30,UTA @ HOU,L,31,7,13,0.538,0,1,0.0,3,3,1.0,1,10,11,2,1,5,2,4,17,,49.2,0
21998,100242,LaTonya Johnson,1611661319,UTA,Utah Starzz,1029800104,1998-07-30,UTA @ HOU,L,25,3,6,0.5,2,2,1.0,0,0,,0,2,2,0,0,0,0,1,8,,10.4,0
21998,100243,Olympia Scott,1611661319,UTA,Utah Starzz,1029800104,1998-07-30,UTA @ HOU,L,20,1,3,0.333,0,0,,1,2,0.5,2,2,4,1,1,1,3,2,3,,12.3,0
21998,100011,Linda Burgess,1611661318,SAC,Sacramento Monarchs,1029800105,1998-07-31,SAC @ DET,L,16,2,7,0.286,0,0,,0,0,,3,2,5,2,2,0,1,4,4,,18.0,0
21998,100027,Latasha Byears,1611661318,SAC,Sacramento Monarchs,1029800105,1998-07-31,SAC @ DET,L,34,7,20,0.35,0,1,0.0,5,6,0.833,3,5,8,3,1,0,2,2,19,,34.1,0
21998,100044,Lady Grooms,1611661318,SAC,Sacramento Monarchs,1029800105,1998-07-31,SAC @ DET,L,25,0,0,,0,0,,1,4,0.25,1,0,1,5,1,0,0,0,1,,12.7,0
21998,100223,Pauline Jordan,1611661318,SAC,Sacramento Monarchs,1029800105,1998-07-31,SAC @ DET,L,25,3,7,0.429,0,0,,0,4,0.0,2,3,5,1,2,1,4,5,6,,18.5,0
21998,100231,Adia Barnes,1611661318,SAC,Sacramento Monarchs,1029800105,1998-07-31,SAC @ DET,L,7,2,5,0.4,1,1,1.0,0,0,,0,1,1,0,0,0,0,2,5,,6.2,0
21998,100234,Ticha Penicheiro,1611661318,SAC,Sacramento Monarchs,1029800105,1998-07-31,SAC @ DET,L,40,1,4,0.25,1,2,0.5,4,4,1.0,0,2,2,9,1,0,2,1,7,,23.9,0
21998,100235,Franthea Price,1611661318,SAC,Sacramento Monarchs,1029800105,1998-07-31,SAC @ DET,L,15,3,4,0.75,3,4,0.75,0,0,,0,4,4,1,0,0,0,0,9,,15.3,0
21998,100236,Tangela Smith,1611661318,SAC,Sacramento Monarchs,1029800105,1998-07-31,SAC @ DET,L,38,11,23,0.478,0,0,,4,5,0.8,3,4,7,3,0,0,0,5,26,,38.9,0
21998,100090,Lynette Woodard,1611661321,DET,Detroit Shock,1029800105,1998-07-31,DET vs. SAC,W,10,1,2,0.5,0,0,,3,4,0.75,1,1,2,1,1,0,0,1,5,,11.9,0
21998,100247,Sandy Brondello,1611661321,DET,Detroit Shock,1029800105,1998-07-31,DET vs. SAC,W,40,8,14,0.571,1,3,0.333,3,4,0.75,0,3,3,1,1,0,2,4,20,,26.1,0
21998,100248,Cindy Brown,1611661321,DET,Detroit Shock,1029800105,1998-07-31,DET vs. SAC,W,35,5,9,0.556,0,1,0.0,3,6,0.5,1,9,10,1,1,3,2,3,13,,36.5,0
21998,100250,Korie Hlede,1611661321,DET,Detroit Shock,1029800105,1998-07-31,DET vs. SAC,W,40,4,10,0.4,2,3,0.667,4,4,1.0,0,8,8,7,1,0,2,2,14,,35.1,0
21998,100253,Razija Brcaninovic,1611661321,DET,Detroit Shock,1029800105,1998-07-31,DET vs. SAC,W,39,7,9,0.778,0,0,,3,5,0.6,2,5,7,2,0,3,4,3,17,,33.4,0
21998,100255,Rachael Sporn,1611661321,DET,Detroit Shock,1029800105,1998-07-31,DET vs. SAC,W,6,0,1,0.0,0,0,,0,0,,0,0,0,1,0,0,2,0,0,,-0.5,0
21998,100269,Carla Boyd,1611661321,DET,Detroit Shock,1029800105,1998-07-31,DET vs. SAC,W,30,4,11,0.364,1,3,0.333,0,0,,1,0,1,9,1,1,0,4,9,,29.7,0
21998,100029,Michele Timms,1611661317,PHO,Phoenix Mercury,1029800106,1998-07-31,PHO @ LAS,L,33,2,10,0.2,2,7,0.286,0,0,,1,4,5,2,1,0,1,3,6,,17.0,0
21998,100030,Jennifer Gillom,1611661317,PHO,Phoenix Mercury,1029800106,1998-07-31,PHO @ LAS,L,33,8,19,0.421,2,4,0.5,5,8,0.625,5,5,10,1,2,1,1,4,23,,44.5,0
21998,100031,Bridget Pettis,1611661317,PHO,Phoenix Mercury,1029800106,1998-07-31,PHO @ LAS,L,17,0,5,0.0,0,2,0.0,0,0,,1,0,1,4,0,0,2,3,0,,5.2,0
21998,100033,Toni Foster,1611661317,PHO,Phoenix Mercury,1029800106,1998-07-31,PHO @ LAS,L,9,1,4,0.25,0,0,,0,0,,0,0,0,0,0,0,2,3,2,,0.0,0
21998,100035,Umeki Webb,1611661317,PHO,Phoenix Mercury,1029800106,1998-07-31,PHO @ LAS,L,16,0,4,0.0,0,0,,2,4,0.5,2,3,5,1,0,0,2,1,2,,7.5,0
21998,100037,Marlies Askamp,1611661317,PHO,Phoenix Mercury,1029800106,1998-07-31,PHO @ LAS,L,7,2,3,0.667,0,0,,0,0,,0,2,2,0,0,0,0,0,4,,6.4,0
21998,100221,Michelle Brogan,1611661317,PHO,Phoenix Mercury,1029800106,1998-07-31,PHO @ LAS,L,28,2,10,0.2,0,1,0.0,4,4,1.0,2,4,6,2,0,0,1,4,8,,17.2,0
21998,100222,Kristi Harrower,1611661317,PHO,Phoenix Mercury,1029800106,1998-07-31,PHO @ LAS,L,19,1,2,0.5,1,1,1.0,0,0,,0,0,0,0,2,0,1,0,3,,8.0,0
21998,100224,Andrea Kuklova,1611661317,PHO,Phoenix Mercury,1029800106,1998-07-31,PHO @ LAS,L,19,0,6,0.0,0,1,0.0,0,2,0.0,2,2,4,1,1,0,1,1,0,,8.3,0
21998,100225,Brandy Reed,1611661317,PHO,Phoenix Mercury,1029800106,1998-07-31,PHO @ LAS,L,16,4,6,0.667,0,0,,0,1,0.0,5,2,7,1,0,0,1,1,8,,16.9,0
21998,100227,Maria Stepanova,1611661317,PHO,Phoenix Mercury,1029800106,1998-07-31,PHO @ LAS,L,3,0,2,0.0,0,0,,0,0,,0,0,0,0,0,1,0,1,0,,3.0,0
21998,100003,Lisa Leslie,1611661320,LAS,Los Angeles Sparks,1029800106,1998-07-31,LAS vs. PHO,W,29,5,13,0.385,0,0,,5,5,1.0,1,7,8,0,0,4,2,5,15,,34.6,0
21998,100004,Penny Toler,1611661320,LAS,Los Angeles Sparks,1029800106,1998-07-31,LAS vs. PHO,W,30,4,11,0.364,1,1,1.0,0,0,,0,6,6,8,2,0,2,1,9,,32.2,0
21998,100007,Jamila Wideman,1611661320,LAS,Los Angeles Sparks,1029800106,1998-07-31,LAS vs. PHO,W,13,0,1,0.0,0,0,,0,0,,0,1,1,1,0,0,1,0,0,,1.7,0
21998,100008,Tamecka Dixon,1611661320,LAS,Los Angeles Sparks,1029800106,1998-07-31,LAS vs. PHO,W,34,4,11,0.364,0,2,0.0,5,8,0.625,1,3,4,4,0,1,4,0,13,,22.8,0
21998,100009,Katrina Colleton,1611661320,LAS,Los Angeles Sparks,1029800106,1998-07-31,LAS vs. PHO,W,1,0,0,,0,0,,0,0,,0,0,0,0,0,0,1,0,0,,-1.0,0
21998,100012,Mwadi Mabika,1611661320,LAS,Los Angeles Sparks,1029800106,1998-07-31,LAS vs. PHO,W,36,4,7,0.571,4,5,0.8,3,4,0.75,2,6,8,3,2,1,1,4,15,,37.1,0
21998,100020,Pam McGee,1611661320,LAS,Los Angeles Sparks,1029800106,1998-07-31,LAS vs. PHO,W,24,5,9,0.556,0,0,,1,2,0.5,2,3,5,0,4,2,1,4,11,,34.0,0
21998,100169,Octavia Blue,1611661320,LAS,Los Angeles Sparks,1029800106,1998-07-31,LAS vs. PHO,W,6,0,1,0.0,0,1,0.0,0,0,,1,1,2,1,1,0,0,1,0,,6.9,0
21998,100174,Eugenia Rycraw,1611661320,LAS,Los Angeles Sparks,1029800106,1998-07-31,LAS vs. PHO,W,4,0,1,0.0,0,0,,2,2,1.0,1,3,4,0,0,0,0,0,2,,6.8,0
21998,100176,Sandra VanEmbricqs,1611661320,LAS,Los Angeles Sparks,1029800106,1998-07-31,LAS vs. PHO,W,23,3,6,0.5,0,0,,0,0,,1,2,3,1,0,1,1,3,6,,13.1,0
21998,100002,Rebecca Lobo,1611661313,NYL,New York Liberty,1029800107,1998-08-01,NYL @ WAS,W,21,6,9,0.667,0,0,,1,2,0.5,3,3,6,2,1,0,1,3,13,,25.2,0
21998,100101,Teresa Weatherspoon,1611661313,NYL,New York Liberty,1029800107,1998-08-01,NYL @ WAS,W,37,5,8,0.625,1,1,1.0,1,4,0.25,1,4,5,6,4,0,5,3,12,,34.0,0
21998,100102,Kym Hampton,1611661313,NYL,New York Liberty,1029800107,1998-08-01,NYL @ WAS,W,32,2,7,0.286,0,0,,1,4,0.25,2,6,8,1,0,0,1,4,5,,15.1,0
21998,100103,Vickie Johnson,1611661313,NYL,New York Liberty,1029800107,1998-08-01,NYL @ WAS,W,32,4,9,0.444,0,0,,4,4,1.0,0,2,2,2,1,1,1,0,12,,22.4,0
21998,100104,Sue Wicks,1611661313,NYL,New York Liberty,1029800107,1998-08-01,NYL @ WAS,W,19,3,7,0.429,0,0,,6,8,0.75,3,1,4,2,1,0,2,2,12,,20.8,0
21998,100105,Sophia Witherspoon,1611661313,NYL,New York Liberty,1029800107,1998-08-01,NYL @ WAS,W,30,1,8,0.125,0,2,0.0,4,4,1.0,1,4,5,3,1,0,3,2,6,,16.5,0
21998,100107,Kisha Ford,1611661313,NYL,New York Liberty,1029800107,1998-08-01,NYL @ WAS,W,16,3,3,1.0,0,0,,1,2,0.5,0,1,1,1,2,0,0,0,7,,15.7,0
21998,100213,Elisabeth Cebrian,1611661313,NYL,New York Liberty,1029800107,1998-08-01,NYL @ WAS,W,8,0,1,0.0,0,0,,0,0,,0,1,1,0,0,0,1,1,0,,0.2,0
21998,100217,Coquese Washington,1611661313,NYL,New York Liberty,1029800107,1998-08-01,NYL @ WAS,W,5,0,1,0.0,0,1,0.0,0,0,,0,0,0,0,0,0,0,1,0,,0.0,0
21998,100052,Deborah Carter,1611661322,WAS,Washington Mystics,1029800107,1998-08-01,WAS vs. NYL,L,8,1,1,1.0,0,0,,1,1,1.0,0,1,1,0,0,0,0,0,3,,4.2,0
21998,100156,Heidi Burge,1611661322,WAS,Washington Mystics,1029800107,1998-08-01,WAS vs. NYL,L,32,1,2,0.5,0,0,,1,1,1.0,0,3,3,3,2,1,5,4,3,,15.1,0
21998,100193,La'Shawn Brown,1611661322,WAS,Washington Mystics,1029800107,1998-08-01,WAS vs. NYL,L,18,1,3,0.333,0,0,,0,0,,1,3,4,0,1,1,4,2,2,,8.8,0
21998,100194,Keri Chaconas,1611661322,WAS,Washington Mystics,1029800107,1998-08-01,WAS vs. NYL,L,16,3,9,0.333,3,8,0.375,2,2,1.0,1,0,1,0,0,0,2,2,11,,10.2,0
21998,100197,Angela Jackson,1611661322,WAS,Washington Mystics,1029800107,1998-08-01,WAS vs. NYL,L,2,0,0,,0,0,,0,0,,0,0,0,0,0,0,0,3,0,,0.0,0
21998,100198,Nikki McCray,1611661322,WAS,Washington Mystics,1029800107,1998-08-01,WAS vs. NYL,L,26,3,13,0.231,0,2,0.0,3,6,0.5,5,2,7,0,1,0,4,0,9,,16.4,0
21998,100199,Murriel Page,1611661322,WAS,Washington Mystics,1029800107,1998-08-01,WAS vs. NYL,L,26,1,4,0.25,0,0,,0,2,0.0,2,5,7,2,0,0,2,4,2,,11.4,0
21998,100202,Adrienne Shuler,1611661322,WAS,Washington Mystics,1029800107,1998-08-01,WAS vs. NYL,L,24,3,5,0.6,3,4,0.75,0,0,,2,2,4,2,0,0,3,3,9,,13.8,0
21998,100204,Rita Williams,1611661322,WAS,Washington Mystics,1029800107,1998-08-01,WAS vs. NYL,L,16,1,6,0.167,1,2,0.5,0,0,,2,2,4,1,0,0,0,0,3,,9.3,0
21998,100283,Leila de Souza Sobral,1611661322,WAS,Washington Mystics,1029800107,1998-08-01,WAS vs. NYL,L,2,0,0,,0,0,,1,2,0.5,0,0,0,0,0,0,0,0,1,,1.0,0
21998,100374,Penny Moore,1611661322,WAS,Washington Mystics,1029800107,1998-08-01,WAS vs. NYL,L,30,4,12,0.333,2,4,0.5,0,0,,1,1,2,0,3,1,2,4,10,,22.4,0
21998,100087,Janice Braxton,1611661315,CLE,Cleveland Rockers,1029800108,1998-08-01,CLE @ HOU,W,33,4,9,0.444,0,1,0.0,3,4,0.75,1,7,8,3,2,0,2,3,11,,29.1,0
21998,100088,Michelle Edwards,1611661315,CLE,Cleveland Rockers,1029800108,1998-08-01,CLE @ HOU,W,30,2,7,0.286,0,3,0.0,2,2,1.0,1,2,3,7,3,0,3,5,6,,26.1,0
21998,100089,Isabelle Fijalkowski,1611661315,CLE,Cleveland Rockers,1029800108,1998-08-01,CLE @ HOU,W,43,8,10,0.8,0,0,,3,4,0.75,4,5,9,1,1,2,4,3,19,,36.3,0
21998,100091,Eva Nemcova,1611661315,CLE,Cleveland Rockers,1029800108,1998-08-01,CLE @ HOU,W,41,5,11,0.455,0,2,0.0,0,0,,1,2,3,2,2,0,2,2,10,,20.6,0
21998,100092,Merlakia Jones,1611661315,CLE,Cleveland Rockers,1029800108,1998-08-01,CLE @ HOU,W,25,3,12,0.25,1,2,0.5,3,4,0.75,5,5,10,1,2,0,2,3,10,,27.5,0
21998,100097,Rushia Brown,1611661315,CLE,Cleveland Rockers,1029800108,1998-08-01,CLE @ HOU,W,15,1,4,0.25,0,0,,1,2,0.5,1,1,2,0,2,0,1,0,3,,10.4,0
21998,100100,Adrienne Johnson,1611661315,CLE,Cleveland Rockers,1029800108,1998-08-01,CLE @ HOU,W,6,1,1,1.0,0,0,,0,0,,0,0,0,0,0,0,1,3,2,,1.0,0
21998,100187,Suzie McConnell Serio,1611661315,CLE,Cleveland Rockers,1029800108,1998-08-01,CLE @ HOU,W,32,3,4,0.75,1,2,0.5,6,6,1.0,0,2,2,6,3,0,8,1,13,,25.4,0
21998,100072,Sheryl Swoopes,1611661316,HOU,Houston Comets,1029800108,1998-08-01,HOU vs. CLE,L,42,6,19,0.316,2,5,0.4,4,5,0.8,1,6,7,3,6,1,2,1,18,,49.9,0
21998,100073,Cynthia Cooper,1611661316,HOU,Houston Comets,1029800108,1998-08-01,HOU vs. CLE,L,45,5,14,0.357,1,4,0.25,5,6,0.833,1,3,4,8,3,2,7,3,16,,40.8,0
21998,100075,Janeth Arcain,1611661316,HOU,Houston Comets,1029800108,1998-08-01,HOU vs. CLE,L,18,3,4,0.75,0,0,,0,0,,0,1,1,0,0,0,0,2,6,,7.2,0
21998,100076,Tina Thompson,1611661316,HOU,Houston Comets,1029800108,1998-08-01,HOU vs. CLE,L,42,5,12,0.417,1,5,0.2,0,0,,0,2,2,1,1,1,2,2,11,,18.9,0
21998,100077,Tammy Jackson,1611661316,HOU,Houston Comets,1029800108,1998-08-01,HOU vs. CLE,L,5,0,0,,0,0,,0,0,,0,0,0,1,1,0,1,1,0,,3.5,0
21998,100083,Kim Perrot,1611661316,HOU,Houston Comets,1029800108,1998-08-01,HOU vs. CLE,L,36,1,3,0.333,0,2,0.0,6,6,1.0,1,1,2,3,4,0,5,5,8,,21.9,0
21998,100085,Yolanda Moore,1611661316,HOU,Houston Comets,1029800108,1998-08-01,HOU vs. CLE,L,5,0,1,0.0,0,0,,0,0,,0,1,1,0,1,0,2,1,0,,2.2,0
21998,100207,Monica Lamb,1611661316,HOU,Houston Comets,1029800108,1998-08-01,HOU vs. CLE,L,32,5,8,0.625,0,0,,2,3,0.667,4,4,8,0,0,0,0,3,12,,21.6,0
21998,100022,Chantel Tremitiere,1611661319,UTA,Utah Starzz,1029800109,1998-08-01,UTA vs. LAS,L,28,2,5,0.4,1,3,0.333,1,1,1.0,1,1,2,3,0,0,4,2,6,,8.9,0
21998,100045,Dena Head,1611661319,UTA,Utah Starzz,1029800109,1998-08-01,UTA vs. LAS,L,3,0,1,0.0,0,0,,0,0,,0,0,0,0,0,0,0,0,0,,0.0,0
21998,100046,Wendy Palmer,1611661319,UTA,Utah Starzz,1029800109,1998-08-01,UTA vs. LAS,L,39,5,17,0.294,0,0,,5,10,0.5,6,6,12,0,0,0,1,3,15,,28.4,0
21998,100047,Tammi Reiss,1611661319,UTA,Utah Starzz,1029800109,1998-08-01,UTA vs. LAS,L,22,2,5,0.4,0,1,0.0,0,1,0.0,2,1,3,1,0,0,1,2,4,,8.1,0
21998,100050,Kim Williams,1611661319,UTA,Utah Starzz,1029800109,1998-08-01,UTA vs. LAS,L,26,6,9,0.667,2,3,0.667,0,0,,1,0,1,3,2,1,8,2,14,,20.7,0
21998,100168,Erin Alexander,1611661319,UTA,Utah Starzz,1029800109,1998-08-01,UTA vs. LAS,L,1,0,0,,0,0,,0,0,,0,0,0,0,0,0,0,0,0,,0.0,0
21998,100237,Tricia Bader Binford,1611661319,UTA,Utah Starzz,1029800109,1998-08-01,UTA vs. LAS,L,1,0,0,,0,0,,0,0,,0,0,0,0,0,0,0,0,0,,0.0,0
21998,100239,Margo Dydek,1611661319,UTA,Utah Starzz,1029800109,1998-08-01,UTA vs. LAS,L,20,4,6,0.667,0,0,,3,6,0.5,2,4,6,3,1,3,3,5,11,,31.7,0
21998,100242,LaTonya Johnson,1611661319,UTA,Utah Starzz,1029800109,1998-08-01,UTA vs. LAS,L,31,3,10,0.3,1,5,0.2,3,5,0.6,0,3,3,1,1,1,3,1,10,,18.1,0
21998,100243,Olympia Scott,1611661319,UTA,Utah Starzz,1029800109,1998-08-01,UTA vs. LAS,L,29,1,8,0.125,0,1,0.0,3,6,0.5,5,4,9,2,0,3,2,1,5,,25.8,0
21998,100003,Lisa Leslie,1611661320,LAS,Los Angeles Sparks,1029800109,1998-08-01,LAS @ UTA,W,33,9,13,0.692,0,0,,6,7,0.857,1,8,9,3,6,4,3,5,24,,66.3,0
21998,100004,Penny Toler,1611661320,LAS,Los Angeles Sparks,1029800109,1998-08-01,LAS @ UTA,W,35,5,10,0.5,0,0,,0,0,,1,3,4,5,1,0,3,2,10,,22.3,0
21998,100007,Jamila Wideman,1611661320,LAS,Los Angeles Sparks,1029800109,1998-08-01,LAS @ UTA,W,10,1,1,1.0,0,0,,2,2,1.0,0,0,0,0,1,0,0,0,4,,7.0,0
21998,100008,Tamecka Dixon,1611661320,LAS,Los Angeles Sparks,1029800109,1998-08-01,LAS @ UTA,W,32,7,21,0.333,1,6,0.167,0,0,,1,2,3,2,3,0,1,2,15,,29.6,0
21998,100009,Katrina Colleton,1611661320,LAS,Los Angeles Sparks,1029800109,1998-08-01,LAS @ UTA,W,11,0,4,0.0,0,0,,0,0,,1,0,1,0,0,0,1,3,0,,0.2,0
21998,100012,Mwadi Mabika,1611661320,LAS,Los Angeles Sparks,1029800109,1998-08-01,LAS @ UTA,W,32,3,12,0.25,0,1,0.0,1,2,0.5,1,4,5,1,3,1,1,4,7,,25.5,0
21998,100020,Pam McGee,1611661320,LAS,Los Angeles Sparks,1029800109,1998-08-01,LAS @ UTA,W,13,2,3,0.667,0,0,,1,2,0.5,0,1,1,1,0,0,1,4,5,,6.7,0
21998,100169,Octavia Blue,1611661320,LAS,Los Angeles Sparks,1029800109,1998-08-01,LAS @ UTA,W,1,0,0,,0,0,,0,0,,0,0,0,0,0,0,0,0,0,,0.0,0
21998,100174,Eugenia Rycraw,1611661320,LAS,Los Angeles Sparks,1029800109,1998-08-01,LAS @ UTA,W,7,0,1,0.0,0,0,,0,0,,1,1,2,1,0,2,1,1,0,,8.9,0
21998,100176,Sandra VanEmbricqs,1611661320,LAS,Los Angeles Sparks,1029800109,1998-08-01,LAS @ UTA,W,26,4,6,0.667,0,0,,0,0,,3,2,5,3,1,0,0,2,8,,21.5,0
21998,100002,Rebecca Lobo,1611661313,NYL,New York Liberty,1029800110,1998-08-02,NYL vs. CHA,W,29,6,10,0.6,1,1,1.0,3,4,0.75,1,5,6,1,2,0,1,3,16,,29.7,0
21998,100101,Teresa Weatherspoon,1611661313,NYL,New York Liberty,1029800110,1998-08-02,NYL vs. CHA,W,19,3,6,0.5,0,0,,2,3,0.667,2,1,3,5,3,0,1,1,8,,27.1,0
21998,100102,Kym Hampton,1611661313,NYL,New York Liberty,1029800110,1998-08-02,NYL vs. CHA,W,22,2,7,0.286,0,0,,2,2,1.0,2,2,4,1,0,0,0,3,6,,12.3,0
21998,100103,Vickie Johnson,1611661313,NYL,New York Liberty,1029800110,1998-08-02,NYL vs. CHA,W,29,7,16,0.438,3,4,0.75,1,2,0.5,1,3,4,4,2,1,1,1,18,,36.8,0
21998,100104,Sue Wicks,1611661313,NYL,New York Liberty,1029800110,1998-08-02,NYL vs. CHA,W,14,2,3,0.667,0,0,,0,0,,2,4,6,1,0,0,2,2,4,,10.7,0
21998,100105,Sophia Witherspoon,1611661313,NYL,New York Liberty,1029800110,1998-08-02,NYL vs. CHA,W,24,5,11,0.455,3,4,0.75,5,5,1.0,1,1,2,2,1,0,3,1,18,,23.4,0
21998,100106,Trena Trice-Hill,1611661313,NYL,New York Liberty,1029800110,1998-08-02,NYL vs. CHA,W,3,0,0,,0,0,,1,2,0.5,1,0,1,0,0,0,0,0,1,,2.2,0
21998,100107,Kisha Ford,1611661313,NYL,New York Liberty,1029800110,1998-08-02,NYL vs. CHA,W,20,1,6,0.167,0,0,,0,0,,1,1,2,1,2,0,0,2,2,,11.9,0
21998,100213,Elisabeth Cebrian,1611661313,NYL,New York Liberty,1029800110,1998-08-02,NYL vs. CHA,W,12,2,4,0.5,0,0,,0,0,,2,1,3,0,0,2,0,2,4,,13.6,0
21998,100216,Alicia Thompson,1611661313,NYL,New York Liberty,1029800110,1998-08-02,NYL vs. CHA,W,7,0,2,0.0,0,0,,1,2,0.5,1,0,1,0,0,1,1,1,1,,4.2,0
21998,100217,Coquese Washington,1611661313,NYL,New York Liberty,1029800110,1998-08-02,NYL vs. CHA,W,21,3,7,0.429,1,2,0.5,0,0,,0,3,3,3,1,0,4,4,7,,14.1,0
21998,100058,Vicky Bullett,1611661314,CHA,Charlotte Sting,1029800110,1998-08-02,CHA @ NYL,L,34,4,16,0.25,0,0,,4,4,1.0,6,4,10,1,0,1,0,2,12,,28.5,0
21998,100059,Andrea Stinson,1611661314,CHA,Charlotte Sting,1029800110,1998-08-02,CHA @ NYL,L,32,3,11,0.273,0,3,0.0,3,4,0.75,0,4,4,3,3,2,4,3,9,,29.3,0
21998,100060,Rhonda Mapp,1611661314,CHA,Charlotte Sting,1029800110,1998-08-02,CHA @ NYL,L,30,6,10,0.6,0,1,0.0,4,4,1.0,5,2,7,1,0,0,2,3,16,,23.9,0
21998,100062,Tora Suber,1611661314,CHA,Charlotte Sting,1029800110,1998-08-02,CHA @ NYL,L,17,2,5,0.4,1,2,0.5,2,2,1.0,0,3,3,1,1,0,2,2,7,,13.1,0
21998,100063,Sharon Manning,1611661314,CHA,Charlotte Sting,1029800110,1998-08-02,CHA @ NYL,L,9,1,3,0.333,0,0,,2,2,1.0,0,3,3,1,0,0,1,2,4,,8.1,0
21998,100065,Andrea Congreaves,1611661314,CHA,Charlotte Sting,1029800110,1998-08-02,CHA @ NYL,L,10,0,1,0.0,0,1,0.0,0,0,,0,1,1,1,0,1,0,1,0,,5.7,0
21998,100070,Tia Paschal,1611661314,CHA,Charlotte Sting,1029800110,1998-08-02,CHA @ NYL,L,8,1,3,0.333,0,0,,3,4,0.75,0,1,1,0,1,0,0,0,5,,9.2,0
21998,100178,Sonia Chase,1611661314,CHA,Charlotte Sting,1029800110,1998-08-02,CHA @ NYL,L,2,0,1,0.0,0,0,,0,0,,0,1,1,1,0,0,0,0,0,,2.7,0
21998,100180,Pollyanna Johns Kimbrough,1611661314,CHA,Charlotte Sting,1029800110,1998-08-02,CHA @ NYL,L,7,1,3,0.333,0,0,,0,0,,0,1,1,1,1,0,0,1,2,,7.7,0
21998,100181,Christy Smith,1611661314,CHA,Charlotte Sting,1029800110,1998-08-02,CHA @ NYL,L,21,1,3,0.333,0,1,0.0,2,2,1.0,0,2,2,2,3,0,2,2,4,,16.4,0
21998,100182,Tracy Reid,1611661314,CHA,Charlotte Sting,1029800110,1998-08-02,CHA @ NYL,L,30,3,14,0.214,0,0,,2,2,1.0,5,1,6,2,1,0,7,3,8,,14.2,0
21998,100072,Sheryl Swoopes,1611661316,HOU,Houston Comets,1029800111,1998-08-02,HOU vs. SAC,W,38,7,17,0.412,2,5,0.4,4,4,1.0,0,6,6,3,2,0,4,2,20,,33.7,0
21998,100073,Cynthia Cooper,1611661316,HOU,Houston Comets,1029800111,1998-08-02,HOU vs. SAC,W,38,5,19,0.263,1,6,0.167,3,3,1.0,3,4,7,3,1,0,5,2,14,,24.9,0
21998,100075,Janeth Arcain,1611661316,HOU,Houston Comets,1029800111,1998-08-02,HOU vs. SAC,W,31,2,7,0.286,0,2,0.0,0,0,,3,2,5,0,1,0,2,0,4,,11.0,0
21998,100077,Tammy Jackson,1611661316,HOU,Houston Comets,1029800111,1998-08-02,HOU vs. SAC,W,2,1,1,1.0,0,0,,0,0,,0,0,0,0,0,0,0,0,2,,2.0,0
21998,100083,Kim Perrot,1611661316,HOU,Houston Comets,1029800111,1998-08-02,HOU vs. SAC,W,34,1,9,0.111,0,4,0.0,9,10,0.9,0,3,3,2,3,0,2,2,11,,24.6,0
21998,100085,Yolanda Moore,1611661316,HOU,Houston Comets,1029800111,1998-08-02,HOU vs. SAC,W,21,0,2,0.0,0,0,,3,4,0.75,4,2,6,2,0,0,1,3,3,,12.2,0
21998,100086,Tiffany Woosley,1611661316,HOU,Houston Comets,1029800111,1998-08-02,HOU vs. SAC,W,1,0,0,,0,0,,0,0,,0,0,0,0,0,0,0,1,0,,0.0,0
21998,100207,Monica Lamb,1611661316,HOU,Houston Comets,1029800111,1998-08-02,HOU vs. SAC,W,31,7,9,0.778,0,0,,2,2,1.0,7,1,8,1,2,1,1,4,16,,35.1,0
21998,100208,Nyree Roberts,1611661316,HOU,Houston Comets,1029800111,1998-08-02,HOU vs. SAC,W,2,0,0,,0,0,,0,0,,0,1,1,0,0,0,0,0,0,,1.2,0
21998,100211,Amaya Valdemoro,1611661316,HOU,Houston Comets,1029800111,1998-08-02,HOU vs. SAC,W,2,0,1,0.0,0,0,,0,0,,0,0,0,0,0,0,0,0,0,,0.0,0
21998,100011,Linda Burgess,1611661318,SAC,Sacramento Monarchs,1029800111,1998-08-02,SAC @ HOU,L,12,2,4,0.5,0,0,,2,2,1.0,0,1,1,1,1,0,3,3,6,,8.7,0
21998,100027,Latasha Byears,1611661318,SAC,Sacramento Monarchs,1029800111,1998-08-02,SAC @ HOU,L,24,7,12,0.583,0,0,,1,4,0.25,2,4,6,0,2,0,8,6,15,,20.2,0
21998,100044,Lady Grooms,1611661318,SAC,Sacramento Monarchs,1029800111,1998-08-02,SAC @ HOU,L,34,3,3,1.0,0,0,,3,8,0.375,3,2,5,2,1,0,1,2,9,,20.0,0
21998,100214,Nadine Domond,1611661318,SAC,Sacramento Monarchs,1029800111,1998-08-02,SAC @ HOU,L,16,2,8,0.25,1,5,0.2,2,2,1.0,0,2,2,3,1,0,1,2,7,,15.9,0
21998,100223,Pauline Jordan,1611661318,SAC,Sacramento Monarchs,1029800111,1998-08-02,SAC @ HOU,L,10,0,2,0.0,0,0,,0,0,,0,0,0,1,0,0,0,1,0,,1.5,0
21998,100230,Quacy Barnes,1611661318,SAC,Sacramento Monarchs,1029800111,1998-08-02,SAC @ HOU,L,10,1,4,0.25,0,0,,0,0,,1,0,1,0,0,1,0,0,2,,6.2,0
21998,100231,Adia Barnes,1611661318,SAC,Sacramento Monarchs,1029800111,1998-08-02,SAC @ HOU,L,12,1,4,0.25,0,1,0.0,0,0,,1,2,3,0,0,1,1,1,2,,7.6,0
21998,100234,Ticha Penicheiro,1611661318,SAC,Sacramento Monarchs,1029800111,1998-08-02,SAC @ HOU,L,38,0,4,0.0,0,1,0.0,0,0,,2,2,4,3,0,1,5,3,0,,7.3,0
21998,100235,Franthea Price,1611661318,SAC,Sacramento Monarchs,1029800111,1998-08-02,SAC @ HOU,L,6,0,0,,0,0,,0,0,,0,0,0,2,2,0,0,0,0,,9.0,0
21998,100236,Tangela Smith,1611661318,SAC,Sacramento Monarchs,1029800111,1998-08-02,SAC @ HOU,L,38,5,15,0.333,0,1,0.0,2,2,1.0,2,4,6,1,1,1,1,4,12,,25.7,0
21998,100058,Vicky Bullett,1611661314,CHA,Charlotte Sting,1029800112,1998-08-03,CHA vs. DET,W,35,8,14,0.571,0,0,,3,4,0.75,8,5,13,3,2,3,4,3,19,7,50.1,0
21998,100059,Andrea Stinson,1611661314,CHA,Charlotte Sting,1029800112,1998-08-03,CHA vs. DET,W,34,7,15,0.467,1,4,0.25,3,6,0.5,1,1,2,4,1,1,2,3,18,8,30.4,0
21998,100060,Rhonda Mapp,1611661314,CHA,Charlotte Sting,1029800112,1998-08-03,CHA vs. DET,W,19,1,4,0.25,0,0,,2,4,0.5,2,2,4,1,0,0,3,2,4,8,7.3,0
21998,100062,Tora Suber,1611661314,CHA,Charlotte Sting,1029800112,1998-08-03,CHA vs. DET,W,19,1,7,0.143,1,4,0.25,1,2,0.5,0,0,0,3,1,0,1,1,4,16,10.5,0
21998,100063,Sharon Manning,1611661314,CHA,Charlotte Sting,1029800112,1998-08-03,CHA vs. DET,W,21,1,2,0.5,0,0,,3,4,0.75,1,3,4,1,2,0,2,3,5,4,15.3,0
21998,100070,Tia Paschal,1611661314,CHA,Charlotte Sting,1029800112,1998-08-03,CHA vs. DET,W,12,2,7,0.286,0,1,0.0,0,0,,0,4,4,1,1,0,0,1,4,3,13.3,0
21998,100180,Pollyanna Johns Kimbrough,1611661314,CHA,Charlotte Sting,1029800112,1998-08-03,CHA vs. DET,W,5,1,1,1.0,0,0,,1,1,1.0,0,0,0,0,0,0,1,0,3,5,2.0,0
21998,100181,Christy Smith,1611661314,CHA,Charlotte Sting,1029800112,1998-08-03,CHA vs. DET,W,21,1,2,0.5,1,2,0.5,0,0,,0,1,1,4,0,0,1,1,3,-4,9.2,0
21998,100182,Tracy Reid,1611661314,CHA,Charlotte Sting,1029800112,1998-08-03,CHA vs. DET,W,34,5,13,0.385,0,0,,1,2,0.5,2,6,8,3,2,1,1,2,11,13,33.1,0
21998,100108,Rhonda Blades,1611661321,DET,Detroit Shock,1029800112,1998-08-03,DET @ CHA,L,8,0,0,,0,0,,1,2,0.5,0,0,0,0,2,0,0,3,1,-2,7.0,0
21998,100246,Gergana Branzova,1611661321,DET,Detroit Shock,1029800112,1998-08-03,DET @ CHA,L,4,0,0,,0,0,,0,0,,0,0,0,0,0,0,1,1,0,-4,-1.0,0
21998,100247,Sandy Brondello,1611661321,DET,Detroit Shock,1029800112,1998-08-03,DET @ CHA,L,37,9,15,0.6,1,1,1.0,2,2,1.0,3,1,4,2,1,0,2,4,21,-12,29.8,0
21998,100248,Cindy Brown,1611661321,DET,Detroit Shock,1029800112,1998-08-03,DET @ CHA,L,38,5,9,0.556,2,4,0.5,3,4,0.75,1,9,10,2,4,0,1,4,15,-9,41.0,0
21998,100250,Korie Hlede,1611661321,DET,Detroit Shock,1029800112,1998-08-03,DET @ CHA,L,35,3,15,0.2,1,2,0.5,3,6,0.5,2,4,6,2,1,0,5,3,10,-10,18.2,0
21998,100253,Razija Brcaninovic,1611661321,DET,Detroit Shock,1029800112,1998-08-03,DET @ CHA,L,35,3,9,0.333,0,0,,0,0,,1,8,9,2,0,1,3,3,6,-5,19.8,0
21998,100255,Rachael Sporn,1611661321,DET,Detroit Shock,1029800112,1998-08-03,DET @ CHA,L,11,3,5,0.6,0,0,,2,2,1.0,0,1,1,0,0,0,2,0,8,-8,7.2,0
21998,100269,Carla Boyd,1611661321,DET,Detroit Shock,1029800112,1998-08-03,DET @ CHA,L,32,3,10,0.3,0,1,0.0,1,4,0.25,2,2,4,4,1,1,1,2,7,-10,22.8,0
21998,100003,Lisa Leslie,1611661320,LAS,Los Angeles Sparks,1029800113,1998-08-03,LAS vs. WAS,W,25,6,11,0.545,1,1,1.0,8,10,0.8,2,2,4,5,1,1,1,3,21,,38.3,0
21998,100004,Penny Toler,1611661320,LAS,Los Angeles Sparks,1029800113,1998-08-03,LAS vs. WAS,W,26,5,13,0.385,1,2,0.5,4,4,1.0,2,0,2,6,6,1,5,0,15,,42.4,0
21998,100007,Jamila Wideman,1611661320,LAS,Los Angeles Sparks,1029800113,1998-08-03,LAS vs. WAS,W,21,0,3,0.0,0,0,,4,6,0.667,0,3,3,2,2,0,4,1,4,,12.6,0
21998,100009,Katrina Colleton,1611661320,LAS,Los Angeles Sparks,1029800113,1998-08-03,LAS vs. WAS,W,25,2,3,0.667,0,0,,0,0,,0,2,2,3,0,0,0,1,4,,10.9,0
21998,100012,Mwadi Mabika,1611661320,LAS,Los Angeles Sparks,1029800113,1998-08-03,LAS vs. WAS,W,28,3,11,0.273,0,4,0.0,4,5,0.8,3,7,10,1,2,0,1,1,10,,28.5,0
21998,100020,Pam McGee,1611661320,LAS,Los Angeles Sparks,1029800113,1998-08-03,LAS vs. WAS,W,19,4,8,0.5,0,0,,6,7,0.857,1,2,3,0,0,0,1,5,14,,16.6,0
21998,100169,Octavia Blue,1611661320,LAS,Los Angeles Sparks,1029800113,1998-08-03,LAS vs. WAS,W,12,0,2,0.0,0,1,0.0,2,2,1.0,0,2,2,1,1,0,4,1,2,,4.9,0
21998,100174,Eugenia Rycraw,1611661320,LAS,Los Angeles Sparks,1029800113,1998-08-03,LAS vs. WAS,W,17,2,2,1.0,0,0,,4,5,0.8,4,4,8,0,0,1,2,3,8,,18.6,0
21998,100176,Sandra VanEmbricqs,1611661320,LAS,Los Angeles Sparks,1029800113,1998-08-03,LAS vs. WAS,W,19,0,5,0.0,0,0,,1,2,0.5,2,1,3,0,3,0,1,4,1,,12.6,0
21998,100286,Michelle Reed,1611661320,LAS,Los Angeles Sparks,1029800113,1998-08-03,LAS vs. WAS,W,8,0,1,0.0,0,0,,7,10,0.7,0,4,4,0,1,1,2,2,7,,15.8,0
21998,100052,Deborah Carter,1611661322,WAS,Washington Mystics,1029800113,1998-08-03,WAS @ LAS,L,15,3,8,0.375,2,4,0.5,2,2,1.0,0,2,2,1,1,0,2,4,10,,14.9,0
21998,100156,Heidi Burge,1611661322,WAS,Washington Mystics,1029800113,1998-08-03,WAS @ LAS,L,26,3,5,0.6,1,1,1.0,3,4,0.75,0,6,6,4,2,1,6,6,10,,26.2,0
21998,100194,Keri Chaconas,1611661322,WAS,Washington Mystics,1029800113,1998-08-03,WAS @ LAS,L,8,1,4,0.25,0,0,,0,0,,1,0,1,0,1,0,2,2,2,,4.2,0
21998,100198,Nikki McCray,1611661322,WAS,Washington Mystics,1029800113,1998-08-03,WAS @ LAS,L,32,5,14,0.357,0,2,0.0,4,4,1.0,0,2,2,1,1,0,1,6,14,,19.9,0
21998,100199,Murriel Page,1611661322,WAS,Washington Mystics,1029800113,1998-08-03,WAS @ LAS,L,28,3,5,0.6,0,0,,2,4,0.5,2,4,6,2,0,1,2,6,8,,19.2,0
21998,100202,Adrienne Shuler,1611661322,WAS,Washington Mystics,1029800113,1998-08-03,WAS @ LAS,L,15,1,3,0.333,1,3,0.333,0,0,,0,0,0,1,2,0,0,3,3,,10.5,0
21998,100204,Rita Williams,1611661322,WAS,Washington Mystics,1029800113,1998-08-03,WAS @ LAS,L,25,2,7,0.286,1,3,0.333,0,0,,2,4,6,1,1,0,2,0,5,,14.7,0
21998,100289,Margo Graham,1611661322,WAS,Washington Mystics,1029800113,1998-08-03,WAS @ LAS,L,13,1,3,0.333,0,0,,0,2,0.0,1,2,3,0,1,0,3,3,2,,5.6,0
21998,100290,Leslie Johnson,1611661322,WAS,Washington Mystics,1029800113,1998-08-03,WAS @ LAS,L,3,0,1,0.0,0,0,,0,0,,0,1,1,0,0,0,2,1,0,,-0.8,0
21998,100374,Penny Moore,1611661322,WAS,Washington Mystics,1029800113,1998-08-03,WAS @ LAS,L,35,6,17,0.353,3,7,0.429,3,4,0.75,5,0,5,4,2,0,7,5,18,,29.0,0
21998,100072,Sheryl Swoopes,1611661316,HOU,Houston Comets,1029800114,1998-08-04,HOU @ UTA,W,14,2,7,0.286,0,4,0.0,0,0,,1,2,3,1,2,0,0,0,4,,15.1,0
21998,100073,Cynthia Cooper,1611661316,HOU,Houston Comets,1029800114,1998-08-04,HOU @ UTA,W,38,9,19,0.474,6,13,0.462,8,8,1.0,0,3,3,2,2,1,3,3,32,,44.6,0
21998,100075,Janeth Arcain,1611661316,HOU,Houston Comets,1029800114,1998-08-04,HOU @ UTA,W,38,5,10,0.5,1,3,0.333,0,0,,4,5,9,2,0,1,0,3,11,,27.8,0
21998,100077,Tammy Jackson,1611661316,HOU,Houston Comets,1029800114,1998-08-04,HOU @ UTA,W,20,1,3,0.333,0,0,,4,4,1.0,0,2,2,1,0,0,1,4,6,,8.9,0
21998,100083,Kim Perrot,1611661316,HOU,Houston Comets,1029800114,1998-08-04,HOU @ UTA,W,35,5,8,0.625,1,3,0.333,1,2,0.5,1,1,2,7,4,0,1,0,12,,35.9,0
21998,100085,Yolanda Moore,1611661316,HOU,Houston Comets,1029800114,1998-08-04,HOU @ UTA,W,28,1,2,0.5,0,0,,1,2,0.5,1,1,2,1,2,0,1,4,3,,11.9,0
21998,100086,Tiffany Woosley,1611661316,HOU,Houston Comets,1029800114,1998-08-04,HOU @ UTA,W,2,0,0,,0,0,,0,0,,0,0,0,0,0,0,1,0,0,,-1.0,0
21998,100207,Monica Lamb,1611661316,HOU,Houston Comets,1029800114,1998-08-04,HOU @ UTA,W,21,2,3,0.667,0,0,,2,2,1.0,1,3,4,1,0,1,0,3,6,,15.3,0
21998,100208,Nyree Roberts,1611661316,HOU,Houston Comets,1029800114,1998-08-04,HOU @ UTA,W,2,0,0,,0,0,,0,0,,0,0,0,0,0,0,0,0,0,,0.0,0
21998,100211,Amaya Valdemoro,1611661316,HOU,Houston Comets,1029800114,1998-08-04,HOU @ UTA,W,2,1,1,1.0,0,0,,1,2,0.5,0,1,1,0,1,0,1,0,3,,6.2,0
21998,100022,Chantel Tremitiere,1611661319,UTA,Utah Starzz,1029800114,1998-08-04,UTA vs. HOU,L,15,0,4,0.0,0,3,0.0,2,2,1.0,0,0,0,0,0,0,1,2,2,,1.0,0
21998,100045,Dena Head,1611661319,UTA,Utah Starzz,1029800114,1998-08-04,UTA vs. HOU,L,28,4,5,0.8,2,2,1.0,0,0,,1,1,2,3,1,0,1,0,10,,18.9,0
21998,100046,Wendy Palmer,1611661319,UTA,Utah Starzz,1029800114,1998-08-04,UTA vs. HOU,L,38,2,7,0.286,0,1,0.0,2,2,1.0,2,6,8,1,0,0,4,2,6,,13.1,0
21998,100047,Tammi Reiss,1611661319,UTA,Utah Starzz,1029800114,1998-08-04,UTA vs. HOU,L,23,2,8,0.25,1,3,0.333,0,0,,1,0,1,3,0,0,2,4,5,,8.7,0
21998,100050,Kim Williams,1611661319,UTA,Utah Starzz,1029800114,1998-08-04,UTA vs. HOU,L,9,0,3,0.0,0,0,,2,2,1.0,3,1,4,0,1,0,3,5,2,,6.8,0
21998,100168,Erin Alexander,1611661319,UTA,Utah Starzz,1029800114,1998-08-04,UTA vs. HOU,L,2,0,2,0.0,0,2,0.0,0,0,,0,0,0,0,0,0,0,0,0,,0.0,0
21998,100237,Tricia Bader Binford,1611661319,UTA,Utah Starzz,1029800114,1998-08-04,UTA vs. HOU,L,3,0,0,,0,0,,0,0,,0,0,0,0,1,0,1,1,0,,2.0,0
21998,100239,Margo Dydek,1611661319,UTA,Utah Starzz,1029800114,1998-08-04,UTA vs. HOU,L,39,6,11,0.545,0,0,,8,10,0.8,1,9,10,3,0,2,1,4,20,,41.5,0
21998,100242,LaTonya Johnson,1611661319,UTA,Utah Starzz,1029800114,1998-08-04,UTA vs. HOU,L,29,4,8,0.5,1,4,0.25,0,0,,1,0,1,1,0,0,3,2,9,,8.7,0
21998,100243,Olympia Scott,1611661319,UTA,Utah Starzz,1029800114,1998-08-04,UTA vs. HOU,L,14,1,3,0.333,0,1,0.0,1,3,0.333,0,1,1,0,0,0,0,1,3,,4.2,0
21998,100029,Michele Timms,1611661317,PHO,Phoenix Mercury,1029800115,1998-08-04,PHO vs. WAS,W,21,0,6,0.0,0,2,0.0,0,0,,1,3,4,4,4,0,2,2,0,,20.8,0
21998,100030,Jennifer Gillom,1611661317,PHO,Phoenix Mercury,1029800115,1998-08-04,PHO vs. WAS,W,23,8,12,0.667,0,3,0.0,5,6,0.833,2,2,4,3,1,2,2,3,21,,37.3,0
21998,100031,Bridget Pettis,1611661317,PHO,Phoenix Mercury,1029800115,1998-08-04,PHO vs. WAS,W,20,2,8,0.25,0,3,0.0,2,2,1.0,1,2,3,1,2,1,0,1,6,,20.1,0
21998,100033,Toni Foster,1611661317,PHO,Phoenix Mercury,1029800115,1998-08-04,PHO vs. WAS,W,13,2,2,1.0,0,0,,3,4,0.75,1,2,3,2,1,0,2,1,7,,14.6,0
21998,100035,Umeki Webb,1611661317,PHO,Phoenix Mercury,1029800115,1998-08-04,PHO vs. WAS,W,24,1,6,0.167,0,1,0.0,0,0,,1,2,3,3,0,1,1,2,2,,12.1,0
21998,100037,Marlies Askamp,1611661317,PHO,Phoenix Mercury,1029800115,1998-08-04,PHO vs. WAS,W,17,3,8,0.375,0,0,,6,9,0.667,6,2,8,1,0,0,0,2,12,,23.1,0
21998,100221,Michelle Brogan,1611661317,PHO,Phoenix Mercury,1029800115,1998-08-04,PHO vs. WAS,W,21,5,8,0.625,0,0,,2,2,1.0,2,3,5,0,3,0,2,0,12,,25.0,0
21998,100222,Kristi Harrower,1611661317,PHO,Phoenix Mercury,1029800115,1998-08-04,PHO vs. WAS,W,19,1,1,1.0,1,1,1.0,2,2,1.0,0,2,2,4,1,1,2,0,5,,17.4,0
21998,100224,Andrea Kuklova,1611661317,PHO,Phoenix Mercury,1029800115,1998-08-04,PHO vs. WAS,W,14,3,6,0.5,0,0,,4,10,0.4,2,3,5,1,1,0,1,1,10,,19.5,0
21998,100225,Brandy Reed,1611661317,PHO,Phoenix Mercury,1029800115,1998-08-04,PHO vs. WAS,W,19,3,6,0.5,0,0,,5,7,0.714,1,4,5,2,2,1,1,0,11,,28.0,0
21998,100227,Maria Stepanova,1611661317,PHO,Phoenix Mercury,1029800115,1998-08-04,PHO vs. WAS,W,9,1,5,0.2,0,0,,0,0,,1,0,1,1,0,1,1,3,2,,6.7,0
21998,100052,Deborah Carter,1611661322,WAS,Washington Mystics,1029800115,1998-08-04,WAS @ PHO,L,7,0,3,0.0,0,0,,0,0,,1,0,1,0,0,0,2,0,0,,-0.8,0
21998,100156,Heidi Burge,1611661322,WAS,Washington Mystics,1029800115,1998-08-04,WAS @ PHO,L,29,8,11,0.727,0,1,0.0,3,5,0.6,2,3,5,0,2,2,2,5,19,,35.0,0
21998,100193,La'Shawn Brown,1611661322,WAS,Washington Mystics,1029800115,1998-08-04,WAS @ PHO,L,8,1,3,0.333,0,0,,0,0,,2,0,2,0,0,1,0,5,2,,7.4,0
21998,100194,Keri Chaconas,1611661322,WAS,Washington Mystics,1029800115,1998-08-04,WAS @ PHO,L,15,1,3,0.333,1,2,0.5,0,0,,0,0,0,1,0,0,1,2,3,,3.5,0
21998,100198,Nikki McCray,1611661322,WAS,Washington Mystics,1029800115,1998-08-04,WAS @ PHO,L,33,5,14,0.357,0,1,0.0,1,2,0.5,4,5,9,5,0,0,3,3,11,,26.3,0
21998,100199,Murriel Page,1611661322,WAS,Washington Mystics,1029800115,1998-08-04,WAS @ PHO,L,36,1,9,0.111,0,0,,0,0,,1,5,6,3,2,1,3,4,2,,19.7,0
21998,100202,Adrienne Shuler,1611661322,WAS,Washington Mystics,1029800115,1998-08-04,WAS @ PHO,L,12,1,3,0.333,1,1,1.0,0,0,,0,0,0,1,2,1,2,4,3,,11.5,0
21998,100204,Rita Williams,1611661322,WAS,Washington Mystics,1029800115,1998-08-04,WAS @ PHO,L,28,4,8,0.5,2,4,0.5,1,2,0.5,0,1,1,3,2,0,5,1,11,,17.7,0
21998,100289,Margo Graham,1611661322,WAS,Washington Mystics,1029800115,1998-08-04,WAS @ PHO,L,2,1,1,1.0,0,0,,0,0,,0,1,1,0,0,0,0,3,2,,3.2,0
21998,100290,Leslie Johnson,1611661322,WAS,Washington Mystics,1029800115,1998-08-04,WAS @ PHO,L,2,0,0,,0,0,,0,0,,0,0,0,0,0,0,1,0,0,,-1.0,0
21998,100374,Penny Moore,1611661322,WAS,Washington Mystics,1029800115,1998-08-04,WAS @ PHO,L,28,3,12,0.25,0,4,0.0,0,0,,0,4,4,1,2,2,4,1,6,,20.3,0
21998,100087,Janice Braxton,1611661315,CLE,Cleveland Rockers,1029800116,1998-08-04,CLE @ SAC,W,21,2,3,0.667,0,0,,4,4,1.0,1,1,2,2,3,0,1,3,8,,21.4,0
21998,100088,Michelle Edwards,1611661315,CLE,Cleveland Rockers,1029800116,1998-08-04,CLE @ SAC,W,29,3,7,0.429,1,2,0.5,1,2,0.5,0,1,1,2,1,0,1,2,8,,14.2,0
21998,100089,Isabelle Fijalkowski,1611661315,CLE,Cleveland Rockers,1029800116,1998-08-04,CLE @ SAC,W,24,7,12,0.583,0,0,,3,4,0.75,5,6,11,2,2,1,1,5,17,,41.2,0
21998,100091,Eva Nemcova,1611661315,CLE,Cleveland Rockers,1029800116,1998-08-04,CLE @ SAC,W,37,5,17,0.294,1,3,0.333,5,6,0.833,3,3,6,2,5,2,5,2,16,,42.2,0
21998,100092,Merlakia Jones,1611661315,CLE,Cleveland Rockers,1029800116,1998-08-04,CLE @ SAC,W,25,4,10,0.4,0,0,,2,2,1.0,2,3,5,0,2,0,3,1,10,,19.0,0
21998,100097,Rushia Brown,1611661315,CLE,Cleveland Rockers,1029800116,1998-08-04,CLE @ SAC,W,19,1,2,0.5,0,0,,1,3,0.333,4,3,7,2,0,1,3,5,3,,14.4,0
21998,100100,Adrienne Johnson,1611661315,CLE,Cleveland Rockers,1029800116,1998-08-04,CLE @ SAC,W,13,2,5,0.4,2,3,0.667,0,0,,1,1,2,0,0,0,0,0,6,,8.4,0
21998,100187,Suzie McConnell Serio,1611661315,CLE,Cleveland Rockers,1029800116,1998-08-04,CLE @ SAC,W,32,1,5,0.2,0,2,0.0,2,2,1.0,1,0,1,7,3,0,2,2,4,,22.7,0
21998,100011,Linda Burgess,1611661318,SAC,Sacramento Monarchs,1029800116,1998-08-04,SAC vs. CLE,L,21,1,4,0.25,0,1,0.0,2,2,1.0,0,2,2,0,1,0,1,4,4,,8.4,0
21998,100027,Latasha Byears,1611661318,SAC,Sacramento Monarchs,1029800116,1998-08-04,SAC vs. CLE,L,30,4,13,0.308,0,0,,2,3,0.667,2,7,9,3,1,1,5,2,10,,26.3,0
21998,100044,Lady Grooms,1611661318,SAC,Sacramento Monarchs,1029800116,1998-08-04,SAC vs. CLE,L,32,2,2,1.0,0,0,,3,6,0.5,3,0,3,2,0,0,3,2,7,,10.6,0
21998,100214,Nadine Domond,1611661318,SAC,Sacramento Monarchs,1029800116,1998-08-04,SAC vs. CLE,L,17,2,4,0.5,1,2,0.5,0,0,,1,0,1,0,3,1,2,1,5,,16.2,0
21998,100223,Pauline Jordan,1611661318,SAC,Sacramento Monarchs,1029800116,1998-08-04,SAC vs. CLE,L,5,0,0,,0,0,,2,2,1.0,0,0,0,1,1,0,2,1,2,,4.5,0
21998,100230,Quacy Barnes,1611661318,SAC,Sacramento Monarchs,1029800116,1998-08-04,SAC vs. CLE,L,7,1,3,0.333,0,0,,0,0,,2,0,2,0,0,0,2,2,2,,2.4,0
21998,100231,Adia Barnes,1611661318,SAC,Sacramento Monarchs,1029800116,1998-08-04,SAC vs. CLE,L,18,2,7,0.286,0,1,0.0,0,0,,3,1,4,0,3,2,2,1,4,,21.8,0
21998,100234,Ticha Penicheiro,1611661318,SAC,Sacramento Monarchs,1029800116,1998-08-04,SAC vs. CLE,L,29,2,5,0.4,0,2,0.0,1,1,1.0,0,1,1,6,3,0,6,4,5,,18.2,0
21998,100235,Franthea Price,1611661318,SAC,Sacramento Monarchs,1029800116,1998-08-04,SAC vs. CLE,L,6,1,2,0.5,1,2,0.5,1,2,0.5,0,0,0,0,0,0,0,1,4,,4.0,0
21998,100236,Tangela Smith,1611661318,SAC,Sacramento Monarchs,1029800116,1998-08-04,SAC vs. CLE,L,35,8,15,0.533,0,0,,1,2,0.5,2,6,8,1,0,3,3,5,17,,34.1,0
21998,100002,Rebecca Lobo,1611661313,NYL,New York Liberty,1029800117,1998-08-05,NYL @ CHA,L,39,6,13,0.462,0,2,0.0,0,0,,5,6,11,2,1,1,2,4,12,,32.2,0
21998,100101,Teresa Weatherspoon,1611661313,NYL,New York Liberty,1029800117,1998-08-05,NYL @ CHA,L,33,2,11,0.182,1,5,0.2,0,0,,0,1,1,4,0,0,6,5,5,,6.2,0
21998,100102,Kym Hampton,1611661313,NYL,New York Liberty,1029800117,1998-08-05,NYL @ CHA,L,27,1,4,0.25,0,0,,2,2,1.0,1,5,6,1,1,0,1,3,4,,14.7,0
21998,100103,Vickie Johnson,1611661313,NYL,New York Liberty,1029800117,1998-08-05,NYL @ CHA,L,33,8,15,0.533,0,2,0.0,5,7,0.714,4,1,5,2,2,0,1,3,21,,35.0,0
21998,100104,Sue Wicks,1611661313,NYL,New York Liberty,1029800117,1998-08-05,NYL @ CHA,L,7,1,2,0.5,0,0,,0,0,,1,2,3,0,0,0,0,3,2,,5.6,0
21998,100105,Sophia Witherspoon,1611661313,NYL,New York Liberty,1029800117,1998-08-05,NYL @ CHA,L,31,5,12,0.417,1,5,0.2,2,4,0.5,0,1,1,1,0,0,4,1,13,,11.7,0
21998,100107,Kisha Ford,1611661313,NYL,New York Liberty,1029800117,1998-08-05,NYL @ CHA,L,15,2,5,0.4,0,0,,0,0,,0,1,1,1,2,0,1,1,4,,11.7,0
21998,100213,Elisabeth Cebrian,1611661313,NYL,New York Liberty,1029800117,1998-08-05,NYL @ CHA,L,8,0,0,,0,0,,0,0,,0,0,0,0,0,0,0,2,0,,0.0,0
21998,100217,Coquese Washington,1611661313,NYL,New York Liberty,1029800117,1998-08-05,NYL @ CHA,L,7,0,1,0.0,0,0,,0,0,,1,0,1,2,0,0,1,2,0,,3.2,0
21998,100058,Vicky Bullett,1611661314,CHA,Charlotte Sting,1029800117,1998-08-05,CHA vs. NYL,W,37,7,14,0.5,0,1,0.0,3,4,0.75,1,8,9,1,5,3,2,1,17,,51.3,0
21998,100059,Andrea Stinson,1611661314,CHA,Charlotte Sting,1029800117,1998-08-05,CHA vs. NYL,W,37,6,11,0.545,2,4,0.5,5,6,0.833,0,6,6,4,3,0,3,1,19,,38.2,0
21998,100060,Rhonda Mapp,1611661314,CHA,Charlotte Sting,1029800117,1998-08-05,CHA vs. NYL,W,17,1,3,0.333,0,0,,0,0,,0,1,1,2,0,0,2,4,2,,4.2,0
21998,100062,Tora Suber,1611661314,CHA,Charlotte Sting,1029800117,1998-08-05,CHA vs. NYL,W,33,4,8,0.5,3,6,0.5,1,2,0.5,0,1,1,6,0,0,2,3,12,,20.2,0
21998,100063,Sharon Manning,1611661314,CHA,Charlotte Sting,1029800117,1998-08-05,CHA vs. NYL,W,24,0,2,0.0,0,0,,0,0,,3,3,6,2,1,0,2,1,0,,11.2,0
21998,100065,Andrea Congreaves,1611661314,CHA,Charlotte Sting,1029800117,1998-08-05,CHA vs. NYL,W,13,3,5,0.6,1,3,0.333,0,0,,0,0,0,1,0,1,2,1,7,,9.5,0
21998,100070,Tia Paschal,1611661314,CHA,Charlotte Sting,1029800117,1998-08-05,CHA vs. NYL,W,4,0,0,,0,0,,0,0,,0,0,0,0,0,0,0,0,0,,0.0,0
21998,100181,Christy Smith,1611661314,CHA,Charlotte Sting,1029800117,1998-08-05,CHA vs. NYL,W,2,0,0,,0,0,,0,0,,0,0,0,0,0,0,1,0,0,,-1.0,0
21998,100182,Tracy Reid,1611661314,CHA,Charlotte Sting,1029800117,1998-08-05,CHA vs. NYL,W,33,4,7,0.571,0,0,,4,4,1.0,3,2,5,3,1,0,1,1,12,,24.5,0
21998,100003,Lisa Leslie,1611661320,LAS,Los Angeles Sparks,1029800118,1998-08-05,LAS @ DET,L,31,11,23,0.478,3,4,0.75,5,9,0.556,4,7,11,1,3,3,4,6,30,,58.7,0
21998,100004,Penny Toler,1611661320,LAS,Los Angeles Sparks,1029800118,1998-08-05,LAS @ DET,L,39,6,18,0.333,0,2,0.0,4,4,1.0,3,2,5,4,0,0,4,4,16,,24.0,0
21998,100007,Jamila Wideman,1611661320,LAS,Los Angeles Sparks,1029800118,1998-08-05,LAS @ DET,L,22,0,3,0.0,0,2,0.0,2,2,1.0,0,0,0,0,1,0,1,0,2,,4.0,0
21998,100009,Katrina Colleton,1611661320,LAS,Los Angeles Sparks,1029800118,1998-08-05,LAS @ DET,L,19,0,4,0.0,0,1,0.0,0,0,,0,0,0,1,0,2,1,0,0,,6.5,0
21998,100012,Mwadi Mabika,1611661320,LAS,Los Angeles Sparks,1029800118,1998-08-05,LAS @ DET,L,31,1,7,0.143,1,6,0.167,4,4,1.0,0,0,0,3,0,0,1,2,7,,10.5,0
21998,100020,Pam McGee,1611661320,LAS,Los Angeles Sparks,1029800118,1998-08-05,LAS @ DET,L,29,2,7,0.286,0,1,0.0,0,0,,3,9,12,1,2,1,5,5,4,,23.9,0
21998,100169,Octavia Blue,1611661320,LAS,Los Angeles Sparks,1029800118,1998-08-05,LAS @ DET,L,9,1,3,0.333,0,0,,0,0,,1,1,2,0,0,0,0,1,2,,4.4,0
21998,100174,Eugenia Rycraw,1611661320,LAS,Los Angeles Sparks,1029800118,1998-08-05,LAS @ DET,L,3,0,0,,0,0,,0,0,,0,0,0,0,0,0,0,1,0,,0.0,0
21998,100176,Sandra VanEmbricqs,1611661320,LAS,Los Angeles Sparks,1029800118,1998-08-05,LAS @ DET,L,17,0,2,0.0,0,0,,0,0,,4,1,5,0,1,0,0,2,0,,9.0,0
21998,100090,Lynette Woodard,1611661321,DET,Detroit Shock,1029800118,1998-08-05,DET vs. LAS,W,7,1,2,0.5,0,0,,0,0,,2,0,2,0,0,0,1,0,2,,3.4,0
21998,100108,Rhonda Blades,1611661321,DET,Detroit Shock,1029800118,1998-08-05,DET vs. LAS,W,14,0,4,0.0,0,2,0.0,0,0,,0,3,3,1,0,0,0,1,0,,5.1,0
21998,100246,Gergana Branzova,1611661321,DET,Detroit Shock,1029800118,1998-08-05,DET vs. LAS,W,9,2,4,0.5,0,0,,0,0,,2,2,4,0,0,0,2,2,4,,6.8,0
21998,100247,Sandy Brondello,1611661321,DET,Detroit Shock,1029800118,1998-08-05,DET vs. LAS,W,29,3,11,0.273,2,3,0.667,4,4,1.0,0,4,4,4,2,0,2,1,12,,26.8,0
21998,100248,Cindy Brown,1611661321,DET,Detroit Shock,1029800118,1998-08-05,DET vs. LAS,W,28,2,7,0.286,1,2,0.5,7,7,1.0,2,8,10,4,2,2,3,4,12,,39.0,0
21998,100250,Korie Hlede,1611661321,DET,Detroit Shock,1029800118,1998-08-05,DET vs. LAS,W,37,6,15,0.4,3,3,1.0,5,5,1.0,1,3,4,2,1,0,2,2,20,,28.8,0
21998,100253,Razija Brcaninovic,1611661321,DET,Detroit Shock,1029800118,1998-08-05,DET vs. LAS,W,27,7,10,0.7,0,0,,1,2,0.5,4,2,6,1,0,1,1,3,15,,25.7,0
21998,100255,Rachael Sporn,1611661321,DET,Detroit Shock,1029800118,1998-08-05,DET vs. LAS,W,16,1,4,0.25,0,0,,0,0,,1,3,4,1,1,0,0,3,2,,11.3,0
21998,100269,Carla Boyd,1611661321,DET,Detroit Shock,1029800118,1998-08-05,DET vs. LAS,W,33,3,12,0.25,0,2,0.0,0,2,0.0,4,4,8,2,0,0,3,4,6,,15.6,0
21998,100072,Sheryl Swoopes,1611661316,HOU,Houston Comets,1029800119,1998-08-06,HOU vs. PHO,W,35,7,14,0.5,0,1,0.0,0,1,0.0,0,3,3,2,3,0,4,2,14,,25.6,0
21998,100073,Cynthia Cooper,1611661316,HOU,Houston Comets,1029800119,1998-08-06,HOU vs. PHO,W,36,7,11,0.636,3,3,1.0,4,4,1.0,0,3,3,2,2,0,4,2,21,,29.6,0
21998,100075,Janeth Arcain,1611661316,HOU,Houston Comets,1029800119,1998-08-06,HOU vs. PHO,W,25,2,8,0.25,0,1,0.0,4,4,1.0,1,2,3,1,2,0,4,2,8,,15.1,0
21998,100076,Tina Thompson,1611661316,HOU,Houston Comets,1029800119,1998-08-06,HOU vs. PHO,W,27,3,9,0.333,0,3,0.0,5,5,1.0,4,6,10,1,0,0,2,2,11,,22.5,0
21998,100077,Tammy Jackson,1611661316,HOU,Houston Comets,1029800119,1998-08-06,HOU vs. PHO,W,13,0,1,0.0,0,0,,1,2,0.5,0,0,0,0,1,1,1,2,1,,6.0,0
21998,100083,Kim Perrot,1611661316,HOU,Houston Comets,1029800119,1998-08-06,HOU vs. PHO,W,35,7,10,0.7,0,2,0.0,2,2,1.0,1,1,2,7,4,0,3,2,16,,37.9,0
21998,100085,Yolanda Moore,1611661316,HOU,Houston Comets,1029800119,1998-08-06,HOU vs. PHO,W,13,0,0,,0,0,,0,0,,1,0,1,0,0,0,0,2,0,,1.2,0
21998,100207,Monica Lamb,1611661316,HOU,Houston Comets,1029800119,1998-08-06,HOU vs. PHO,W,16,2,3,0.667,0,0,,0,0,,1,1,2,2,1,0,1,3,4,,11.4,0
21998,100029,Michele Timms,1611661317,PHO,Phoenix Mercury,1029800119,1998-08-06,PHO @ HOU,L,33,3,11,0.273,0,7,0.0,0,0,,1,3,4,3,2,0,0,3,6,,21.3,0
21998,100030,Jennifer Gillom,1611661317,PHO,Phoenix Mercury,1029800119,1998-08-06,PHO @ HOU,L,33,7,15,0.467,1,4,0.25,4,4,1.0,2,3,5,1,2,1,7,3,19,,28.5,0
21998,100031,Bridget Pettis,1611661317,PHO,Phoenix Mercury,1029800119,1998-08-06,PHO @ HOU,L,18,1,4,0.25,0,2,0.0,2,2,1.0,2,0,2,0,0,0,3,1,4,,3.4,0
21998,100033,Toni Foster,1611661317,PHO,Phoenix Mercury,1029800119,1998-08-06,PHO @ HOU,L,4,0,0,,0,0,,0,0,,0,1,1,1,0,0,0,1,0,,2.7,0
21998,100035,Umeki Webb,1611661317,PHO,Phoenix Mercury,1029800119,1998-08-06,PHO @ HOU,L,26,1,4,0.25,0,1,0.0,2,2,1.0,3,2,5,3,1,2,1,5,4,,22.5,0
21998,100037,Marlies Askamp,1611661317,PHO,Phoenix Mercury,1029800119,1998-08-06,PHO @ HOU,L,10,3,4,0.75,0,0,,2,2,1.0,0,2,2,1,0,0,0,0,8,,11.9,0
21998,100221,Michelle Brogan,1611661317,PHO,Phoenix Mercury,1029800119,1998-08-06,PHO @ HOU,L,33,4,8,0.5,0,1,0.0,7,8,0.875,1,2,3,2,2,0,3,1,15,,24.6,0
21998,100222,Kristi Harrower,1611661317,PHO,Phoenix Mercury,1029800119,1998-08-06,PHO @ HOU,L,11,0,2,0.0,0,1,0.0,0,0,,0,1,1,1,0,0,2,2,0,,0.7,0
21998,100224,Andrea Kuklova,1611661317,PHO,Phoenix Mercury,1029800119,1998-08-06,PHO @ HOU,L,16,0,1,0.0,0,0,,0,0,,0,1,1,3,0,0,3,0,0,,2.7,0
21998,100225,Brandy Reed,1611661317,PHO,Phoenix Mercury,1029800119,1998-08-06,PHO @ HOU,L,16,4,6,0.667,0,0,,0,0,,3,3,6,1,0,0,4,3,8,,12.7,0
21998,100049,Raegan Scott,1611661315,CLE,Cleveland Rockers,1029800120,1998-08-06,CLE @ UTA,W,13,1,3,0.333,0,0,,2,2,1.0,0,1,1,0,0,0,0,2,4,,5.2,0
21998,100087,Janice Braxton,1611661315,CLE,Cleveland Rockers,1029800120,1998-08-06,CLE @ UTA,W,24,5,10,0.5,0,0,,0,0,,2,5,7,4,1,1,2,2,10,,28.4,0
21998,100088,Michelle Edwards,1611661315,CLE,Cleveland Rockers,1029800120,1998-08-06,CLE @ UTA,W,33,7,13,0.538,0,3,0.0,2,2,1.0,0,2,2,4,2,0,0,2,16,,30.4,0
21998,100089,Isabelle Fijalkowski,1611661315,CLE,Cleveland Rockers,1029800120,1998-08-06,CLE @ UTA,W,35,7,14,0.5,1,1,1.0,7,7,1.0,1,6,7,3,0,1,1,5,22,,36.9,0
21998,100091,Eva Nemcova,1611661315,CLE,Cleveland Rockers,1029800120,1998-08-06,CLE @ UTA,W,31,4,11,0.364,0,4,0.0,1,1,1.0,3,1,4,2,1,0,0,5,9,,19.8,0
21998,100092,Merlakia Jones,1611661315,CLE,Cleveland Rockers,1029800120,1998-08-06,CLE @ UTA,W,27,2,6,0.333,0,1,0.0,1,1,1.0,0,0,0,1,1,0,2,1,5,,7.5,0
21998,100097,Rushia Brown,1611661315,CLE,Cleveland Rockers,1029800120,1998-08-06,CLE @ UTA,W,4,0,1,0.0,0,0,,2,2,1.0,1,0,1,0,0,0,0,1,2,,3.2,0
21998,100100,Adrienne Johnson,1611661315,CLE,Cleveland Rockers,1029800120,1998-08-06,CLE @ UTA,W,10,3,4,0.75,1,2,0.5,0,0,,0,0,0,1,1,0,1,1,7,,10.5,0
21998,100183,Cindy Blodgett,1611661315,CLE,Cleveland Rockers,1029800120,1998-08-06,CLE @ UTA,W,3,0,0,,0,0,,0,0,,0,0,0,0,0,0,0,0,0,,0.0,0
21998,100187,Suzie McConnell Serio,1611661315,CLE,Cleveland Rockers,1029800120,1998-08-06,CLE @ UTA,W,20,1,2,0.5,1,2,0.5,1,2,0.5,0,3,3,5,1,0,1,1,4,,17.1,0
21998,100022,Chantel Tremitiere,1611661319,UTA,Utah Starzz,1029800120,1998-08-06,UTA vs. CLE,L,20,0,1,0.0,0,0,,0,0,,0,2,2,4,0,0,0,1,0,,8.4,0
21998,100045,Dena Head,1611661319,UTA,Utah Starzz,1029800120,1998-08-06,UTA vs. CLE,L,34,3,5,0.6,1,1,1.0,0,0,,1,4,5,2,1,0,1,1,7,,18.0,0
21998,100046,Wendy Palmer,1611661319,UTA,Utah Starzz,1029800120,1998-08-06,UTA vs. CLE,L,36,10,15,0.667,1,2,0.5,5,6,0.833,4,4,8,1,0,0,3,4,26,,34.1,0
21998,100047,Tammi Reiss,1611661319,UTA,Utah Starzz,1029800120,1998-08-06,UTA vs. CLE,L,13,1,4,0.25,0,2,0.0,0,2,0.0,0,0,0,2,0,0,0,0,2,,5.0,0
21998,100050,Kim Williams,1611661319,UTA,Utah Starzz,1029800120,1998-08-06,UTA vs. CLE,L,18,4,10,0.4,0,1,0.0,3,3,1.0,2,0,2,2,1,0,1,0,11,,18.4,0
21998,100239,Margo Dydek,1611661319,UTA,Utah Starzz,1029800120,1998-08-06,UTA vs. CLE,L,35,6,12,0.5,0,1,0.0,4,5,0.8,2,9,11,2,0,9,8,3,16,,51.2,0
21998,100242,LaTonya Johnson,1611661319,UTA,Utah Starzz,1029800120,1998-08-06,UTA vs. CLE,L,31,1,5,0.2,0,2,0.0,1,2,0.5,0,2,2,1,0,0,2,2,3,,4.9,0
21998,100243,Olympia Scott,1611661319,UTA,Utah Starzz,1029800120,1998-08-06,UTA vs. CLE,L,13,1,4,0.25,0,0,,2,4,0.5,3,1,4,0,2,0,1,6,4,,13.8,0
21998,100072,Sheryl Swoopes,1611661316,HOU,Houston Comets,1029800121,1998-08-07,HOU @ DET,W,34,2,14,0.143,0,4,0.0,0,1,0.0,0,6,6,2,2,1,5,1,4,,18.2,0
21998,100073,Cynthia Cooper,1611661316,HOU,Houston Comets,1029800121,1998-08-07,HOU @ DET,W,33,13,21,0.619,4,6,0.667,4,4,1.0,0,3,3,2,1,0,2,0,34,,41.6,0
21998,100075,Janeth Arcain,1611661316,HOU,Houston Comets,1029800121,1998-08-07,HOU @ DET,W,31,2,6,0.333,1,3,0.333,0,0,,1,2,3,1,1,0,0,2,5,,13.1,0
21998,100077,Tammy Jackson,1611661316,HOU,Houston Comets,1029800121,1998-08-07,HOU @ DET,W,23,0,0,,0,0,,0,0,,0,2,2,0,0,0,1,4,0,,1.4,0
21998,100083,Kim Perrot,1611661316,HOU,Houston Comets,1029800121,1998-08-07,HOU @ DET,W,36,5,10,0.5,2,5,0.4,3,4,0.75,0,1,1,2,2,0,2,3,15,,23.2,0
21998,100085,Yolanda Moore,1611661316,HOU,Houston Comets,1029800121,1998-08-07,HOU @ DET,W,20,0,3,0.0,0,0,,3,4,0.75,3,4,7,0,1,0,1,3,3,,13.4,0
21998,100086,Tiffany Woosley,1611661316,HOU,Houston Comets,1029800121,1998-08-07,HOU @ DET,W,3,0,1,0.0,0,1,0.0,0,0,,0,0,0,0,0,0,0,0,0,,0.0,0
21998,100207,Monica Lamb,1611661316,HOU,Houston Comets,1029800121,1998-08-07,HOU @ DET,W,20,0,1,0.0,0,0,,0,0,,1,2,3,0,0,0,1,0,0,,2.6,0
21998,100090,Lynette Woodard,1611661321,DET,Detroit Shock,1029800121,1998-08-07,DET vs. HOU,L,3,0,0,,0,0,,0,0,,0,0,0,0,0,0,1,0,0,,-1.0,0
21998,100108,Rhonda Blades,1611661321,DET,Detroit Shock,1029800121,1998-08-07,DET vs. HOU,L,10,0,3,0.0,0,3,0.0,0,0,,0,1,1,4,0,0,1,1,0,,6.2,0
21998,100247,Sandy Brondello,1611661321,DET,Detroit Shock,1029800121,1998-08-07,DET vs. HOU,L,31,5,12,0.417,0,1,0.0,0,0,,0,3,3,0,1,0,3,1,10,,13.6,0
21998,100248,Cindy Brown,1611661321,DET,Detroit Shock,1029800121,1998-08-07,DET vs. HOU,L,40,6,8,0.75,1,2,0.5,0,0,,3,10,13,5,3,0,3,3,13,,42.1,0
21998,100250,Korie Hlede,1611661321,DET,Detroit Shock,1029800121,1998-08-07,DET vs. HOU,L,39,5,15,0.333,0,5,0.0,2,2,1.0,1,4,5,4,1,0,3,4,12,,24.0,0
21998,100253,Razija Brcaninovic,1611661321,DET,Detroit Shock,1029800121,1998-08-07,DET vs. HOU,L,37,5,10,0.5,0,0,,2,2,1.0,3,5,8,1,0,2,1,1,12,,28.1,0
21998,100255,Rachael Sporn,1611661321,DET,Detroit Shock,1029800121,1998-08-07,DET vs. HOU,L,20,4,8,0.5,0,0,,0,0,,1,3,4,1,0,2,1,3,8,,19.3,0
21998,100269,Carla Boyd,1611661321,DET,Detroit Shock,1029800121,1998-08-07,DET vs. HOU,L,20,1,6,0.167,0,1,0.0,0,0,,2,3,5,2,1,0,2,2,2,,12.0,0
21998,100011,Linda Burgess,1611661318,SAC,Sacramento Monarchs,1029800122,1998-08-07,SAC vs. WAS,W,23,4,7,0.571,0,0,,2,2,1.0,1,3,4,1,1,1,3,2,10,26,19.3,0
21998,100017,Bridgette Gordon,1611661318,SAC,Sacramento Monarchs,1029800122,1998-08-07,SAC vs. WAS,W,13,0,0,,0,0,,0,2,0.0,0,1,1,0,2,0,2,0,0,6,5.2,0
21998,100027,Latasha Byears,1611661318,SAC,Sacramento Monarchs,1029800122,1998-08-07,SAC vs. WAS,W,25,5,14,0.357,0,0,,4,6,0.667,3,7,10,0,1,0,2,4,14,7,27.0,0
21998,100044,Lady Grooms,1611661318,SAC,Sacramento Monarchs,1029800122,1998-08-07,SAC vs. WAS,W,26,4,6,0.667,0,0,,2,2,1.0,1,0,1,1,1,0,2,0,10,17,13.7,0
21998,100214,Nadine Domond,1611661318,SAC,Sacramento Monarchs,1029800122,1998-08-07,SAC vs. WAS,W,5,0,2,0.0,0,2,0.0,0,0,,2,0,2,0,0,0,0,0,0,-4,2.4,0
21998,100223,Pauline Jordan,1611661318,SAC,Sacramento Monarchs,1029800122,1998-08-07,SAC vs. WAS,W,5,0,1,0.0,0,0,,0,0,,1,1,2,0,1,0,1,3,0,-5,4.4,0
21998,100234,Ticha Penicheiro,1611661318,SAC,Sacramento Monarchs,1029800122,1998-08-07,SAC vs. WAS,W,39,3,6,0.5,0,1,0.0,7,8,0.875,0,2,2,13,3,0,5,1,13,23,38.9,0
21998,100235,Franthea Price,1611661318,SAC,Sacramento Monarchs,1029800122,1998-08-07,SAC vs. WAS,W,24,3,8,0.375,2,7,0.286,2,2,1.0,0,4,4,1,0,1,1,0,10,18,18.3,0
21998,100236,Tangela Smith,1611661318,SAC,Sacramento Monarchs,1029800122,1998-08-07,SAC vs. WAS,W,39,7,15,0.467,0,0,,5,6,0.833,1,5,6,3,1,2,2,3,19,22,37.7,0
21998,100052,Deborah Carter,1611661322,WAS,Washington Mystics,1029800122,1998-08-07,WAS @ SAC,L,20,3,8,0.375,2,5,0.4,0,0,,0,1,1,2,2,1,3,3,8,-11,18.2,0
21998,100156,Heidi Burge,1611661322,WAS,Washington Mystics,1029800122,1998-08-07,WAS @ SAC,L,29,5,7,0.714,0,0,,0,2,0.0,1,2,3,2,0,3,4,5,10,-9,21.6,0
21998,100193,La'Shawn Brown,1611661322,WAS,Washington Mystics,1029800122,1998-08-07,WAS @ SAC,L,15,1,1,1.0,0,0,,0,2,0.0,2,0,2,0,0,0,1,4,2,-19,3.4,0
21998,100194,Keri Chaconas,1611661322,WAS,Washington Mystics,1029800122,1998-08-07,WAS @ SAC,L,7,1,5,0.2,0,4,0.0,0,0,,0,0,0,3,0,0,0,2,2,-9,6.5,0
21998,100198,Nikki McCray,1611661322,WAS,Washington Mystics,1029800122,1998-08-07,WAS @ SAC,L,30,5,11,0.455,0,1,0.0,1,2,0.5,3,3,6,2,1,0,6,2,11,-16,18.2,0
21998,100199,Murriel Page,1611661322,WAS,Washington Mystics,1029800122,1998-08-07,WAS @ SAC,L,32,2,9,0.222,0,0,,1,2,0.5,4,2,6,2,0,2,1,4,5,-20,20.2,0
21998,100202,Adrienne Shuler,1611661322,WAS,Washington Mystics,1029800122,1998-08-07,WAS @ SAC,L,15,0,2,0.0,0,2,0.0,0,0,,0,1,1,1,0,0,2,1,0,-18,0.7,0
21998,100204,Rita Williams,1611661322,WAS,Washington Mystics,1029800122,1998-08-07,WAS @ SAC,L,25,3,6,0.5,2,3,0.667,0,0,,0,4,4,4,2,0,5,4,8,-4,19.8,0
21998,100289,Margo Graham,1611661322,WAS,Washington Mystics,1029800122,1998-08-07,WAS @ SAC,L,1,0,0,,0,0,,0,0,,0,0,0,0,0,0,0,0,0,1,0.0,0
21998,100290,Leslie Johnson,1611661322,WAS,Washington Mystics,1029800122,1998-08-07,WAS @ SAC,L,2,0,0,,0,0,,0,0,,0,0,0,0,0,0,0,0,0,3,0.0,0
21998,100374,Penny Moore,1611661322,WAS,Washington Mystics,1029800122,1998-08-07,WAS @ SAC,L,24,2,9,0.222,0,3,0.0,5,6,0.833,0,1,1,2,1,0,3,1,9,-8,13.2,0
21998,100002,Rebecca Lobo,1611661313,NYL,New York Liberty,1029800123,1998-08-08,NYL vs. LAS,W,27,10,16,0.625,0,1,0.0,2,5,0.4,3,5,8,1,1,2,1,3,22,,41.1,0
21998,100101,Teresa Weatherspoon,1611661313,NYL,New York Liberty,1029800123,1998-08-08,NYL vs. LAS,W,27,2,5,0.4,0,0,,0,1,0.0,0,5,5,5,3,0,2,1,4,,24.5,0
21998,100102,Kym Hampton,1611661313,NYL,New York Liberty,1029800123,1998-08-08,NYL vs. LAS,W,17,4,10,0.4,0,0,,2,2,1.0,2,3,5,0,2,0,3,3,10,,19.0,0
21998,100103,Vickie Johnson,1611661313,NYL,New York Liberty,1029800123,1998-08-08,NYL vs. LAS,W,25,5,11,0.455,2,2,1.0,0,0,,3,3,6,2,1,0,1,2,12,,24.2,0
21998,100104,Sue Wicks,1611661313,NYL,New York Liberty,1029800123,1998-08-08,NYL vs. LAS,W,20,2,5,0.4,0,0,,2,2,1.0,5,4,9,2,0,0,2,4,6,,17.8,0
21998,100105,Sophia Witherspoon,1611661313,NYL,New York Liberty,1029800123,1998-08-08,NYL vs. LAS,W,24,4,9,0.444,1,3,0.333,3,4,0.75,0,1,1,7,0,0,2,0,12,,21.7,0
21998,100106,Trena Trice-Hill,1611661313,NYL,New York Liberty,1029800123,1998-08-08,NYL vs. LAS,W,4,0,1,0.0,0,0,,1,2,0.5,1,0,1,0,0,0,0,2,1,,2.2,0
21998,100107,Kisha Ford,1611661313,NYL,New York Liberty,1029800123,1998-08-08,NYL vs. LAS,W,20,3,5,0.6,0,0,,0,0,,1,1,2,0,2,0,1,3,6,,13.4,0
21998,100213,Elisabeth Cebrian,1611661313,NYL,New York Liberty,1029800123,1998-08-08,NYL vs. LAS,W,12,1,4,0.25,0,0,,0,0,,0,0,0,1,0,1,2,1,2,,4.5,0
21998,100216,Alicia Thompson,1611661313,NYL,New York Liberty,1029800123,1998-08-08,NYL vs. LAS,W,7,1,5,0.2,0,0,,1,2,0.5,1,0,1,0,0,0,0,0,3,,4.2,0
21998,100217,Coquese Washington,1611661313,NYL,New York Liberty,1029800123,1998-08-08,NYL vs. LAS,W,17,0,2,0.0,0,1,0.0,2,2,1.0,0,2,2,8,2,0,3,0,2,,19.4,0
21998,100003,Lisa Leslie,1611661320,LAS,Los Angeles Sparks,1029800123,1998-08-08,LAS @ NYL,L,24,5,13,0.385,0,1,0.0,2,2,1.0,0,3,3,0,0,2,4,4,12,,17.6,0
21998,100004,Penny Toler,1611661320,LAS,Los Angeles Sparks,1029800123,1998-08-08,LAS @ NYL,L,31,6,14,0.429,1,3,0.333,1,2,0.5,0,2,2,2,1,0,6,2,14,,16.4,0
21998,100007,Jamila Wideman,1611661320,LAS,Los Angeles Sparks,1029800123,1998-08-08,LAS @ NYL,L,17,0,0,,0,0,,0,0,,0,0,0,2,0,0,0,1,0,,3.0,0
21998,100009,Katrina Colleton,1611661320,LAS,Los Angeles Sparks,1029800123,1998-08-08,LAS @ NYL,L,28,3,7,0.429,0,0,,2,2,1.0,1,5,6,2,0,2,1,4,8,,23.2,0
21998,100012,Mwadi Mabika,1611661320,LAS,Los Angeles Sparks,1029800123,1998-08-08,LAS @ NYL,L,26,3,9,0.333,1,3,0.333,0,0,,1,2,3,3,2,0,2,4,7,,19.1,0
21998,100020,Pam McGee,1611661320,LAS,Los Angeles Sparks,1029800123,1998-08-08,LAS @ NYL,L,20,2,4,0.5,0,0,,6,8,0.75,3,1,4,0,0,2,5,4,10,,15.8,0
21998,100169,Octavia Blue,1611661320,LAS,Los Angeles Sparks,1029800123,1998-08-08,LAS @ NYL,L,15,2,5,0.4,0,2,0.0,0,1,0.0,1,3,4,0,0,0,1,2,4,,7.8,0
21998,100174,Eugenia Rycraw,1611661320,LAS,Los Angeles Sparks,1029800123,1998-08-08,LAS @ NYL,L,11,1,1,1.0,0,0,,1,2,0.5,1,1,2,0,1,1,1,2,3,,10.4,0
21998,100176,Sandra VanEmbricqs,1611661320,LAS,Los Angeles Sparks,1029800123,1998-08-08,LAS @ NYL,L,19,1,5,0.2,0,0,,0,0,,2,3,5,1,0,1,1,1,2,,11.5,0
21998,100286,Michelle Reed,1611661320,LAS,Los Angeles Sparks,1029800123,1998-08-08,LAS @ NYL,L,9,1,3,0.333,0,0,,0,0,,0,1,1,0,0,0,1,0,2,,2.2,0
21998,100058,Vicky Bullett,1611661314,CHA,Charlotte Sting,1029800124,1998-08-08,CHA @ CLE,L,33,8,13,0.615,0,0,,1,2,0.5,2,4,6,0,3,2,4,1,17,,35.2,0
21998,100059,Andrea Stinson,1611661314,CHA,Charlotte Sting,1029800124,1998-08-08,CHA @ CLE,L,37,5,14,0.357,2,5,0.4,0,0,,2,6,8,5,0,0,3,2,12,,26.1,0
21998,100060,Rhonda Mapp,1611661314,CHA,Charlotte Sting,1029800124,1998-08-08,CHA @ CLE,L,25,4,8,0.5,0,0,,1,2,0.5,5,1,6,2,1,0,0,4,9,,22.2,0
21998,100062,Tora Suber,1611661314,CHA,Charlotte Sting,1029800124,1998-08-08,CHA @ CLE,L,29,4,11,0.364,2,5,0.4,0,0,,2,1,3,4,3,0,3,4,10,,25.6,0
21998,100063,Sharon Manning,1611661314,CHA,Charlotte Sting,1029800124,1998-08-08,CHA @ CLE,L,18,2,6,0.333,0,0,,0,1,0.0,3,6,9,1,1,0,4,4,4,,15.3,0
21998,100065,Andrea Congreaves,1611661314,CHA,Charlotte Sting,1029800124,1998-08-08,CHA @ CLE,L,13,0,4,0.0,0,3,0.0,0,0,,1,1,2,2,0,0,0,1,0,,5.4,0
21998,100181,Christy Smith,1611661314,CHA,Charlotte Sting,1029800124,1998-08-08,CHA @ CLE,L,11,0,1,0.0,0,1,0.0,0,0,,0,1,1,1,0,0,1,0,0,,1.7,0
21998,100182,Tracy Reid,1611661314,CHA,Charlotte Sting,1029800124,1998-08-08,CHA @ CLE,L,34,2,6,0.333,0,0,,2,4,0.5,0,6,6,1,1,1,4,0,6,,16.7,0
21998,100049,Raegan Scott,1611661315,CLE,Cleveland Rockers,1029800124,1998-08-08,CLE vs. CHA,W,2,0,0,,0,0,,0,0,,0,2,2,0,0,0,0,0,0,,2.4,0
21998,100087,Janice Braxton,1611661315,CLE,Cleveland Rockers,1029800124,1998-08-08,CLE vs. CHA,W,31,5,8,0.625,0,0,,1,1,1.0,2,3,5,4,2,1,2,2,11,,30.0,0
21998,100088,Michelle Edwards,1611661315,CLE,Cleveland Rockers,1029800124,1998-08-08,CLE vs. CHA,W,32,5,13,0.385,0,1,0.0,2,2,1.0,1,1,2,3,2,0,1,3,12,,23.9,0
21998,100089,Isabelle Fijalkowski,1611661315,CLE,Cleveland Rockers,1029800124,1998-08-08,CLE vs. CHA,W,36,5,12,0.417,0,0,,2,2,1.0,2,4,6,2,0,2,3,2,12,,25.2,0
21998,100091,Eva Nemcova,1611661315,CLE,Cleveland Rockers,1029800124,1998-08-08,CLE vs. CHA,W,36,7,16,0.438,2,3,0.667,2,3,0.667,0,5,5,3,3,1,2,1,18,,38.5,0
21998,100092,Merlakia Jones,1611661315,CLE,Cleveland Rockers,1029800124,1998-08-08,CLE vs. CHA,W,18,3,8,0.375,0,2,0.0,1,2,0.5,3,0,3,2,3,0,2,1,7,,20.6,0
21998,100097,Rushia Brown,1611661315,CLE,Cleveland Rockers,1029800124,1998-08-08,CLE vs. CHA,W,9,0,1,0.0,0,0,,0,0,,0,1,1,0,1,0,0,0,0,,4.2,0
21998,100100,Adrienne Johnson,1611661315,CLE,Cleveland Rockers,1029800124,1998-08-08,CLE vs. CHA,W,5,0,1,0.0,0,1,0.0,0,0,,0,1,1,1,0,0,0,1,0,,2.7,0
21998,100187,Suzie McConnell Serio,1611661315,CLE,Cleveland Rockers,1029800124,1998-08-08,CLE vs. CHA,W,31,2,6,0.333,1,5,0.2,0,0,,1,2,3,4,2,0,3,0,5,,17.6,0
21998,100029,Michele Timms,1611661317,PHO,Phoenix Mercury,1029800125,1998-08-08,PHO vs. UTA,W,38,2,12,0.167,2,7,0.286,2,2,1.0,3,4,7,9,2,0,2,3,8,,33.9,0
21998,100030,Jennifer Gillom,1611661317,PHO,Phoenix Mercury,1029800125,1998-08-08,PHO vs. UTA,W,32,5,14,0.357,0,4,0.0,3,5,0.6,2,6,8,1,1,0,4,3,13,,23.1,0
21998,100031,Bridget Pettis,1611661317,PHO,Phoenix Mercury,1029800125,1998-08-08,PHO vs. UTA,W,35,6,12,0.5,2,6,0.333,7,7,1.0,3,5,8,3,1,0,5,1,21,,33.1,0
21998,100033,Toni Foster,1611661317,PHO,Phoenix Mercury,1029800125,1998-08-08,PHO vs. UTA,W,3,0,1,0.0,0,0,,0,0,,0,0,0,0,0,0,0,0,0,,0.0,0
21998,100035,Umeki Webb,1611661317,PHO,Phoenix Mercury,1029800125,1998-08-08,PHO vs. UTA,W,16,0,7,0.0,0,1,0.0,0,0,,2,0,2,1,1,2,0,0,0,,12.9,0
21998,100037,Marlies Askamp,1611661317,PHO,Phoenix Mercury,1029800125,1998-08-08,PHO vs. UTA,W,24,3,8,0.375,0,0,,6,11,0.545,4,3,7,0,0,0,2,3,12,,18.4,0
21998,100221,Michelle Brogan,1611661317,PHO,Phoenix Mercury,1029800125,1998-08-08,PHO vs. UTA,W,12,0,3,0.0,0,0,,0,0,,1,1,2,0,1,0,0,1,0,,5.4,0
21998,100222,Kristi Harrower,1611661317,PHO,Phoenix Mercury,1029800125,1998-08-08,PHO vs. UTA,W,5,0,0,,0,0,,1,2,0.5,0,0,0,0,0,0,1,1,1,,0.0,0
21998,100224,Andrea Kuklova,1611661317,PHO,Phoenix Mercury,1029800125,1998-08-08,PHO vs. UTA,W,2,0,0,,0,0,,0,0,,0,0,0,0,0,0,0,0,0,,0.0,0
21998,100225,Brandy Reed,1611661317,PHO,Phoenix Mercury,1029800125,1998-08-08,PHO vs. UTA,W,24,6,7,0.857,0,1,0.0,1,2,0.5,4,2,6,1,3,0,0,2,13,,30.7,0
21998,100227,Maria Stepanova,1611661317,PHO,Phoenix Mercury,1029800125,1998-08-08,PHO vs. UTA,W,9,0,2,0.0,0,0,,0,0,,0,3,3,0,0,0,1,4,0,,2.6,0
21998,100022,Chantel Tremitiere,1611661319,UTA,Utah Starzz,1029800125,1998-08-08,UTA @ PHO,L,32,2,6,0.333,0,1,0.0,3,4,0.75,0,2,2,4,0,0,3,2,7,,12.4,0
21998,100045,Dena Head,1611661319,UTA,Utah Starzz,1029800125,1998-08-08,UTA @ PHO,L,29,1,1,1.0,0,0,,0,1,0.0,0,2,2,1,1,0,2,1,2,,6.9,0
21998,100046,Wendy Palmer,1611661319,UTA,Utah Starzz,1029800125,1998-08-08,UTA @ PHO,L,37,4,9,0.444,0,1,0.0,0,0,,2,6,8,0,2,0,2,5,8,,21.6,0
21998,100050,Kim Williams,1611661319,UTA,Utah Starzz,1029800125,1998-08-08,UTA @ PHO,L,20,4,9,0.444,0,1,0.0,2,4,0.5,0,1,1,2,2,2,2,2,10,,24.2,0
21998,100239,Margo Dydek,1611661319,UTA,Utah Starzz,1029800125,1998-08-08,UTA @ PHO,L,31,6,12,0.5,0,0,,7,7,1.0,0,4,4,2,0,7,1,6,19,,46.8,0
21998,100242,LaTonya Johnson,1611661319,UTA,Utah Starzz,1029800125,1998-08-08,UTA @ PHO,L,26,2,4,0.5,0,0,,3,4,0.75,0,2,2,2,1,0,3,3,7,,12.4,0
21998,100243,Olympia Scott,1611661319,UTA,Utah Starzz,1029800125,1998-08-08,UTA @ PHO,L,25,4,8,0.5,1,1,1.0,0,2,0.0,1,3,4,0,1,1,4,5,9,,15.8,0
21998,100003,Lisa Leslie,1611661320,LAS,Los Angeles Sparks,1029800126,1998-08-09,LAS @ WAS,L,38,9,16,0.563,0,0,,5,7,0.714,6,10,16,2,0,2,4,4,23,,47.2,0
21998,100004,Penny Toler,1611661320,LAS,Los Angeles Sparks,1029800126,1998-08-09,LAS @ WAS,L,33,5,13,0.385,2,4,0.5,0,0,,0,1,1,7,0,0,4,4,12,,19.7,0
21998,100007,Jamila Wideman,1611661320,LAS,Los Angeles Sparks,1029800126,1998-08-09,LAS @ WAS,L,20,0,3,0.0,0,2,0.0,0,0,,1,2,3,3,0,0,2,1,0,,6.1,0
21998,100009,Katrina Colleton,1611661320,LAS,Los Angeles Sparks,1029800126,1998-08-09,LAS @ WAS,L,23,1,8,0.125,0,2,0.0,2,2,1.0,2,1,3,1,0,0,0,3,4,,9.1,0
21998,100012,Mwadi Mabika,1611661320,LAS,Los Angeles Sparks,1029800126,1998-08-09,LAS @ WAS,L,30,6,15,0.4,3,7,0.429,1,1,1.0,0,4,4,1,0,0,1,3,16,,21.3,0
21998,100020,Pam McGee,1611661320,LAS,Los Angeles Sparks,1029800126,1998-08-09,LAS @ WAS,L,29,7,13,0.538,0,0,,1,2,0.5,4,2,6,1,0,0,1,3,15,,22.7,0
21998,100169,Octavia Blue,1611661320,LAS,Los Angeles Sparks,1029800126,1998-08-09,LAS @ WAS,L,11,0,1,0.0,0,0,,2,2,1.0,0,1,1,2,2,0,0,1,2,,12.2,0
21998,100174,Eugenia Rycraw,1611661320,LAS,Los Angeles Sparks,1029800126,1998-08-09,LAS @ WAS,L,10,0,1,0.0,0,0,,2,4,0.5,1,3,4,0,0,1,0,1,2,,9.8,0
21998,100176,Sandra VanEmbricqs,1611661320,LAS,Los Angeles Sparks,1029800126,1998-08-09,LAS @ WAS,L,6,0,0,,0,0,,0,0,,0,1,1,1,0,0,2,1,0,,0.7,0
21998,100052,Deborah Carter,1611661322,WAS,Washington Mystics,1029800126,1998-08-09,WAS vs. LAS,W,13,1,4,0.25,0,0,,0,0,,0,1,1,0,1,0,0,2,2,,6.2,0
21998,100156,Heidi Burge,1611661322,WAS,Washington Mystics,1029800126,1998-08-09,WAS vs. LAS,W,21,3,5,0.6,0,0,,2,2,1.0,1,2,3,1,1,1,1,4,8,,18.1,0
21998,100193,La'Shawn Brown,1611661322,WAS,Washington Mystics,1029800126,1998-08-09,WAS vs. LAS,W,16,1,2,0.5,0,0,,2,5,0.4,1,2,3,0,0,1,1,4,4,,9.6,0
21998,100194,Keri Chaconas,1611661322,WAS,Washington Mystics,1029800126,1998-08-09,WAS vs. LAS,W,9,0,2,0.0,0,1,0.0,0,0,,0,1,1,1,1,0,0,0,0,,5.7,0
21998,100198,Nikki McCray,1611661322,WAS,Washington Mystics,1029800126,1998-08-09,WAS vs. LAS,W,33,8,17,0.471,0,2,0.0,5,5,1.0,1,4,5,4,1,1,2,2,21,,37.0,0
21998,100199,Murriel Page,1611661322,WAS,Washington Mystics,1029800126,1998-08-09,WAS vs. LAS,W,37,5,8,0.625,0,0,,2,4,0.5,3,5,8,1,1,0,1,2,12,,25.1,0
21998,100202,Adrienne Shuler,1611661322,WAS,Washington Mystics,1029800126,1998-08-09,WAS vs. LAS,W,20,5,10,0.5,3,5,0.6,1,2,0.5,2,3,5,5,2,0,1,0,14,,32.5,0
21998,100204,Rita Williams,1611661322,WAS,Washington Mystics,1029800126,1998-08-09,WAS vs. LAS,W,20,2,6,0.333,0,2,0.0,4,6,0.667,0,3,3,1,2,0,1,3,8,,18.1,0
21998,100289,Margo Graham,1611661322,WAS,Washington Mystics,1029800126,1998-08-09,WAS vs. LAS,W,6,0,1,0.0,0,0,,0,0,,0,0,0,0,0,1,3,1,0,,0.0,0
21998,100374,Penny Moore,1611661322,WAS,Washington Mystics,1029800126,1998-08-09,WAS vs. LAS,W,25,3,6,0.5,0,1,0.0,1,2,0.5,0,2,2,0,0,1,0,3,7,,12.4,0
21998,100087,Janice Braxton,1611661315,CLE,Cleveland Rockers,1029800127,1998-08-10,CLE vs. PHO,L,38,5,10,0.5,0,0,,1,1,1.0,1,5,6,3,1,1,3,2,11,,25.7,0
21998,100088,Michelle Edwards,1611661315,CLE,Cleveland Rockers,1029800127,1998-08-10,CLE vs. PHO,L,44,4,15,0.267,0,2,0.0,1,5,0.2,0,3,3,6,1,0,6,3,9,,18.6,0
21998,100089,Isabelle Fijalkowski,1611661315,CLE,Cleveland Rockers,1029800127,1998-08-10,CLE vs. PHO,L,36,5,12,0.417,0,0,,7,9,0.778,5,7,12,2,0,2,3,6,17,,37.4,0
21998,100091,Eva Nemcova,1611661315,CLE,Cleveland Rockers,1029800127,1998-08-10,CLE vs. PHO,L,45,8,11,0.727,1,3,0.333,2,2,1.0,1,4,5,3,0,1,4,3,19,,28.5,0
21998,100092,Merlakia Jones,1611661315,CLE,Cleveland Rockers,1029800127,1998-08-10,CLE vs. PHO,L,11,3,5,0.6,0,0,,0,0,,1,1,2,0,1,0,2,2,6,,9.4,0
21998,100097,Rushia Brown,1611661315,CLE,Cleveland Rockers,1029800127,1998-08-10,CLE vs. PHO,L,27,3,5,0.6,0,0,,1,2,0.5,4,5,9,1,3,1,2,1,7,,29.3,0
21998,100100,Adrienne Johnson,1611661315,CLE,Cleveland Rockers,1029800127,1998-08-10,CLE vs. PHO,L,8,2,4,0.5,0,0,,0,0,,2,1,3,1,0,0,0,1,4,,9.1,0
21998,100187,Suzie McConnell Serio,1611661315,CLE,Cleveland Rockers,1029800127,1998-08-10,CLE vs. PHO,L,41,3,5,0.6,0,1,0.0,1,2,0.5,0,5,5,8,1,0,5,2,7,,23.0,0
21998,100029,Michele Timms,1611661317,PHO,Phoenix Mercury,1029800127,1998-08-10,PHO @ CLE,W,41,2,11,0.182,2,6,0.333,0,0,,0,0,0,7,1,0,2,1,6,,17.5,0
21998,100030,Jennifer Gillom,1611661317,PHO,Phoenix Mercury,1029800127,1998-08-10,PHO @ CLE,W,43,14,28,0.5,1,3,0.333,9,12,0.75,1,7,8,2,3,0,4,5,38,,55.6,0
21998,100031,Bridget Pettis,1611661317,PHO,Phoenix Mercury,1029800127,1998-08-10,PHO @ CLE,W,38,2,7,0.286,1,3,0.333,4,4,1.0,1,3,4,6,1,0,0,3,9,,25.8,0
21998,100033,Toni Foster,1611661317,PHO,Phoenix Mercury,1029800127,1998-08-10,PHO @ CLE,W,7,1,4,0.25,0,0,,0,0,,0,0,0,1,0,0,0,2,2,,3.5,0
21998,100035,Umeki Webb,1611661317,PHO,Phoenix Mercury,1029800127,1998-08-10,PHO @ CLE,W,45,4,7,0.571,1,1,1.0,0,0,,2,2,4,5,2,1,0,5,9,,30.3,0
21998,100037,Marlies Askamp,1611661317,PHO,Phoenix Mercury,1029800127,1998-08-10,PHO @ CLE,W,11,1,2,0.5,0,0,,0,0,,0,0,0,1,0,0,2,2,2,,1.5,0
21998,100221,Michelle Brogan,1611661317,PHO,Phoenix Mercury,1029800127,1998-08-10,PHO @ CLE,W,38,6,13,0.462,0,2,0.0,0,0,,0,4,4,0,2,0,1,3,12,,21.8,0
21998,100222,Kristi Harrower,1611661317,PHO,Phoenix Mercury,1029800127,1998-08-10,PHO @ CLE,W,9,0,1,0.0,0,0,,0,0,,0,1,1,1,0,0,1,2,0,,1.7,0
21998,100224,Andrea Kuklova,1611661317,PHO,Phoenix Mercury,1029800127,1998-08-10,PHO @ CLE,W,9,1,4,0.25,0,0,,0,0,,0,1,1,0,1,1,1,1,2,,8.2,0
21998,100225,Brandy Reed,1611661317,PHO,Phoenix Mercury,1029800127,1998-08-10,PHO @ CLE,W,8,0,1,0.0,0,0,,2,2,1.0,0,1,1,0,2,0,0,1,2,,9.2,0
21998,100227,Maria Stepanova,1611661317,PHO,Phoenix Mercury,1029800127,1998-08-10,PHO @ CLE,W,1,0,0,,0,0,,0,0,,0,0,0,0,0,0,0,0,0,,0.0,0
21998,100058,Vicky Bullett,1611661314,CHA,Charlotte Sting,1029800128,1998-08-10,CHA @ HOU,L,36,6,13,0.462,1,3,0.333,2,2,1.0,1,6,7,0,0,1,0,2,15,,26.4,0
21998,100059,Andrea Stinson,1611661314,CHA,Charlotte Sting,1029800128,1998-08-10,CHA @ HOU,L,36,9,17,0.529,1,5,0.2,2,2,1.0,2,2,4,2,0,1,2,3,21,,29.8,0
21998,100060,Rhonda Mapp,1611661314,CHA,Charlotte Sting,1029800128,1998-08-10,CHA @ HOU,L,19,2,5,0.4,0,0,,0,0,,1,2,3,4,0,2,0,4,4,,19.6,0
21998,100062,Tora Suber,1611661314,CHA,Charlotte Sting,1029800128,1998-08-10,CHA @ HOU,L,38,1,9,0.111,1,5,0.2,1,4,0.25,0,8,8,4,1,0,2,3,4,,20.6,0
21998,100063,Sharon Manning,1611661314,CHA,Charlotte Sting,1029800128,1998-08-10,CHA @ HOU,L,23,0,2,0.0,0,0,,1,2,0.5,3,4,7,1,0,0,1,2,1,,9.9,0
21998,100065,Andrea Congreaves,1611661314,CHA,Charlotte Sting,1029800128,1998-08-10,CHA @ HOU,L,11,0,1,0.0,0,1,0.0,0,0,,0,0,0,0,0,0,1,0,0,,-1.0,0
21998,100181,Christy Smith,1611661314,CHA,Charlotte Sting,1029800128,1998-08-10,CHA @ HOU,L,2,0,0,,0,0,,0,0,,0,0,0,1,0,0,1,0,0,,0.5,0
21998,100182,Tracy Reid,1611661314,CHA,Charlotte Sting,1029800128,1998-08-10,CHA @ HOU,L,35,9,16,0.563,0,0,,4,6,0.667,1,3,4,0,3,0,1,1,22,,34.8,0
21998,100072,Sheryl Swoopes,1611661316,HOU,Houston Comets,1029800128,1998-08-10,HOU vs. CHA,W,40,7,17,0.412,3,7,0.429,3,5,0.6,0,5,5,4,3,1,1,3,20,,43.0,0
21998,100073,Cynthia Cooper,1611661316,HOU,Houston Comets,1029800128,1998-08-10,HOU vs. CHA,W,22,8,13,0.615,2,6,0.333,2,3,0.667,0,1,1,4,0,0,1,2,20,,26.2,0
21998,100075,Janeth Arcain,1611661316,HOU,Houston Comets,1029800128,1998-08-10,HOU vs. CHA,W,24,4,11,0.364,0,2,0.0,0,0,,1,2,3,1,0,0,2,3,8,,11.1,0
21998,100076,Tina Thompson,1611661316,HOU,Houston Comets,1029800128,1998-08-10,HOU vs. CHA,W,38,5,16,0.313,1,5,0.2,2,2,1.0,5,8,13,0,2,1,2,3,13,,35.6,0
21998,100077,Tammy Jackson,1611661316,HOU,Houston Comets,1029800128,1998-08-10,HOU vs. CHA,W,6,0,1,0.0,0,0,,0,0,,2,0,2,0,0,0,0,0,0,,2.4,0
21998,100083,Kim Perrot,1611661316,HOU,Houston Comets,1029800128,1998-08-10,HOU vs. CHA,W,38,2,7,0.286,1,3,0.333,0,0,,0,3,3,9,0,0,4,4,5,,18.1,0
21998,100085,Yolanda Moore,1611661316,HOU,Houston Comets,1029800128,1998-08-10,HOU vs. CHA,W,4,0,0,,0,0,,0,0,,0,0,0,0,0,0,0,0,0,,0.0,0
21998,100207,Monica Lamb,1611661316,HOU,Houston Comets,1029800128,1998-08-10,HOU vs. CHA,W,28,1,3,0.333,0,0,,2,2,1.0,0,4,4,1,1,2,0,2,4,,19.3,0
21998,100022,Chantel Tremitiere,1611661319,UTA,Utah Starzz,1029800129,1998-08-10,UTA vs. DET,L,32,2,6,0.333,0,1,0.0,0,0,,0,0,0,4,2,2,1,5,4,,21.0,0
21998,100043,Elena Baranova,1611661319,UTA,Utah Starzz,1029800129,1998-08-10,UTA vs. DET,L,37,5,17,0.294,2,5,0.4,3,5,0.6,4,2,6,1,3,1,0,4,15,,35.7,0
21998,100045,Dena Head,1611661319,UTA,Utah Starzz,1029800129,1998-08-10,UTA vs. DET,L,17,1,2,0.5,0,0,,2,2,1.0,0,2,2,1,0,0,1,2,4,,6.9,0
21998,100046,Wendy Palmer,1611661319,UTA,Utah Starzz,1029800129,1998-08-10,UTA vs. DET,L,38,6,19,0.316,0,2,0.0,8,12,0.667,4,8,12,4,0,0,1,1,20,,39.4,0
21998,100050,Kim Williams,1611661319,UTA,Utah Starzz,1029800129,1998-08-10,UTA vs. DET,L,30,7,18,0.389,0,4,0.0,1,1,1.0,0,0,0,2,3,1,1,4,15,,29.0,0
21998,100168,Erin Alexander,1611661319,UTA,Utah Starzz,1029800129,1998-08-10,UTA vs. DET,L,1,0,0,,0,0,,0,0,,0,0,0,0,0,0,0,0,0,,0.0,0
21998,100239,Margo Dydek,1611661319,UTA,Utah Starzz,1029800129,1998-08-10,UTA vs. DET,L,21,2,6,0.333,0,0,,1,2,0.5,2,3,5,3,1,1,2,6,5,,19.5,0
21998,100242,LaTonya Johnson,1611661319,UTA,Utah Starzz,1029800129,1998-08-10,UTA vs. DET,L,2,0,1,0.0,0,0,,0,0,,0,1,1,1,0,0,0,0,0,,2.7,0
21998,100243,Olympia Scott,1611661319,UTA,Utah Starzz,1029800129,1998-08-10,UTA vs. DET,L,22,4,8,0.5,0,0,,2,2,1.0,2,3,5,0,0,1,3,6,10,,16.0,0
21998,100023,Tajama Abraham,1611661321,DET,Detroit Shock,1029800129,1998-08-10,DET @ UTA,W,3,0,0,,0,0,,0,0,,0,0,0,0,0,0,1,0,0,,-1.0,0
21998,100108,Rhonda Blades,1611661321,DET,Detroit Shock,1029800129,1998-08-10,DET @ UTA,W,4,0,1,0.0,0,1,0.0,0,0,,0,2,2,2,0,0,2,0,0,,3.4,0
21998,100246,Gergana Branzova,1611661321,DET,Detroit Shock,1029800129,1998-08-10,DET @ UTA,W,17,4,7,0.571,0,0,,2,3,0.667,1,4,5,1,0,2,2,4,10,,21.5,0
21998,100247,Sandy Brondello,1611661321,DET,Detroit Shock,1029800129,1998-08-10,DET @ UTA,W,36,3,9,0.333,1,1,1.0,4,4,1.0,1,0,1,2,2,1,1,1,11,,23.2,0
21998,100248,Cindy Brown,1611661321,DET,Detroit Shock,1029800129,1998-08-10,DET @ UTA,W,33,3,12,0.25,0,3,0.0,4,8,0.5,3,18,21,4,0,2,2,2,10,,45.2,0
21998,100250,Korie Hlede,1611661321,DET,Detroit Shock,1029800129,1998-08-10,DET @ UTA,W,40,7,15,0.467,1,2,0.5,5,8,0.625,2,2,4,2,0,0,3,2,20,,24.8,0
21998,100253,Razija Brcaninovic,1611661321,DET,Detroit Shock,1029800129,1998-08-10,DET @ UTA,W,23,3,6,0.5,0,0,,6,9,0.667,3,2,5,3,0,2,4,2,12,,24.5,0
21998,100255,Rachael Sporn,1611661321,DET,Detroit Shock,1029800129,1998-08-10,DET @ UTA,W,12,0,2,0.0,0,0,,0,0,,1,3,4,2,0,0,0,1,0,,7.8,0
21998,100269,Carla Boyd,1611661321,DET,Detroit Shock,1029800129,1998-08-10,DET @ UTA,W,32,5,12,0.417,2,3,0.667,2,4,0.5,4,1,5,3,2,2,1,6,14,,35.5,0
21998,100002,Rebecca Lobo,1611661313,NYL,New York Liberty,1029800130,1998-08-11,NYL vs. PHO,W,39,3,8,0.375,1,1,1.0,6,6,1.0,2,9,11,0,0,1,7,2,13,,22.2,0
21998,100101,Teresa Weatherspoon,1611661313,NYL,New York Liberty,1029800130,1998-08-11,NYL vs. PHO,W,41,1,5,0.2,0,2,0.0,5,10,0.5,1,3,4,7,7,0,6,3,7,,37.3,0
21998,100102,Kym Hampton,1611661313,NYL,New York Liberty,1029800130,1998-08-11,NYL vs. PHO,W,27,4,5,0.8,0,0,,2,2,1.0,1,6,7,1,2,1,6,2,10,,22.9,0
21998,100103,Vickie Johnson,1611661313,NYL,New York Liberty,1029800130,1998-08-11,NYL vs. PHO,W,36,4,11,0.364,1,4,0.25,2,3,0.667,1,4,5,3,3,0,2,3,11,,28.5,0
21998,100104,Sue Wicks,1611661313,NYL,New York Liberty,1029800130,1998-08-11,NYL vs. PHO,W,19,3,5,0.6,0,0,,3,3,1.0,2,2,4,2,1,1,3,2,9,,19.8,0
21998,100105,Sophia Witherspoon,1611661313,NYL,New York Liberty,1029800130,1998-08-11,NYL vs. PHO,W,37,8,13,0.615,0,3,0.0,1,5,0.2,1,1,2,3,3,0,5,5,17,,27.9,0
21998,100107,Kisha Ford,1611661313,NYL,New York Liberty,1029800130,1998-08-11,NYL vs. PHO,W,17,4,5,0.8,0,0,,2,2,1.0,1,0,1,1,1,0,0,3,10,,15.7,0
21998,100213,Elisabeth Cebrian,1611661313,NYL,New York Liberty,1029800130,1998-08-11,NYL vs. PHO,W,5,1,2,0.5,0,0,,0,0,,1,0,1,0,0,0,0,0,2,,3.2,0
21998,100217,Coquese Washington,1611661313,NYL,New York Liberty,1029800130,1998-08-11,NYL vs. PHO,W,4,0,2,0.0,0,0,,0,0,,1,0,1,3,0,0,1,1,0,,4.7,0
21998,100029,Michele Timms,1611661317,PHO,Phoenix Mercury,1029800130,1998-08-11,PHO @ NYL,L,38,2,8,0.25,0,0,,4,5,0.8,0,1,1,4,0,0,5,3,8,,10.2,0
21998,100030,Jennifer Gillom,1611661317,PHO,Phoenix Mercury,1029800130,1998-08-11,PHO @ NYL,L,37,7,19,0.368,1,3,0.333,6,8,0.75,4,3,7,1,2,0,4,4,21,,32.9,0
21998,100031,Bridget Pettis,1611661317,PHO,Phoenix Mercury,1029800130,1998-08-11,PHO @ NYL,L,34,5,12,0.417,0,2,0.0,6,6,1.0,0,3,3,4,0,0,6,2,16,,19.6,0
21998,100033,Toni Foster,1611661317,PHO,Phoenix Mercury,1029800130,1998-08-11,PHO @ NYL,L,11,0,2,0.0,0,0,,0,0,,0,2,2,0,1,0,0,1,0,,5.4,0
21998,100035,Umeki Webb,1611661317,PHO,Phoenix Mercury,1029800130,1998-08-11,PHO @ NYL,L,31,1,3,0.333,0,1,0.0,0,0,,1,3,4,1,3,0,2,4,2,,15.3,0
21998,100037,Marlies Askamp,1611661317,PHO,Phoenix Mercury,1029800130,1998-08-11,PHO @ NYL,L,4,0,0,,0,0,,1,2,0.5,1,0,1,0,0,0,0,1,1,,2.2,0
21998,100221,Michelle Brogan,1611661317,PHO,Phoenix Mercury,1029800130,1998-08-11,PHO @ NYL,L,31,4,6,0.667,1,1,1.0,0,1,0.0,0,1,1,4,1,0,1,3,9,,18.2,0
21998,100222,Kristi Harrower,1611661317,PHO,Phoenix Mercury,1029800130,1998-08-11,PHO @ NYL,L,7,2,3,0.667,1,1,1.0,0,0,,0,0,0,3,0,0,1,1,5,,8.5,0
21998,100224,Andrea Kuklova,1611661317,PHO,Phoenix Mercury,1029800130,1998-08-11,PHO @ NYL,L,4,0,1,0.0,0,0,,0,0,,0,0,0,0,0,0,2,0,0,,-2.0,0
21998,100225,Brandy Reed,1611661317,PHO,Phoenix Mercury,1029800130,1998-08-11,PHO @ NYL,L,20,5,6,0.833,0,0,,0,0,,0,2,2,1,1,0,1,2,10,,15.9,0
21998,100227,Maria Stepanova,1611661317,PHO,Phoenix Mercury,1029800130,1998-08-11,PHO @ NYL,L,8,3,3,1.0,0,0,,0,0,,0,0,0,0,2,0,0,2,6,,12.0,0
21998,100011,Linda Burgess,1611661318,SAC,Sacramento Monarchs,1029800131,1998-08-11,SAC vs. DET,L,21,1,3,0.333,0,0,,1,1,1.0,2,0,2,0,1,0,3,2,3,,5.4,0
21998,100017,Bridgette Gordon,1611661318,SAC,Sacramento Monarchs,1029800131,1998-08-11,SAC vs. DET,L,5,0,1,0.0,0,0,,0,0,,0,1,1,0,0,0,2,1,0,,-0.8,0
21998,100027,Latasha Byears,1611661318,SAC,Sacramento Monarchs,1029800131,1998-08-11,SAC vs. DET,L,34,7,18,0.389,1,2,0.5,1,2,0.5,3,5,8,1,0,1,4,5,16,,26.1,0
21998,100044,Lady Grooms,1611661318,SAC,Sacramento Monarchs,1029800131,1998-08-11,SAC vs. DET,L,32,2,5,0.4,0,1,0.0,0,0,,2,2,4,1,2,1,1,1,4,,18.3,0
21998,100214,Nadine Domond,1611661318,SAC,Sacramento Monarchs,1029800131,1998-08-11,SAC vs. DET,L,7,0,2,0.0,0,1,0.0,0,0,,0,0,0,0,0,0,0,2,0,,0.0,0
21998,100231,Adia Barnes,1611661318,SAC,Sacramento Monarchs,1029800131,1998-08-11,SAC vs. DET,L,23,1,6,0.167,0,4,0.0,0,0,,1,1,2,2,1,0,2,1,2,,8.4,0
21998,100234,Ticha Penicheiro,1611661318,SAC,Sacramento Monarchs,1029800131,1998-08-11,SAC vs. DET,L,40,0,7,0.0,0,2,0.0,2,4,0.5,1,4,5,7,4,0,1,5,2,,29.5,0
21998,100235,Franthea Price,1611661318,SAC,Sacramento Monarchs,1029800131,1998-08-11,SAC vs. DET,L,4,0,0,,0,0,,0,0,,0,1,1,1,0,0,0,0,0,,2.7,0
21998,100236,Tangela Smith,1611661318,SAC,Sacramento Monarchs,1029800131,1998-08-11,SAC vs. DET,L,34,7,14,0.5,0,0,,0,0,,1,4,5,1,0,3,6,5,14,,24.5,0
21998,100023,Tajama Abraham,1611661321,DET,Detroit Shock,1029800131,1998-08-11,DET @ SAC,W,1,0,0,,0,0,,0,0,,0,0,0,0,0,0,0,0,0,,0.0,0
21998,100090,Lynette Woodard,1611661321,DET,Detroit Shock,1029800131,1998-08-11,DET @ SAC,W,16,2,4,0.5,0,0,,2,2,1.0,2,1,3,1,0,0,2,1,6,,9.1,0
21998,100108,Rhonda Blades,1611661321,DET,Detroit Shock,1029800131,1998-08-11,DET @ SAC,W,18,0,1,0.0,0,0,,0,0,,0,0,0,2,1,0,3,2,0,,3.0,0
21998,100246,Gergana Branzova,1611661321,DET,Detroit Shock,1029800131,1998-08-11,DET @ SAC,W,12,1,3,0.333,0,0,,0,0,,0,2,2,0,0,1,2,3,2,,5.4,0
21998,100247,Sandy Brondello,1611661321,DET,Detroit Shock,1029800131,1998-08-11,DET @ SAC,W,40,4,13,0.308,1,3,0.333,6,6,1.0,0,3,3,3,0,0,2,1,15,,21.1,0
21998,100248,Cindy Brown,1611661321,DET,Detroit Shock,1029800131,1998-08-11,DET @ SAC,W,39,5,9,0.556,2,3,0.667,1,2,0.5,3,9,12,3,3,2,6,4,13,,40.9,0
21998,100250,Korie Hlede,1611661321,DET,Detroit Shock,1029800131,1998-08-11,DET @ SAC,W,6,0,3,0.0,0,0,,0,0,,0,1,1,0,0,0,2,0,0,,-0.8,0
21998,100253,Razija Brcaninovic,1611661321,DET,Detroit Shock,1029800131,1998-08-11,DET @ SAC,W,17,2,4,0.5,0,0,,1,3,0.333,1,3,4,1,0,0,2,2,5,,9.3,0
21998,100255,Rachael Sporn,1611661321,DET,Detroit Shock,1029800131,1998-08-11,DET @ SAC,W,20,2,3,0.667,0,0,,1,2,0.5,1,2,3,1,0,0,1,2,5,,9.1,0
21998,100269,Carla Boyd,1611661321,DET,Detroit Shock,1029800131,1998-08-11,DET @ SAC,W,31,2,5,0.4,0,1,0.0,0,0,,0,0,0,4,1,0,2,2,4,,11.0,0
21998,100049,Raegan Scott,1611661315,CLE,Cleveland Rockers,1029800132,1998-08-12,CLE @ WAS,W,10,1,1,1.0,0,0,,0,0,,0,4,4,2,0,0,1,0,2,,8.8,0
21998,100087,Janice Braxton,1611661315,CLE,Cleveland Rockers,1029800132,1998-08-12,CLE @ WAS,W,25,5,8,0.625,0,0,,3,4,0.75,2,4,6,2,2,1,3,0,13,,29.2,0
21998,100088,Michelle Edwards,1611661315,CLE,Cleveland Rockers,1029800132,1998-08-12,CLE @ WAS,W,27,2,5,0.4,2,2,1.0,1,4,0.25,0,4,4,1,3,0,3,4,7,,19.3,0
21998,100089,Isabelle Fijalkowski,1611661315,CLE,Cleveland Rockers,1029800132,1998-08-12,CLE @ WAS,W,29,3,7,0.429,0,1,0.0,7,8,0.875,1,3,4,2,1,1,3,4,13,,23.8,0
21998,100091,Eva Nemcova,1611661315,CLE,Cleveland Rockers,1029800132,1998-08-12,CLE @ WAS,W,27,3,8,0.375,1,2,0.5,3,3,1.0,0,5,5,3,0,1,2,0,10,,21.5,0
21998,100092,Merlakia Jones,1611661315,CLE,Cleveland Rockers,1029800132,1998-08-12,CLE @ WAS,W,17,4,10,0.4,0,2,0.0,4,5,0.8,1,3,4,2,2,0,0,2,12,,25.8,0
21998,100097,Rushia Brown,1611661315,CLE,Cleveland Rockers,1029800132,1998-08-12,CLE @ WAS,W,9,2,2,1.0,0,0,,2,4,0.5,0,0,0,0,4,0,2,2,6,,16.0,0
21998,100100,Adrienne Johnson,1611661315,CLE,Cleveland Rockers,1029800132,1998-08-12,CLE @ WAS,W,14,1,4,0.25,1,2,0.5,0,0,,0,1,1,1,1,1,1,1,3,,10.7,0
21998,100183,Cindy Blodgett,1611661315,CLE,Cleveland Rockers,1029800132,1998-08-12,CLE @ WAS,W,5,0,3,0.0,0,2,0.0,0,0,,0,0,0,2,0,0,0,0,0,,3.0,0
21998,100186,Tanja Kostic,1611661315,CLE,Cleveland Rockers,1029800132,1998-08-12,CLE @ WAS,W,5,0,0,,0,0,,0,0,,0,0,0,0,0,0,0,1,0,,0.0,0
21998,100187,Suzie McConnell Serio,1611661315,CLE,Cleveland Rockers,1029800132,1998-08-12,CLE @ WAS,W,32,3,8,0.375,3,5,0.6,0,0,,0,4,4,3,0,0,5,0,9,,13.3,0
21998,100052,Deborah Carter,1611661322,WAS,Washington Mystics,1029800132,1998-08-12,WAS vs. CLE,L,23,1,5,0.2,1,5,0.2,1,2,0.5,1,7,8,2,1,0,3,5,4,,16.6,0
21998,100156,Heidi Burge,1611661322,WAS,Washington Mystics,1029800132,1998-08-12,WAS vs. CLE,L,14,1,4,0.25,0,1,0.0,2,2,1.0,1,2,3,1,0,0,5,3,4,,4.1,0
21998,100193,La'Shawn Brown,1611661322,WAS,Washington Mystics,1029800132,1998-08-12,WAS vs. CLE,L,20,1,4,0.25,0,0,,0,0,,0,3,3,3,1,2,1,1,2,,18.1,0
21998,100194,Keri Chaconas,1611661322,WAS,Washington Mystics,1029800132,1998-08-12,WAS vs. CLE,L,15,0,4,0.0,0,3,0.0,0,0,,0,1,1,4,1,0,2,2,0,,8.2,0
21998,100198,Nikki McCray,1611661322,WAS,Washington Mystics,1029800132,1998-08-12,WAS vs. CLE,L,23,7,16,0.438,1,3,0.333,4,4,1.0,1,1,2,0,0,0,2,5,19,,19.4,0
21998,100199,Murriel Page,1611661322,WAS,Washington Mystics,1029800132,1998-08-12,WAS vs. CLE,L,37,5,6,0.833,0,0,,5,5,1.0,1,6,7,0,2,0,2,5,15,,27.4,0
21998,100202,Adrienne Shuler,1611661322,WAS,Washington Mystics,1029800132,1998-08-12,WAS vs. CLE,L,12,1,4,0.25,1,4,0.25,0,0,,0,4,4,3,1,0,1,0,3,,14.3,0
21998,100204,Rita Williams,1611661322,WAS,Washington Mystics,1029800132,1998-08-12,WAS vs. CLE,L,21,1,4,0.25,0,1,0.0,0,2,0.0,0,1,1,0,3,0,5,1,2,,7.2,0
21998,100289,Margo Graham,1611661322,WAS,Washington Mystics,1029800132,1998-08-12,WAS vs. CLE,L,5,1,2,0.5,0,0,,0,0,,2,0,2,0,0,0,1,2,2,,3.4,0
21998,100374,Penny Moore,1611661322,WAS,Washington Mystics,1029800132,1998-08-12,WAS vs. CLE,L,30,2,9,0.222,0,3,0.0,0,0,,0,4,4,0,3,0,5,2,4,,12.8,0
21998,100058,Vicky Bullett,1611661314,CHA,Charlotte Sting,1029800133,1998-08-12,CHA vs. LAS,L,32,4,10,0.4,0,0,,1,1,1.0,4,4,8,2,2,2,1,4,9,,32.6,0
21998,100059,Andrea Stinson,1611661314,CHA,Charlotte Sting,1029800133,1998-08-12,CHA vs. LAS,L,36,6,23,0.261,1,7,0.143,2,2,1.0,0,2,2,3,2,0,1,3,15,,26.9,0
21998,100060,Rhonda Mapp,1611661314,CHA,Charlotte Sting,1029800133,1998-08-12,CHA vs. LAS,L,16,2,4,0.5,0,0,,0,0,,0,1,1,3,0,0,0,1,4,,9.7,0
21998,100062,Tora Suber,1611661314,CHA,Charlotte Sting,1029800133,1998-08-12,CHA vs. LAS,L,27,0,3,0.0,0,3,0.0,0,0,,0,2,2,3,0,0,0,5,0,,6.9,0
21998,100063,Sharon Manning,1611661314,CHA,Charlotte Sting,1029800133,1998-08-12,CHA vs. LAS,L,20,2,6,0.333,0,0,,3,4,0.75,1,5,6,1,5,0,2,1,7,,28.7,0
21998,100065,Andrea Congreaves,1611661314,CHA,Charlotte Sting,1029800133,1998-08-12,CHA vs. LAS,L,8,0,3,0.0,0,3,0.0,0,0,,0,3,3,0,0,0,1,0,0,,2.6,0
21998,100070,Tia Paschal,1611661314,CHA,Charlotte Sting,1029800133,1998-08-12,CHA vs. LAS,L,4,0,0,,0,0,,0,0,,0,1,1,0,0,0,2,2,0,,-0.8,0
21998,100178,Sonia Chase,1611661314,CHA,Charlotte Sting,1029800133,1998-08-12,CHA vs. LAS,L,7,1,1,1.0,0,0,,0,0,,0,0,0,0,0,0,0,0,2,,2.0,0
21998,100180,Pollyanna Johns Kimbrough,1611661314,CHA,Charlotte Sting,1029800133,1998-08-12,CHA vs. LAS,L,8,0,1,0.0,0,0,,1,2,0.5,1,1,2,0,0,0,0,0,1,,3.4,0
21998,100181,Christy Smith,1611661314,CHA,Charlotte Sting,1029800133,1998-08-12,CHA vs. LAS,L,8,0,3,0.0,0,3,0.0,0,0,,0,0,0,0,0,0,1,0,0,,-1.0,0
21998,100182,Tracy Reid,1611661314,CHA,Charlotte Sting,1029800133,1998-08-12,CHA vs. LAS,L,34,3,10,0.3,0,0,,8,13,0.615,3,1,4,0,0,1,4,2,14,,17.8,0
21998,100003,Lisa Leslie,1611661320,LAS,Los Angeles Sparks,1029800133,1998-08-12,LAS @ CHA,W,34,9,13,0.692,0,1,0.0,3,7,0.429,3,11,14,3,1,3,3,5,21,,51.3,0
21998,100004,Penny Toler,1611661320,LAS,Los Angeles Sparks,1029800133,1998-08-12,LAS @ CHA,W,35,8,17,0.471,2,3,0.667,2,4,0.5,0,6,6,6,2,0,4,0,20,,38.2,0
21998,100007,Jamila Wideman,1611661320,LAS,Los Angeles Sparks,1029800133,1998-08-12,LAS @ CHA,W,12,0,2,0.0,0,0,,0,0,,0,1,1,3,0,0,2,1,0,,3.7,0
21998,100009,Katrina Colleton,1611661320,LAS,Los Angeles Sparks,1029800133,1998-08-12,LAS @ CHA,W,30,2,5,0.4,0,1,0.0,0,0,,1,1,2,3,0,0,2,3,4,,8.9,0
21998,100012,Mwadi Mabika,1611661320,LAS,Los Angeles Sparks,1029800133,1998-08-12,LAS @ CHA,W,18,0,7,0.0,0,2,0.0,0,0,,1,2,3,2,0,0,2,1,0,,4.6,0
21998,100020,Pam McGee,1611661320,LAS,Los Angeles Sparks,1029800133,1998-08-12,LAS @ CHA,W,20,4,7,0.571,0,0,,0,2,0.0,3,5,8,0,1,3,0,3,8,,29.6,0
21998,100169,Octavia Blue,1611661320,LAS,Los Angeles Sparks,1029800133,1998-08-12,LAS @ CHA,W,25,0,6,0.0,0,1,0.0,6,8,0.75,3,2,5,0,2,0,3,4,6,,15.0,0
21998,100174,Eugenia Rycraw,1611661320,LAS,Los Angeles Sparks,1029800133,1998-08-12,LAS @ CHA,W,13,1,4,0.25,0,0,,0,0,,2,0,2,0,0,0,0,1,2,,4.4,0
21998,100176,Sandra VanEmbricqs,1611661320,LAS,Los Angeles Sparks,1029800133,1998-08-12,LAS @ CHA,W,13,2,3,0.667,0,0,,0,0,,1,0,1,1,1,0,1,2,4,,8.7,0
21998,100011,Linda Burgess,1611661318,SAC,Sacramento Monarchs,1029800134,1998-08-12,SAC @ UTA,L,20,2,10,0.2,0,0,,5,6,0.833,3,2,5,1,2,1,1,1,9,,24.5,0
21998,100017,Bridgette Gordon,1611661318,SAC,Sacramento Monarchs,1029800134,1998-08-12,SAC @ UTA,L,7,1,1,1.0,0,0,,0,0,,0,0,0,1,0,0,0,1,2,,3.5,0
21998,100027,Latasha Byears,1611661318,SAC,Sacramento Monarchs,1029800134,1998-08-12,SAC @ UTA,L,22,4,9,0.444,0,0,,1,2,0.5,2,3,5,4,1,1,1,2,9,,26.0,0
21998,100044,Lady Grooms,1611661318,SAC,Sacramento Monarchs,1029800134,1998-08-12,SAC @ UTA,L,31,6,10,0.6,0,1,0.0,2,2,1.0,3,3,6,3,1,0,1,1,14,,27.7,0
21998,100214,Nadine Domond,1611661318,SAC,Sacramento Monarchs,1029800134,1998-08-12,SAC @ UTA,L,13,0,3,0.0,0,2,0.0,2,2,1.0,0,1,1,0,0,0,2,2,2,,1.2,0
21998,100223,Pauline Jordan,1611661318,SAC,Sacramento Monarchs,1029800134,1998-08-12,SAC @ UTA,L,14,2,6,0.333,0,0,,0,0,,2,2,4,1,2,1,2,1,4,,17.3,0
21998,100230,Quacy Barnes,1611661318,SAC,Sacramento Monarchs,1029800134,1998-08-12,SAC @ UTA,L,13,2,3,0.667,0,0,,0,2,0.0,1,1,2,2,0,1,0,3,4,,12.4,0
21998,100231,Adia Barnes,1611661318,SAC,Sacramento Monarchs,1029800134,1998-08-12,SAC @ UTA,L,17,2,7,0.286,0,2,0.0,1,1,1.0,2,2,4,1,0,0,0,3,5,,11.3,0
21998,100234,Ticha Penicheiro,1611661318,SAC,Sacramento Monarchs,1029800134,1998-08-12,SAC @ UTA,L,25,1,4,0.25,1,1,1.0,1,2,0.5,0,1,1,3,3,0,3,3,4,,15.7,0
21998,100235,Franthea Price,1611661318,SAC,Sacramento Monarchs,1029800134,1998-08-12,SAC @ UTA,L,16,2,7,0.286,1,5,0.2,0,0,,1,2,3,2,1,0,1,1,5,,13.6,0
21998,100236,Tangela Smith,1611661318,SAC,Sacramento Monarchs,1029800134,1998-08-12,SAC @ UTA,L,22,6,16,0.375,1,2,0.5,0,0,,1,3,4,0,1,3,1,2,13,,28.8,0
21998,100022,Chantel Tremitiere,1611661319,UTA,Utah Starzz,1029800134,1998-08-12,UTA vs. SAC,W,22,2,3,0.667,1,1,1.0,0,0,,0,2,2,3,0,0,0,1,5,,11.9,0
21998,100043,Elena Baranova,1611661319,UTA,Utah Starzz,1029800134,1998-08-12,UTA vs. SAC,W,36,4,10,0.4,2,4,0.5,2,2,1.0,1,8,9,8,1,1,3,1,12,,37.8,0
21998,100045,Dena Head,1611661319,UTA,Utah Starzz,1029800134,1998-08-12,UTA vs. SAC,W,27,0,4,0.0,0,1,0.0,3,4,0.75,3,0,3,0,0,0,0,1,3,,6.6,0
21998,100046,Wendy Palmer,1611661319,UTA,Utah Starzz,1029800134,1998-08-12,UTA vs. SAC,W,35,11,21,0.524,0,1,0.0,9,11,0.818,5,6,11,3,1,1,1,4,31,,53.7,0
21998,100047,Tammi Reiss,1611661319,UTA,Utah Starzz,1029800134,1998-08-12,UTA vs. SAC,W,16,0,4,0.0,0,3,0.0,0,0,,0,0,0,2,0,0,3,2,0,,0.0,0
21998,100050,Kim Williams,1611661319,UTA,Utah Starzz,1029800134,1998-08-12,UTA vs. SAC,W,9,2,3,0.667,0,0,,0,0,,0,0,0,1,2,1,2,2,4,,12.5,0
21998,100168,Erin Alexander,1611661319,UTA,Utah Starzz,1029800134,1998-08-12,UTA vs. SAC,W,6,0,0,,0,0,,0,0,,0,0,0,1,0,0,0,0,0,,1.5,0
21998,100239,Margo Dydek,1611661319,UTA,Utah Starzz,1029800134,1998-08-12,UTA vs. SAC,W,33,7,10,0.7,0,0,,3,7,0.429,2,8,10,1,3,8,5,6,17,,58.5,0
21998,100242,LaTonya Johnson,1611661319,UTA,Utah Starzz,1029800134,1998-08-12,UTA vs. SAC,W,5,0,2,0.0,0,0,,0,0,,1,1,2,0,0,0,0,1,0,,2.4,0
21998,100243,Olympia Scott,1611661319,UTA,Utah Starzz,1029800134,1998-08-12,UTA vs. SAC,W,11,4,7,0.571,0,0,,1,4,0.25,2,1,3,0,0,0,1,2,9,,11.6,0
21998,100002,Rebecca Lobo,1611661313,NYL,New York Liberty,1029800135,1998-08-13,NYL vs. WAS,W,24,6,8,0.75,0,0,,0,0,,4,5,9,0,1,1,3,0,12,,25.8,0
21998,100101,Teresa Weatherspoon,1611661313,NYL,New York Liberty,1029800135,1998-08-13,NYL vs. WAS,W,26,1,3,0.333,0,1,0.0,0,0,,0,4,4,7,2,0,3,3,2,,20.3,0
21998,100102,Kym Hampton,1611661313,NYL,New York Liberty,1029800135,1998-08-13,NYL vs. WAS,W,21,3,4,0.75,0,0,,4,4,1.0,1,3,4,2,1,1,2,3,10,,21.8,0
21998,100103,Vickie Johnson,1611661313,NYL,New York Liberty,1029800135,1998-08-13,NYL vs. WAS,W,24,4,8,0.5,1,2,0.5,1,2,0.5,0,1,1,2,1,0,1,2,10,,16.2,0
21998,100104,Sue Wicks,1611661313,NYL,New York Liberty,1029800135,1998-08-13,NYL vs. WAS,W,20,2,4,0.5,0,0,,0,1,0.0,2,4,6,3,2,1,5,2,4,,19.7,0
21998,100105,Sophia Witherspoon,1611661313,NYL,New York Liberty,1029800135,1998-08-13,NYL vs. WAS,W,22,3,7,0.429,1,2,0.5,5,5,1.0,3,2,5,5,2,0,3,1,12,,28.5,0
21998,100107,Kisha Ford,1611661313,NYL,New York Liberty,1029800135,1998-08-13,NYL vs. WAS,W,21,8,11,0.727,0,0,,3,4,0.75,2,1,3,0,1,0,1,2,19,,24.6,0
21998,100213,Elisabeth Cebrian,1611661313,NYL,New York Liberty,1029800135,1998-08-13,NYL vs. WAS,W,16,2,4,0.5,0,0,,2,2,1.0,1,2,3,2,1,0,2,3,6,,13.6,0
21998,100216,Alicia Thompson,1611661313,NYL,New York Liberty,1029800135,1998-08-13,NYL vs. WAS,W,8,3,5,0.6,0,0,,1,1,1.0,1,1,2,0,0,0,0,1,7,,9.4,0
21998,100217,Coquese Washington,1611661313,NYL,New York Liberty,1029800135,1998-08-13,NYL vs. WAS,W,18,1,3,0.333,0,1,0.0,4,6,0.667,1,5,6,5,0,0,6,2,6,,14.7,0
21998,100052,Deborah Carter,1611661322,WAS,Washington Mystics,1029800135,1998-08-13,WAS @ NYL,L,9,1,5,0.2,0,1,0.0,0,0,,3,0,3,0,0,0,3,1,2,,2.6,0
21998,100156,Heidi Burge,1611661322,WAS,Washington Mystics,1029800135,1998-08-13,WAS @ NYL,L,15,3,11,0.273,0,0,,0,0,,2,4,6,0,0,0,1,2,6,,12.2,0
21998,100193,La'Shawn Brown,1611661322,WAS,Washington Mystics,1029800135,1998-08-13,WAS @ NYL,L,18,0,3,0.0,0,0,,0,0,,1,2,3,0,1,0,1,4,0,,5.6,0
21998,100194,Keri Chaconas,1611661322,WAS,Washington Mystics,1029800135,1998-08-13,WAS @ NYL,L,20,1,8,0.125,0,5,0.0,0,0,,0,1,1,2,2,0,3,3,2,,9.2,0
21998,100198,Nikki McCray,1611661322,WAS,Washington Mystics,1029800135,1998-08-13,WAS @ NYL,L,37,8,13,0.615,0,3,0.0,5,7,0.714,0,0,0,3,5,0,6,3,21,,34.5,0
21998,100199,Murriel Page,1611661322,WAS,Washington Mystics,1029800135,1998-08-13,WAS @ NYL,L,29,2,5,0.4,0,0,,1,2,0.5,1,0,1,0,3,0,1,3,5,,14.2,0
21998,100202,Adrienne Shuler,1611661322,WAS,Washington Mystics,1029800135,1998-08-13,WAS @ NYL,L,5,0,1,0.0,0,1,0.0,0,0,,0,0,0,0,2,0,0,0,0,,6.0,0
21998,100204,Rita Williams,1611661322,WAS,Washington Mystics,1029800135,1998-08-13,WAS @ NYL,L,30,0,3,0.0,0,1,0.0,3,6,0.5,1,0,1,2,1,0,2,2,3,,8.2,0
21998,100289,Margo Graham,1611661322,WAS,Washington Mystics,1029800135,1998-08-13,WAS @ NYL,L,7,0,1,0.0,0,0,,0,0,,1,0,1,0,0,0,1,2,0,,0.2,0
21998,100290,Leslie Johnson,1611661322,WAS,Washington Mystics,1029800135,1998-08-13,WAS @ NYL,L,2,0,0,,0,0,,0,0,,0,0,0,0,0,0,0,2,0,,0.0,0
21998,100374,Penny Moore,1611661322,WAS,Washington Mystics,1029800135,1998-08-13,WAS @ NYL,L,28,3,15,0.2,0,5,0.0,0,0,,2,1,3,0,4,0,0,0,6,,21.6,0
21998,100058,Vicky Bullett,1611661314,CHA,Charlotte Sting,1029800136,1998-08-14,CHA vs. CLE,L,33,5,10,0.5,0,1,0.0,2,2,1.0,3,4,7,0,3,1,2,6,12,,30.4,0
21998,100059,Andrea Stinson,1611661314,CHA,Charlotte Sting,1029800136,1998-08-14,CHA vs. CLE,L,39,9,23,0.391,2,6,0.333,0,0,,3,4,7,4,1,0,4,3,20,,33.4,0
21998,100060,Rhonda Mapp,1611661314,CHA,Charlotte Sting,1029800136,1998-08-14,CHA vs. CLE,L,20,4,7,0.571,0,0,,0,0,,6,3,9,2,1,1,4,4,8,,23.8,0
21998,100062,Tora Suber,1611661314,CHA,Charlotte Sting,1029800136,1998-08-14,CHA vs. CLE,L,35,4,14,0.286,3,11,0.273,2,4,0.5,0,4,4,9,2,0,4,3,13,,33.3,0
21998,100063,Sharon Manning,1611661314,CHA,Charlotte Sting,1029800136,1998-08-14,CHA vs. CLE,L,14,0,1,0.0,0,0,,0,0,,1,2,3,0,0,0,2,4,0,,1.6,0
21998,100065,Andrea Congreaves,1611661314,CHA,Charlotte Sting,1029800136,1998-08-14,CHA vs. CLE,L,16,0,2,0.0,0,2,0.0,0,0,,0,2,2,3,3,0,1,2,0,,14.9,0
21998,100070,Tia Paschal,1611661314,CHA,Charlotte Sting,1029800136,1998-08-14,CHA vs. CLE,L,1,0,0,,0,0,,0,0,,0,0,0,0,0,0,0,0,0,,0.0,0
21998,100180,Pollyanna Johns Kimbrough,1611661314,CHA,Charlotte Sting,1029800136,1998-08-14,CHA vs. CLE,L,1,0,0,,0,0,,0,0,,0,0,0,0,0,0,0,0,0,,0.0,0
21998,100181,Christy Smith,1611661314,CHA,Charlotte Sting,1029800136,1998-08-14,CHA vs. CLE,L,5,0,0,,0,0,,0,0,,0,0,0,0,1,0,1,0,0,,2.0,0
21998,100182,Tracy Reid,1611661314,CHA,Charlotte Sting,1029800136,1998-08-14,CHA vs. CLE,L,36,8,12,0.667,0,0,,3,11,0.273,6,0,6,0,2,0,3,4,19,,29.2,0
21998,100049,Raegan Scott,1611661315,CLE,Cleveland Rockers,1029800136,1998-08-14,CLE @ CHA,W,2,0,0,,0,0,,0,0,,0,0,0,0,0,0,0,0,0,,0.0,0
21998,100087,Janice Braxton,1611661315,CLE,Cleveland Rockers,1029800136,1998-08-14,CLE @ CHA,W,25,3,4,0.75,0,0,,0,0,,1,2,3,1,2,2,0,0,6,,23.1,0
21998,100088,Michelle Edwards,1611661315,CLE,Cleveland Rockers,1029800136,1998-08-14,CLE @ CHA,W,18,2,8,0.25,0,2,0.0,2,2,1.0,0,2,2,1,0,0,2,3,6,,7.9,0
21998,100089,Isabelle Fijalkowski,1611661315,CLE,Cleveland Rockers,1029800136,1998-08-14,CLE @ CHA,W,23,4,6,0.667,1,1,1.0,7,8,0.875,3,2,5,3,0,0,3,4,16,,23.5,0
21998,100091,Eva Nemcova,1611661315,CLE,Cleveland Rockers,1029800136,1998-08-14,CLE @ CHA,W,40,5,9,0.556,2,5,0.4,3,3,1.0,0,5,5,2,1,0,2,1,15,,25.0,0
21998,100092,Merlakia Jones,1611661315,CLE,Cleveland Rockers,1029800136,1998-08-14,CLE @ CHA,W,27,3,8,0.375,0,0,,8,9,0.889,1,1,2,1,2,0,4,2,14,,19.9,0
21998,100097,Rushia Brown,1611661315,CLE,Cleveland Rockers,1029800136,1998-08-14,CLE @ CHA,W,26,3,8,0.375,0,0,,4,4,1.0,2,3,5,1,3,0,2,3,10,,24.5,0
21998,100100,Adrienne Johnson,1611661315,CLE,Cleveland Rockers,1029800136,1998-08-14,CLE @ CHA,W,2,0,1,0.0,0,0,,0,0,,0,0,0,0,0,0,1,1,0,,-1.0,0
21998,100187,Suzie McConnell Serio,1611661315,CLE,Cleveland Rockers,1029800136,1998-08-14,CLE @ CHA,W,37,7,11,0.636,2,4,0.5,2,2,1.0,0,2,2,7,3,0,3,3,18,,36.9,0
21998,100029,Michele Timms,1611661317,PHO,Phoenix Mercury,1029800137,1998-08-14,PHO vs. DET,W,25,3,6,0.5,1,4,0.25,0,0,,0,1,1,7,2,0,2,3,7,,22.7,0
21998,100030,Jennifer Gillom,1611661317,PHO,Phoenix Mercury,1029800137,1998-08-14,PHO vs. DET,W,33,8,18,0.444,1,3,0.333,6,6,1.0,1,4,5,0,0,1,2,2,23,,30.0,0
21998,100031,Bridget Pettis,1611661317,PHO,Phoenix Mercury,1029800137,1998-08-14,PHO vs. DET,W,33,7,12,0.583,4,9,0.444,5,6,0.833,2,5,7,1,1,1,1,3,23,,37.9,0
21998,100033,Toni Foster,1611661317,PHO,Phoenix Mercury,1029800137,1998-08-14,PHO vs. DET,W,11,0,1,0.0,0,0,,4,4,1.0,0,0,0,1,1,0,0,1,4,,8.5,0
21998,100035,Umeki Webb,1611661317,PHO,Phoenix Mercury,1029800137,1998-08-14,PHO vs. DET,W,22,0,1,0.0,0,1,0.0,0,0,,0,1,1,2,1,1,4,2,0,,6.2,0
21998,100037,Marlies Askamp,1611661317,PHO,Phoenix Mercury,1029800137,1998-08-14,PHO vs. DET,W,13,1,4,0.25,0,0,,2,4,0.5,0,1,1,2,0,0,0,3,4,,8.2,0
21998,100221,Michelle Brogan,1611661317,PHO,Phoenix Mercury,1029800137,1998-08-14,PHO vs. DET,W,21,3,5,0.6,1,1,1.0,2,2,1.0,0,2,2,2,1,1,3,4,9,,17.4,0
21998,100222,Kristi Harrower,1611661317,PHO,Phoenix Mercury,1029800137,1998-08-14,PHO vs. DET,W,15,1,3,0.333,0,2,0.0,1,2,0.5,0,2,2,3,2,1,0,1,3,,18.9,0
21998,100224,Andrea Kuklova,1611661317,PHO,Phoenix Mercury,1029800137,1998-08-14,PHO vs. DET,W,10,0,1,0.0,0,1,0.0,0,0,,1,0,1,0,0,0,0,2,0,,1.2,0
21998,100225,Brandy Reed,1611661317,PHO,Phoenix Mercury,1029800137,1998-08-14,PHO vs. DET,W,13,3,6,0.5,0,1,0.0,2,2,1.0,0,3,3,4,0,1,3,1,8,,17.6,0
21998,100227,Maria Stepanova,1611661317,PHO,Phoenix Mercury,1029800137,1998-08-14,PHO vs. DET,W,4,1,1,1.0,0,0,,1,1,1.0,1,0,1,0,1,0,0,1,3,,7.2,0
21998,100023,Tajama Abraham,1611661321,DET,Detroit Shock,1029800137,1998-08-14,DET @ PHO,L,6,0,1,0.0,0,0,,1,2,0.5,0,2,2,0,0,0,0,0,1,,3.4,0
21998,100090,Lynette Woodard,1611661321,DET,Detroit Shock,1029800137,1998-08-14,DET @ PHO,L,21,2,7,0.286,0,0,,0,1,0.0,1,1,2,2,0,1,2,2,4,,10.4,0
21998,100108,Rhonda Blades,1611661321,DET,Detroit Shock,1029800137,1998-08-14,DET @ PHO,L,17,0,7,0.0,0,4,0.0,0,0,,0,2,2,3,0,0,2,5,0,,4.9,0
21998,100246,Gergana Branzova,1611661321,DET,Detroit Shock,1029800137,1998-08-14,DET @ PHO,L,11,0,0,,0,0,,2,4,0.5,0,0,0,0,0,0,2,1,2,,0.0,0
21998,100247,Sandy Brondello,1611661321,DET,Detroit Shock,1029800137,1998-08-14,DET @ PHO,L,39,6,14,0.429,0,2,0.0,8,8,1.0,1,1,2,0,1,0,5,4,20,,20.4,0
21998,100248,Cindy Brown,1611661321,DET,Detroit Shock,1029800137,1998-08-14,DET @ PHO,L,39,6,15,0.4,1,4,0.25,2,4,0.5,3,3,6,2,3,0,5,3,15,,29.2,0
21998,100253,Razija Brcaninovic,1611661321,DET,Detroit Shock,1029800137,1998-08-14,DET @ PHO,L,18,0,2,0.0,0,0,,4,4,1.0,2,2,4,1,2,0,2,1,4,,14.3,0
21998,100255,Rachael Sporn,1611661321,DET,Detroit Shock,1029800137,1998-08-14,DET @ PHO,L,16,1,4,0.25,0,0,,0,0,,2,1,3,0,0,1,0,2,2,,8.6,0
21998,100269,Carla Boyd,1611661321,DET,Detroit Shock,1029800137,1998-08-14,DET @ PHO,L,28,4,7,0.571,1,1,1.0,2,2,1.0,3,5,8,1,1,0,2,4,11,,23.1,0
21998,100270,Angela Hamblin,1611661321,DET,Detroit Shock,1029800137,1998-08-14,DET @ PHO,L,5,0,2,0.0,0,1,0.0,0,0,,0,2,2,0,0,0,4,0,0,,-1.6,0
21998,100022,Chantel Tremitiere,1611661319,UTA,Utah Starzz,1029800138,1998-08-14,UTA @ LAS,L,20,2,4,0.5,0,0,,1,2,0.5,0,0,0,4,2,0,1,1,5,,16.0,0
21998,100043,Elena Baranova,1611661319,UTA,Utah Starzz,1029800138,1998-08-14,UTA @ LAS,L,32,3,12,0.25,3,6,0.5,2,2,1.0,4,6,10,5,0,2,4,1,11,,32.5,0
21998,100045,Dena Head,1611661319,UTA,Utah Starzz,1029800138,1998-08-14,UTA @ LAS,L,8,0,0,,0,0,,0,0,,0,1,1,0,0,0,2,1,0,,-0.8,0
21998,100046,Wendy Palmer,1611661319,UTA,Utah Starzz,1029800138,1998-08-14,UTA @ LAS,L,35,8,15,0.533,0,0,,7,10,0.7,3,4,7,3,0,0,3,2,23,,32.9,0
21998,100047,Tammi Reiss,1611661319,UTA,Utah Starzz,1029800138,1998-08-14,UTA @ LAS,L,2,0,1,0.0,0,1,0.0,0,0,,0,0,0,0,0,0,0,0,0,,0.0,0
21998,100050,Kim Williams,1611661319,UTA,Utah Starzz,1029800138,1998-08-14,UTA @ LAS,L,7,1,6,0.167,1,1,1.0,0,0,,1,0,1,0,1,0,0,2,3,,7.2,0
21998,100168,Erin Alexander,1611661319,UTA,Utah Starzz,1029800138,1998-08-14,UTA @ LAS,L,16,1,6,0.167,1,5,0.2,2,2,1.0,0,0,0,0,1,0,1,1,5,,7.0,0
21998,100237,Tricia Bader Binford,1611661319,UTA,Utah Starzz,1029800138,1998-08-14,UTA @ LAS,L,12,0,3,0.0,0,2,0.0,0,0,,0,1,1,1,1,0,2,4,0,,3.7,0
21998,100239,Margo Dydek,1611661319,UTA,Utah Starzz,1029800138,1998-08-14,UTA @ LAS,L,23,6,11,0.545,0,0,,2,3,0.667,3,3,6,1,1,4,5,5,14,,32.7,0
21998,100242,LaTonya Johnson,1611661319,UTA,Utah Starzz,1029800138,1998-08-14,UTA @ LAS,L,10,2,5,0.4,0,2,0.0,0,0,,1,2,3,0,0,0,0,0,4,,7.6,0
21998,100243,Olympia Scott,1611661319,UTA,Utah Starzz,1029800138,1998-08-14,UTA @ LAS,L,35,1,8,0.125,0,0,,0,0,,1,3,4,2,1,0,4,3,2,,8.8,0
21998,100003,Lisa Leslie,1611661320,LAS,Los Angeles Sparks,1029800138,1998-08-14,LAS vs. UTA,W,30,8,13,0.615,0,0,,2,2,1.0,4,10,14,3,2,0,7,5,18,,38.3,0
21998,100004,Penny Toler,1611661320,LAS,Los Angeles Sparks,1029800138,1998-08-14,LAS vs. UTA,W,35,4,13,0.308,1,4,0.25,2,4,0.5,0,1,1,14,0,0,3,1,11,,30.2,0
21998,100007,Jamila Wideman,1611661320,LAS,Los Angeles Sparks,1029800138,1998-08-14,LAS vs. UTA,W,9,0,1,0.0,0,0,,1,2,0.5,0,1,1,1,0,1,0,0,1,,6.7,0
21998,100009,Katrina Colleton,1611661320,LAS,Los Angeles Sparks,1029800138,1998-08-14,LAS vs. UTA,W,36,6,10,0.6,0,0,,2,2,1.0,2,1,3,3,1,0,1,0,14,,24.1,0
21998,100012,Mwadi Mabika,1611661320,LAS,Los Angeles Sparks,1029800138,1998-08-14,LAS vs. UTA,W,29,6,16,0.375,1,5,0.2,3,3,1.0,2,7,9,2,3,0,2,3,16,,36.8,0
21998,100020,Pam McGee,1611661320,LAS,Los Angeles Sparks,1029800138,1998-08-14,LAS vs. UTA,W,8,3,4,0.75,0,0,,1,2,0.5,0,0,0,0,0,0,0,3,7,,7.0,0
21998,100169,Octavia Blue,1611661320,LAS,Los Angeles Sparks,1029800138,1998-08-14,LAS vs. UTA,W,11,1,4,0.25,0,0,,2,2,1.0,1,1,2,0,0,0,2,0,4,,4.4,0
21998,100174,Eugenia Rycraw,1611661320,LAS,Los Angeles Sparks,1029800138,1998-08-14,LAS vs. UTA,W,22,3,4,0.75,0,0,,2,2,1.0,2,6,8,0,2,4,3,2,8,,32.6,0
21998,100176,Sandra VanEmbricqs,1611661320,LAS,Los Angeles Sparks,1029800138,1998-08-14,LAS vs. UTA,W,18,4,4,1.0,0,0,,0,0,,2,1,3,1,2,0,1,4,8,,18.1,0
21998,100286,Michelle Reed,1611661320,LAS,Los Angeles Sparks,1029800138,1998-08-14,LAS vs. UTA,W,2,0,0,,0,0,,0,2,0.0,0,2,2,0,0,0,0,0,0,,2.4,0
21998,100002,Rebecca Lobo,1611661313,NYL,New York Liberty,1029800139,1998-08-15,NYL vs. HOU,W,34,6,13,0.462,0,1,0.0,1,4,0.25,4,8,12,0,1,0,3,1,13,,27.4,0
21998,100101,Teresa Weatherspoon,1611661313,NYL,New York Liberty,1029800139,1998-08-15,NYL vs. HOU,W,36,1,4,0.25,0,2,0.0,2,2,1.0,2,3,5,7,3,0,5,5,4,,24.5,0
21998,100102,Kym Hampton,1611661313,NYL,New York Liberty,1029800139,1998-08-15,NYL vs. HOU,W,27,2,6,0.333,0,0,,6,6,1.0,3,7,10,3,0,1,4,1,10,,25.5,0
21998,100103,Vickie Johnson,1611661313,NYL,New York Liberty,1029800139,1998-08-15,NYL vs. HOU,W,30,4,8,0.5,3,5,0.6,1,2,0.5,0,3,3,3,1,0,2,3,12,,21.1,0
21998,100104,Sue Wicks,1611661313,NYL,New York Liberty,1029800139,1998-08-15,NYL vs. HOU,W,17,1,2,0.5,0,0,,1,2,0.5,2,1,3,4,1,0,2,0,3,,13.6,0
21998,100105,Sophia Witherspoon,1611661313,NYL,New York Liberty,1029800139,1998-08-15,NYL vs. HOU,W,33,8,13,0.615,2,3,0.667,3,4,0.75,1,4,5,2,3,0,2,2,21,,37.0,0
21998,100107,Kisha Ford,1611661313,NYL,New York Liberty,1029800139,1998-08-15,NYL vs. HOU,W,15,3,5,0.6,0,1,0.0,0,0,,1,1,2,0,1,0,0,5,6,,11.4,0
21998,100213,Elisabeth Cebrian,1611661313,NYL,New York Liberty,1029800139,1998-08-15,NYL vs. HOU,W,2,0,0,,0,0,,0,0,,0,0,0,0,0,0,0,0,0,,0.0,0
21998,100216,Alicia Thompson,1611661313,NYL,New York Liberty,1029800139,1998-08-15,NYL vs. HOU,W,1,0,0,,0,0,,0,0,,0,1,1,0,0,0,0,1,0,,1.2,0
21998,100217,Coquese Washington,1611661313,NYL,New York Liberty,1029800139,1998-08-15,NYL vs. HOU,W,5,0,1,0.0,0,1,0.0,1,2,0.5,0,0,0,1,0,0,1,0,1,,1.5,0
21998,100072,Sheryl Swoopes,1611661316,HOU,Houston Comets,1029800139,1998-08-15,HOU @ NYL,L,30,5,14,0.357,3,7,0.429,0,0,,0,3,3,0,1,0,3,2,13,,16.6,0
21998,100073,Cynthia Cooper,1611661316,HOU,Houston Comets,1029800139,1998-08-15,HOU @ NYL,L,38,4,9,0.444,2,4,0.5,7,8,0.875,0,1,1,3,1,0,2,3,17,,23.7,0
21998,100075,Janeth Arcain,1611661316,HOU,Houston Comets,1029800139,1998-08-15,HOU @ NYL,L,28,6,10,0.6,0,1,0.0,0,0,,1,3,4,0,3,0,3,3,12,,22.8,0
21998,100076,Tina Thompson,1611661316,HOU,Houston Comets,1029800139,1998-08-15,HOU @ NYL,L,35,3,16,0.188,0,4,0.0,2,2,1.0,5,0,5,0,0,0,1,3,8,,13.0,0
21998,100077,Tammy Jackson,1611661316,HOU,Houston Comets,1029800139,1998-08-15,HOU @ NYL,L,6,0,0,,0,0,,0,0,,0,1,1,0,0,0,0,1,0,,1.2,0
21998,100083,Kim Perrot,1611661316,HOU,Houston Comets,1029800139,1998-08-15,HOU @ NYL,L,35,1,7,0.143,0,3,0.0,0,0,,1,4,5,2,4,0,1,1,2,,22.0,0
21998,100085,Yolanda Moore,1611661316,HOU,Houston Comets,1029800139,1998-08-15,HOU @ NYL,L,4,0,0,,0,0,,0,0,,1,0,1,0,0,0,0,0,0,,1.2,0
21998,100086,Tiffany Woosley,1611661316,HOU,Houston Comets,1029800139,1998-08-15,HOU @ NYL,L,2,0,1,0.0,0,0,,0,0,,0,0,0,0,0,0,1,1,0,,-1.0,0
21998,100207,Monica Lamb,1611661316,HOU,Houston Comets,1029800139,1998-08-15,HOU @ NYL,L,18,0,4,0.0,0,0,,0,0,,1,2,3,0,0,1,1,2,0,,5.6,0
21998,100208,Nyree Roberts,1611661316,HOU,Houston Comets,1029800139,1998-08-15,HOU @ NYL,L,2,0,0,,0,0,,0,0,,0,1,1,0,0,0,0,0,0,,1.2,0
21998,100211,Amaya Valdemoro,1611661316,HOU,Houston Comets,1029800139,1998-08-15,HOU @ NYL,L,2,0,1,0.0,0,0,,2,2,1.0,1,0,1,0,0,0,0,1,2,,3.2,0
21998,100049,Raegan Scott,1611661315,CLE,Cleveland Rockers,1029800140,1998-08-15,CLE vs. WAS,W,8,1,2,0.5,0,0,,0,0,,0,2,2,0,0,0,1,0,2,,3.4,0
21998,100087,Janice Braxton,1611661315,CLE,Cleveland Rockers,1029800140,1998-08-15,CLE vs. WAS,W,31,4,5,0.8,0,0,,2,2,1.0,1,5,6,2,2,0,1,2,10,,25.2,0
21998,100088,Michelle Edwards,1611661315,CLE,Cleveland Rockers,1029800140,1998-08-15,CLE vs. WAS,W,26,3,5,0.6,2,2,1.0,2,4,0.5,1,3,4,4,1,0,2,0,10,,21.8,0
21998,100089,Isabelle Fijalkowski,1611661315,CLE,Cleveland Rockers,1029800140,1998-08-15,CLE vs. WAS,W,28,8,13,0.615,0,2,0.0,1,4,0.25,3,5,8,4,1,1,1,3,17,,37.6,0
21998,100091,Eva Nemcova,1611661315,CLE,Cleveland Rockers,1029800140,1998-08-15,CLE vs. WAS,W,25,4,12,0.333,0,2,0.0,4,4,1.0,2,3,5,6,1,0,3,2,12,,27.0,0
21998,100092,Merlakia Jones,1611661315,CLE,Cleveland Rockers,1029800140,1998-08-15,CLE vs. WAS,W,19,2,3,0.667,0,0,,1,2,0.5,1,2,3,3,0,0,2,3,5,,11.1,0
21998,100097,Rushia Brown,1611661315,CLE,Cleveland Rockers,1029800140,1998-08-15,CLE vs. WAS,W,13,2,4,0.5,0,0,,2,2,1.0,1,0,1,1,1,0,1,3,6,,10.7,0
21998,100100,Adrienne Johnson,1611661315,CLE,Cleveland Rockers,1029800140,1998-08-15,CLE vs. WAS,W,16,4,10,0.4,1,4,0.25,0,0,,0,3,3,0,0,0,0,0,9,,12.6,0
21998,100183,Cindy Blodgett,1611661315,CLE,Cleveland Rockers,1029800140,1998-08-15,CLE vs. WAS,W,6,0,3,0.0,0,2,0.0,0,0,,0,0,0,2,0,0,0,0,0,,3.0,0
21998,100187,Suzie McConnell Serio,1611661315,CLE,Cleveland Rockers,1029800140,1998-08-15,CLE vs. WAS,W,28,5,7,0.714,5,6,0.833,4,4,1.0,2,3,5,6,1,0,4,1,19,,33.0,0
21998,100052,Deborah Carter,1611661322,WAS,Washington Mystics,1029800140,1998-08-15,WAS @ CLE,L,25,1,6,0.167,0,3,0.0,0,0,,1,2,3,2,2,0,3,4,2,,11.6,0
21998,100156,Heidi Burge,1611661322,WAS,Washington Mystics,1029800140,1998-08-15,WAS @ CLE,L,22,3,4,0.75,0,0,,1,4,0.25,2,4,6,2,1,0,3,4,7,,17.2,0
21998,100193,La'Shawn Brown,1611661322,WAS,Washington Mystics,1029800140,1998-08-15,WAS @ CLE,L,21,1,2,0.5,0,0,,0,0,,1,2,3,1,1,2,1,4,2,,15.1,0
21998,100194,Keri Chaconas,1611661322,WAS,Washington Mystics,1029800140,1998-08-15,WAS @ CLE,L,7,0,2,0.0,0,1,0.0,0,0,,0,0,0,3,0,0,2,0,0,,2.5,0
21998,100198,Nikki McCray,1611661322,WAS,Washington Mystics,1029800140,1998-08-15,WAS @ CLE,L,38,7,17,0.412,4,6,0.667,1,3,0.333,1,2,3,3,2,1,1,2,19,,35.1,0
21998,100199,Murriel Page,1611661322,WAS,Washington Mystics,1029800140,1998-08-15,WAS @ CLE,L,32,9,13,0.692,0,0,,1,2,0.5,2,6,8,1,1,0,0,2,19,,33.1,0
21998,100204,Rita Williams,1611661322,WAS,Washington Mystics,1029800140,1998-08-15,WAS @ CLE,L,25,0,5,0.0,0,3,0.0,0,0,,0,1,1,8,3,0,4,3,0,,18.2,0
21998,100289,Margo Graham,1611661322,WAS,Washington Mystics,1029800140,1998-08-15,WAS @ CLE,L,5,4,5,0.8,0,0,,2,2,1.0,1,1,2,1,0,0,0,0,10,,13.9,0
21998,100374,Penny Moore,1611661322,WAS,Washington Mystics,1029800140,1998-08-15,WAS @ CLE,L,25,5,11,0.455,2,7,0.286,0,0,,0,2,2,4,1,0,0,1,12,,23.4,0
21998,100011,Linda Burgess,1611661318,SAC,Sacramento Monarchs,1029800141,1998-08-15,SAC vs. UTA,W,38,14,20,0.7,1,1,1.0,4,6,0.667,4,6,10,2,4,0,0,2,33,,60.0,0
21998,100027,Latasha Byears,1611661318,SAC,Sacramento Monarchs,1029800141,1998-08-15,SAC vs. UTA,W,35,7,14,0.5,0,0,,0,0,,4,5,9,5,3,0,2,4,14,,39.3,0
21998,100044,Lady Grooms,1611661318,SAC,Sacramento Monarchs,1029800141,1998-08-15,SAC vs. UTA,W,37,2,5,0.4,0,0,,6,8,0.75,2,3,5,5,1,0,3,1,10,,23.5,0
21998,100214,Nadine Domond,1611661318,SAC,Sacramento Monarchs,1029800141,1998-08-15,SAC vs. UTA,W,1,0,2,0.0,0,0,,0,0,,0,0,0,0,1,0,0,0,0,,3.0,0
21998,100223,Pauline Jordan,1611661318,SAC,Sacramento Monarchs,1029800141,1998-08-15,SAC vs. UTA,W,7,3,4,0.75,0,0,,0,0,,1,1,2,1,0,0,0,0,6,,9.9,0
21998,100231,Adia Barnes,1611661318,SAC,Sacramento Monarchs,1029800141,1998-08-15,SAC vs. UTA,W,27,2,8,0.25,0,2,0.0,0,2,0.0,0,3,3,2,0,1,2,4,4,,11.6,0
21998,100234,Ticha Penicheiro,1611661318,SAC,Sacramento Monarchs,1029800141,1998-08-15,SAC vs. UTA,W,38,3,8,0.375,0,2,0.0,6,12,0.5,2,12,14,6,3,0,3,2,12,,43.8,0
21998,100236,Tangela Smith,1611661318,SAC,Sacramento Monarchs,1029800141,1998-08-15,SAC vs. UTA,W,17,1,6,0.167,0,1,0.0,1,2,0.5,0,0,0,1,0,2,2,3,3,,8.5,0
21998,100022,Chantel Tremitiere,1611661319,UTA,Utah Starzz,1029800141,1998-08-15,UTA @ SAC,L,29,1,5,0.2,0,1,0.0,0,0,,0,4,4,3,2,0,0,4,2,,17.3,0
21998,100043,Elena Baranova,1611661319,UTA,Utah Starzz,1029800141,1998-08-15,UTA @ SAC,L,34,5,13,0.385,0,2,0.0,3,4,0.75,1,5,6,2,0,2,3,2,13,,26.2,0
21998,100045,Dena Head,1611661319,UTA,Utah Starzz,1029800141,1998-08-15,UTA @ SAC,L,2,0,2,0.0,0,0,,0,0,,0,0,0,0,0,0,0,0,0,,0.0,0
21998,100046,Wendy Palmer,1611661319,UTA,Utah Starzz,1029800141,1998-08-15,UTA @ SAC,L,35,4,7,0.571,0,1,0.0,1,3,0.333,4,8,12,4,0,0,6,3,9,,23.4,0
21998,100047,Tammi Reiss,1611661319,UTA,Utah Starzz,1029800141,1998-08-15,UTA @ SAC,L,24,3,5,0.6,1,3,0.333,1,2,0.5,1,1,2,1,0,0,2,0,8,,9.9,0
21998,100050,Kim Williams,1611661319,UTA,Utah Starzz,1029800141,1998-08-15,UTA @ SAC,L,23,5,11,0.455,0,2,0.0,2,4,0.5,0,1,1,4,2,0,2,2,12,,23.2,0
21998,100168,Erin Alexander,1611661319,UTA,Utah Starzz,1029800141,1998-08-15,UTA @ SAC,L,2,0,1,0.0,0,0,,0,0,,0,0,0,0,0,0,0,0,0,,0.0,0
21998,100237,Tricia Bader Binford,1611661319,UTA,Utah Starzz,1029800141,1998-08-15,UTA @ SAC,L,2,0,0,,0,0,,0,0,,0,0,0,0,0,0,0,1,0,,0.0,0
21998,100239,Margo Dydek,1611661319,UTA,Utah Starzz,1029800141,1998-08-15,UTA @ SAC,L,32,5,12,0.417,0,0,,1,1,1.0,2,6,8,3,0,3,6,5,11,,28.1,0
21998,100242,LaTonya Johnson,1611661319,UTA,Utah Starzz,1029800141,1998-08-15,UTA @ SAC,L,3,0,1,0.0,0,0,,0,0,,1,1,2,0,0,0,1,1,0,,1.4,0
21998,100243,Olympia Scott,1611661319,UTA,Utah Starzz,1029800141,1998-08-15,UTA @ SAC,L,14,0,2,0.0,0,0,,0,0,,0,3,3,2,0,0,1,3,0,,5.6,0
21998,100003,Lisa Leslie,1611661320,LAS,Los Angeles Sparks,1029800142,1998-08-16,LAS vs. DET,L,39,11,19,0.579,1,2,0.5,7,9,0.778,2,12,14,3,1,2,2,4,30,,58.3,0
21998,100004,Penny Toler,1611661320,LAS,Los Angeles Sparks,1029800142,1998-08-16,LAS vs. DET,L,33,7,16,0.438,1,5,0.2,0,0,,0,2,2,9,0,0,4,4,15,,26.9,0
21998,100007,Jamila Wideman,1611661320,LAS,Los Angeles Sparks,1029800142,1998-08-16,LAS vs. DET,L,18,3,7,0.429,0,2,0.0,1,4,0.25,2,1,3,3,0,0,1,3,7,,14.1,0
21998,100009,Katrina Colleton,1611661320,LAS,Los Angeles Sparks,1029800142,1998-08-16,LAS vs. DET,L,33,2,6,0.333,0,2,0.0,0,0,,1,0,1,2,1,0,0,2,4,,11.2,0
21998,100012,Mwadi Mabika,1611661320,LAS,Los Angeles Sparks,1029800142,1998-08-16,LAS vs. DET,L,8,3,5,0.6,0,1,0.0,0,0,,0,2,2,1,0,0,1,1,6,,8.9,0
21998,100020,Pam McGee,1611661320,LAS,Los Angeles Sparks,1029800142,1998-08-16,LAS vs. DET,L,17,2,10,0.2,0,0,,0,0,,1,2,3,1,0,1,1,5,4,,11.1,0
21998,100169,Octavia Blue,1611661320,LAS,Los Angeles Sparks,1029800142,1998-08-16,LAS vs. DET,L,24,2,5,0.4,1,2,0.5,0,0,,1,0,1,2,0,1,1,2,5,,11.2,0
21998,100174,Eugenia Rycraw,1611661320,LAS,Los Angeles Sparks,1029800142,1998-08-16,LAS vs. DET,L,9,0,0,,0,0,,0,0,,0,2,2,0,1,0,1,2,0,,4.4,0
21998,100176,Sandra VanEmbricqs,1611661320,LAS,Los Angeles Sparks,1029800142,1998-08-16,LAS vs. DET,L,19,2,5,0.4,0,0,,1,2,0.5,2,4,6,0,0,0,0,2,5,,12.2,0
21998,100023,Tajama Abraham,1611661321,DET,Detroit Shock,1029800142,1998-08-16,DET @ LAS,W,3,0,0,,0,0,,0,0,,0,0,0,0,0,0,1,1,0,,-1.0,0
21998,100090,Lynette Woodard,1611661321,DET,Detroit Shock,1029800142,1998-08-16,DET @ LAS,W,27,0,4,0.0,0,0,,0,0,,1,4,5,2,0,1,3,2,0,,9.0,0
21998,100108,Rhonda Blades,1611661321,DET,Detroit Shock,1029800142,1998-08-16,DET @ LAS,W,2,0,0,,0,0,,0,0,,0,0,0,0,0,0,1,0,0,,-1.0,0
21998,100246,Gergana Branzova,1611661321,DET,Detroit Shock,1029800142,1998-08-16,DET @ LAS,W,4,1,3,0.333,0,1,0.0,0,0,,0,1,1,0,1,0,0,2,2,,6.2,0
21998,100247,Sandy Brondello,1611661321,DET,Detroit Shock,1029800142,1998-08-16,DET @ LAS,W,39,5,13,0.385,2,3,0.667,4,4,1.0,0,1,1,5,0,0,2,1,16,,22.7,0
21998,100248,Cindy Brown,1611661321,DET,Detroit Shock,1029800142,1998-08-16,DET @ LAS,W,34,5,10,0.5,2,4,0.5,2,3,0.667,1,10,11,4,1,0,0,5,14,,36.2,0
21998,100253,Razija Brcaninovic,1611661321,DET,Detroit Shock,1029800142,1998-08-16,DET @ LAS,W,29,8,15,0.533,0,0,,9,9,1.0,3,4,7,1,0,1,3,6,25,,34.9,0
21998,100255,Rachael Sporn,1611661321,DET,Detroit Shock,1029800142,1998-08-16,DET @ LAS,W,18,3,6,0.5,0,0,,0,0,,0,1,1,3,0,0,0,0,6,,11.7,0
21998,100269,Carla Boyd,1611661321,DET,Detroit Shock,1029800142,1998-08-16,DET @ LAS,W,32,4,10,0.4,1,1,1.0,2,3,0.667,0,4,4,2,0,0,1,1,11,,17.8,0
21998,100270,Angela Hamblin,1611661321,DET,Detroit Shock,1029800142,1998-08-16,DET @ LAS,W,12,1,4,0.25,0,0,,1,2,0.5,2,1,3,2,1,0,0,2,3,,12.6,0
21998,100029,Michele Timms,1611661317,PHO,Phoenix Mercury,1029800143,1998-08-16,PHO @ SAC,W,25,2,6,0.333,1,4,0.25,2,2,1.0,0,0,0,2,0,0,0,1,7,,10.0,0
21998,100030,Jennifer Gillom,1611661317,PHO,Phoenix Mercury,1029800143,1998-08-16,PHO @ SAC,W,30,10,18,0.556,1,1,1.0,4,7,0.571,1,6,7,0,1,0,4,3,25,,32.4,0
21998,100031,Bridget Pettis,1611661317,PHO,Phoenix Mercury,1029800143,1998-08-16,PHO @ SAC,W,26,4,9,0.444,2,4,0.5,3,3,1.0,0,1,1,3,4,0,1,2,13,,29.7,0
21998,100033,Toni Foster,1611661317,PHO,Phoenix Mercury,1029800143,1998-08-16,PHO @ SAC,W,18,2,3,0.667,0,0,,2,2,1.0,1,1,2,2,1,1,2,2,6,,15.4,0
21998,100035,Umeki Webb,1611661317,PHO,Phoenix Mercury,1029800143,1998-08-16,PHO @ SAC,W,32,2,4,0.5,0,0,,0,0,,2,3,5,5,1,0,3,5,4,,17.5,0
21998,100037,Marlies Askamp,1611661317,PHO,Phoenix Mercury,1029800143,1998-08-16,PHO @ SAC,W,13,2,3,0.667,0,0,,2,2,1.0,1,2,3,1,0,0,1,1,6,,10.1,0
21998,100221,Michelle Brogan,1611661317,PHO,Phoenix Mercury,1029800143,1998-08-16,PHO @ SAC,W,19,1,5,0.2,0,0,,1,2,0.5,5,3,8,0,0,2,0,2,3,,18.6,0
21998,100222,Kristi Harrower,1611661317,PHO,Phoenix Mercury,1029800143,1998-08-16,PHO @ SAC,W,15,3,5,0.6,1,3,0.333,0,0,,0,0,0,4,1,0,0,0,7,,16.0,0
21998,100224,Andrea Kuklova,1611661317,PHO,Phoenix Mercury,1029800143,1998-08-16,PHO @ SAC,W,6,1,3,0.333,0,0,,2,3,0.667,0,1,1,0,0,0,2,0,4,,3.2,0
21998,100225,Brandy Reed,1611661317,PHO,Phoenix Mercury,1029800143,1998-08-16,PHO @ SAC,W,16,5,7,0.714,0,2,0.0,0,0,,0,4,4,3,0,1,3,3,10,,19.3,0
21998,100011,Linda Burgess,1611661318,SAC,Sacramento Monarchs,1029800143,1998-08-16,SAC vs. PHO,L,39,7,13,0.538,0,2,0.0,0,1,0.0,3,3,6,3,6,0,4,5,14,,39.7,0
21998,100027,Latasha Byears,1611661318,SAC,Sacramento Monarchs,1029800143,1998-08-16,SAC vs. PHO,L,31,5,14,0.357,0,0,,1,6,0.167,5,1,6,1,2,3,3,5,11,,31.7,0
21998,100044,Lady Grooms,1611661318,SAC,Sacramento Monarchs,1029800143,1998-08-16,SAC vs. PHO,L,32,3,7,0.429,1,1,1.0,2,4,0.5,1,1,2,3,1,0,2,0,9,,16.9,0
21998,100214,Nadine Domond,1611661318,SAC,Sacramento Monarchs,1029800143,1998-08-16,SAC vs. PHO,L,18,3,6,0.5,1,2,0.5,0,0,,2,0,2,4,2,0,5,4,7,,16.4,0
21998,100223,Pauline Jordan,1611661318,SAC,Sacramento Monarchs,1029800143,1998-08-16,SAC vs. PHO,L,3,0,1,0.0,0,0,,0,0,,0,0,0,0,0,0,1,1,0,,-1.0,0
21998,100230,Quacy Barnes,1611661318,SAC,Sacramento Monarchs,1029800143,1998-08-16,SAC vs. PHO,L,6,0,0,,0,0,,0,2,0.0,0,0,0,0,0,1,0,1,0,,3.0,0
21998,100231,Adia Barnes,1611661318,SAC,Sacramento Monarchs,1029800143,1998-08-16,SAC vs. PHO,L,34,9,12,0.75,3,4,0.75,3,4,0.75,2,2,4,1,1,0,1,4,24,,32.3,0
21998,100234,Ticha Penicheiro,1611661318,SAC,Sacramento Monarchs,1029800143,1998-08-16,SAC vs. PHO,L,37,2,8,0.25,0,0,,0,2,0.0,1,7,8,9,1,0,2,2,4,,28.1,0
21998,100002,Rebecca Lobo,1611661313,NYL,New York Liberty,1029800144,1998-08-17,NYL vs. CLE,L,31,6,12,0.5,0,1,0.0,6,8,0.75,2,2,4,1,0,0,0,5,18,,24.3,0
21998,100101,Teresa Weatherspoon,1611661313,NYL,New York Liberty,1029800144,1998-08-17,NYL vs. CLE,L,28,2,2,1.0,0,0,,1,1,1.0,1,4,5,4,4,0,7,1,5,,22.0,0
21998,100102,Kym Hampton,1611661313,NYL,New York Liberty,1029800144,1998-08-17,NYL vs. CLE,L,27,2,4,0.5,0,0,,2,4,0.5,0,1,1,0,3,1,2,3,6,,17.2,0
21998,100103,Vickie Johnson,1611661313,NYL,New York Liberty,1029800144,1998-08-17,NYL vs. CLE,L,31,6,14,0.429,0,2,0.0,0,0,,2,2,4,4,3,0,1,1,12,,30.8,0
21998,100104,Sue Wicks,1611661313,NYL,New York Liberty,1029800144,1998-08-17,NYL vs. CLE,L,19,2,5,0.4,0,1,0.0,2,2,1.0,0,2,2,0,0,1,2,3,6,,9.4,0
21998,100105,Sophia Witherspoon,1611661313,NYL,New York Liberty,1029800144,1998-08-17,NYL vs. CLE,L,28,2,10,0.2,1,3,0.333,5,6,0.833,1,1,2,1,1,0,3,3,10,,13.9,0
21998,100107,Kisha Ford,1611661313,NYL,New York Liberty,1029800144,1998-08-17,NYL vs. CLE,L,21,1,2,0.5,0,0,,0,0,,0,0,0,1,1,0,0,2,2,,6.5,0
21998,100213,Elisabeth Cebrian,1611661313,NYL,New York Liberty,1029800144,1998-08-17,NYL vs. CLE,L,3,0,0,,0,0,,0,0,,0,0,0,0,0,0,0,0,0,,0.0,0
21998,100217,Coquese Washington,1611661313,NYL,New York Liberty,1029800144,1998-08-17,NYL vs. CLE,L,12,1,3,0.333,1,2,0.5,2,2,1.0,1,0,1,4,2,0,3,0,5,,15.2,0
21998,100087,Janice Braxton,1611661315,CLE,Cleveland Rockers,1029800144,1998-08-17,CLE @ NYL,W,37,2,3,0.667,0,0,,3,4,0.75,1,7,8,1,2,1,2,4,7,,25.1,0
21998,100088,Michelle Edwards,1611661315,CLE,Cleveland Rockers,1029800144,1998-08-17,CLE @ NYL,W,27,6,8,0.75,1,1,1.0,4,4,1.0,0,2,2,3,1,0,5,3,17,,21.9,0
21998,100089,Isabelle Fijalkowski,1611661315,CLE,Cleveland Rockers,1029800144,1998-08-17,CLE @ NYL,W,37,8,14,0.571,0,1,0.0,2,3,0.667,2,7,9,0,0,0,7,5,18,,21.8,0
21998,100091,Eva Nemcova,1611661315,CLE,Cleveland Rockers,1029800144,1998-08-17,CLE @ NYL,W,37,3,6,0.5,2,2,1.0,2,2,1.0,0,2,2,2,2,1,2,4,10,,22.4,0
21998,100092,Merlakia Jones,1611661315,CLE,Cleveland Rockers,1029800144,1998-08-17,CLE @ NYL,W,25,4,10,0.4,0,0,,2,2,1.0,1,1,2,2,1,0,0,3,10,,18.4,0
21998,100097,Rushia Brown,1611661315,CLE,Cleveland Rockers,1029800144,1998-08-17,CLE @ NYL,W,1,0,0,,0,0,,0,0,,0,0,0,0,0,0,1,1,0,,-1.0,0
21998,100187,Suzie McConnell Serio,1611661315,CLE,Cleveland Rockers,1029800144,1998-08-17,CLE @ NYL,W,36,2,5,0.4,1,4,0.25,3,4,0.75,0,5,5,6,2,0,6,1,8,,23.0,0
21998,100072,Sheryl Swoopes,1611661316,HOU,Houston Comets,1029800145,1998-08-17,HOU @ WAS,W,22,5,11,0.455,1,6,0.167,2,2,1.0,0,2,2,3,3,0,0,0,13,,28.9,0
21998,100073,Cynthia Cooper,1611661316,HOU,Houston Comets,1029800145,1998-08-17,HOU @ WAS,W,29,6,12,0.5,1,4,0.25,8,8,1.0,0,1,1,4,2,0,2,3,21,,32.2,0
21998,100075,Janeth Arcain,1611661316,HOU,Houston Comets,1029800145,1998-08-17,HOU @ WAS,W,14,3,4,0.75,0,0,,0,0,,2,2,4,0,1,0,0,2,6,,13.8,0
21998,100076,Tina Thompson,1611661316,HOU,Houston Comets,1029800145,1998-08-17,HOU @ WAS,W,26,8,12,0.667,1,2,0.5,3,3,1.0,4,4,8,3,3,4,2,3,20,,53.1,0
21998,100077,Tammy Jackson,1611661316,HOU,Houston Comets,1029800145,1998-08-17,HOU @ WAS,W,21,1,4,0.25,0,0,,0,1,0.0,1,3,4,2,0,2,1,5,2,,14.8,0
21998,100083,Kim Perrot,1611661316,HOU,Houston Comets,1029800145,1998-08-17,HOU @ WAS,W,24,2,4,0.5,1,3,0.333,0,0,,0,4,4,7,1,0,1,1,5,,22.3,0
21998,100085,Yolanda Moore,1611661316,HOU,Houston Comets,1029800145,1998-08-17,HOU @ WAS,W,14,3,9,0.333,0,1,0.0,4,4,1.0,1,4,5,3,3,0,2,0,10,,27.5,0
21998,100086,Tiffany Woosley,1611661316,HOU,Houston Comets,1029800145,1998-08-17,HOU @ WAS,W,14,3,4,0.75,1,2,0.5,0,0,,0,1,1,3,1,0,1,1,7,,14.7,0
21998,100207,Monica Lamb,1611661316,HOU,Houston Comets,1029800145,1998-08-17,HOU @ WAS,W,17,3,5,0.6,0,0,,1,2,0.5,4,5,9,1,0,1,1,2,7,,21.3,0
21998,100208,Nyree Roberts,1611661316,HOU,Houston Comets,1029800145,1998-08-17,HOU @ WAS,W,9,4,4,1.0,0,0,,1,1,1.0,2,1,3,0,0,0,1,0,9,,11.6,0
21998,100211,Amaya Valdemoro,1611661316,HOU,Houston Comets,1029800145,1998-08-17,HOU @ WAS,W,10,3,3,1.0,1,1,1.0,3,3,1.0,0,0,0,0,2,0,2,2,10,,14.0,0
21998,100052,Deborah Carter,1611661322,WAS,Washington Mystics,1029800145,1998-08-17,WAS vs. HOU,L,25,2,12,0.167,0,4,0.0,2,2,1.0,3,4,7,0,0,0,1,2,6,,13.4,0
21998,100156,Heidi Burge,1611661322,WAS,Washington Mystics,1029800145,1998-08-17,WAS vs. HOU,L,12,2,2,1.0,0,0,,2,3,0.667,0,0,0,1,1,2,2,3,6,,14.5,0
21998,100193,La'Shawn Brown,1611661322,WAS,Washington Mystics,1029800145,1998-08-17,WAS vs. HOU,L,14,0,1,0.0,0,0,,1,2,0.5,1,1,2,1,0,1,1,4,1,,6.9,0
21998,100194,Keri Chaconas,1611661322,WAS,Washington Mystics,1029800145,1998-08-17,WAS vs. HOU,L,14,3,7,0.429,0,4,0.0,3,4,0.75,1,0,1,1,0,0,4,2,9,,7.7,0
21998,100198,Nikki McCray,1611661322,WAS,Washington Mystics,1029800145,1998-08-17,WAS vs. HOU,L,34,8,15,0.533,0,3,0.0,4,4,1.0,1,4,5,3,0,0,5,4,20,,25.5,0
21998,100199,Murriel Page,1611661322,WAS,Washington Mystics,1029800145,1998-08-17,WAS vs. HOU,L,30,4,9,0.444,0,0,,0,1,0.0,3,1,4,0,3,0,1,2,8,,20.8,0
21998,100201,Alessandra Santos de Olive,1611661322,WAS,Washington Mystics,1029800145,1998-08-17,WAS vs. HOU,L,15,2,4,0.5,0,0,,2,3,0.667,2,1,3,0,0,1,0,1,6,,12.6,0
21998,100204,Rita Williams,1611661322,WAS,Washington Mystics,1029800145,1998-08-17,WAS vs. HOU,L,27,1,4,0.25,1,4,0.25,0,0,,0,3,3,3,0,0,4,1,3,,7.1,0
21998,100289,Margo Graham,1611661322,WAS,Washington Mystics,1029800145,1998-08-17,WAS vs. HOU,L,5,0,3,0.0,0,0,,0,0,,1,0,1,0,0,0,0,1,0,,1.2,0
21998,100290,Leslie Johnson,1611661322,WAS,Washington Mystics,1029800145,1998-08-17,WAS vs. HOU,L,2,1,1,1.0,0,0,,0,0,,0,0,0,0,0,0,0,0,2,,2.0,0
21998,100374,Penny Moore,1611661322,WAS,Washington Mystics,1029800145,1998-08-17,WAS vs. HOU,L,22,2,11,0.182,0,4,0.0,0,0,,1,0,1,1,2,0,3,2,4,,9.7,0
21998,100029,Michele Timms,1611661317,PHO,Phoenix Mercury,1029800146,1998-08-17,PHO @ UTA,W,35,4,6,0.667,2,3,0.667,0,0,,0,0,0,7,3,2,1,2,10,,34.5,0
21998,100030,Jennifer Gillom,1611661317,PHO,Phoenix Mercury,1029800146,1998-08-17,PHO @ UTA,W,28,6,14,0.429,1,3,0.333,7,8,0.875,4,3,7,3,1,0,1,6,20,,34.9,0
21998,100031,Bridget Pettis,1611661317,PHO,Phoenix Mercury,1029800146,1998-08-17,PHO @ UTA,W,36,5,19,0.263,4,11,0.364,1,2,0.5,0,5,5,2,1,0,4,3,15,,23.0,0
21998,100033,Toni Foster,1611661317,PHO,Phoenix Mercury,1029800146,1998-08-17,PHO @ UTA,W,18,1,3,0.333,0,0,,2,4,0.5,1,4,5,1,2,0,0,1,4,,17.5,0
21998,100035,Umeki Webb,1611661317,PHO,Phoenix Mercury,1029800146,1998-08-17,PHO @ UTA,W,33,4,11,0.364,0,0,,0,0,,4,3,7,4,1,0,3,3,8,,22.4,0
21998,100037,Marlies Askamp,1611661317,PHO,Phoenix Mercury,1029800146,1998-08-17,PHO @ UTA,W,5,0,1,0.0,0,0,,0,0,,0,1,1,1,1,0,2,0,0,,3.7,0
21998,100221,Michelle Brogan,1611661317,PHO,Phoenix Mercury,1029800146,1998-08-17,PHO @ UTA,W,29,4,6,0.667,0,0,,4,5,0.8,1,4,5,3,1,0,0,2,12,,25.5,0
21998,100222,Kristi Harrower,1611661317,PHO,Phoenix Mercury,1029800146,1998-08-17,PHO @ UTA,W,5,0,1,0.0,0,1,0.0,0,0,,0,0,0,0,0,0,1,1,0,,-1.0,0
21998,100225,Brandy Reed,1611661317,PHO,Phoenix Mercury,1029800146,1998-08-17,PHO @ UTA,W,11,3,9,0.333,0,1,0.0,0,0,,4,3,7,0,0,1,0,1,6,,17.4,0
21998,100022,Chantel Tremitiere,1611661319,UTA,Utah Starzz,1029800146,1998-08-17,UTA vs. PHO,L,38,0,5,0.0,0,0,,2,4,0.5,2,2,4,4,1,0,1,1,2,,14.8,0
21998,100043,Elena Baranova,1611661319,UTA,Utah Starzz,1029800146,1998-08-17,UTA vs. PHO,L,35,6,8,0.75,0,0,,2,2,1.0,5,6,11,5,0,1,4,2,14,,33.7,0
21998,100045,Dena Head,1611661319,UTA,Utah Starzz,1029800146,1998-08-17,UTA vs. PHO,L,1,0,0,,0,0,,0,0,,0,0,0,0,0,0,0,0,0,,0.0,0
21998,100046,Wendy Palmer,1611661319,UTA,Utah Starzz,1029800146,1998-08-17,UTA vs. PHO,L,29,6,8,0.75,0,0,,4,6,0.667,2,8,10,0,2,0,4,5,16,,30.0,0
21998,100047,Tammi Reiss,1611661319,UTA,Utah Starzz,1029800146,1998-08-17,UTA vs. PHO,L,15,0,3,0.0,0,0,,1,2,0.5,0,1,1,0,0,0,1,0,1,,1.2,0
21998,100050,Kim Williams,1611661319,UTA,Utah Starzz,1029800146,1998-08-17,UTA vs. PHO,L,24,1,11,0.091,0,1,0.0,0,0,,2,1,3,1,1,0,3,2,2,,7.1,0
21998,100168,Erin Alexander,1611661319,UTA,Utah Starzz,1029800146,1998-08-17,UTA vs. PHO,L,1,0,0,,0,0,,0,0,,0,0,0,0,0,0,0,0,0,,0.0,0
21998,100237,Tricia Bader Binford,1611661319,UTA,Utah Starzz,1029800146,1998-08-17,UTA vs. PHO,L,1,0,1,0.0,0,1,0.0,0,0,,0,0,0,0,0,0,0,0,0,,0.0,0
21998,100239,Margo Dydek,1611661319,UTA,Utah Starzz,1029800146,1998-08-17,UTA vs. PHO,L,23,4,9,0.444,0,0,,3,6,0.5,0,3,3,1,0,2,4,5,11,,18.1,0
21998,100242,LaTonya Johnson,1611661319,UTA,Utah Starzz,1029800146,1998-08-17,UTA vs. PHO,L,8,2,6,0.333,0,1,0.0,0,0,,1,1,2,0,0,0,1,1,4,,5.4,0
21998,100243,Olympia Scott,1611661319,UTA,Utah Starzz,1029800146,1998-08-17,UTA vs. PHO,L,25,5,10,0.5,0,0,,4,4,1.0,4,3,7,0,3,0,1,3,14,,30.4,0
21998,100058,Vicky Bullett,1611661314,CHA,Charlotte Sting,1029800147,1998-08-19,CHA @ WAS,W,28,6,10,0.6,1,1,1.0,1,2,0.5,1,5,6,3,0,1,1,3,14,,27.7,0
21998,100059,Andrea Stinson,1611661314,CHA,Charlotte Sting,1029800147,1998-08-19,CHA @ WAS,W,30,9,13,0.692,4,6,0.667,1,1,1.0,0,3,3,6,2,1,0,2,23,,44.6,0
21998,100060,Rhonda Mapp,1611661314,CHA,Charlotte Sting,1029800147,1998-08-19,CHA @ WAS,W,27,7,9,0.778,0,1,0.0,4,4,1.0,2,4,6,4,2,2,3,3,18,,40.2,0
21998,100062,Tora Suber,1611661314,CHA,Charlotte Sting,1029800147,1998-08-19,CHA @ WAS,W,21,1,2,0.5,0,1,0.0,2,3,0.667,0,2,2,6,0,0,1,1,4,,14.4,0
21998,100063,Sharon Manning,1611661314,CHA,Charlotte Sting,1029800147,1998-08-19,CHA @ WAS,W,15,5,7,0.714,0,0,,0,0,,0,7,7,2,2,0,1,2,10,,26.4,0
21998,100065,Andrea Congreaves,1611661314,CHA,Charlotte Sting,1029800147,1998-08-19,CHA @ WAS,W,4,0,0,,0,0,,0,0,,0,1,1,2,1,0,0,3,0,,7.2,0
21998,100070,Tia Paschal,1611661314,CHA,Charlotte Sting,1029800147,1998-08-19,CHA @ WAS,W,7,2,6,0.333,1,2,0.5,0,0,,0,1,1,0,2,0,0,0,5,,12.2,0
21998,100178,Sonia Chase,1611661314,CHA,Charlotte Sting,1029800147,1998-08-19,CHA @ WAS,W,7,4,5,0.8,0,0,,0,0,,0,0,0,0,0,0,1,1,8,,7.0,0
21998,100180,Pollyanna Johns Kimbrough,1611661314,CHA,Charlotte Sting,1029800147,1998-08-19,CHA @ WAS,W,5,1,1,1.0,0,0,,5,6,0.833,0,2,2,0,0,0,0,0,7,,9.4,0
21998,100181,Christy Smith,1611661314,CHA,Charlotte Sting,1029800147,1998-08-19,CHA @ WAS,W,27,3,5,0.6,2,4,0.5,1,2,0.5,0,2,2,7,0,0,3,3,9,,18.9,0
21998,100182,Tracy Reid,1611661314,CHA,Charlotte Sting,1029800147,1998-08-19,CHA @ WAS,W,29,2,6,0.333,0,0,,3,4,0.75,2,3,5,1,1,0,3,1,7,,14.5,0
21998,100052,Deborah Carter,1611661322,WAS,Washington Mystics,1029800147,1998-08-19,WAS vs. CHA,L,33,4,14,0.286,1,4,0.25,0,0,,1,2,3,3,0,1,1,3,9,,19.1,0
21998,100156,Heidi Burge,1611661322,WAS,Washington Mystics,1029800147,1998-08-19,WAS vs. CHA,L,14,2,3,0.667,0,0,,1,2,0.5,0,1,1,0,2,0,3,5,5,,9.2,0
21998,100193,La'Shawn Brown,1611661322,WAS,Washington Mystics,1029800147,1998-08-19,WAS vs. CHA,L,14,0,1,0.0,0,0,,3,6,0.5,2,2,4,0,0,2,2,2,3,,11.8,0
21998,100194,Keri Chaconas,1611661322,WAS,Washington Mystics,1029800147,1998-08-19,WAS vs. CHA,L,16,1,6,0.167,1,5,0.2,2,2,1.0,0,1,1,1,0,0,3,1,5,,4.7,0
21998,100198,Nikki McCray,1611661322,WAS,Washington Mystics,1029800147,1998-08-19,WAS vs. CHA,L,35,8,21,0.381,3,8,0.375,1,1,1.0,1,0,1,9,2,0,3,1,20,,37.7,0
21998,100199,Murriel Page,1611661322,WAS,Washington Mystics,1029800147,1998-08-19,WAS vs. CHA,L,39,5,9,0.556,0,0,,5,6,0.833,7,2,9,1,0,0,2,1,15,,25.3,0
21998,100201,Alessandra Santos de Olive,1611661322,WAS,Washington Mystics,1029800147,1998-08-19,WAS vs. CHA,L,10,1,4,0.25,0,0,,0,2,0.0,2,2,4,0,0,0,1,0,2,,5.8,0
21998,100204,Rita Williams,1611661322,WAS,Washington Mystics,1029800147,1998-08-19,WAS vs. CHA,L,34,4,9,0.444,0,3,0.0,0,1,0.0,0,1,1,4,4,0,1,2,8,,26.2,0
21998,100289,Margo Graham,1611661322,WAS,Washington Mystics,1029800147,1998-08-19,WAS vs. CHA,L,3,1,3,0.333,0,0,,0,0,,2,1,3,0,0,0,0,2,2,,5.6,0
21998,100290,Leslie Johnson,1611661322,WAS,Washington Mystics,1029800147,1998-08-19,WAS vs. CHA,L,2,0,0,,0,0,,0,0,,0,0,0,1,0,0,1,0,0,,0.5,0
21998,100002,Rebecca Lobo,1611661313,NYL,New York Liberty,1029800148,1998-08-19,NYL @ DET,L,29,4,7,0.571,1,2,0.5,3,3,1.0,1,4,5,1,0,1,2,6,12,,20.5,0
21998,100101,Teresa Weatherspoon,1611661313,NYL,New York Liberty,1029800148,1998-08-19,NYL @ DET,L,37,5,10,0.5,0,3,0.0,0,0,,2,6,8,8,3,0,3,3,10,,37.6,0
21998,100102,Kym Hampton,1611661313,NYL,New York Liberty,1029800148,1998-08-19,NYL @ DET,L,26,2,8,0.25,0,1,0.0,2,2,1.0,1,4,5,2,3,2,2,6,6,,28.0,0
21998,100103,Vickie Johnson,1611661313,NYL,New York Liberty,1029800148,1998-08-19,NYL @ DET,L,26,5,8,0.625,0,1,0.0,2,4,0.5,2,0,2,1,0,0,1,4,12,,14.9,0
21998,100104,Sue Wicks,1611661313,NYL,New York Liberty,1029800148,1998-08-19,NYL @ DET,L,11,0,1,0.0,0,0,,0,0,,2,3,5,2,0,0,1,1,0,,8.0,0
21998,100105,Sophia Witherspoon,1611661313,NYL,New York Liberty,1029800148,1998-08-19,NYL @ DET,L,39,8,20,0.4,6,9,0.667,4,5,0.8,0,0,0,1,2,0,4,3,26,,29.5,0
21998,100107,Kisha Ford,1611661313,NYL,New York Liberty,1029800148,1998-08-19,NYL @ DET,L,15,1,5,0.2,0,0,,0,0,,0,0,0,0,1,0,0,2,2,,5.0,0
21998,100213,Elisabeth Cebrian,1611661313,NYL,New York Liberty,1029800148,1998-08-19,NYL @ DET,L,14,0,2,0.0,0,0,,0,0,,2,0,2,1,0,1,3,2,0,,3.9,0
21998,100217,Coquese Washington,1611661313,NYL,New York Liberty,1029800148,1998-08-19,NYL @ DET,L,3,0,1,0.0,0,0,,0,0,,0,0,0,0,0,0,0,0,0,,0.0,0
21998,100023,Tajama Abraham,1611661321,DET,Detroit Shock,1029800148,1998-08-19,DET vs. NYL,W,1,0,0,,0,0,,0,0,,0,0,0,0,0,0,0,0,0,,0.0,0
21998,100090,Lynette Woodard,1611661321,DET,Detroit Shock,1029800148,1998-08-19,DET vs. NYL,W,30,9,11,0.818,0,0,,0,0,,4,5,9,3,2,0,2,3,18,,37.3,0
21998,100108,Rhonda Blades,1611661321,DET,Detroit Shock,1029800148,1998-08-19,DET vs. NYL,W,4,0,1,0.0,0,0,,0,0,,0,0,0,0,0,0,0,0,0,,0.0,0
21998,100246,Gergana Branzova,1611661321,DET,Detroit Shock,1029800148,1998-08-19,DET vs. NYL,W,4,0,1,0.0,0,0,,0,0,,0,0,0,1,0,0,0,0,0,,1.5,0
21998,100247,Sandy Brondello,1611661321,DET,Detroit Shock,1029800148,1998-08-19,DET vs. NYL,W,39,8,15,0.533,0,1,0.0,8,8,1.0,0,1,1,0,1,0,2,2,24,,26.2,0
21998,100248,Cindy Brown,1611661321,DET,Detroit Shock,1029800148,1998-08-19,DET vs. NYL,W,35,3,11,0.273,0,2,0.0,7,8,0.875,1,5,6,2,2,1,4,3,13,,28.2,0
21998,100251,Aneta Kausaite,1611661321,DET,Detroit Shock,1029800148,1998-08-19,DET vs. NYL,W,1,0,0,,0,0,,0,0,,0,0,0,0,0,0,0,0,0,,0.0,0
21998,100253,Razija Brcaninovic,1611661321,DET,Detroit Shock,1029800148,1998-08-19,DET vs. NYL,W,36,7,11,0.636,0,0,,2,3,0.667,3,4,7,2,0,1,1,3,16,,29.4,0
21998,100255,Rachael Sporn,1611661321,DET,Detroit Shock,1029800148,1998-08-19,DET vs. NYL,W,17,0,1,0.0,0,0,,0,0,,0,4,4,2,2,1,2,0,0,,14.8,0
21998,100269,Carla Boyd,1611661321,DET,Detroit Shock,1029800148,1998-08-19,DET vs. NYL,W,28,0,6,0.0,0,0,,8,8,1.0,1,2,3,2,0,1,1,2,8,,16.6,0
21998,100270,Angela Hamblin,1611661321,DET,Detroit Shock,1029800148,1998-08-19,DET vs. NYL,W,5,1,1,1.0,1,1,1.0,0,0,,0,2,2,0,0,0,2,1,3,,3.4,0
21998,100072,Sheryl Swoopes,1611661316,HOU,Houston Comets,1029800149,1998-08-19,HOU vs. LAS,W,35,7,14,0.5,1,5,0.2,0,0,,4,6,10,3,4,0,3,1,15,,40.5,0
21998,100073,Cynthia Cooper,1611661316,HOU,Houston Comets,1029800149,1998-08-19,HOU vs. LAS,W,38,5,14,0.357,1,5,0.2,11,13,0.846,2,6,8,7,1,0,4,1,22,,41.1,0
21998,100075,Janeth Arcain,1611661316,HOU,Houston Comets,1029800149,1998-08-19,HOU vs. LAS,W,24,4,8,0.5,1,3,0.333,0,0,,1,1,2,0,1,0,1,2,9,,13.4,0
21998,100076,Tina Thompson,1611661316,HOU,Houston Comets,1029800149,1998-08-19,HOU vs. LAS,W,32,6,13,0.462,2,5,0.4,4,4,1.0,1,3,4,2,2,0,2,4,18,,29.8,0
21998,100077,Tammy Jackson,1611661316,HOU,Houston Comets,1029800149,1998-08-19,HOU vs. LAS,W,8,0,0,,0,0,,0,0,,0,1,1,0,0,0,2,4,0,,-0.8,0
21998,100083,Kim Perrot,1611661316,HOU,Houston Comets,1029800149,1998-08-19,HOU vs. LAS,W,27,2,5,0.4,2,4,0.5,4,4,1.0,0,1,1,7,5,0,3,0,10,,33.7,0
21998,100085,Yolanda Moore,1611661316,HOU,Houston Comets,1029800149,1998-08-19,HOU vs. LAS,W,17,2,2,1.0,0,0,,0,0,,0,1,1,1,0,0,0,1,4,,6.7,0
21998,100207,Monica Lamb,1611661316,HOU,Houston Comets,1029800149,1998-08-19,HOU vs. LAS,W,18,1,2,0.5,0,0,,0,0,,1,2,3,0,0,0,0,2,2,,5.6,0
21998,100211,Amaya Valdemoro,1611661316,HOU,Houston Comets,1029800149,1998-08-19,HOU vs. LAS,W,1,0,0,,0,0,,0,0,,0,0,0,0,0,0,0,0,0,,0.0,0
21998,100003,Lisa Leslie,1611661320,LAS,Los Angeles Sparks,1029800149,1998-08-19,LAS @ HOU,L,39,9,19,0.474,2,3,0.667,4,4,1.0,2,7,9,3,1,1,4,4,24,,41.3,0
21998,100004,Penny Toler,1611661320,LAS,Los Angeles Sparks,1029800149,1998-08-19,LAS @ HOU,L,38,8,18,0.444,2,5,0.4,1,1,1.0,1,3,4,6,4,0,6,4,19,,38.8,0
21998,100007,Jamila Wideman,1611661320,LAS,Los Angeles Sparks,1029800149,1998-08-19,LAS @ HOU,L,18,1,3,0.333,0,1,0.0,0,0,,0,1,1,4,0,0,3,3,2,,6.2,0
21998,100009,Katrina Colleton,1611661320,LAS,Los Angeles Sparks,1029800149,1998-08-19,LAS @ HOU,L,37,4,7,0.571,3,5,0.6,0,0,,0,3,3,2,0,1,4,3,11,,16.6,0
21998,100020,Pam McGee,1611661320,LAS,Los Angeles Sparks,1029800149,1998-08-19,LAS @ HOU,L,16,1,1,1.0,0,0,,0,0,,0,1,1,0,0,0,1,2,2,,2.2,0
21998,100169,Octavia Blue,1611661320,LAS,Los Angeles Sparks,1029800149,1998-08-19,LAS @ HOU,L,38,5,9,0.556,3,5,0.6,0,0,,2,2,4,1,0,0,2,3,13,,17.3,0
21998,100174,Eugenia Rycraw,1611661320,LAS,Los Angeles Sparks,1029800149,1998-08-19,LAS @ HOU,L,14,0,1,0.0,0,0,,0,0,,0,1,1,1,0,2,0,0,0,,8.7,0
21998,100029,Michele Timms,1611661317,PHO,Phoenix Mercury,1029800150,1998-08-19,PHO vs. SAC,W,34,3,8,0.375,2,5,0.4,5,6,0.833,0,2,2,4,2,0,1,4,13,,26.4,0
21998,100030,Jennifer Gillom,1611661317,PHO,Phoenix Mercury,1029800150,1998-08-19,PHO vs. SAC,W,33,7,24,0.292,0,2,0.0,4,5,0.8,2,6,8,1,1,0,0,4,18,,32.1,0
21998,100031,Bridget Pettis,1611661317,PHO,Phoenix Mercury,1029800150,1998-08-19,PHO vs. SAC,W,32,2,8,0.25,0,2,0.0,5,6,0.833,0,3,3,1,1,1,2,0,9,,18.1,0
21998,100033,Toni Foster,1611661317,PHO,Phoenix Mercury,1029800150,1998-08-19,PHO vs. SAC,W,13,3,4,0.75,0,0,,1,2,0.5,2,0,2,1,1,0,1,0,7,,12.9,0
21998,100035,Umeki Webb,1611661317,PHO,Phoenix Mercury,1029800150,1998-08-19,PHO vs. SAC,W,31,2,6,0.333,0,1,0.0,2,2,1.0,3,3,6,3,4,1,1,3,6,,31.7,0
21998,100037,Marlies Askamp,1611661317,PHO,Phoenix Mercury,1029800150,1998-08-19,PHO vs. SAC,W,6,2,3,0.667,0,0,,1,1,1.0,2,0,2,0,1,0,0,0,5,,10.4,0
21998,100221,Michelle Brogan,1611661317,PHO,Phoenix Mercury,1029800150,1998-08-19,PHO vs. SAC,W,28,2,8,0.25,0,1,0.0,2,2,1.0,5,2,7,2,0,0,3,2,6,,14.4,0
21998,100222,Kristi Harrower,1611661317,PHO,Phoenix Mercury,1029800150,1998-08-19,PHO vs. SAC,W,6,0,1,0.0,0,0,,1,2,0.5,0,0,0,1,0,0,0,1,1,,2.5,0
21998,100224,Andrea Kuklova,1611661317,PHO,Phoenix Mercury,1029800150,1998-08-19,PHO vs. SAC,W,2,0,0,,0,0,,0,0,,0,0,0,0,0,0,0,0,0,,0.0,0
21998,100225,Brandy Reed,1611661317,PHO,Phoenix Mercury,1029800150,1998-08-19,PHO vs. SAC,W,15,2,7,0.286,0,0,,2,2,1.0,3,0,3,1,3,1,1,2,6,,22.1,0
21998,100011,Linda Burgess,1611661318,SAC,Sacramento Monarchs,1029800150,1998-08-19,SAC @ PHO,L,30,2,5,0.4,0,0,,1,3,0.333,3,2,5,1,1,0,6,3,5,,9.5,0
21998,100027,Latasha Byears,1611661318,SAC,Sacramento Monarchs,1029800150,1998-08-19,SAC @ PHO,L,33,9,14,0.643,0,0,,0,0,,6,5,11,0,2,0,6,6,18,,31.2,0
21998,100044,Lady Grooms,1611661318,SAC,Sacramento Monarchs,1029800150,1998-08-19,SAC @ PHO,L,37,5,9,0.556,0,0,,6,7,0.857,1,3,4,0,0,0,3,3,16,,17.8,0
21998,100214,Nadine Domond,1611661318,SAC,Sacramento Monarchs,1029800150,1998-08-19,SAC @ PHO,L,3,0,0,,0,0,,0,0,,0,0,0,0,0,0,0,0,0,,0.0,0
21998,100223,Pauline Jordan,1611661318,SAC,Sacramento Monarchs,1029800150,1998-08-19,SAC @ PHO,L,17,0,1,0.0,0,1,0.0,4,8,0.5,0,2,2,0,1,3,2,3,4,,16.4,0
21998,100231,Adia Barnes,1611661318,SAC,Sacramento Monarchs,1029800150,1998-08-19,SAC @ PHO,L,37,5,12,0.417,0,2,0.0,3,4,0.75,1,4,5,0,1,0,4,6,13,,18.0,0
21998,100234,Ticha Penicheiro,1611661318,SAC,Sacramento Monarchs,1029800150,1998-08-19,SAC @ PHO,L,39,2,7,0.286,0,0,,2,2,1.0,0,9,9,5,1,0,3,4,6,,24.3,0
21998,100235,Franthea Price,1611661318,SAC,Sacramento Monarchs,1029800150,1998-08-19,SAC @ PHO,L,4,0,0,,0,0,,0,0,,0,0,0,0,0,0,0,0,0,,0.0,0
