SEASON_ID,PLAYER_ID,PLAYER_NAME,TEAM_ID,TEAM_ABBREVIATION,TEAM_NAME,GAME_ID,GAME_DATE,MATCHUP,WL,MIN,FGM,FGA,FG_PCT,FG3M,FG3A,FG3_PCT,FTM,FTA,FT_PCT,OREB,DREB,REB,AST,STL,BLK,TOV,PF,PTS,PLUS_MINUS,FANTASY_PTS,VIDEO_AVAILABLE
22000,100101,Teresa Weatherspoon,1611661313,NYL,New York Liberty,1020000001,2000-05-29,NYL @ HOU,L,36,5,8,0.625,0,2,0.0,1,2,0.5,0,5,5,13,3,0,3,3,11,,42.5,0
22000,100103,Vickie Johnson,1611661313,NYL,New York Liberty,1020000001,2000-05-29,NYL @ HOU,L,19,0,8,0.0,0,2,0.0,0,0,,0,1,1,0,0,0,1,0,0,,0.2,0
22000,100104,Sue Wicks,1611661313,NYL,New York Liberty,1020000001,2000-05-29,NYL @ HOU,L,34,7,13,0.538,0,1,0.0,0,0,,2,4,6,0,0,1,0,5,14,,24.2,0
22000,100342,Becky Hammon,1611661313,NYL,New York Liberty,1020000001,2000-05-29,NYL @ HOU,L,18,1,5,0.2,1,2,0.5,0,0,,0,1,1,3,0,0,1,4,3,,7.7,0
22000,100345,Crystal Robinson,1611661313,NYL,New York Liberty,1020000001,2000-05-29,NYL @ HOU,L,32,5,9,0.556,1,4,0.25,1,2,0.5,2,1,3,1,1,0,1,5,12,,19.1,0
22000,100347,Tamika Whitmore,1611661313,NYL,New York Liberty,1020000001,2000-05-29,NYL @ HOU,L,23,7,11,0.636,0,0,,1,2,0.5,1,0,1,0,0,1,0,2,15,,19.2,0
22000,100425,Venus Lacy,1611661313,NYL,New York Liberty,1020000001,2000-05-29,NYL @ HOU,L,13,2,4,0.5,0,0,,2,2,1.0,0,3,3,0,0,0,1,0,6,,8.6,0
22000,100508,Jessica Bibby,1611661313,NYL,New York Liberty,1020000001,2000-05-29,NYL @ HOU,L,8,1,5,0.2,1,2,0.5,0,0,,0,0,0,1,0,0,3,0,3,,1.5,0
22000,100509,Marina Ferragut,1611661313,NYL,New York Liberty,1020000001,2000-05-29,NYL @ HOU,L,6,0,0,,0,0,,0,0,,0,0,0,0,0,0,1,1,0,,-1.0,0
22000,100512,Shea Mahoney,1611661313,NYL,New York Liberty,1020000001,2000-05-29,NYL @ HOU,L,11,1,3,0.333,0,0,,2,2,1.0,2,1,3,0,0,0,1,2,4,,6.6,0
22000,100072,Sheryl Swoopes,1611661316,HOU,Houston Comets,1020000001,2000-05-29,HOU vs. NYL,W,30,8,17,0.471,4,5,0.8,7,9,0.778,3,3,6,2,2,3,4,2,27,,48.2,0
22000,100073,Cynthia Cooper,1611661316,HOU,Houston Comets,1020000001,2000-05-29,HOU vs. NYL,W,38,5,15,0.333,2,3,0.667,7,7,1.0,2,2,4,6,2,0,5,4,19,,33.8,0
22000,100075,Janeth Arcain,1611661316,HOU,Houston Comets,1020000001,2000-05-29,HOU vs. NYL,W,32,5,7,0.714,0,1,0.0,0,0,,2,6,8,1,2,1,3,2,10,,27.1,0
22000,100076,Tina Thompson,1611661316,HOU,Houston Comets,1020000001,2000-05-29,HOU vs. NYL,W,37,4,13,0.308,0,4,0.0,7,7,1.0,1,3,4,6,0,1,2,2,15,,29.8,0
22000,100077,Tammy Jackson,1611661316,HOU,Houston Comets,1020000001,2000-05-29,HOU vs. NYL,W,11,3,3,1.0,0,0,,0,0,,2,3,5,0,1,1,0,4,6,,18.0,0
22000,100207,Monica Lamb,1611661316,HOU,Houston Comets,1020000001,2000-05-29,HOU vs. NYL,W,18,2,2,1.0,0,0,,1,1,1.0,0,4,4,0,0,1,0,3,5,,12.8,0
22000,100211,Amaya Valdemoro,1611661316,HOU,Houston Comets,1020000001,2000-05-29,HOU vs. NYL,W,7,0,1,0.0,0,1,0.0,0,0,,0,0,0,0,0,0,0,0,0,,0.0,0
22000,100217,Coquese Washington,1611661316,HOU,Houston Comets,1020000001,2000-05-29,HOU vs. NYL,W,5,0,1,0.0,0,1,0.0,0,0,,0,0,0,0,0,0,1,0,0,,-1.0,0
22000,100233,Tiffani Johnson,1611661316,HOU,Houston Comets,1020000001,2000-05-29,HOU vs. NYL,W,13,0,0,,0,0,,2,2,1.0,1,1,2,0,0,0,0,0,2,,4.4,0
22000,100338,Jennifer Rizzotti,1611661316,HOU,Houston Comets,1020000001,2000-05-29,HOU vs. NYL,W,8,0,1,0.0,0,1,0.0,0,0,,1,0,1,1,0,0,0,0,0,,2.7,0
22000,100504,Kelley Gibson,1611661316,HOU,Houston Comets,1020000001,2000-05-29,HOU vs. NYL,W,1,0,1,0.0,0,0,,0,0,,0,0,0,0,0,0,0,0,0,,0.0,0
22000,100058,Vicky Bullett,1611661322,WAS,Washington Mystics,1020000002,2000-05-31,WAS vs. ORL,W,28,2,7,0.286,0,0,,0,0,,3,3,6,2,1,1,1,4,4,,19.2,0
22000,100198,Nikki McCray,1611661322,WAS,Washington Mystics,1020000002,2000-05-31,WAS vs. ORL,W,34,10,18,0.556,6,10,0.6,0,0,,0,1,1,6,2,0,3,2,26,,39.2,0
22000,100199,Murriel Page,1611661322,WAS,Washington Mystics,1020000002,2000-05-31,WAS vs. ORL,W,36,7,9,0.778,0,0,,1,4,0.25,3,5,8,1,2,3,3,2,15,,38.1,0
22000,100348,Markita Aldridge,1611661322,WAS,Washington Mystics,1020000002,2000-05-31,WAS vs. ORL,W,1,1,1,1.0,0,0,,0,0,,0,0,0,0,0,0,0,1,2,,2.0,0
22000,100353,Andrea Nagy,1611661322,WAS,Washington Mystics,1020000002,2000-05-31,WAS vs. ORL,W,28,0,2,0.0,0,1,0.0,0,0,,0,4,4,10,0,0,5,3,0,,14.8,0
22000,100356,Chamique Holdsclaw,1611661322,WAS,Washington Mystics,1020000002,2000-05-31,WAS vs. ORL,W,35,12,18,0.667,1,1,1.0,4,5,0.8,2,10,12,4,3,1,4,1,29,,57.4,0
22000,100360,Michelle Campbell,1611661322,WAS,Washington Mystics,1020000002,2000-05-31,WAS vs. ORL,W,1,1,1,1.0,0,0,,0,0,,0,0,0,0,0,0,0,1,2,,2.0,0
22000,100553,Keisha Anderson,1611661322,WAS,Washington Mystics,1020000002,2000-05-31,WAS vs. ORL,W,12,0,1,0.0,0,0,,0,0,,0,0,0,3,0,0,1,3,0,,3.5,0
22000,100554,Beth Cunningham,1611661322,WAS,Washington Mystics,1020000002,2000-05-31,WAS vs. ORL,W,9,2,4,0.5,2,4,0.5,0,0,,0,0,0,0,0,0,0,0,6,,6.0,0
22000,100555,Tausha Mills,1611661322,WAS,Washington Mystics,1020000002,2000-05-31,WAS vs. ORL,W,15,3,6,0.5,0,0,,2,2,1.0,1,5,6,2,0,0,3,3,8,,15.2,0
22000,100557,Tonya Massaline,1611661322,WAS,Washington Mystics,1020000002,2000-05-31,WAS vs. ORL,W,1,0,0,,0,0,,0,0,,0,0,0,0,0,0,0,0,0,,0.0,0
22000,100048,Jessie Hicks,1611661323,ORL,Orlando Miracle,1020000002,2000-05-31,ORL @ WAS,L,14,0,1,0.0,0,0,,0,0,,0,0,0,0,0,0,1,3,0,,-1.0,0
22000,100100,Adrienne Johnson,1611661323,ORL,Orlando Miracle,1020000002,2000-05-31,ORL @ WAS,L,32,7,14,0.5,0,2,0.0,0,2,0.0,1,1,2,0,0,0,1,0,14,,15.4,0
22000,100410,Shannon Johnson,1611661323,ORL,Orlando Miracle,1020000002,2000-05-31,ORL @ WAS,L,35,6,12,0.5,1,3,0.333,3,3,1.0,2,2,4,5,3,1,5,1,16,,35.3,0
22000,100411,Carla McGhee,1611661323,ORL,Orlando Miracle,1020000002,2000-05-31,ORL @ WAS,L,14,0,1,0.0,0,0,,1,2,0.5,1,1,2,1,0,1,1,2,1,,6.9,0
22000,100412,Taj McWilliams-Franklin,1611661323,ORL,Orlando Miracle,1020000002,2000-05-31,ORL @ WAS,L,26,3,10,0.3,0,0,,0,2,0.0,5,3,8,2,5,0,2,3,6,,31.6,0
22000,100414,Elaine Powell,1611661323,ORL,Orlando Miracle,1020000002,2000-05-31,ORL @ WAS,L,29,2,11,0.182,0,2,0.0,3,4,0.75,2,3,5,5,0,0,2,3,7,,18.5,0
22000,100415,Nykesha Sales,1611661323,ORL,Orlando Miracle,1020000002,2000-05-31,ORL @ WAS,L,17,3,9,0.333,0,2,0.0,2,2,1.0,1,2,3,1,2,1,3,2,8,,19.1,0
22000,100514,Cintia dos Santos,1611661323,ORL,Orlando Miracle,1020000002,2000-05-31,ORL @ WAS,L,21,4,8,0.5,0,0,,1,3,0.333,1,2,3,0,1,1,3,2,9,,15.6,0
22000,100515,Cornelia Gayden,1611661323,ORL,Orlando Miracle,1020000002,2000-05-31,ORL @ WAS,L,3,1,2,0.5,0,1,0.0,0,0,,0,0,0,0,0,0,0,0,2,,2.0,0
22000,100517,Romana Hamzova,1611661323,ORL,Orlando Miracle,1020000002,2000-05-31,ORL @ WAS,L,1,0,0,,0,0,,1,2,0.5,0,0,0,0,0,0,0,0,1,,1.0,0
22000,100519,Jannon Roland,1611661323,ORL,Orlando Miracle,1020000002,2000-05-31,ORL @ WAS,L,8,1,1,1.0,0,0,,0,0,,0,2,2,0,0,0,0,2,2,,4.4,0
22000,100088,Michelle Edwards,1611661315,CLE,Cleveland Rockers,1020000003,2000-05-31,CLE @ MIN,L,11,3,8,0.375,0,3,0.0,0,0,,0,1,1,0,0,0,2,2,6,,5.2,0
22000,100091,Eva Nemcova,1611661315,CLE,Cleveland Rockers,1020000003,2000-05-31,CLE @ MIN,L,30,8,12,0.667,4,6,0.667,0,0,,0,3,3,0,0,0,1,4,20,,22.6,0
22000,100092,Merlakia Jones,1611661315,CLE,Cleveland Rockers,1020000003,2000-05-31,CLE @ MIN,L,26,4,10,0.4,0,2,0.0,0,0,,0,0,0,1,0,0,4,3,8,,5.5,0
22000,100097,Rushia Brown,1611661315,CLE,Cleveland Rockers,1020000003,2000-05-31,CLE @ MIN,L,22,2,4,0.5,0,0,,3,4,0.75,4,1,5,0,1,0,2,5,7,,14.0,0
22000,100187,Suzie McConnell Serio,1611661315,CLE,Cleveland Rockers,1020000003,2000-05-31,CLE @ MIN,L,17,0,1,0.0,0,1,0.0,0,0,,0,1,1,5,0,0,3,1,0,,5.7,0
22000,100237,Tricia Bader Binford,1611661315,CLE,Cleveland Rockers,1020000003,2000-05-31,CLE @ MIN,L,10,0,1,0.0,0,0,,1,2,0.5,0,0,0,5,1,0,1,0,1,,10.5,0
22000,100428,Mery Andrade,1611661315,CLE,Cleveland Rockers,1020000003,2000-05-31,CLE @ MIN,L,11,2,3,0.667,1,2,0.5,0,0,,2,0,2,0,1,0,0,1,5,,10.4,0
22000,100433,Chasity Melvin,1611661315,CLE,Cleveland Rockers,1020000003,2000-05-31,CLE @ MIN,L,19,0,2,0.0,0,0,,1,2,0.5,0,2,2,1,3,0,2,2,1,,11.9,0
22000,100445,Ann Wauters,1611661315,CLE,Cleveland Rockers,1020000003,2000-05-31,CLE @ MIN,L,11,0,0,,0,0,,1,1,1.0,0,2,2,0,1,0,0,3,1,,6.4,0
22000,100457,Helen Darling,1611661315,CLE,Cleveland Rockers,1020000003,2000-05-31,CLE @ MIN,L,14,2,6,0.333,0,2,0.0,2,3,0.667,0,0,0,1,1,0,0,1,6,,10.5,0
22000,100458,Vicki Hall,1611661315,CLE,Cleveland Rockers,1020000003,2000-05-31,CLE @ MIN,L,29,3,7,0.429,1,3,0.333,0,0,,1,2,3,1,0,0,1,5,7,,11.1,0
22000,100400,Kristin Folkl,1611661324,MIN,Minnesota Lynx,1020000003,2000-05-31,MIN vs. CLE,W,34,5,6,0.833,0,0,,5,8,0.625,1,0,1,3,2,0,1,2,15,,25.7,0
22000,100402,Andrea Lloyd-Curry,1611661324,MIN,Minnesota Lynx,1020000003,2000-05-31,MIN vs. CLE,W,19,0,2,0.0,0,2,0.0,3,4,0.75,2,1,3,1,1,0,2,3,3,,9.1,0
22000,100404,Katie Smith,1611661324,MIN,Minnesota Lynx,1020000003,2000-05-31,MIN vs. CLE,W,37,9,16,0.563,6,7,0.857,10,14,0.714,1,6,7,1,2,0,5,2,34,,44.9,0
22000,100406,Sonja Tate,1611661324,MIN,Minnesota Lynx,1020000003,2000-05-31,MIN vs. CLE,W,10,1,1,1.0,0,0,,1,2,0.5,0,1,1,1,1,0,0,0,3,,8.7,0
22000,100481,Marla Brumfield,1611661324,MIN,Minnesota Lynx,1020000003,2000-05-31,MIN vs. CLE,W,23,2,3,0.667,0,0,,0,0,,0,2,2,2,1,0,0,2,4,,12.4,0
22000,100482,Grace Daley,1611661324,MIN,Minnesota Lynx,1020000003,2000-05-31,MIN vs. CLE,W,16,2,5,0.4,0,1,0.0,0,0,,3,1,4,0,0,0,2,1,4,,6.8,0
22000,100483,Keitha Dickerson,1611661324,MIN,Minnesota Lynx,1020000003,2000-05-31,MIN vs. CLE,W,25,1,4,0.25,0,0,,4,5,0.8,0,4,4,3,2,0,0,3,6,,21.3,0
22000,100484,Betty Lennox,1611661324,MIN,Minnesota Lynx,1020000003,2000-05-31,MIN vs. CLE,W,18,1,6,0.167,0,1,0.0,0,0,,1,2,3,3,2,0,0,3,2,,16.1,0
22000,100485,Maylana Martin,1611661324,MIN,Minnesota Lynx,1020000003,2000-05-31,MIN vs. CLE,W,4,0,0,,0,0,,0,0,,0,0,0,0,0,0,1,1,0,,-1.0,0
22000,100487,Kate Paye,1611661324,MIN,Minnesota Lynx,1020000003,2000-05-31,MIN vs. CLE,W,14,1,1,1.0,0,0,,0,0,,0,0,0,1,0,0,1,4,2,,2.5,0
22000,100101,Teresa Weatherspoon,1611661313,NYL,New York Liberty,1020000004,2000-05-31,NYL @ PHO,L,37,2,5,0.4,1,1,1.0,2,2,1.0,0,3,3,5,4,0,5,4,7,,25.1,0
22000,100103,Vickie Johnson,1611661313,NYL,New York Liberty,1020000004,2000-05-31,NYL @ PHO,L,35,4,13,0.308,0,0,,6,6,1.0,2,3,5,2,1,0,3,3,14,,23.0,0
22000,100104,Sue Wicks,1611661313,NYL,New York Liberty,1020000004,2000-05-31,NYL @ PHO,L,32,1,5,0.2,0,0,,0,0,,2,6,8,1,1,1,5,3,2,,14.1,0
22000,100342,Becky Hammon,1611661313,NYL,New York Liberty,1020000004,2000-05-31,NYL @ PHO,L,8,0,1,0.0,0,1,0.0,0,0,,1,0,1,1,0,0,2,4,0,,0.7,0
22000,100345,Crystal Robinson,1611661313,NYL,New York Liberty,1020000004,2000-05-31,NYL @ PHO,L,6,2,3,0.667,0,0,,0,0,,0,0,0,0,0,0,1,0,4,,3.0,0
22000,100347,Tamika Whitmore,1611661313,NYL,New York Liberty,1020000004,2000-05-31,NYL @ PHO,L,17,1,5,0.2,0,1,0.0,3,7,0.429,3,0,3,0,0,0,2,3,5,,6.6,0
22000,100413,Tari Phillips,1611661313,NYL,New York Liberty,1020000004,2000-05-31,NYL @ PHO,L,26,2,6,0.333,0,0,,3,4,0.75,0,1,1,0,1,1,4,6,7,,10.2,0
22000,100425,Venus Lacy,1611661313,NYL,New York Liberty,1020000004,2000-05-31,NYL @ PHO,L,5,0,1,0.0,0,0,,0,2,0.0,1,1,2,0,0,0,1,0,0,,1.4,0
22000,100508,Jessica Bibby,1611661313,NYL,New York Liberty,1020000004,2000-05-31,NYL @ PHO,L,4,0,1,0.0,0,0,,0,0,,0,1,1,0,0,0,0,0,0,,1.2,0
22000,100512,Shea Mahoney,1611661313,NYL,New York Liberty,1020000004,2000-05-31,NYL @ PHO,L,30,4,5,0.8,1,1,1.0,0,1,0.0,2,6,8,1,0,1,1,1,9,,22.1,0
22000,100029,Michele Timms,1611661317,PHO,Phoenix Mercury,1020000004,2000-05-31,PHO vs. NYL,W,27,2,3,0.667,0,1,0.0,0,0,,0,1,1,2,2,0,2,1,4,,12.2,0
22000,100030,Jennifer Gillom,1611661317,PHO,Phoenix Mercury,1020000004,2000-05-31,PHO vs. NYL,W,32,2,11,0.182,1,2,0.5,2,3,0.667,1,5,6,1,2,0,0,2,7,,21.7,0
22000,100031,Bridget Pettis,1611661317,PHO,Phoenix Mercury,1020000004,2000-05-31,PHO vs. NYL,W,12,1,8,0.125,0,3,0.0,0,0,,1,0,1,0,1,0,0,1,2,,6.2,0
22000,100221,Michelle Brogan,1611661317,PHO,Phoenix Mercury,1020000004,2000-05-31,PHO vs. NYL,W,16,1,2,0.5,0,1,0.0,0,0,,0,0,0,1,0,0,2,3,2,,1.5,0
22000,100225,Brandy Reed,1611661317,PHO,Phoenix Mercury,1020000004,2000-05-31,PHO vs. NYL,W,30,10,20,0.5,0,1,0.0,2,2,1.0,1,6,7,1,1,3,4,2,22,,39.9,0
22000,100227,Maria Stepanova,1611661317,PHO,Phoenix Mercury,1020000004,2000-05-31,PHO vs. NYL,W,11,1,1,1.0,0,0,,1,2,0.5,0,1,1,0,0,1,1,5,3,,6.2,0
22000,100378,Lisa Harrison,1611661317,PHO,Phoenix Mercury,1020000004,2000-05-31,PHO vs. NYL,W,6,0,0,,0,0,,0,0,,0,0,0,0,1,0,0,0,0,,3.0,0
22000,100398,Tonya Edwards,1611661317,PHO,Phoenix Mercury,1020000004,2000-05-31,PHO vs. NYL,W,32,1,4,0.25,1,2,0.5,5,6,0.833,0,0,0,0,2,0,2,4,8,,12.0,0
22000,100525,Rankica Sarenac,1611661317,PHO,Phoenix Mercury,1020000004,2000-05-31,PHO vs. NYL,W,2,0,0,,0,0,,0,0,,0,0,0,0,0,0,1,3,0,,-1.0,0
22000,100526,Adrian Williams-Strong,1611661317,PHO,Phoenix Mercury,1020000004,2000-05-31,PHO vs. NYL,W,19,0,3,0.0,0,0,,3,4,0.75,3,2,5,1,1,0,3,1,3,,10.5,0
22000,100594,Michelle Cleary,1611661317,PHO,Phoenix Mercury,1020000004,2000-05-31,PHO vs. NYL,W,13,0,0,,0,0,,0,0,,0,1,1,3,0,0,1,1,0,,4.7,0
22000,100239,Margo Dydek,1611661319,UTA,Utah Starzz,1020000005,2000-05-31,UTA @ LAS,L,17,0,5,0.0,0,1,0.0,1,4,0.25,0,7,7,1,0,4,2,4,1,,20.9,0
22000,100242,LaTonya Johnson,1611661319,UTA,Utah Starzz,1020000005,2000-05-31,UTA @ LAS,L,28,4,10,0.4,1,2,0.5,0,0,,2,5,7,1,1,0,3,1,9,,18.9,0
22000,100250,Korie Hlede,1611661319,UTA,Utah Starzz,1020000005,2000-05-31,UTA @ LAS,L,22,4,7,0.571,1,2,0.5,0,2,0.0,0,3,3,2,0,1,5,2,9,,13.6,0
22000,100363,Adrienne Goodson,1611661319,UTA,Utah Starzz,1020000005,2000-05-31,UTA @ LAS,L,33,6,18,0.333,0,1,0.0,2,4,0.5,0,2,2,2,2,0,4,3,14,,21.4,0
22000,100364,Dalma Ivanyi,1611661319,UTA,Utah Starzz,1020000005,2000-05-31,UTA @ LAS,L,28,1,6,0.167,0,1,0.0,0,0,,0,3,3,3,2,1,2,4,2,,17.1,0
22000,100366,Natalie Williams,1611661319,UTA,Utah Starzz,1020000005,2000-05-31,UTA @ LAS,L,37,6,12,0.5,0,0,,9,11,0.818,7,7,14,2,1,0,2,5,21,,41.8,0
22000,100422,Kate Starbird,1611661319,UTA,Utah Starzz,1020000005,2000-05-31,UTA @ LAS,L,15,1,5,0.2,0,0,,0,0,,1,0,1,1,1,0,0,1,2,,7.7,0
22000,100548,Katryna Gaither,1611661319,UTA,Utah Starzz,1020000005,2000-05-31,UTA @ LAS,L,5,0,1,0.0,0,0,,0,0,,0,1,1,0,0,0,0,0,0,,1.2,0
22000,100551,Naomi Mulitauaopele,1611661319,UTA,Utah Starzz,1020000005,2000-05-31,UTA @ LAS,L,15,2,6,0.333,0,0,,0,0,,0,2,2,0,0,0,2,0,4,,4.4,0
22000,100003,Lisa Leslie,1611661320,LAS,Los Angeles Sparks,1020000005,2000-05-31,LAS vs. UTA,W,39,3,11,0.273,0,1,0.0,2,3,0.667,1,10,11,4,1,5,5,6,8,,40.2,0
22000,100008,Tamecka Dixon,1611661320,LAS,Los Angeles Sparks,1020000005,2000-05-31,LAS vs. UTA,W,23,2,9,0.222,0,0,,4,4,1.0,3,1,4,2,5,0,2,2,8,,28.8,0
22000,100012,Mwadi Mabika,1611661320,LAS,Los Angeles Sparks,1020000005,2000-05-31,LAS vs. UTA,W,31,6,13,0.462,2,5,0.4,7,8,0.875,1,6,7,4,0,1,0,4,21,,38.4,0
22000,100170,Allison Feaster,1611661320,LAS,Los Angeles Sparks,1020000005,2000-05-31,LAS vs. UTA,W,8,1,4,0.25,1,3,0.333,0,0,,0,1,1,1,0,0,0,0,3,,5.7,0
22000,100392,Ukari Figgs,1611661320,LAS,Los Angeles Sparks,1020000005,2000-05-31,LAS vs. UTA,W,24,1,4,0.25,0,2,0.0,2,4,0.5,1,1,2,2,0,0,1,3,4,,8.4,0
22000,100393,La'Keshia Frett,1611661320,LAS,Los Angeles Sparks,1020000005,2000-05-31,LAS vs. UTA,W,14,3,3,1.0,0,0,,0,0,,1,3,4,1,1,1,4,1,6,,14.3,0
22000,100395,Clarisse Machanguana,1611661320,LAS,Los Angeles Sparks,1020000005,2000-05-31,LAS vs. UTA,W,7,1,3,0.333,0,0,,0,0,,1,0,1,0,1,0,0,0,2,,6.2,0
22000,100396,DeLisha Milton-Jones,1611661320,LAS,Los Angeles Sparks,1020000005,2000-05-31,LAS vs. UTA,W,19,3,12,0.25,0,0,,5,6,0.833,0,5,5,0,2,2,2,5,11,,27.0,0
22000,100476,Vedrana Grgin Fonseca,1611661320,LAS,Los Angeles Sparks,1020000005,2000-05-31,LAS vs. UTA,W,14,0,4,0.0,0,1,0.0,0,0,,0,2,2,1,0,0,2,1,0,,1.9,0
22000,100478,Nicky McCrimmon,1611661320,LAS,Los Angeles Sparks,1020000005,2000-05-31,LAS vs. UTA,W,16,2,3,0.667,2,3,0.667,0,0,,0,1,1,1,3,0,0,0,6,,17.7,0
22000,100479,Paige Sauer,1611661320,LAS,Los Angeles Sparks,1020000005,2000-05-31,LAS vs. UTA,W,5,0,0,,0,0,,0,0,,0,2,2,1,0,0,0,0,0,,3.9,0
22000,100027,Latasha Byears,1611661318,SAC,Sacramento Monarchs,1020000006,2000-05-31,SAC vs. SEA,W,28,7,10,0.7,0,0,,3,4,0.75,2,6,8,2,4,0,1,3,17,,40.6,0
22000,100044,Lady Grooms,1611661318,SAC,Sacramento Monarchs,1020000006,2000-05-31,SAC vs. SEA,W,24,1,6,0.167,0,0,,2,2,1.0,1,1,2,1,0,1,2,1,4,,8.9,0
22000,100234,Ticha Penicheiro,1611661318,SAC,Sacramento Monarchs,1020000006,2000-05-31,SAC vs. SEA,W,26,0,2,0.0,0,1,0.0,9,10,0.9,1,3,4,10,2,1,5,2,9,,32.8,0
22000,100236,Tangela Smith,1611661318,SAC,Sacramento Monarchs,1020000006,2000-05-31,SAC vs. SEA,W,24,3,8,0.375,0,0,,0,0,,3,1,4,1,0,3,2,0,6,,19.3,0
22000,100419,Yolanda Griffith,1611661318,SAC,Sacramento Monarchs,1020000006,2000-05-31,SAC vs. SEA,W,27,4,10,0.4,0,0,,2,4,0.5,2,3,5,2,0,2,1,3,10,,24.0,0
22000,100421,Kedra Holland-Corn,1611661318,SAC,Sacramento Monarchs,1020000006,2000-05-31,SAC vs. SEA,W,36,3,9,0.333,3,6,0.5,1,2,0.5,2,3,5,2,1,1,5,4,10,,20.0,0
22000,100534,Stacy Clinesmith,1611661318,SAC,Sacramento Monarchs,1020000006,2000-05-31,SAC vs. SEA,W,18,3,3,1.0,2,2,1.0,2,2,1.0,0,3,3,4,1,0,1,2,10,,21.6,0
22000,100536,Katy Steding,1611661318,SAC,Sacramento Monarchs,1020000006,2000-05-31,SAC vs. SEA,W,17,4,8,0.5,1,4,0.25,1,1,1.0,0,3,3,0,0,0,0,0,10,,13.6,0
22000,100111,Simone Edwards,1611661328,SEA,Seattle Storm,1020000006,2000-05-31,SEA @ SAC,L,30,2,7,0.286,0,0,,1,2,0.5,3,2,5,0,0,0,2,3,5,,9.0,0
22000,100179,Charmin Smith,1611661328,SEA,Seattle Storm,1020000006,2000-05-31,SEA @ SAC,L,12,0,1,0.0,0,0,,0,0,,0,0,0,2,0,0,0,1,0,,3.0,0
22000,100230,Quacy Barnes,1611661328,SEA,Seattle Storm,1020000006,2000-05-31,SEA @ SAC,L,15,2,4,0.5,0,0,,0,2,0.0,0,2,2,0,0,1,2,5,4,,7.4,0
22000,100336,Sonja Henning,1611661328,SEA,Seattle Storm,1020000006,2000-05-31,SEA @ SAC,L,29,0,3,0.0,0,1,0.0,1,2,0.5,3,0,3,1,1,0,1,5,1,,8.1,0
22000,100375,Edna Campbell,1611661328,SEA,Seattle Storm,1020000006,2000-05-31,SEA @ SAC,L,36,10,21,0.476,1,4,0.25,1,3,0.333,1,1,2,2,3,0,5,1,22,,31.4,0
22000,100503,Andrea Garner,1611661328,SEA,Seattle Storm,1020000006,2000-05-31,SEA @ SAC,L,5,0,1,0.0,0,0,,0,0,,0,1,1,0,0,0,2,0,0,,-0.8,0
22000,100538,Katrina Hibbert,1611661328,SEA,Seattle Storm,1020000006,2000-05-31,SEA @ SAC,L,27,2,8,0.25,1,6,0.167,0,0,,1,4,5,3,1,1,1,2,5,,20.5,0
22000,100541,Jamie Redd,1611661328,SEA,Seattle Storm,1020000006,2000-05-31,SEA @ SAC,L,2,0,0,,0,0,,0,0,,0,0,0,0,0,0,0,1,0,,0.0,0
22000,100542,Charisse Sampson,1611661328,SEA,Seattle Storm,1020000006,2000-05-31,SEA @ SAC,L,6,0,0,,0,0,,0,0,,0,1,1,0,0,1,1,3,0,,3.2,0
22000,100543,Robin Threatt-Elliott,1611661328,SEA,Seattle Storm,1020000006,2000-05-31,SEA @ SAC,L,8,1,3,0.333,0,0,,1,2,0.5,0,1,1,1,0,0,1,0,3,,4.7,0
22000,100544,Kamila Vodichkova,1611661328,SEA,Seattle Storm,1020000006,2000-05-31,SEA @ SAC,L,30,7,15,0.467,1,1,1.0,5,6,0.833,4,5,9,0,2,1,2,0,20,,37.8,0
22000,100072,Sheryl Swoopes,1611661316,HOU,Houston Comets,1020000007,2000-05-31,HOU @ POR,W,47,12,27,0.444,0,3,0.0,5,6,0.833,2,5,7,6,6,1,0,5,29,,67.4,0
22000,100073,Cynthia Cooper,1611661316,HOU,Houston Comets,1020000007,2000-05-31,HOU @ POR,W,47,6,23,0.261,2,11,0.182,8,8,1.0,0,1,1,6,0,0,3,5,22,,29.2,0
22000,100075,Janeth Arcain,1611661316,HOU,Houston Comets,1020000007,2000-05-31,HOU @ POR,W,42,6,8,0.75,2,3,0.667,4,4,1.0,2,3,5,2,1,0,0,3,18,,30.0,0
22000,100076,Tina Thompson,1611661316,HOU,Houston Comets,1020000007,2000-05-31,HOU @ POR,W,46,6,14,0.429,3,6,0.5,2,2,1.0,4,5,9,1,1,0,3,3,17,,29.3,0
22000,100207,Monica Lamb,1611661316,HOU,Houston Comets,1020000007,2000-05-31,HOU @ POR,W,25,1,2,0.5,0,0,,0,0,,1,3,4,0,1,1,0,3,2,,12.8,0
22000,100211,Amaya Valdemoro,1611661316,HOU,Houston Comets,1020000007,2000-05-31,HOU @ POR,W,3,0,0,,0,0,,0,0,,0,0,0,0,0,0,0,0,0,,0.0,0
22000,100217,Coquese Washington,1611661316,HOU,Houston Comets,1020000007,2000-05-31,HOU @ POR,W,3,0,0,,0,0,,0,0,,0,0,0,0,0,0,1,0,0,,-1.0,0
22000,100233,Tiffani Johnson,1611661316,HOU,Houston Comets,1020000007,2000-05-31,HOU @ POR,W,26,1,4,0.25,0,0,,0,0,,3,6,9,0,1,0,0,5,2,,15.8,0
22000,100338,Jennifer Rizzotti,1611661316,HOU,Houston Comets,1020000007,2000-05-31,HOU @ POR,W,11,1,4,0.25,1,4,0.25,0,0,,1,0,1,0,0,0,0,2,3,,4.2,0
22000,100105,Sophia Witherspoon,1611661327,POR,Portland Fire,1020000007,2000-05-31,POR vs. HOU,L,45,5,18,0.278,1,3,0.333,8,9,0.889,3,3,6,2,0,0,3,1,19,,26.2,0
22000,100215,Vanessa Nygaard,1611661327,POR,Portland Fire,1020000007,2000-05-31,POR vs. HOU,L,20,3,7,0.429,1,3,0.333,0,3,0.0,5,6,11,1,0,0,1,5,7,,20.7,0
22000,100284,Tully Bevilaqua,1611661327,POR,Portland Fire,1020000007,2000-05-31,POR vs. HOU,L,36,2,5,0.4,0,1,0.0,2,2,1.0,0,3,3,5,0,0,3,3,6,,14.1,0
22000,100346,Michele Van Gorp,1611661327,POR,Portland Fire,1020000007,2000-05-31,POR vs. HOU,L,10,2,2,1.0,0,0,,0,0,,0,2,2,1,0,0,1,1,4,,6.9,0
22000,100429,Alisa Burras,1611661327,POR,Portland Fire,1020000007,2000-05-31,POR vs. HOU,L,37,7,12,0.583,0,0,,5,8,0.625,1,7,8,1,0,1,2,2,19,,31.1,0
22000,100529,Sylvia Crawley,1611661327,POR,Portland Fire,1020000007,2000-05-31,POR vs. HOU,L,24,5,10,0.5,0,0,,4,4,1.0,2,4,6,0,0,1,5,5,14,,19.2,0
22000,100530,Lynn Pride,1611661327,POR,Portland Fire,1020000007,2000-05-31,POR vs. HOU,L,14,1,2,0.5,0,0,,0,0,,1,2,3,1,0,0,1,1,2,,6.1,0
22000,100532,Stacey Thomas,1611661327,POR,Portland Fire,1020000007,2000-05-31,POR vs. HOU,L,39,5,13,0.385,0,0,,1,2,0.5,4,4,8,6,1,3,4,3,11,,37.6,0
22000,100533,DeMya Walker,1611661327,POR,Portland Fire,1020000007,2000-05-31,POR vs. HOU,L,10,0,2,0.0,0,0,,0,0,,1,1,2,1,1,1,2,2,0,,7.9,0
22000,100570,Michelle Marciniak,1611661327,POR,Portland Fire,1020000007,2000-05-31,POR vs. HOU,L,15,3,6,0.5,1,1,1.0,0,0,,0,0,0,5,1,0,0,3,7,,17.5,0
22000,100059,Andrea Stinson,1611661314,CHA,Charlotte Sting,1020000008,2000-06-01,CHA @ ORL,L,33,7,18,0.389,1,3,0.333,3,6,0.5,2,3,5,7,1,2,2,3,18,,41.5,0
22000,100060,Rhonda Mapp,1611661314,CHA,Charlotte Sting,1020000008,2000-06-01,CHA @ ORL,L,22,4,9,0.444,0,0,,2,3,0.667,2,3,5,2,1,0,2,5,10,,20.0,0
22000,100182,Tracy Reid,1611661314,CHA,Charlotte Sting,1020000008,2000-06-01,CHA @ ORL,L,19,2,6,0.333,0,1,0.0,0,0,,2,1,3,2,0,0,1,2,4,,9.6,0
22000,100294,Cass Bauer-Bilodeau,1611661314,CHA,Charlotte Sting,1020000008,2000-06-01,CHA @ ORL,L,10,0,2,0.0,0,0,,0,0,,1,2,3,0,0,0,0,1,0,,3.6,0
22000,100368,Angie Braziel,1611661314,CHA,Charlotte Sting,1020000008,2000-06-01,CHA @ ORL,L,23,4,7,0.571,0,0,,1,1,1.0,2,4,6,1,0,0,2,2,9,,15.7,0
22000,100369,Niesa Johnson,1611661314,CHA,Charlotte Sting,1020000008,2000-06-01,CHA @ ORL,L,12,2,2,1.0,1,1,1.0,2,2,1.0,0,1,1,3,0,0,1,1,7,,11.7,0
22000,100371,Charlotte Smith,1611661314,CHA,Charlotte Sting,1020000008,2000-06-01,CHA @ ORL,L,28,4,9,0.444,3,6,0.5,4,4,1.0,0,3,3,2,0,0,0,3,15,,21.6,0
22000,100372,Dawn Staley,1611661314,CHA,Charlotte Sting,1020000008,2000-06-01,CHA @ ORL,L,29,2,7,0.286,1,2,0.5,2,2,1.0,2,2,4,3,0,0,2,4,7,,14.3,0
22000,100446,Summer Erb,1611661314,CHA,Charlotte Sting,1020000008,2000-06-01,CHA @ ORL,L,16,3,4,0.75,0,0,,0,0,,0,1,1,0,2,0,2,3,6,,11.2,0
22000,100447,Tiffany Travis,1611661314,CHA,Charlotte Sting,1020000008,2000-06-01,CHA @ ORL,L,5,0,2,0.0,0,0,,0,0,,0,0,0,0,0,0,0,0,0,,0.0,0
22000,100452,E.C. Hill,1611661314,CHA,Charlotte Sting,1020000008,2000-06-01,CHA @ ORL,L,3,1,2,0.5,1,1,1.0,0,0,,1,1,2,0,0,0,1,0,3,,4.4,0
22000,100048,Jessie Hicks,1611661323,ORL,Orlando Miracle,1020000008,2000-06-01,ORL vs. CHA,W,6,0,0,,0,0,,2,2,1.0,2,0,2,2,0,1,0,2,2,,10.4,0
22000,100100,Adrienne Johnson,1611661323,ORL,Orlando Miracle,1020000008,2000-06-01,ORL vs. CHA,W,35,6,16,0.375,2,7,0.286,0,0,,0,2,2,1,0,0,1,4,14,,16.9,0
22000,100410,Shannon Johnson,1611661323,ORL,Orlando Miracle,1020000008,2000-06-01,ORL vs. CHA,W,34,4,10,0.4,1,3,0.333,7,7,1.0,1,3,4,7,2,0,1,2,16,,36.3,0
22000,100411,Carla McGhee,1611661323,ORL,Orlando Miracle,1020000008,2000-06-01,ORL vs. CHA,W,3,0,1,0.0,0,0,,0,0,,0,0,0,0,0,0,1,0,0,,-1.0,0
22000,100412,Taj McWilliams-Franklin,1611661323,ORL,Orlando Miracle,1020000008,2000-06-01,ORL vs. CHA,W,34,3,5,0.6,0,0,,5,7,0.714,4,5,9,1,2,1,1,3,11,,31.3,0
22000,100414,Elaine Powell,1611661323,ORL,Orlando Miracle,1020000008,2000-06-01,ORL vs. CHA,W,17,4,7,0.571,0,0,,0,0,,2,2,4,1,0,0,2,0,8,,12.3,0
22000,100415,Nykesha Sales,1611661323,ORL,Orlando Miracle,1020000008,2000-06-01,ORL vs. CHA,W,32,9,20,0.45,2,5,0.4,4,4,1.0,3,5,8,3,3,0,1,5,24,,46.1,0
22000,100514,Cintia dos Santos,1611661323,ORL,Orlando Miracle,1020000008,2000-06-01,ORL vs. CHA,W,22,1,2,0.5,0,0,,1,4,0.25,1,3,4,0,0,2,3,5,3,,10.8,0
22000,100517,Romana Hamzova,1611661323,ORL,Orlando Miracle,1020000008,2000-06-01,ORL vs. CHA,W,2,0,0,,0,0,,0,0,,0,0,0,1,0,0,1,0,0,,0.5,0
22000,100519,Jannon Roland,1611661323,ORL,Orlando Miracle,1020000008,2000-06-01,ORL vs. CHA,W,15,2,6,0.333,0,2,0.0,0,0,,1,0,1,1,0,0,1,1,4,,5.7,0
22000,100022,Chantel Tremitiere,1611661325,IND,Indiana Fever,1020000009,2000-06-01,IND @ MIA,W,23,1,6,0.167,0,0,,0,0,,0,0,0,1,0,0,1,0,2,,2.5,0
22000,100096,Donna Harrington,1611661325,IND,Indiana Fever,1020000009,2000-06-01,IND @ MIA,W,8,0,0,,0,0,,2,2,1.0,1,1,2,1,0,0,1,2,2,,4.9,0
22000,100204,Rita Williams,1611661325,IND,Indiana Fever,1020000009,2000-06-01,IND @ MIA,W,17,3,4,0.75,2,2,1.0,0,2,0.0,0,3,3,1,2,0,0,3,8,,19.1,0
22000,100216,Alicia Thompson,1611661325,IND,Indiana Fever,1020000009,2000-06-01,IND @ MIA,W,28,6,10,0.6,0,0,,1,2,0.5,0,5,5,0,0,0,0,2,13,,19.0,0
22000,100340,Kara Wolters,1611661325,IND,Indiana Fever,1020000009,2000-06-01,IND @ MIA,W,26,4,8,0.5,0,0,,0,0,,2,3,5,1,1,4,0,1,8,,30.5,0
22000,100357,Monica Maxwell,1611661325,IND,Indiana Fever,1020000009,2000-06-01,IND @ MIA,W,33,4,13,0.308,1,4,0.25,2,2,1.0,0,5,5,1,0,1,1,1,11,,20.5,0
22000,100370,Stephanie White,1611661325,IND,Indiana Fever,1020000009,2000-06-01,IND @ MIA,W,31,2,3,0.667,0,0,,1,2,0.5,1,7,8,4,1,1,7,2,5,,19.6,0
22000,100468,Usha Gilmore,1611661325,IND,Indiana Fever,1020000009,2000-06-01,IND @ MIA,W,7,1,1,1.0,0,0,,0,0,,1,0,1,1,0,0,1,1,2,,3.7,0
22000,100472,Texlin Quinney,1611661325,IND,Indiana Fever,1020000009,2000-06-01,IND @ MIA,W,9,0,1,0.0,0,0,,0,0,,0,0,0,3,0,0,0,0,0,,4.5,0
22000,101006,Jurgita Streimikyte,1611661325,IND,Indiana Fever,1020000009,2000-06-01,IND @ MIA,W,18,2,4,0.5,0,0,,2,2,1.0,0,1,1,1,2,0,2,4,6,,12.7,0
22000,100009,Katrina Colleton,1611661326,MIA,Miami Sol,1020000009,2000-06-01,MIA vs. IND,L,35,1,7,0.143,0,3,0.0,5,8,0.625,3,2,5,1,1,0,0,0,7,,17.5,0
22000,100035,Umeki Webb,1611661326,MIA,Miami Sol,1020000009,2000-06-01,MIA vs. IND,L,21,0,4,0.0,0,0,,1,2,0.5,0,2,2,1,0,0,3,3,1,,1.9,0
22000,100037,Marlies Askamp,1611661326,MIA,Miami Sol,1020000009,2000-06-01,MIA vs. IND,L,33,5,11,0.455,0,0,,3,4,0.75,6,4,10,2,1,2,1,2,13,,36.0,0
22000,100063,Sharon Manning,1611661326,MIA,Miami Sol,1020000009,2000-06-01,MIA vs. IND,L,7,2,3,0.667,0,0,,1,2,0.5,3,1,4,0,1,0,1,3,5,,11.8,0
22000,100186,Tanja Kostic,1611661326,MIA,Miami Sol,1020000009,2000-06-01,MIA vs. IND,L,14,0,5,0.0,0,0,,1,2,0.5,1,1,2,1,1,0,1,1,1,,6.9,0
22000,100359,Debbie Black,1611661326,MIA,Miami Sol,1020000009,2000-06-01,MIA vs. IND,L,26,5,8,0.625,1,3,0.333,2,2,1.0,1,1,2,4,3,0,0,5,13,,30.4,0
22000,100558,Jameka Jones,1611661326,MIA,Miami Sol,1020000009,2000-06-01,MIA vs. IND,L,24,3,18,0.167,0,6,0.0,0,0,,1,4,5,1,1,0,2,2,6,,14.5,0
22000,100559,Milena Flores,1611661326,MIA,Miami Sol,1020000009,2000-06-01,MIA vs. IND,L,14,1,5,0.2,0,3,0.0,0,0,,1,0,1,1,1,0,0,0,2,,7.7,0
22000,100560,Shantia Owens,1611661326,MIA,Miami Sol,1020000009,2000-06-01,MIA vs. IND,L,26,3,5,0.6,0,0,,0,0,,4,0,4,2,0,0,2,2,6,,11.8,0
22000,100239,Margo Dydek,1611661319,UTA,Utah Starzz,1020000010,2000-06-01,UTA vs. MIN,W,16,0,0,,0,0,,0,0,,0,0,0,0,0,7,1,2,0,,20.0,0
22000,100242,LaTonya Johnson,1611661319,UTA,Utah Starzz,1020000010,2000-06-01,UTA vs. MIN,W,23,5,11,0.455,1,5,0.2,3,3,1.0,1,1,2,2,2,0,2,1,14,,23.4,0
22000,100250,Korie Hlede,1611661319,UTA,Utah Starzz,1020000010,2000-06-01,UTA vs. MIN,W,27,3,7,0.429,1,1,1.0,5,6,0.833,0,4,4,1,0,0,3,4,12,,15.3,0
22000,100363,Adrienne Goodson,1611661319,UTA,Utah Starzz,1020000010,2000-06-01,UTA vs. MIN,W,22,3,10,0.3,0,1,0.0,7,8,0.875,1,6,7,0,1,0,3,5,13,,21.4,0
22000,100364,Dalma Ivanyi,1611661319,UTA,Utah Starzz,1020000010,2000-06-01,UTA vs. MIN,W,23,2,3,0.667,1,2,0.5,4,5,0.8,0,1,1,3,2,0,2,4,9,,18.7,0
22000,100366,Natalie Williams,1611661319,UTA,Utah Starzz,1020000010,2000-06-01,UTA vs. MIN,W,26,5,10,0.5,0,0,,8,9,0.889,5,9,14,2,0,0,6,5,18,,31.8,0
22000,100422,Kate Starbird,1611661319,UTA,Utah Starzz,1020000010,2000-06-01,UTA vs. MIN,W,16,1,4,0.25,0,2,0.0,0,0,,0,1,1,0,1,2,0,2,2,,12.2,0
22000,100547,Stacy Frese,1611661319,UTA,Utah Starzz,1020000010,2000-06-01,UTA vs. MIN,W,17,1,1,1.0,1,1,1.0,2,2,1.0,0,0,0,3,0,0,0,1,5,,9.5,0
22000,100551,Naomi Mulitauaopele,1611661319,UTA,Utah Starzz,1020000010,2000-06-01,UTA vs. MIN,W,21,4,6,0.667,0,0,,2,4,0.5,1,0,1,0,0,0,0,3,10,,11.2,0
22000,100552,Kristen Rasmussen,1611661319,UTA,Utah Starzz,1020000010,2000-06-01,UTA vs. MIN,W,9,0,0,,0,0,,0,0,,1,1,2,1,1,0,1,2,0,,5.9,0
22000,100400,Kristin Folkl,1611661324,MIN,Minnesota Lynx,1020000010,2000-06-01,MIN @ UTA,L,33,7,12,0.583,1,3,0.333,5,6,0.833,2,6,8,1,1,1,1,6,20,,36.1,0
22000,100402,Andrea Lloyd-Curry,1611661324,MIN,Minnesota Lynx,1020000010,2000-06-01,MIN @ UTA,L,26,3,6,0.5,1,4,0.25,2,4,0.5,2,2,4,2,0,0,0,2,9,,16.8,0
22000,100404,Katie Smith,1611661324,MIN,Minnesota Lynx,1020000010,2000-06-01,MIN @ UTA,L,26,6,14,0.429,4,8,0.5,2,2,1.0,0,0,0,2,1,0,3,5,18,,21.0,0
22000,100406,Sonja Tate,1611661324,MIN,Minnesota Lynx,1020000010,2000-06-01,MIN @ UTA,L,17,0,3,0.0,0,1,0.0,0,0,,0,1,1,0,1,0,1,1,0,,3.2,0
22000,100481,Marla Brumfield,1611661324,MIN,Minnesota Lynx,1020000010,2000-06-01,MIN @ UTA,L,15,1,3,0.333,0,0,,2,3,0.667,0,0,0,1,1,0,1,4,4,,7.5,0
22000,100482,Grace Daley,1611661324,MIN,Minnesota Lynx,1020000010,2000-06-01,MIN @ UTA,L,17,3,4,0.75,0,1,0.0,5,5,1.0,0,1,1,1,0,0,1,1,11,,12.7,0
22000,100483,Keitha Dickerson,1611661324,MIN,Minnesota Lynx,1020000010,2000-06-01,MIN @ UTA,L,24,1,3,0.333,0,0,,1,2,0.5,0,2,2,3,0,0,4,3,3,,5.9,0
22000,100484,Betty Lennox,1611661324,MIN,Minnesota Lynx,1020000010,2000-06-01,MIN @ UTA,L,20,3,10,0.3,0,2,0.0,1,2,0.5,2,2,4,2,2,0,1,4,7,,19.8,0
22000,100485,Maylana Martin,1611661324,MIN,Minnesota Lynx,1020000010,2000-06-01,MIN @ UTA,L,4,0,1,0.0,0,0,,0,0,,0,0,0,0,0,0,0,1,0,,0.0,0
22000,100487,Kate Paye,1611661324,MIN,Minnesota Lynx,1020000010,2000-06-01,MIN @ UTA,L,16,0,1,0.0,0,1,0.0,2,2,1.0,1,1,2,0,0,1,2,1,2,,5.4,0
22000,100490,Shanele Stires,1611661324,MIN,Minnesota Lynx,1020000010,2000-06-01,MIN @ UTA,L,2,0,0,,0,0,,0,0,,0,0,0,0,0,0,0,2,0,,0.0,0
22000,100072,Sheryl Swoopes,1611661316,HOU,Houston Comets,1020000011,2000-06-01,HOU @ SEA,W,29,7,13,0.538,2,2,1.0,4,5,0.8,0,6,6,3,2,0,1,1,20,,36.7,0
22000,100073,Cynthia Cooper,1611661316,HOU,Houston Comets,1020000011,2000-06-01,HOU @ SEA,W,28,4,7,0.571,0,0,,5,7,0.714,0,1,1,4,2,0,3,0,13,,23.2,0
22000,100075,Janeth Arcain,1611661316,HOU,Houston Comets,1020000011,2000-06-01,HOU @ SEA,W,23,1,5,0.2,0,0,,0,0,,0,2,2,2,1,0,2,2,2,,8.4,0
22000,100076,Tina Thompson,1611661316,HOU,Houston Comets,1020000011,2000-06-01,HOU @ SEA,W,26,7,13,0.538,3,6,0.5,2,3,0.667,1,8,9,0,1,0,4,2,19,,28.8,0
22000,100077,Tammy Jackson,1611661316,HOU,Houston Comets,1020000011,2000-06-01,HOU @ SEA,W,14,1,1,1.0,0,0,,0,0,,0,0,0,1,1,0,1,5,2,,5.5,0
22000,100211,Amaya Valdemoro,1611661316,HOU,Houston Comets,1020000011,2000-06-01,HOU @ SEA,W,15,4,10,0.4,2,5,0.4,0,0,,1,1,2,2,1,0,1,3,10,,17.4,0
22000,100217,Coquese Washington,1611661316,HOU,Houston Comets,1020000011,2000-06-01,HOU @ SEA,W,13,1,2,0.5,0,1,0.0,2,2,1.0,0,0,0,3,5,0,0,2,4,,23.5,0
22000,100233,Tiffani Johnson,1611661316,HOU,Houston Comets,1020000011,2000-06-01,HOU @ SEA,W,32,2,7,0.286,0,0,,2,2,1.0,5,4,9,0,0,1,2,6,6,,17.8,0
22000,100338,Jennifer Rizzotti,1611661316,HOU,Houston Comets,1020000011,2000-06-01,HOU @ SEA,W,12,0,1,0.0,0,1,0.0,1,2,0.5,0,1,1,1,1,0,0,2,1,,6.7,0
22000,100504,Kelley Gibson,1611661316,HOU,Houston Comets,1020000011,2000-06-01,HOU @ SEA,W,8,0,2,0.0,0,0,,0,0,,2,0,2,0,1,0,1,0,0,,4.4,0
22000,100111,Simone Edwards,1611661328,SEA,Seattle Storm,1020000011,2000-06-01,SEA vs. HOU,L,11,0,0,,0,0,,0,0,,0,0,0,0,0,0,1,3,0,,-1.0,0
22000,100179,Charmin Smith,1611661328,SEA,Seattle Storm,1020000011,2000-06-01,SEA vs. HOU,L,13,0,0,,0,0,,2,2,1.0,1,0,1,0,0,0,0,1,2,,3.2,0
22000,100230,Quacy Barnes,1611661328,SEA,Seattle Storm,1020000011,2000-06-01,SEA vs. HOU,L,37,6,10,0.6,0,1,0.0,4,8,0.5,1,2,3,0,0,2,3,2,16,,22.6,0
22000,100336,Sonja Henning,1611661328,SEA,Seattle Storm,1020000011,2000-06-01,SEA vs. HOU,L,22,1,5,0.2,0,0,,0,0,,0,2,2,3,2,0,1,0,2,,13.9,0
22000,100375,Edna Campbell,1611661328,SEA,Seattle Storm,1020000011,2000-06-01,SEA vs. HOU,L,30,5,17,0.294,0,1,0.0,1,2,0.5,1,0,1,0,1,1,2,2,11,,16.2,0
22000,100503,Andrea Garner,1611661328,SEA,Seattle Storm,1020000011,2000-06-01,SEA vs. HOU,L,7,0,2,0.0,0,0,,2,2,1.0,1,3,4,1,0,0,2,0,2,,6.3,0
22000,100538,Katrina Hibbert,1611661328,SEA,Seattle Storm,1020000011,2000-06-01,SEA vs. HOU,L,20,1,3,0.333,0,1,0.0,0,1,0.0,1,1,2,1,0,0,2,2,2,,3.9,0
22000,100541,Jamie Redd,1611661328,SEA,Seattle Storm,1020000011,2000-06-01,SEA vs. HOU,L,12,1,2,0.5,0,1,0.0,1,2,0.5,0,1,1,0,0,0,1,4,3,,3.2,0
22000,100542,Charisse Sampson,1611661328,SEA,Seattle Storm,1020000011,2000-06-01,SEA vs. HOU,L,6,0,1,0.0,0,0,,0,0,,0,1,1,0,0,0,1,1,0,,0.2,0
22000,100543,Robin Threatt-Elliott,1611661328,SEA,Seattle Storm,1020000011,2000-06-01,SEA vs. HOU,L,17,1,4,0.25,0,1,0.0,0,0,,1,0,1,2,3,0,3,1,2,,12.2,0
22000,100544,Kamila Vodichkova,1611661328,SEA,Seattle Storm,1020000011,2000-06-01,SEA vs. HOU,L,25,2,5,0.4,1,2,0.5,2,4,0.5,0,7,7,1,0,0,1,5,7,,15.9,0
22000,100101,Teresa Weatherspoon,1611661313,NYL,New York Liberty,1020000012,2000-06-03,NYL vs. UTA,W,32,2,3,0.667,1,1,1.0,3,4,0.75,1,3,4,7,2,0,5,3,8,,24.3,0
22000,100103,Vickie Johnson,1611661313,NYL,New York Liberty,1020000012,2000-06-03,NYL vs. UTA,W,34,6,11,0.545,2,2,1.0,5,6,0.833,2,3,5,2,4,0,2,2,19,,38.0,0
22000,100104,Sue Wicks,1611661313,NYL,New York Liberty,1020000012,2000-06-03,NYL vs. UTA,W,26,2,5,0.4,0,0,,1,2,0.5,2,2,4,1,3,1,1,1,5,,22.3,0
22000,100342,Becky Hammon,1611661313,NYL,New York Liberty,1020000012,2000-06-03,NYL vs. UTA,W,18,5,8,0.625,2,4,0.5,11,12,0.917,0,1,1,0,1,0,1,1,23,,26.2,0
22000,100347,Tamika Whitmore,1611661313,NYL,New York Liberty,1020000012,2000-06-03,NYL vs. UTA,W,19,3,5,0.6,0,0,,4,4,1.0,2,1,3,0,1,1,0,2,10,,19.6,0
22000,100413,Tari Phillips,1611661313,NYL,New York Liberty,1020000012,2000-06-03,NYL vs. UTA,W,26,3,12,0.25,0,1,0.0,2,4,0.5,3,4,7,0,0,0,2,3,8,,14.4,0
22000,100508,Jessica Bibby,1611661313,NYL,New York Liberty,1020000012,2000-06-03,NYL vs. UTA,W,2,0,0,,0,0,,1,2,0.5,0,0,0,1,0,0,1,0,1,,1.5,0
22000,100509,Marina Ferragut,1611661313,NYL,New York Liberty,1020000012,2000-06-03,NYL vs. UTA,W,10,3,4,0.75,0,1,0.0,0,0,,2,0,2,0,0,0,0,4,6,,8.4,0
22000,100511,Desiree Francis,1611661313,NYL,New York Liberty,1020000012,2000-06-03,NYL vs. UTA,W,2,0,1,0.0,0,0,,0,0,,0,0,0,0,0,0,0,0,0,,0.0,0
22000,100512,Shea Mahoney,1611661313,NYL,New York Liberty,1020000012,2000-06-03,NYL vs. UTA,W,31,3,11,0.273,0,1,0.0,1,1,1.0,2,3,5,0,1,0,1,3,7,,15.0,0
22000,100239,Margo Dydek,1611661319,UTA,Utah Starzz,1020000012,2000-06-03,UTA @ NYL,L,14,1,4,0.25,0,1,0.0,0,0,,0,0,0,0,1,3,3,1,2,,11.0,0
22000,100242,LaTonya Johnson,1611661319,UTA,Utah Starzz,1020000012,2000-06-03,UTA @ NYL,L,23,3,7,0.429,1,2,0.5,0,0,,0,0,0,1,0,0,1,4,7,,7.5,0
22000,100250,Korie Hlede,1611661319,UTA,Utah Starzz,1020000012,2000-06-03,UTA @ NYL,L,13,1,2,0.5,0,0,,0,0,,1,2,3,1,1,0,2,4,2,,8.1,0
22000,100363,Adrienne Goodson,1611661319,UTA,Utah Starzz,1020000012,2000-06-03,UTA @ NYL,L,29,9,21,0.429,0,1,0.0,3,3,1.0,2,8,10,4,0,1,5,1,21,,37.0,0
22000,100364,Dalma Ivanyi,1611661319,UTA,Utah Starzz,1020000012,2000-06-03,UTA @ NYL,L,26,0,2,0.0,0,1,0.0,0,0,,0,0,0,4,0,0,2,5,0,,4.0,0
22000,100366,Natalie Williams,1611661319,UTA,Utah Starzz,1020000012,2000-06-03,UTA @ NYL,L,40,7,12,0.583,1,1,1.0,3,4,0.75,4,4,8,0,1,1,2,5,18,,31.6,0
22000,100422,Kate Starbird,1611661319,UTA,Utah Starzz,1020000012,2000-06-03,UTA @ NYL,L,15,3,9,0.333,1,3,0.333,0,0,,2,1,3,3,0,0,2,2,7,,13.1,0
22000,100547,Stacy Frese,1611661319,UTA,Utah Starzz,1020000012,2000-06-03,UTA @ NYL,L,15,4,6,0.667,3,5,0.6,0,0,,0,0,0,0,0,0,0,2,11,,11.0,0
22000,100548,Katryna Gaither,1611661319,UTA,Utah Starzz,1020000012,2000-06-03,UTA @ NYL,L,17,1,2,0.5,0,0,,2,2,1.0,3,0,3,2,2,0,0,2,4,,16.6,0
22000,100551,Naomi Mulitauaopele,1611661319,UTA,Utah Starzz,1020000012,2000-06-03,UTA @ NYL,L,8,2,3,0.667,0,0,,0,0,,1,1,2,0,0,0,1,0,4,,5.4,0
22000,100059,Andrea Stinson,1611661314,CHA,Charlotte Sting,1020000013,2000-06-03,CHA vs. MIA,L,40,8,20,0.4,3,7,0.429,3,8,0.375,3,0,3,1,4,1,4,2,22,,38.1,0
22000,100060,Rhonda Mapp,1611661314,CHA,Charlotte Sting,1020000013,2000-06-03,CHA vs. MIA,L,27,5,9,0.556,1,1,1.0,0,0,,1,2,3,0,2,2,1,6,11,,25.6,0
22000,100182,Tracy Reid,1611661314,CHA,Charlotte Sting,1020000013,2000-06-03,CHA vs. MIA,L,23,3,6,0.5,0,0,,0,0,,1,1,2,2,0,0,0,2,6,,11.4,0
22000,100294,Cass Bauer-Bilodeau,1611661314,CHA,Charlotte Sting,1020000013,2000-06-03,CHA vs. MIA,L,4,0,1,0.0,0,0,,0,0,,0,1,1,0,0,0,0,0,0,,1.2,0
22000,100368,Angie Braziel,1611661314,CHA,Charlotte Sting,1020000013,2000-06-03,CHA vs. MIA,L,19,0,4,0.0,0,0,,0,0,,0,1,1,0,1,0,1,3,0,,3.2,0
22000,100369,Niesa Johnson,1611661314,CHA,Charlotte Sting,1020000013,2000-06-03,CHA vs. MIA,L,18,4,6,0.667,0,1,0.0,2,2,1.0,0,1,1,2,0,0,1,0,10,,13.2,0
22000,100371,Charlotte Smith,1611661314,CHA,Charlotte Sting,1020000013,2000-06-03,CHA vs. MIA,L,37,3,6,0.5,1,3,0.333,0,0,,2,2,4,3,1,1,1,6,7,,21.3,0
22000,100372,Dawn Staley,1611661314,CHA,Charlotte Sting,1020000013,2000-06-03,CHA vs. MIA,L,27,1,4,0.25,0,1,0.0,2,2,1.0,3,1,4,7,1,0,5,6,4,,17.3,0
22000,100446,Summer Erb,1611661314,CHA,Charlotte Sting,1020000013,2000-06-03,CHA vs. MIA,L,18,1,5,0.2,0,0,,1,3,0.333,1,1,2,2,0,0,1,5,3,,7.4,0
22000,100447,Tiffany Travis,1611661314,CHA,Charlotte Sting,1020000013,2000-06-03,CHA vs. MIA,L,11,0,3,0.0,0,1,0.0,0,0,,0,5,5,0,0,0,1,2,0,,5.0,0
22000,100452,E.C. Hill,1611661314,CHA,Charlotte Sting,1020000013,2000-06-03,CHA vs. MIA,L,1,0,1,0.0,0,1,0.0,0,0,,0,0,0,0,0,0,0,0,0,,0.0,0
22000,100009,Katrina Colleton,1611661326,MIA,Miami Sol,1020000013,2000-06-03,MIA @ CHA,W,19,3,6,0.5,0,0,,0,0,,0,0,0,1,1,0,2,2,6,,8.5,0
22000,100035,Umeki Webb,1611661326,MIA,Miami Sol,1020000013,2000-06-03,MIA @ CHA,W,37,2,6,0.333,0,0,,6,6,1.0,1,1,2,2,2,2,5,4,10,,22.4,0
22000,100037,Marlies Askamp,1611661326,MIA,Miami Sol,1020000013,2000-06-03,MIA @ CHA,W,35,7,13,0.538,0,0,,5,8,0.625,6,3,9,0,2,1,2,4,19,,36.8,0
22000,100063,Sharon Manning,1611661326,MIA,Miami Sol,1020000013,2000-06-03,MIA @ CHA,W,14,1,3,0.333,0,0,,1,2,0.5,0,5,5,0,0,0,2,2,3,,7.0,0
22000,100186,Tanja Kostic,1611661326,MIA,Miami Sol,1020000013,2000-06-03,MIA @ CHA,W,4,1,1,1.0,0,0,,0,0,,0,0,0,1,0,0,1,2,2,,2.5,0
22000,100359,Debbie Black,1611661326,MIA,Miami Sol,1020000013,2000-06-03,MIA @ CHA,W,28,3,7,0.429,0,0,,2,4,0.5,2,5,7,3,2,0,0,5,8,,26.9,0
22000,100416,Sheri Sam,1611661326,MIA,Miami Sol,1020000013,2000-06-03,MIA @ CHA,W,27,5,14,0.357,1,4,0.25,3,4,0.75,1,3,4,1,1,0,2,0,14,,21.3,0
22000,100558,Jameka Jones,1611661326,MIA,Miami Sol,1020000013,2000-06-03,MIA @ CHA,W,7,0,2,0.0,0,1,0.0,0,0,,1,1,2,0,0,0,1,0,0,,1.4,0
22000,100559,Milena Flores,1611661326,MIA,Miami Sol,1020000013,2000-06-03,MIA @ CHA,W,17,1,2,0.5,0,0,,0,0,,0,1,1,5,0,0,3,1,2,,7.7,0
22000,100560,Shantia Owens,1611661326,MIA,Miami Sol,1020000013,2000-06-03,MIA @ CHA,W,37,1,6,0.167,0,0,,8,10,0.8,7,4,11,3,1,1,1,4,10,,32.7,0
22000,100016,Ruthie Bolton,1611661318,SAC,Sacramento Monarchs,1020000014,2000-06-03,SAC @ DET,L,34,5,16,0.313,2,4,0.5,2,4,0.5,1,0,1,2,2,0,2,1,14,,22.2,0
22000,100027,Latasha Byears,1611661318,SAC,Sacramento Monarchs,1020000014,2000-06-03,SAC @ DET,L,17,0,4,0.0,0,0,,0,0,,1,1,2,1,0,0,0,1,0,,3.9,0
22000,100044,Lady Grooms,1611661318,SAC,Sacramento Monarchs,1020000014,2000-06-03,SAC @ DET,L,6,1,2,0.5,0,0,,0,0,,0,0,0,1,0,0,1,2,2,,2.5,0
22000,100234,Ticha Penicheiro,1611661318,SAC,Sacramento Monarchs,1020000014,2000-06-03,SAC @ DET,L,30,2,8,0.25,1,2,0.5,0,0,,2,2,4,4,3,0,2,5,5,,22.8,0
22000,100236,Tangela Smith,1611661318,SAC,Sacramento Monarchs,1020000014,2000-06-03,SAC @ DET,L,32,8,14,0.571,0,0,,0,0,,3,4,7,1,0,2,1,5,16,,30.9,0
22000,100419,Yolanda Griffith,1611661318,SAC,Sacramento Monarchs,1020000014,2000-06-03,SAC @ DET,L,30,11,14,0.786,0,0,,2,4,0.5,4,4,8,0,7,3,1,3,24,,62.6,0
22000,100421,Kedra Holland-Corn,1611661318,SAC,Sacramento Monarchs,1020000014,2000-06-03,SAC @ DET,L,37,4,13,0.308,0,5,0.0,1,4,0.25,1,3,4,5,1,0,3,1,9,,21.3,0
22000,100534,Stacy Clinesmith,1611661318,SAC,Sacramento Monarchs,1020000014,2000-06-03,SAC @ DET,L,10,2,2,1.0,0,0,,0,0,,0,0,0,2,1,0,1,2,4,,9.0,0
22000,100535,Rhonda Banchero,1611661318,SAC,Sacramento Monarchs,1020000014,2000-06-03,SAC @ DET,L,1,0,0,,0,0,,0,0,,0,0,0,0,0,0,0,0,0,,0.0,0
22000,100536,Katy Steding,1611661318,SAC,Sacramento Monarchs,1020000014,2000-06-03,SAC @ DET,L,3,0,1,0.0,0,1,0.0,0,0,,0,0,0,0,0,0,2,0,0,,-2.0,0
22000,100046,Wendy Palmer,1611661321,DET,Detroit Shock,1020000014,2000-06-03,DET vs. SAC,W,27,4,9,0.444,0,0,,4,4,1.0,2,8,10,0,2,1,5,2,12,,28.0,0
22000,100243,Olympia Scott,1611661321,DET,Detroit Shock,1020000014,2000-06-03,DET vs. SAC,W,14,3,5,0.6,0,0,,1,2,0.5,2,1,3,1,1,1,1,3,7,,17.1,0
22000,100384,Dominique Canty,1611661321,DET,Detroit Shock,1020000014,2000-06-03,DET vs. SAC,W,33,2,7,0.286,0,0,,2,2,1.0,0,3,3,6,1,1,2,4,6,,22.6,0
22000,100386,Claudia Neves,1611661321,DET,Detroit Shock,1020000014,2000-06-03,DET vs. SAC,W,30,3,5,0.6,0,2,0.0,2,2,1.0,1,1,2,3,0,0,4,1,8,,10.9,0
22000,100387,Astou Ndiaye-Diatta,1611661321,DET,Detroit Shock,1020000014,2000-06-03,DET vs. SAC,W,29,4,10,0.4,0,0,,0,0,,3,9,12,3,0,1,1,1,8,,28.9,0
22000,100388,Elena Tornikidou,1611661321,DET,Detroit Shock,1020000014,2000-06-03,DET vs. SAC,W,34,7,9,0.778,0,0,,4,4,1.0,1,2,3,2,4,3,7,2,18,,38.6,0
22000,100390,Oksana Zakaluzhnaya,1611661321,DET,Detroit Shock,1020000014,2000-06-03,DET vs. SAC,W,10,1,2,0.5,0,0,,0,0,,0,0,0,0,0,0,0,0,2,,2.0,0
22000,100492,Edwina Brown,1611661321,DET,Detroit Shock,1020000014,2000-06-03,DET vs. SAC,W,13,2,5,0.4,0,0,,5,6,0.833,1,0,1,0,0,1,2,1,9,,11.2,0
22000,100496,Tamicha Jackson,1611661321,DET,Detroit Shock,1020000014,2000-06-03,DET vs. SAC,W,10,1,3,0.333,1,1,1.0,4,4,1.0,0,0,0,3,0,0,1,0,7,,10.5,0
22000,100088,Michelle Edwards,1611661315,CLE,Cleveland Rockers,1020000015,2000-06-03,CLE vs. WAS,W,1,0,0,,0,0,,0,0,,0,0,0,0,0,0,0,0,0,,0.0,0
22000,100091,Eva Nemcova,1611661315,CLE,Cleveland Rockers,1020000015,2000-06-03,CLE vs. WAS,W,31,4,11,0.364,1,4,0.25,2,2,1.0,1,1,2,3,0,0,3,2,11,,14.9,0
22000,100092,Merlakia Jones,1611661315,CLE,Cleveland Rockers,1020000015,2000-06-03,CLE vs. WAS,W,25,6,8,0.75,0,1,0.0,1,2,0.5,1,3,4,2,1,0,0,0,13,,23.8,0
22000,100097,Rushia Brown,1611661315,CLE,Cleveland Rockers,1020000015,2000-06-03,CLE vs. WAS,W,21,1,5,0.2,0,0,,0,1,0.0,1,1,2,0,1,0,1,2,2,,6.4,0
22000,100187,Suzie McConnell Serio,1611661315,CLE,Cleveland Rockers,1020000015,2000-06-03,CLE vs. WAS,W,20,1,5,0.2,0,3,0.0,1,1,1.0,1,0,1,2,0,0,2,0,3,,5.2,0
22000,100237,Tricia Bader Binford,1611661315,CLE,Cleveland Rockers,1020000015,2000-06-03,CLE vs. WAS,W,1,0,1,0.0,0,1,0.0,0,0,,0,0,0,0,0,0,0,0,0,,0.0,0
22000,100428,Mery Andrade,1611661315,CLE,Cleveland Rockers,1020000015,2000-06-03,CLE vs. WAS,W,19,3,4,0.75,2,2,1.0,0,0,,1,0,1,1,3,0,2,4,8,,17.7,0
22000,100433,Chasity Melvin,1611661315,CLE,Cleveland Rockers,1020000015,2000-06-03,CLE vs. WAS,W,26,8,14,0.571,0,0,,3,4,0.75,5,2,7,1,3,0,1,2,19,,36.9,0
22000,100445,Ann Wauters,1611661315,CLE,Cleveland Rockers,1020000015,2000-06-03,CLE vs. WAS,W,12,1,4,0.25,0,0,,2,2,1.0,3,0,3,1,0,0,1,2,4,,8.1,0
22000,100457,Helen Darling,1611661315,CLE,Cleveland Rockers,1020000015,2000-06-03,CLE vs. WAS,W,20,3,5,0.6,1,1,1.0,0,0,,0,4,4,3,1,0,1,3,7,,18.3,0
22000,100458,Vicki Hall,1611661315,CLE,Cleveland Rockers,1020000015,2000-06-03,CLE vs. WAS,W,24,2,9,0.222,1,3,0.333,0,0,,0,3,3,2,2,1,1,1,5,,19.6,0
22000,100058,Vicky Bullett,1611661322,WAS,Washington Mystics,1020000015,2000-06-03,WAS @ CLE,L,37,5,11,0.455,0,0,,0,0,,1,4,5,1,3,2,5,4,10,,27.5,0
22000,100198,Nikki McCray,1611661322,WAS,Washington Mystics,1020000015,2000-06-03,WAS @ CLE,L,35,8,10,0.8,6,7,0.857,2,2,1.0,0,1,1,0,2,1,4,1,24,,30.2,0
22000,100199,Murriel Page,1611661322,WAS,Washington Mystics,1020000015,2000-06-03,WAS @ CLE,L,25,0,2,0.0,0,0,,0,0,,0,2,2,1,1,1,3,6,0,,6.9,0
22000,100348,Markita Aldridge,1611661322,WAS,Washington Mystics,1020000015,2000-06-03,WAS @ CLE,L,3,0,0,,0,0,,0,0,,0,0,0,0,0,0,2,1,0,,-2.0,0
22000,100353,Andrea Nagy,1611661322,WAS,Washington Mystics,1020000015,2000-06-03,WAS @ CLE,L,37,1,2,0.5,0,0,,0,0,,0,4,4,7,1,1,5,4,2,,18.3,0
22000,100356,Chamique Holdsclaw,1611661322,WAS,Washington Mystics,1020000015,2000-06-03,WAS @ CLE,L,36,5,11,0.455,1,2,0.5,2,4,0.5,0,2,2,3,0,0,3,2,13,,16.9,0
22000,100360,Michelle Campbell,1611661322,WAS,Washington Mystics,1020000015,2000-06-03,WAS @ CLE,L,13,0,2,0.0,0,0,,0,0,,0,2,2,1,0,1,1,1,0,,5.9,0
22000,100553,Keisha Anderson,1611661322,WAS,Washington Mystics,1020000015,2000-06-03,WAS @ CLE,L,3,0,0,,0,0,,0,0,,0,0,0,0,0,0,0,1,0,,0.0,0
22000,100554,Beth Cunningham,1611661322,WAS,Washington Mystics,1020000015,2000-06-03,WAS @ CLE,L,5,0,0,,0,0,,0,0,,0,0,0,0,0,0,0,0,0,,0.0,0
22000,100555,Tausha Mills,1611661322,WAS,Washington Mystics,1020000015,2000-06-03,WAS @ CLE,L,6,0,1,0.0,0,0,,0,0,,0,1,1,0,0,0,3,3,0,,-1.8,0
22000,100048,Jessie Hicks,1611661323,ORL,Orlando Miracle,1020000016,2000-06-03,ORL @ IND,W,10,1,1,1.0,0,0,,0,0,,0,2,2,0,0,0,0,1,2,,4.4,0
22000,100100,Adrienne Johnson,1611661323,ORL,Orlando Miracle,1020000016,2000-06-03,ORL @ IND,W,34,6,10,0.6,3,3,1.0,0,0,,0,3,3,2,0,0,2,3,15,,19.6,0
22000,100410,Shannon Johnson,1611661323,ORL,Orlando Miracle,1020000016,2000-06-03,ORL @ IND,W,37,3,11,0.273,0,2,0.0,10,11,0.909,0,1,1,10,2,0,1,3,16,,37.2,0
22000,100411,Carla McGhee,1611661323,ORL,Orlando Miracle,1020000016,2000-06-03,ORL @ IND,W,5,1,1,1.0,0,0,,1,2,0.5,1,0,1,0,0,0,0,1,3,,4.2,0
22000,100412,Taj McWilliams-Franklin,1611661323,ORL,Orlando Miracle,1020000016,2000-06-03,ORL @ IND,W,30,5,12,0.417,0,0,,3,4,0.75,3,2,5,2,4,1,1,1,13,,36.0,0
22000,100414,Elaine Powell,1611661323,ORL,Orlando Miracle,1020000016,2000-06-03,ORL @ IND,W,12,2,3,0.667,0,0,,2,2,1.0,0,1,1,0,1,0,1,0,6,,9.2,0
22000,100415,Nykesha Sales,1611661323,ORL,Orlando Miracle,1020000016,2000-06-03,ORL @ IND,W,30,3,9,0.333,1,3,0.333,4,8,0.5,2,1,3,3,2,0,1,4,11,,24.1,0
22000,100514,Cintia dos Santos,1611661323,ORL,Orlando Miracle,1020000016,2000-06-03,ORL @ IND,W,22,4,7,0.571,0,0,,5,6,0.833,1,4,5,1,0,3,0,5,13,,29.5,0
22000,100515,Cornelia Gayden,1611661323,ORL,Orlando Miracle,1020000016,2000-06-03,ORL @ IND,W,3,0,0,,0,0,,0,0,,0,0,0,1,0,0,0,0,0,,1.5,0
22000,100519,Jannon Roland,1611661323,ORL,Orlando Miracle,1020000016,2000-06-03,ORL @ IND,W,17,3,5,0.6,1,1,1.0,2,2,1.0,0,0,0,1,2,0,1,2,9,,15.5,0
22000,100022,Chantel Tremitiere,1611661325,IND,Indiana Fever,1020000016,2000-06-03,IND vs. ORL,L,27,3,6,0.5,1,3,0.333,0,0,,0,3,3,4,1,1,3,5,7,,19.6,0
22000,100096,Donna Harrington,1611661325,IND,Indiana Fever,1020000016,2000-06-03,IND vs. ORL,L,11,1,2,0.5,0,0,,0,0,,2,2,4,0,1,0,2,5,2,,7.8,0
22000,100204,Rita Williams,1611661325,IND,Indiana Fever,1020000016,2000-06-03,IND vs. ORL,L,13,2,3,0.667,2,3,0.667,1,2,0.5,0,1,1,0,0,0,2,3,7,,6.2,0
22000,100216,Alicia Thompson,1611661325,IND,Indiana Fever,1020000016,2000-06-03,IND vs. ORL,L,38,10,15,0.667,0,1,0.0,2,2,1.0,7,8,15,3,0,0,1,2,22,,43.5,0
22000,100340,Kara Wolters,1611661325,IND,Indiana Fever,1020000016,2000-06-03,IND vs. ORL,L,31,5,9,0.556,0,0,,5,6,0.833,3,5,8,2,0,3,4,5,15,,32.6,0
22000,100357,Monica Maxwell,1611661325,IND,Indiana Fever,1020000016,2000-06-03,IND vs. ORL,L,37,6,17,0.353,3,9,0.333,2,2,1.0,1,2,3,5,0,0,2,4,17,,26.1,0
22000,100370,Stephanie White,1611661325,IND,Indiana Fever,1020000016,2000-06-03,IND vs. ORL,L,33,3,8,0.375,0,3,0.0,6,6,1.0,1,4,5,4,0,0,3,4,12,,21.0,0
22000,100468,Usha Gilmore,1611661325,IND,Indiana Fever,1020000016,2000-06-03,IND vs. ORL,L,5,0,2,0.0,0,1,0.0,0,0,,2,1,3,1,0,0,1,1,0,,4.1,0
22000,100472,Texlin Quinney,1611661325,IND,Indiana Fever,1020000016,2000-06-03,IND vs. ORL,L,5,0,0,,0,0,,0,0,,0,1,1,0,0,0,0,0,0,,1.2,0
22000,100003,Lisa Leslie,1611661320,LAS,Los Angeles Sparks,1020000017,2000-06-03,LAS @ MIN,W,35,6,10,0.6,1,1,1.0,8,11,0.727,2,9,11,3,4,2,5,3,21,,51.7,0
22000,100008,Tamecka Dixon,1611661320,LAS,Los Angeles Sparks,1020000017,2000-06-03,LAS @ MIN,W,33,5,13,0.385,0,3,0.0,3,4,0.75,1,1,2,2,0,2,1,5,13,,23.4,0
22000,100012,Mwadi Mabika,1611661320,LAS,Los Angeles Sparks,1020000017,2000-06-03,LAS @ MIN,W,30,3,9,0.333,2,4,0.5,1,2,0.5,0,3,3,2,0,1,1,5,9,,17.6,0
22000,100170,Allison Feaster,1611661320,LAS,Los Angeles Sparks,1020000017,2000-06-03,LAS @ MIN,W,3,1,1,1.0,0,0,,2,2,1.0,1,1,2,0,0,0,0,2,4,,6.4,0
22000,100392,Ukari Figgs,1611661320,LAS,Los Angeles Sparks,1020000017,2000-06-03,LAS @ MIN,W,26,4,7,0.571,3,4,0.75,0,0,,0,1,1,2,1,0,0,3,11,,18.2,0
22000,100393,La'Keshia Frett,1611661320,LAS,Los Angeles Sparks,1020000017,2000-06-03,LAS @ MIN,W,17,1,2,0.5,0,0,,0,0,,1,4,5,0,0,0,0,2,2,,8.0,0
22000,100395,Clarisse Machanguana,1611661320,LAS,Los Angeles Sparks,1020000017,2000-06-03,LAS @ MIN,W,6,3,4,0.75,0,0,,1,2,0.5,1,0,1,1,0,0,0,0,7,,9.7,0
22000,100396,DeLisha Milton-Jones,1611661320,LAS,Los Angeles Sparks,1020000017,2000-06-03,LAS @ MIN,W,23,2,3,0.667,0,0,,2,2,1.0,0,2,2,5,2,0,3,5,6,,18.9,0
22000,100476,Vedrana Grgin Fonseca,1611661320,LAS,Los Angeles Sparks,1020000017,2000-06-03,LAS @ MIN,W,13,2,7,0.286,0,2,0.0,0,0,,2,0,2,1,0,0,2,2,4,,5.9,0
22000,100478,Nicky McCrimmon,1611661320,LAS,Los Angeles Sparks,1020000017,2000-06-03,LAS @ MIN,W,14,2,4,0.5,1,1,1.0,0,0,,1,0,1,2,1,0,1,2,5,,11.2,0
22000,100400,Kristin Folkl,1611661324,MIN,Minnesota Lynx,1020000017,2000-06-03,MIN vs. LAS,L,28,3,6,0.5,0,0,,0,0,,1,3,4,0,0,0,1,5,6,,9.8,0
22000,100402,Andrea Lloyd-Curry,1611661324,MIN,Minnesota Lynx,1020000017,2000-06-03,MIN vs. LAS,L,27,2,2,1.0,0,0,,0,0,,1,4,5,1,0,0,4,2,4,,7.5,0
22000,100404,Katie Smith,1611661324,MIN,Minnesota Lynx,1020000017,2000-06-03,MIN vs. LAS,L,38,9,20,0.45,6,13,0.462,9,10,0.9,1,3,4,3,2,0,2,1,33,,46.3,0
22000,100481,Marla Brumfield,1611661324,MIN,Minnesota Lynx,1020000017,2000-06-03,MIN vs. LAS,L,23,1,3,0.333,0,0,,2,3,0.667,1,1,2,0,1,0,2,0,4,,7.4,0
22000,100482,Grace Daley,1611661324,MIN,Minnesota Lynx,1020000017,2000-06-03,MIN vs. LAS,L,27,3,8,0.375,1,2,0.5,3,4,0.75,1,1,2,2,0,0,2,0,10,,13.4,0
22000,100483,Keitha Dickerson,1611661324,MIN,Minnesota Lynx,1020000017,2000-06-03,MIN vs. LAS,L,27,1,3,0.333,0,0,,1,2,0.5,1,3,4,3,0,0,0,4,3,,12.3,0
22000,100484,Betty Lennox,1611661324,MIN,Minnesota Lynx,1020000017,2000-06-03,MIN vs. LAS,L,30,4,14,0.286,0,3,0.0,7,8,0.875,2,8,10,2,2,0,5,6,15,,31.0,0
22000,100072,Sheryl Swoopes,1611661316,HOU,Houston Comets,1020000018,2000-06-03,HOU vs. PHO,L,40,11,20,0.55,2,5,0.4,7,7,1.0,0,5,5,3,2,0,2,5,31,,45.5,0
22000,100073,Cynthia Cooper,1611661316,HOU,Houston Comets,1020000018,2000-06-03,HOU vs. PHO,L,40,2,7,0.286,0,1,0.0,2,2,1.0,1,1,2,2,0,0,5,1,6,,6.4,0
22000,100075,Janeth Arcain,1611661316,HOU,Houston Comets,1020000018,2000-06-03,HOU vs. PHO,L,29,1,3,0.333,0,2,0.0,0,0,,0,1,1,2,1,0,2,2,2,,7.2,0
22000,100076,Tina Thompson,1611661316,HOU,Houston Comets,1020000018,2000-06-03,HOU vs. PHO,L,40,4,9,0.444,0,3,0.0,5,6,0.833,4,5,9,1,0,2,3,2,13,,28.3,0
22000,100211,Amaya Valdemoro,1611661316,HOU,Houston Comets,1020000018,2000-06-03,HOU vs. PHO,L,4,0,2,0.0,0,0,,0,0,,0,2,2,0,0,0,1,1,0,,1.4,0
22000,100217,Coquese Washington,1611661316,HOU,Houston Comets,1020000018,2000-06-03,HOU vs. PHO,L,7,0,0,,0,0,,0,0,,0,0,0,2,0,0,1,1,0,,2.0,0
22000,100233,Tiffani Johnson,1611661316,HOU,Houston Comets,1020000018,2000-06-03,HOU vs. PHO,L,16,1,4,0.25,0,0,,2,2,1.0,2,0,2,0,0,0,0,1,4,,6.4,0
22000,100338,Jennifer Rizzotti,1611661316,HOU,Houston Comets,1020000018,2000-06-03,HOU vs. PHO,L,18,1,1,1.0,1,1,1.0,0,0,,1,0,1,4,0,0,2,2,3,,8.2,0
22000,100500,Elena Shakirova,1611661316,HOU,Houston Comets,1020000018,2000-06-03,HOU vs. PHO,L,6,1,2,0.5,0,1,0.0,1,1,1.0,0,0,0,0,1,0,0,0,3,,6.0,0
22000,100029,Michele Timms,1611661317,PHO,Phoenix Mercury,1020000018,2000-06-03,PHO @ HOU,W,19,2,3,0.667,2,3,0.667,0,0,,1,1,2,1,2,1,1,4,6,,17.9,0
22000,100030,Jennifer Gillom,1611661317,PHO,Phoenix Mercury,1020000018,2000-06-03,PHO @ HOU,W,22,0,5,0.0,0,1,0.0,0,0,,1,3,4,3,0,0,2,3,0,,7.3,0
22000,100031,Bridget Pettis,1611661317,PHO,Phoenix Mercury,1020000018,2000-06-03,PHO @ HOU,W,6,3,3,1.0,2,2,1.0,0,0,,1,0,1,0,1,0,0,1,8,,12.2,0
22000,100221,Michelle Brogan,1611661317,PHO,Phoenix Mercury,1020000018,2000-06-03,PHO @ HOU,W,31,5,9,0.556,0,1,0.0,1,2,0.5,1,3,4,2,1,0,1,4,11,,20.8,0
22000,100225,Brandy Reed,1611661317,PHO,Phoenix Mercury,1020000018,2000-06-03,PHO @ HOU,W,37,13,18,0.722,0,0,,6,8,0.75,2,3,5,0,3,1,1,1,32,,49.0,0
22000,100227,Maria Stepanova,1611661317,PHO,Phoenix Mercury,1020000018,2000-06-03,PHO @ HOU,W,6,2,3,0.667,0,0,,0,0,,0,0,0,1,0,0,0,2,4,,5.5,0
22000,100378,Lisa Harrison,1611661317,PHO,Phoenix Mercury,1020000018,2000-06-03,PHO @ HOU,W,5,1,1,1.0,0,0,,0,0,,0,0,0,0,0,0,0,0,2,,2.0,0
22000,100398,Tonya Edwards,1611661317,PHO,Phoenix Mercury,1020000018,2000-06-03,PHO @ HOU,W,36,7,14,0.5,1,3,0.333,1,2,0.5,0,4,4,0,1,0,0,1,16,,23.8,0
22000,100526,Adrian Williams-Strong,1611661317,PHO,Phoenix Mercury,1020000018,2000-06-03,PHO @ HOU,W,17,0,1,0.0,0,0,,1,2,0.5,0,3,3,3,2,0,0,3,1,,15.1,0
22000,100594,Michelle Cleary,1611661317,PHO,Phoenix Mercury,1020000018,2000-06-03,PHO @ HOU,W,21,0,3,0.0,0,3,0.0,0,0,,0,0,0,5,2,0,3,3,0,,10.5,0
22000,100038,Tara Williams,1611661327,POR,Portland Fire,1020000019,2000-06-03,POR @ SEA,W,11,4,4,1.0,2,2,1.0,0,0,,0,2,2,0,1,0,1,2,10,,14.4,0
22000,100105,Sophia Witherspoon,1611661327,POR,Portland Fire,1020000019,2000-06-03,POR @ SEA,W,29,1,13,0.077,0,3,0.0,9,11,0.818,2,1,3,0,0,1,1,0,11,,16.6,0
22000,100215,Vanessa Nygaard,1611661327,POR,Portland Fire,1020000019,2000-06-03,POR @ SEA,W,29,0,3,0.0,0,2,0.0,3,4,0.75,1,0,1,2,0,1,1,2,3,,9.2,0
22000,100284,Tully Bevilaqua,1611661327,POR,Portland Fire,1020000019,2000-06-03,POR @ SEA,W,29,0,3,0.0,0,1,0.0,2,2,1.0,3,5,8,4,1,0,4,3,2,,16.6,0
22000,100346,Michele Van Gorp,1611661327,POR,Portland Fire,1020000019,2000-06-03,POR @ SEA,W,3,0,0,,0,0,,0,2,0.0,0,1,1,0,0,0,0,1,0,,1.2,0
22000,100429,Alisa Burras,1611661327,POR,Portland Fire,1020000019,2000-06-03,POR @ SEA,W,14,3,4,0.75,0,0,,0,0,,0,2,2,0,0,0,2,3,6,,6.4,0
22000,100529,Sylvia Crawley,1611661327,POR,Portland Fire,1020000019,2000-06-03,POR @ SEA,W,32,7,10,0.7,0,0,,4,6,0.667,1,5,6,1,1,2,3,4,18,,32.7,0
22000,100530,Lynn Pride,1611661327,POR,Portland Fire,1020000019,2000-06-03,POR @ SEA,W,15,0,1,0.0,0,0,,5,6,0.833,2,0,2,2,0,0,0,4,5,,10.4,0
22000,100532,Stacey Thomas,1611661327,POR,Portland Fire,1020000019,2000-06-03,POR @ SEA,W,21,2,6,0.333,1,1,1.0,0,0,,1,4,5,0,1,1,1,4,5,,16.0,0
22000,100533,DeMya Walker,1611661327,POR,Portland Fire,1020000019,2000-06-03,POR @ SEA,W,3,0,0,,0,0,,0,0,,0,0,0,1,0,0,0,0,0,,1.5,0
22000,100570,Michelle Marciniak,1611661327,POR,Portland Fire,1020000019,2000-06-03,POR @ SEA,W,14,2,7,0.286,1,2,0.5,0,0,,0,2,2,3,0,0,3,0,5,,8.9,0
22000,100111,Simone Edwards,1611661328,SEA,Seattle Storm,1020000019,2000-06-03,SEA vs. POR,L,20,4,6,0.667,0,0,,0,1,0.0,1,3,4,1,0,1,0,3,8,,17.3,0
22000,100179,Charmin Smith,1611661328,SEA,Seattle Storm,1020000019,2000-06-03,SEA vs. POR,L,25,1,4,0.25,0,1,0.0,3,4,0.75,3,1,4,4,1,0,1,1,5,,17.8,0
22000,100230,Quacy Barnes,1611661328,SEA,Seattle Storm,1020000019,2000-06-03,SEA vs. POR,L,31,2,7,0.286,0,0,,2,3,0.667,1,1,2,3,2,1,1,5,6,,20.9,0
22000,100336,Sonja Henning,1611661328,SEA,Seattle Storm,1020000019,2000-06-03,SEA vs. POR,L,31,1,4,0.25,0,1,0.0,0,3,0.0,1,2,3,2,1,0,0,5,2,,11.6,0
22000,100375,Edna Campbell,1611661328,SEA,Seattle Storm,1020000019,2000-06-03,SEA vs. POR,L,38,5,20,0.25,0,6,0.0,8,12,0.667,2,1,3,3,1,0,4,3,18,,25.1,0
22000,100503,Andrea Garner,1611661328,SEA,Seattle Storm,1020000019,2000-06-03,SEA vs. POR,L,8,1,2,0.5,0,0,,0,0,,0,1,1,0,1,0,3,2,2,,3.2,0
22000,100538,Katrina Hibbert,1611661328,SEA,Seattle Storm,1020000019,2000-06-03,SEA vs. POR,L,6,0,2,0.0,0,0,,0,0,,0,1,1,0,0,0,0,2,0,,1.2,0
22000,100541,Jamie Redd,1611661328,SEA,Seattle Storm,1020000019,2000-06-03,SEA vs. POR,L,10,2,5,0.4,1,2,0.5,0,0,,0,1,1,1,0,1,2,2,5,,8.7,0
22000,100542,Charisse Sampson,1611661328,SEA,Seattle Storm,1020000019,2000-06-03,SEA vs. POR,L,3,0,0,,0,0,,0,0,,0,2,2,0,0,0,0,0,0,,2.4,0
22000,100543,Robin Threatt-Elliott,1611661328,SEA,Seattle Storm,1020000019,2000-06-03,SEA vs. POR,L,7,2,3,0.667,0,0,,0,0,,0,0,0,0,0,0,0,1,4,,4.0,0
22000,100544,Kamila Vodichkova,1611661328,SEA,Seattle Storm,1020000019,2000-06-03,SEA vs. POR,L,21,3,7,0.429,0,1,0.0,2,2,1.0,2,6,8,0,0,0,3,4,8,,14.6,0
22000,100101,Teresa Weatherspoon,1611661313,NYL,New York Liberty,1020000020,2000-06-04,NYL @ WAS,L,34,2,6,0.333,0,1,0.0,0,0,,0,1,1,6,1,0,6,3,4,,11.2,0
22000,100103,Vickie Johnson,1611661313,NYL,New York Liberty,1020000020,2000-06-04,NYL @ WAS,L,33,3,12,0.25,2,6,0.333,4,4,1.0,1,6,7,1,0,0,3,2,12,,18.9,0
22000,100104,Sue Wicks,1611661313,NYL,New York Liberty,1020000020,2000-06-04,NYL @ WAS,L,23,1,5,0.2,1,2,0.5,0,0,,2,3,5,0,0,3,0,1,3,,18.0,0
22000,100342,Becky Hammon,1611661313,NYL,New York Liberty,1020000020,2000-06-04,NYL @ WAS,L,24,3,5,0.6,2,3,0.667,1,2,0.5,0,2,2,3,0,0,2,4,9,,13.9,0
22000,100347,Tamika Whitmore,1611661313,NYL,New York Liberty,1020000020,2000-06-04,NYL @ WAS,L,18,4,6,0.667,0,0,,0,0,,1,1,2,2,1,0,0,5,8,,16.4,0
22000,100413,Tari Phillips,1611661313,NYL,New York Liberty,1020000020,2000-06-04,NYL @ WAS,L,21,4,8,0.5,0,0,,2,3,0.667,2,0,2,1,2,2,3,6,10,,22.9,0
22000,100508,Jessica Bibby,1611661313,NYL,New York Liberty,1020000020,2000-06-04,NYL @ WAS,L,4,1,1,1.0,0,0,,5,6,0.833,2,0,2,1,1,0,0,1,7,,13.9,0
22000,100509,Marina Ferragut,1611661313,NYL,New York Liberty,1020000020,2000-06-04,NYL @ WAS,L,18,4,6,0.667,1,1,1.0,1,2,0.5,0,1,1,1,0,0,1,5,10,,11.7,0
22000,100512,Shea Mahoney,1611661313,NYL,New York Liberty,1020000020,2000-06-04,NYL @ WAS,L,25,2,7,0.286,0,0,,0,0,,1,2,3,2,0,0,1,3,4,,9.6,0
22000,100058,Vicky Bullett,1611661322,WAS,Washington Mystics,1020000020,2000-06-04,WAS vs. NYL,W,31,5,9,0.556,0,1,0.0,1,2,0.5,3,3,6,0,3,1,3,3,11,,27.2,0
22000,100198,Nikki McCray,1611661322,WAS,Washington Mystics,1020000020,2000-06-04,WAS vs. NYL,W,30,5,12,0.417,2,7,0.286,1,2,0.5,2,1,3,5,2,0,3,5,13,,27.1,0
22000,100199,Murriel Page,1611661322,WAS,Washington Mystics,1020000020,2000-06-04,WAS vs. NYL,W,33,5,9,0.556,0,0,,5,6,0.833,4,1,5,2,0,0,1,3,15,,23.0,0
22000,100348,Markita Aldridge,1611661322,WAS,Washington Mystics,1020000020,2000-06-04,WAS vs. NYL,W,13,1,2,0.5,0,0,,1,2,0.5,1,1,2,0,1,0,0,0,3,,8.4,0
22000,100353,Andrea Nagy,1611661322,WAS,Washington Mystics,1020000020,2000-06-04,WAS vs. NYL,W,33,1,2,0.5,0,0,,0,0,,0,4,4,7,0,0,0,3,2,,17.3,0
22000,100356,Chamique Holdsclaw,1611661322,WAS,Washington Mystics,1020000020,2000-06-04,WAS vs. NYL,W,35,7,13,0.538,0,1,0.0,8,9,0.889,0,4,4,3,1,2,5,2,22,,35.3,0
22000,100360,Michelle Campbell,1611661322,WAS,Washington Mystics,1020000020,2000-06-04,WAS vs. NYL,W,1,0,0,,0,0,,0,0,,0,0,0,0,0,0,1,0,0,,-1.0,0
22000,100553,Keisha Anderson,1611661322,WAS,Washington Mystics,1020000020,2000-06-04,WAS vs. NYL,W,7,0,0,,0,0,,1,2,0.5,0,1,1,2,0,0,1,2,1,,4.2,0
22000,100554,Beth Cunningham,1611661322,WAS,Washington Mystics,1020000020,2000-06-04,WAS vs. NYL,W,1,0,0,,0,0,,2,2,1.0,0,1,1,0,0,0,0,0,2,,3.2,0
22000,100555,Tausha Mills,1611661322,WAS,Washington Mystics,1020000020,2000-06-04,WAS vs. NYL,W,15,3,7,0.429,0,0,,4,6,0.667,1,1,2,0,1,1,0,2,10,,18.4,0
22000,100557,Tonya Massaline,1611661322,WAS,Washington Mystics,1020000020,2000-06-04,WAS vs. NYL,W,1,0,0,,0,0,,0,0,,0,0,0,0,0,0,0,0,0,,0.0,0
22000,100059,Andrea Stinson,1611661314,CHA,Charlotte Sting,1020000021,2000-06-05,CHA vs. CLE,L,32,6,16,0.375,0,3,0.0,3,4,0.75,1,4,5,2,4,0,4,4,15,,32.0,0
22000,100060,Rhonda Mapp,1611661314,CHA,Charlotte Sting,1020000021,2000-06-05,CHA vs. CLE,L,32,7,15,0.467,0,2,0.0,3,4,0.75,2,5,7,0,1,3,2,5,17,,35.4,0
22000,100182,Tracy Reid,1611661314,CHA,Charlotte Sting,1020000021,2000-06-05,CHA vs. CLE,L,12,1,3,0.333,0,0,,0,0,,0,1,1,1,0,0,1,1,2,,3.7,0
22000,100368,Angie Braziel,1611661314,CHA,Charlotte Sting,1020000021,2000-06-05,CHA vs. CLE,L,20,1,4,0.25,0,0,,1,2,0.5,1,0,1,0,0,0,0,1,3,,4.2,0
22000,100369,Niesa Johnson,1611661314,CHA,Charlotte Sting,1020000021,2000-06-05,CHA vs. CLE,L,9,0,1,0.0,0,1,0.0,0,0,,0,0,0,1,0,0,2,0,0,,-0.5,0
22000,100371,Charlotte Smith,1611661314,CHA,Charlotte Sting,1020000021,2000-06-05,CHA vs. CLE,L,28,1,6,0.167,0,4,0.0,0,0,,1,2,3,2,1,0,2,4,2,,9.6,0
22000,100372,Dawn Staley,1611661314,CHA,Charlotte Sting,1020000021,2000-06-05,CHA vs. CLE,L,32,3,8,0.375,0,2,0.0,1,1,1.0,1,0,1,7,2,0,3,2,7,,21.7,0
22000,100446,Summer Erb,1611661314,CHA,Charlotte Sting,1020000021,2000-06-05,CHA vs. CLE,L,11,0,1,0.0,0,0,,3,4,0.75,0,3,3,0,0,0,1,3,3,,5.6,0
22000,100447,Tiffany Travis,1611661314,CHA,Charlotte Sting,1020000021,2000-06-05,CHA vs. CLE,L,17,1,4,0.25,0,1,0.0,1,2,0.5,1,1,2,1,2,0,1,2,3,,11.9,0
22000,100452,E.C. Hill,1611661314,CHA,Charlotte Sting,1020000021,2000-06-05,CHA vs. CLE,L,7,0,0,,0,0,,1,2,0.5,0,0,0,0,1,0,1,3,1,,3.0,0
22000,100091,Eva Nemcova,1611661315,CLE,Cleveland Rockers,1020000021,2000-06-05,CLE @ CHA,W,35,6,10,0.6,2,3,0.667,2,2,1.0,1,2,3,1,1,1,2,2,16,,25.1,0
22000,100092,Merlakia Jones,1611661315,CLE,Cleveland Rockers,1020000021,2000-06-05,CLE @ CHA,W,24,5,10,0.5,1,1,1.0,0,0,,1,3,4,2,1,0,2,3,11,,19.8,0
22000,100097,Rushia Brown,1611661315,CLE,Cleveland Rockers,1020000021,2000-06-05,CLE @ CHA,W,21,1,2,0.5,0,0,,6,8,0.75,2,7,9,1,1,0,1,4,8,,22.3,0
22000,100187,Suzie McConnell Serio,1611661315,CLE,Cleveland Rockers,1020000021,2000-06-05,CLE @ CHA,W,21,1,2,0.5,1,1,1.0,4,4,1.0,0,1,1,3,0,0,5,2,7,,7.7,0
22000,100428,Mery Andrade,1611661315,CLE,Cleveland Rockers,1020000021,2000-06-05,CLE @ CHA,W,16,1,6,0.167,1,4,0.25,5,8,0.625,2,2,4,2,1,0,2,1,8,,16.8,0
22000,100433,Chasity Melvin,1611661315,CLE,Cleveland Rockers,1020000021,2000-06-05,CLE @ CHA,W,27,3,8,0.375,0,0,,1,2,0.5,2,3,5,3,1,1,3,2,7,,20.5,0
22000,100445,Ann Wauters,1611661315,CLE,Cleveland Rockers,1020000021,2000-06-05,CLE @ CHA,W,17,1,3,0.333,0,0,,3,4,0.75,4,2,6,1,1,2,3,1,5,,19.7,0
22000,100457,Helen Darling,1611661315,CLE,Cleveland Rockers,1020000021,2000-06-05,CLE @ CHA,W,21,1,3,0.333,0,0,,4,4,1.0,1,0,1,1,2,0,1,3,6,,13.7,0
22000,100458,Vicki Hall,1611661315,CLE,Cleveland Rockers,1020000021,2000-06-05,CLE @ CHA,W,18,0,7,0.0,0,2,0.0,1,2,0.5,1,4,5,1,0,0,2,2,1,,6.5,0
22000,100016,Ruthie Bolton,1611661318,SAC,Sacramento Monarchs,1020000022,2000-06-05,SAC @ ORL,L,28,2,14,0.143,0,5,0.0,2,2,1.0,2,2,4,1,0,0,1,2,6,,11.3,0
22000,100027,Latasha Byears,1611661318,SAC,Sacramento Monarchs,1020000022,2000-06-05,SAC @ ORL,L,8,0,2,0.0,0,0,,1,2,0.5,0,0,0,0,0,0,0,1,1,,1.0,0
22000,100044,Lady Grooms,1611661318,SAC,Sacramento Monarchs,1020000022,2000-06-05,SAC @ ORL,L,2,0,1,0.0,0,0,,0,0,,1,0,1,0,0,0,0,0,0,,1.2,0
22000,100183,Cindy Blodgett,1611661318,SAC,Sacramento Monarchs,1020000022,2000-06-05,SAC @ ORL,L,2,0,1,0.0,0,0,,0,0,,0,0,0,0,0,0,1,0,0,,-1.0,0
22000,100234,Ticha Penicheiro,1611661318,SAC,Sacramento Monarchs,1020000022,2000-06-05,SAC @ ORL,L,29,4,7,0.571,1,3,0.333,0,1,0.0,0,2,2,6,0,0,3,3,9,,17.4,0
22000,100236,Tangela Smith,1611661318,SAC,Sacramento Monarchs,1020000022,2000-06-05,SAC @ ORL,L,37,8,16,0.5,0,0,,0,1,0.0,3,9,12,5,0,1,3,3,16,,37.9,0
22000,100419,Yolanda Griffith,1611661318,SAC,Sacramento Monarchs,1020000022,2000-06-05,SAC @ ORL,L,35,4,8,0.5,0,0,,1,2,0.5,4,5,9,1,3,1,5,4,9,,28.3,0
22000,100421,Kedra Holland-Corn,1611661318,SAC,Sacramento Monarchs,1020000022,2000-06-05,SAC @ ORL,L,38,8,12,0.667,3,6,0.5,2,2,1.0,0,1,1,3,3,0,2,4,21,,33.7,0
22000,100534,Stacy Clinesmith,1611661318,SAC,Sacramento Monarchs,1020000022,2000-06-05,SAC @ ORL,L,11,1,3,0.333,1,2,0.5,1,2,0.5,0,0,0,2,2,0,2,1,4,,11.0,0
22000,100536,Katy Steding,1611661318,SAC,Sacramento Monarchs,1020000022,2000-06-05,SAC @ ORL,L,10,1,3,0.333,0,1,0.0,0,0,,0,0,0,1,1,0,1,3,2,,5.5,0
22000,100048,Jessie Hicks,1611661323,ORL,Orlando Miracle,1020000022,2000-06-05,ORL vs. SAC,W,10,1,2,0.5,0,0,,0,0,,2,1,3,1,0,0,2,2,2,,5.1,0
22000,100100,Adrienne Johnson,1611661323,ORL,Orlando Miracle,1020000022,2000-06-05,ORL vs. SAC,W,36,5,13,0.385,0,4,0.0,2,2,1.0,0,0,0,1,0,0,0,3,12,,13.5,0
22000,100410,Shannon Johnson,1611661323,ORL,Orlando Miracle,1020000022,2000-06-05,ORL vs. SAC,W,39,8,16,0.5,1,5,0.2,3,5,0.6,1,3,4,8,4,0,6,1,20,,42.8,0
22000,100411,Carla McGhee,1611661323,ORL,Orlando Miracle,1020000022,2000-06-05,ORL vs. SAC,W,3,0,0,,0,0,,0,0,,0,0,0,2,0,0,0,0,0,,3.0,0
22000,100412,Taj McWilliams-Franklin,1611661323,ORL,Orlando Miracle,1020000022,2000-06-05,ORL vs. SAC,W,32,1,4,0.25,0,0,,3,4,0.75,2,10,12,1,4,2,2,2,5,,36.9,0
22000,100414,Elaine Powell,1611661323,ORL,Orlando Miracle,1020000022,2000-06-05,ORL vs. SAC,W,9,0,1,0.0,0,0,,0,0,,1,1,2,0,1,0,3,2,0,,2.4,0
22000,100415,Nykesha Sales,1611661323,ORL,Orlando Miracle,1020000022,2000-06-05,ORL vs. SAC,W,28,9,17,0.529,4,6,0.667,0,0,,1,6,7,1,0,0,2,3,22,,29.9,0
22000,100514,Cintia dos Santos,1611661323,ORL,Orlando Miracle,1020000022,2000-06-05,ORL vs. SAC,W,32,5,8,0.625,0,0,,1,2,0.5,0,0,0,2,0,4,0,3,11,,26.0,0
22000,100519,Jannon Roland,1611661323,ORL,Orlando Miracle,1020000022,2000-06-05,ORL vs. SAC,W,11,1,5,0.2,1,2,0.5,0,0,,1,1,2,2,0,0,1,0,3,,7.4,0
22000,100022,Chantel Tremitiere,1611661325,IND,Indiana Fever,1020000023,2000-06-05,IND vs. MIA,W,14,0,1,0.0,0,0,,0,0,,0,1,1,2,0,0,2,2,0,,2.2,0
22000,100096,Donna Harrington,1611661325,IND,Indiana Fever,1020000023,2000-06-05,IND vs. MIA,W,18,0,2,0.0,0,0,,2,2,1.0,1,0,1,3,0,1,0,2,2,,10.7,0
22000,100204,Rita Williams,1611661325,IND,Indiana Fever,1020000023,2000-06-05,IND vs. MIA,W,26,2,6,0.333,1,2,0.5,5,7,0.714,0,2,2,3,4,1,4,2,10,,27.9,0
22000,100216,Alicia Thompson,1611661325,IND,Indiana Fever,1020000023,2000-06-05,IND vs. MIA,W,28,5,10,0.5,1,1,1.0,1,2,0.5,3,4,7,2,2,0,3,6,12,,26.4,0
22000,100340,Kara Wolters,1611661325,IND,Indiana Fever,1020000023,2000-06-05,IND vs. MIA,W,34,8,12,0.667,0,0,,8,9,0.889,3,3,6,0,0,1,7,1,24,,27.2,0
22000,100357,Monica Maxwell,1611661325,IND,Indiana Fever,1020000023,2000-06-05,IND vs. MIA,W,34,4,8,0.5,2,4,0.5,5,10,0.5,0,5,5,1,2,1,2,3,15,,29.5,0
22000,100370,Stephanie White,1611661325,IND,Indiana Fever,1020000023,2000-06-05,IND vs. MIA,W,30,3,6,0.5,1,1,1.0,8,8,1.0,0,3,3,4,5,0,1,2,15,,38.6,0
22000,100464,Beverly Williams,1611661325,IND,Indiana Fever,1020000023,2000-06-05,IND vs. MIA,W,3,0,0,,0,0,,0,0,,0,0,0,0,0,0,0,2,0,,0.0,0
22000,100468,Usha Gilmore,1611661325,IND,Indiana Fever,1020000023,2000-06-05,IND vs. MIA,W,1,0,0,,0,0,,0,0,,0,0,0,0,0,0,0,0,0,,0.0,0
22000,100472,Texlin Quinney,1611661325,IND,Indiana Fever,1020000023,2000-06-05,IND vs. MIA,W,12,1,1,1.0,0,0,,0,0,,1,1,2,1,1,0,1,0,2,,7.9,0
22000,100009,Katrina Colleton,1611661326,MIA,Miami Sol,1020000023,2000-06-05,MIA @ IND,L,19,2,4,0.5,1,1,1.0,3,3,1.0,0,0,0,0,3,0,2,2,8,,15.0,0
22000,100035,Umeki Webb,1611661326,MIA,Miami Sol,1020000023,2000-06-05,MIA @ IND,L,23,0,4,0.0,0,1,0.0,4,4,1.0,1,1,2,3,1,0,4,4,4,,9.9,0
22000,100037,Marlies Askamp,1611661326,MIA,Miami Sol,1020000023,2000-06-05,MIA @ IND,L,21,1,4,0.25,0,0,,2,2,1.0,2,2,4,0,1,0,2,5,4,,9.8,0
22000,100063,Sharon Manning,1611661326,MIA,Miami Sol,1020000023,2000-06-05,MIA @ IND,L,2,0,0,,0,0,,0,0,,0,1,1,0,0,0,1,0,0,,0.2,0
22000,100186,Tanja Kostic,1611661326,MIA,Miami Sol,1020000023,2000-06-05,MIA @ IND,L,19,2,2,1.0,0,0,,0,0,,1,1,2,1,0,0,5,2,4,,2.9,0
22000,100359,Debbie Black,1611661326,MIA,Miami Sol,1020000023,2000-06-05,MIA @ IND,L,23,0,3,0.0,0,3,0.0,0,0,,0,0,0,5,2,0,0,4,0,,13.5,0
22000,100416,Sheri Sam,1611661326,MIA,Miami Sol,1020000023,2000-06-05,MIA @ IND,L,20,2,7,0.286,0,1,0.0,2,2,1.0,0,5,5,0,0,0,2,1,6,,10.0,0
22000,100451,Jamie Cassidy,1611661326,MIA,Miami Sol,1020000023,2000-06-05,MIA @ IND,L,17,5,9,0.556,1,3,0.333,2,2,1.0,0,1,1,2,2,0,0,0,13,,23.2,0
22000,100558,Jameka Jones,1611661326,MIA,Miami Sol,1020000023,2000-06-05,MIA @ IND,L,18,3,6,0.5,0,1,0.0,0,0,,0,2,2,2,1,0,3,4,6,,11.4,0
22000,100559,Milena Flores,1611661326,MIA,Miami Sol,1020000023,2000-06-05,MIA @ IND,L,17,2,4,0.5,2,4,0.5,0,0,,0,0,0,0,0,1,1,2,6,,8.0,0
22000,100560,Shantia Owens,1611661326,MIA,Miami Sol,1020000023,2000-06-05,MIA @ IND,L,21,3,8,0.375,0,0,,2,4,0.5,3,4,7,0,0,0,2,6,8,,14.4,0
22000,100046,Wendy Palmer,1611661321,DET,Detroit Shock,1020000024,2000-06-05,DET @ MIN,L,26,5,10,0.5,1,3,0.333,4,6,0.667,2,4,6,0,0,1,3,4,15,,22.2,0
22000,100243,Olympia Scott,1611661321,DET,Detroit Shock,1020000024,2000-06-05,DET @ MIN,L,8,0,2,0.0,0,0,,0,0,,0,3,3,0,0,0,3,2,0,,0.6,0
22000,100351,Joy Holmes,1611661321,DET,Detroit Shock,1020000024,2000-06-05,DET @ MIN,L,12,1,3,0.333,1,2,0.5,3,5,0.6,0,0,0,2,0,0,0,2,6,,9.0,0
22000,100384,Dominique Canty,1611661321,DET,Detroit Shock,1020000024,2000-06-05,DET @ MIN,L,27,2,4,0.5,0,0,,3,4,0.75,1,2,3,4,3,0,3,3,7,,22.6,0
22000,100386,Claudia Neves,1611661321,DET,Detroit Shock,1020000024,2000-06-05,DET @ MIN,L,25,4,9,0.444,4,7,0.571,0,0,,0,1,1,1,1,0,1,1,12,,16.7,0
22000,100387,Astou Ndiaye-Diatta,1611661321,DET,Detroit Shock,1020000024,2000-06-05,DET @ MIN,L,29,5,10,0.5,0,1,0.0,0,0,,1,0,1,2,0,0,1,4,10,,13.2,0
22000,100388,Elena Tornikidou,1611661321,DET,Detroit Shock,1020000024,2000-06-05,DET @ MIN,L,24,2,6,0.333,0,0,,4,4,1.0,2,1,3,3,3,0,4,4,8,,21.1,0
22000,100390,Oksana Zakaluzhnaya,1611661321,DET,Detroit Shock,1020000024,2000-06-05,DET @ MIN,L,16,0,0,,0,0,,0,0,,1,4,5,1,0,1,2,1,0,,8.5,0
22000,100492,Edwina Brown,1611661321,DET,Detroit Shock,1020000024,2000-06-05,DET @ MIN,L,16,2,8,0.25,0,0,,4,4,1.0,1,0,1,1,0,0,3,3,8,,7.7,0
22000,100493,Anna DeForge,1611661321,DET,Detroit Shock,1020000024,2000-06-05,DET @ MIN,L,4,0,1,0.0,0,1,0.0,0,0,,0,0,0,0,1,1,0,0,0,,6.0,0
22000,100496,Tamicha Jackson,1611661321,DET,Detroit Shock,1020000024,2000-06-05,DET @ MIN,L,13,1,7,0.143,0,1,0.0,0,0,,0,1,1,0,2,0,0,3,2,,9.2,0
22000,100400,Kristin Folkl,1611661324,MIN,Minnesota Lynx,1020000024,2000-06-05,MIN vs. DET,W,33,4,7,0.571,1,1,1.0,10,10,1.0,4,8,12,5,2,4,2,1,19,,56.9,0
22000,100402,Andrea Lloyd-Curry,1611661324,MIN,Minnesota Lynx,1020000024,2000-06-05,MIN vs. DET,W,23,3,4,0.75,2,2,1.0,0,0,,0,2,2,2,0,0,2,3,8,,11.4,0
22000,100404,Katie Smith,1611661324,MIN,Minnesota Lynx,1020000024,2000-06-05,MIN vs. DET,W,33,7,12,0.583,2,5,0.4,1,2,0.5,0,1,1,3,1,0,3,4,17,,22.7,0
22000,100481,Marla Brumfield,1611661324,MIN,Minnesota Lynx,1020000024,2000-06-05,MIN vs. DET,W,20,3,5,0.6,0,0,,0,0,,1,0,1,1,0,1,4,0,6,,7.7,0
22000,100482,Grace Daley,1611661324,MIN,Minnesota Lynx,1020000024,2000-06-05,MIN vs. DET,W,24,5,10,0.5,0,1,0.0,7,9,0.778,4,2,6,3,0,0,2,2,17,,26.7,0
22000,100483,Keitha Dickerson,1611661324,MIN,Minnesota Lynx,1020000024,2000-06-05,MIN vs. DET,W,22,2,8,0.25,0,0,,0,0,,2,5,7,1,1,0,3,3,4,,13.9,0
22000,100484,Betty Lennox,1611661324,MIN,Minnesota Lynx,1020000024,2000-06-05,MIN vs. DET,W,25,3,11,0.273,0,1,0.0,4,4,1.0,1,5,6,2,2,0,4,6,10,,22.2,0
22000,100485,Maylana Martin,1611661324,MIN,Minnesota Lynx,1020000024,2000-06-05,MIN vs. DET,W,9,1,2,0.5,0,0,,0,0,,0,1,1,0,2,0,2,0,2,,7.2,0
22000,100487,Kate Paye,1611661324,MIN,Minnesota Lynx,1020000024,2000-06-05,MIN vs. DET,W,9,2,3,0.667,1,2,0.5,0,0,,0,0,0,1,0,0,0,2,5,,6.5,0
22000,100490,Shanele Stires,1611661324,MIN,Minnesota Lynx,1020000024,2000-06-05,MIN vs. DET,W,2,0,0,,0,0,,0,0,,0,0,0,0,0,0,0,0,0,,0.0,0
22000,100072,Sheryl Swoopes,1611661316,HOU,Houston Comets,1020000025,2000-06-06,HOU vs. SAC,W,36,9,16,0.563,2,4,0.5,2,2,1.0,1,5,6,4,2,3,4,2,22,,46.2,0
22000,100073,Cynthia Cooper,1611661316,HOU,Houston Comets,1020000025,2000-06-06,HOU vs. SAC,W,35,6,10,0.6,2,5,0.4,4,4,1.0,1,1,2,8,1,0,2,2,18,,33.4,0
22000,100075,Janeth Arcain,1611661316,HOU,Houston Comets,1020000025,2000-06-06,HOU vs. SAC,W,33,3,7,0.429,0,0,,0,0,,0,2,2,3,1,0,3,1,6,,12.9,0
22000,100076,Tina Thompson,1611661316,HOU,Houston Comets,1020000025,2000-06-06,HOU vs. SAC,W,31,8,13,0.615,4,6,0.667,1,2,0.5,5,5,10,2,1,1,1,5,21,,41.0,0
22000,100077,Tammy Jackson,1611661316,HOU,Houston Comets,1020000025,2000-06-06,HOU vs. SAC,W,12,1,2,0.5,0,0,,0,0,,1,2,3,1,0,1,2,4,2,,8.1,0
22000,100211,Amaya Valdemoro,1611661316,HOU,Houston Comets,1020000025,2000-06-06,HOU vs. SAC,W,4,0,4,0.0,0,2,0.0,0,0,,0,1,1,0,1,0,2,1,0,,2.2,0
22000,100233,Tiffani Johnson,1611661316,HOU,Houston Comets,1020000025,2000-06-06,HOU vs. SAC,W,33,2,3,0.667,0,0,,2,4,0.5,2,2,4,0,0,1,1,2,6,,12.8,0
22000,100338,Jennifer Rizzotti,1611661316,HOU,Houston Comets,1020000025,2000-06-06,HOU vs. SAC,W,14,1,2,0.5,1,2,0.5,0,0,,0,2,2,4,0,0,1,1,3,,10.4,0
22000,100500,Elena Shakirova,1611661316,HOU,Houston Comets,1020000025,2000-06-06,HOU vs. SAC,W,2,0,0,,0,0,,0,0,,0,0,0,0,0,0,0,0,0,,0.0,0
22000,100027,Latasha Byears,1611661318,SAC,Sacramento Monarchs,1020000025,2000-06-06,SAC @ HOU,L,19,5,8,0.625,0,0,,0,2,0.0,2,4,6,0,2,0,1,2,10,,22.2,0
22000,100044,Lady Grooms,1611661318,SAC,Sacramento Monarchs,1020000025,2000-06-06,SAC @ HOU,L,27,2,6,0.333,0,0,,2,2,1.0,1,1,2,0,1,0,1,2,6,,10.4,0
22000,100234,Ticha Penicheiro,1611661318,SAC,Sacramento Monarchs,1020000025,2000-06-06,SAC @ HOU,L,40,7,14,0.5,0,1,0.0,3,3,1.0,0,1,1,9,7,0,1,4,17,,51.7,0
22000,100236,Tangela Smith,1611661318,SAC,Sacramento Monarchs,1020000025,2000-06-06,SAC @ HOU,L,24,3,6,0.5,0,0,,3,3,1.0,0,1,1,0,1,0,3,2,9,,10.2,0
22000,100419,Yolanda Griffith,1611661318,SAC,Sacramento Monarchs,1020000025,2000-06-06,SAC @ HOU,L,37,9,15,0.6,0,0,,4,7,0.571,8,2,10,2,3,2,2,4,22,,50.0,0
22000,100421,Kedra Holland-Corn,1611661318,SAC,Sacramento Monarchs,1020000025,2000-06-06,SAC @ HOU,L,30,1,13,0.077,1,6,0.167,1,2,0.5,1,3,4,2,0,0,2,1,4,,9.8,0
22000,100534,Stacy Clinesmith,1611661318,SAC,Sacramento Monarchs,1020000025,2000-06-06,SAC @ HOU,L,11,0,1,0.0,0,1,0.0,0,0,,0,1,1,0,0,0,0,0,0,,1.2,0
22000,100536,Katy Steding,1611661318,SAC,Sacramento Monarchs,1020000025,2000-06-06,SAC @ HOU,L,12,1,3,0.333,0,1,0.0,0,0,,0,0,0,0,0,0,1,0,2,,1.0,0
22000,100029,Michele Timms,1611661317,PHO,Phoenix Mercury,1020000026,2000-06-06,PHO @ UTA,L,17,1,5,0.2,1,4,0.25,0,0,,0,0,0,1,0,1,4,2,3,,3.5,0
22000,100030,Jennifer Gillom,1611661317,PHO,Phoenix Mercury,1020000026,2000-06-06,PHO @ UTA,L,29,2,10,0.2,2,7,0.286,1,2,0.5,0,2,2,2,1,1,2,3,7,,16.4,0
22000,100031,Bridget Pettis,1611661317,PHO,Phoenix Mercury,1020000026,2000-06-06,PHO @ UTA,L,13,3,6,0.5,2,3,0.667,0,2,0.0,0,0,0,1,0,0,0,5,8,,9.5,0
22000,100221,Michelle Brogan,1611661317,PHO,Phoenix Mercury,1020000026,2000-06-06,PHO @ UTA,L,24,0,0,,0,0,,0,0,,1,1,2,2,1,0,1,3,0,,7.4,0
22000,100225,Brandy Reed,1611661317,PHO,Phoenix Mercury,1020000026,2000-06-06,PHO @ UTA,L,33,5,10,0.5,1,1,1.0,2,2,1.0,3,5,8,2,2,0,5,1,13,,26.6,0
22000,100227,Maria Stepanova,1611661317,PHO,Phoenix Mercury,1020000026,2000-06-06,PHO @ UTA,L,6,2,3,0.667,0,0,,0,0,,1,0,1,0,0,0,1,3,4,,4.2,0
22000,100378,Lisa Harrison,1611661317,PHO,Phoenix Mercury,1020000026,2000-06-06,PHO @ UTA,L,7,0,0,,0,0,,0,0,,0,0,0,0,0,0,0,0,0,,0.0,0
22000,100398,Tonya Edwards,1611661317,PHO,Phoenix Mercury,1020000026,2000-06-06,PHO @ UTA,L,30,4,10,0.4,2,3,0.667,3,4,0.75,1,1,2,0,3,2,3,3,13,,27.4,0
22000,100525,Rankica Sarenac,1611661317,PHO,Phoenix Mercury,1020000026,2000-06-06,PHO @ UTA,L,5,2,4,0.5,0,0,,2,4,0.5,1,2,3,1,0,0,1,1,6,,10.1,0
22000,100526,Adrian Williams-Strong,1611661317,PHO,Phoenix Mercury,1020000026,2000-06-06,PHO @ UTA,L,16,3,6,0.5,0,0,,1,2,0.5,1,0,1,0,1,0,3,2,7,,8.2,0
22000,100594,Michelle Cleary,1611661317,PHO,Phoenix Mercury,1020000026,2000-06-06,PHO @ UTA,L,20,0,1,0.0,0,1,0.0,0,0,,0,0,0,3,1,0,1,4,0,,6.5,0
22000,100239,Margo Dydek,1611661319,UTA,Utah Starzz,1020000026,2000-06-06,UTA vs. PHO,W,37,2,8,0.25,0,0,,6,7,0.857,4,5,9,3,0,4,5,3,10,,32.3,0
22000,100242,LaTonya Johnson,1611661319,UTA,Utah Starzz,1020000026,2000-06-06,UTA vs. PHO,W,21,5,6,0.833,1,1,1.0,2,4,0.5,1,2,3,1,0,0,0,3,13,,18.1,0
22000,100250,Korie Hlede,1611661319,UTA,Utah Starzz,1020000026,2000-06-06,UTA vs. PHO,W,17,2,7,0.286,0,1,0.0,1,2,0.5,1,0,1,3,0,1,3,4,5,,10.7,0
22000,100363,Adrienne Goodson,1611661319,UTA,Utah Starzz,1020000026,2000-06-06,UTA vs. PHO,W,36,6,14,0.429,0,1,0.0,3,3,1.0,5,2,7,1,5,0,4,3,15,,35.9,0
22000,100364,Dalma Ivanyi,1611661319,UTA,Utah Starzz,1020000026,2000-06-06,UTA vs. PHO,W,29,2,4,0.5,1,1,1.0,2,4,0.5,2,2,4,4,4,0,6,4,7,,23.8,0
22000,100366,Natalie Williams,1611661319,UTA,Utah Starzz,1020000026,2000-06-06,UTA vs. PHO,W,38,9,17,0.529,0,0,,2,4,0.5,7,8,15,1,1,1,2,4,20,,43.5,0
22000,100422,Kate Starbird,1611661319,UTA,Utah Starzz,1020000026,2000-06-06,UTA vs. PHO,W,7,0,2,0.0,0,0,,2,2,1.0,0,0,0,0,0,0,0,1,2,,2.0,0
22000,100547,Stacy Frese,1611661319,UTA,Utah Starzz,1020000026,2000-06-06,UTA vs. PHO,W,11,0,1,0.0,0,1,0.0,4,4,1.0,0,1,1,0,0,0,2,0,4,,3.2,0
22000,100551,Naomi Mulitauaopele,1611661319,UTA,Utah Starzz,1020000026,2000-06-06,UTA vs. PHO,W,4,0,0,,0,0,,0,0,,0,1,1,0,0,0,1,0,0,,0.2,0
22000,100003,Lisa Leslie,1611661320,LAS,Los Angeles Sparks,1020000027,2000-06-06,LAS vs. POR,W,33,6,13,0.462,1,2,0.5,6,6,1.0,5,1,6,1,1,1,3,4,19,,30.7,0
22000,100008,Tamecka Dixon,1611661320,LAS,Los Angeles Sparks,1020000027,2000-06-06,LAS vs. POR,W,24,3,6,0.5,0,0,,1,1,1.0,1,2,3,3,1,0,3,2,7,,15.1,0
22000,100012,Mwadi Mabika,1611661320,LAS,Los Angeles Sparks,1020000027,2000-06-06,LAS vs. POR,W,25,3,11,0.273,1,5,0.2,1,2,0.5,1,4,5,3,1,1,2,3,8,,22.5,0
22000,100170,Allison Feaster,1611661320,LAS,Los Angeles Sparks,1020000027,2000-06-06,LAS vs. POR,W,14,1,5,0.2,0,1,0.0,11,14,0.786,4,3,7,0,2,0,1,0,13,,26.4,0
22000,100392,Ukari Figgs,1611661320,LAS,Los Angeles Sparks,1020000027,2000-06-06,LAS vs. POR,W,26,2,8,0.25,1,5,0.2,1,4,0.25,3,0,3,3,1,0,1,2,6,,16.1,0
22000,100395,Clarisse Machanguana,1611661320,LAS,Los Angeles Sparks,1020000027,2000-06-06,LAS vs. POR,W,9,0,0,,0,0,,0,0,,1,0,1,0,0,0,0,2,0,,1.2,0
22000,100396,DeLisha Milton-Jones,1611661320,LAS,Los Angeles Sparks,1020000027,2000-06-06,LAS vs. POR,W,33,3,6,0.5,0,0,,4,6,0.667,2,0,2,1,1,3,4,5,10,,21.9,0
22000,100476,Vedrana Grgin Fonseca,1611661320,LAS,Los Angeles Sparks,1020000027,2000-06-06,LAS vs. POR,W,17,0,5,0.0,0,2,0.0,0,0,,1,1,2,2,1,0,0,2,0,,8.4,0
22000,100478,Nicky McCrimmon,1611661320,LAS,Los Angeles Sparks,1020000027,2000-06-06,LAS vs. POR,W,14,3,5,0.6,1,2,0.5,0,0,,0,0,0,1,1,0,3,1,7,,8.5,0
22000,100479,Paige Sauer,1611661320,LAS,Los Angeles Sparks,1020000027,2000-06-06,LAS vs. POR,W,5,0,0,,0,0,,0,0,,0,3,3,0,1,0,1,3,0,,5.6,0
22000,100038,Tara Williams,1611661327,POR,Portland Fire,1020000027,2000-06-06,POR @ LAS,L,14,3,4,0.75,1,1,1.0,0,0,,1,0,1,1,2,1,1,4,7,,17.7,0
22000,100105,Sophia Witherspoon,1611661327,POR,Portland Fire,1020000027,2000-06-06,POR @ LAS,L,27,3,11,0.273,1,3,0.333,5,7,0.714,1,4,5,1,0,0,3,0,12,,16.5,0
22000,100215,Vanessa Nygaard,1611661327,POR,Portland Fire,1020000027,2000-06-06,POR @ LAS,L,17,2,3,0.667,0,1,0.0,0,0,,0,0,0,0,2,0,2,4,4,,8.0,0
22000,100284,Tully Bevilaqua,1611661327,POR,Portland Fire,1020000027,2000-06-06,POR @ LAS,L,16,0,1,0.0,0,1,0.0,0,0,,0,1,1,1,1,0,5,3,0,,0.7,0
22000,100346,Michele Van Gorp,1611661327,POR,Portland Fire,1020000027,2000-06-06,POR @ LAS,L,9,2,4,0.5,0,0,,2,2,1.0,2,1,3,0,0,0,1,2,6,,8.6,0
22000,100429,Alisa Burras,1611661327,POR,Portland Fire,1020000027,2000-06-06,POR @ LAS,L,12,2,4,0.5,0,0,,2,4,0.5,1,3,4,0,0,2,0,1,6,,16.8,0
22000,100529,Sylvia Crawley,1611661327,POR,Portland Fire,1020000027,2000-06-06,POR @ LAS,L,28,2,6,0.333,0,0,,0,0,,2,5,7,1,2,0,2,6,4,,17.9,0
22000,100530,Lynn Pride,1611661327,POR,Portland Fire,1020000027,2000-06-06,POR @ LAS,L,16,1,4,0.25,1,1,1.0,0,0,,1,0,1,2,2,0,0,1,3,,13.2,0
22000,100532,Stacey Thomas,1611661327,POR,Portland Fire,1020000027,2000-06-06,POR @ LAS,L,24,1,3,0.333,0,1,0.0,2,2,1.0,0,1,1,1,0,1,2,3,4,,7.7,0
22000,100533,DeMya Walker,1611661327,POR,Portland Fire,1020000027,2000-06-06,POR @ LAS,L,13,2,4,0.5,0,0,,1,4,0.25,1,0,1,0,2,0,0,3,5,,12.2,0
22000,100570,Michelle Marciniak,1611661327,POR,Portland Fire,1020000027,2000-06-06,POR @ LAS,L,24,1,7,0.143,1,5,0.2,3,5,0.6,0,3,3,2,0,0,5,0,6,,7.6,0
22000,100072,Sheryl Swoopes,1611661316,HOU,Houston Comets,1020000028,2000-06-07,HOU @ WAS,W,31,10,15,0.667,0,1,0.0,0,0,,1,4,5,5,3,1,4,2,20,,41.5,0
22000,100073,Cynthia Cooper,1611661316,HOU,Houston Comets,1020000028,2000-06-07,HOU @ WAS,W,31,8,12,0.667,2,4,0.5,2,2,1.0,0,3,3,4,1,0,1,2,20,,31.6,0
22000,100075,Janeth Arcain,1611661316,HOU,Houston Comets,1020000028,2000-06-07,HOU @ WAS,W,28,5,7,0.714,1,2,0.5,0,0,,0,5,5,1,4,0,2,0,11,,28.5,0
22000,100076,Tina Thompson,1611661316,HOU,Houston Comets,1020000028,2000-06-07,HOU @ WAS,W,29,6,13,0.462,3,4,0.75,2,3,0.667,2,4,6,1,3,0,4,3,17,,30.7,0
22000,100077,Tammy Jackson,1611661316,HOU,Houston Comets,1020000028,2000-06-07,HOU @ WAS,W,12,1,2,0.5,0,0,,0,0,,0,2,2,0,0,0,0,1,2,,4.4,0
22000,100211,Amaya Valdemoro,1611661316,HOU,Houston Comets,1020000028,2000-06-07,HOU @ WAS,W,6,1,1,1.0,0,0,,0,0,,0,0,0,0,0,0,1,2,2,,1.0,0
22000,100217,Coquese Washington,1611661316,HOU,Houston Comets,1020000028,2000-06-07,HOU @ WAS,W,13,0,0,,0,0,,0,0,,0,0,0,0,0,0,0,1,0,,0.0,0
22000,100233,Tiffani Johnson,1611661316,HOU,Houston Comets,1020000028,2000-06-07,HOU @ WAS,W,30,0,2,0.0,0,0,,1,2,0.5,0,2,2,2,0,0,2,2,1,,4.4,0
22000,100338,Jennifer Rizzotti,1611661316,HOU,Houston Comets,1020000028,2000-06-07,HOU @ WAS,W,12,0,0,,0,0,,0,0,,0,0,0,3,2,0,2,1,0,,8.5,0
22000,100500,Elena Shakirova,1611661316,HOU,Houston Comets,1020000028,2000-06-07,HOU @ WAS,W,5,1,2,0.5,1,1,1.0,5,6,0.833,0,1,1,0,1,1,0,1,8,,15.2,0
22000,100504,Kelley Gibson,1611661316,HOU,Houston Comets,1020000028,2000-06-07,HOU @ WAS,W,3,0,0,,0,0,,0,0,,0,0,0,0,0,0,0,0,0,,0.0,0
22000,100058,Vicky Bullett,1611661322,WAS,Washington Mystics,1020000028,2000-06-07,WAS vs. HOU,L,28,1,4,0.25,0,0,,0,0,,2,4,6,0,0,0,5,0,2,,4.2,0
22000,100198,Nikki McCray,1611661322,WAS,Washington Mystics,1020000028,2000-06-07,WAS vs. HOU,L,26,2,10,0.2,1,7,0.143,0,0,,1,1,2,2,2,0,2,1,5,,14.4,0
22000,100199,Murriel Page,1611661322,WAS,Washington Mystics,1020000028,2000-06-07,WAS vs. HOU,L,36,5,6,0.833,0,0,,3,3,1.0,3,2,5,2,0,0,2,2,13,,20.0,0
22000,100348,Markita Aldridge,1611661322,WAS,Washington Mystics,1020000028,2000-06-07,WAS vs. HOU,L,16,2,6,0.333,0,0,,0,0,,0,1,1,2,1,0,1,2,4,,10.2,0
22000,100353,Andrea Nagy,1611661322,WAS,Washington Mystics,1020000028,2000-06-07,WAS vs. HOU,L,31,4,8,0.5,2,4,0.5,0,0,,0,3,3,3,3,0,4,2,10,,23.1,0
22000,100354,Heather Owen,1611661322,WAS,Washington Mystics,1020000028,2000-06-07,WAS vs. HOU,L,4,0,0,,0,0,,0,0,,0,0,0,0,0,0,0,1,0,,0.0,0
22000,100356,Chamique Holdsclaw,1611661322,WAS,Washington Mystics,1020000028,2000-06-07,WAS vs. HOU,L,28,7,17,0.412,1,3,0.333,1,1,1.0,3,4,7,2,0,1,3,4,16,,27.4,0
22000,100553,Keisha Anderson,1611661322,WAS,Washington Mystics,1020000028,2000-06-07,WAS vs. HOU,L,10,0,1,0.0,0,0,,0,0,,0,0,0,1,0,0,0,1,0,,1.5,0
22000,100554,Beth Cunningham,1611661322,WAS,Washington Mystics,1020000028,2000-06-07,WAS vs. HOU,L,7,0,4,0.0,0,3,0.0,0,0,,0,1,1,0,0,0,2,2,0,,-0.8,0
22000,100555,Tausha Mills,1611661322,WAS,Washington Mystics,1020000028,2000-06-07,WAS vs. HOU,L,11,2,3,0.667,0,0,,0,0,,1,3,4,0,0,0,2,6,4,,6.8,0
22000,100557,Tonya Massaline,1611661322,WAS,Washington Mystics,1020000028,2000-06-07,WAS vs. HOU,L,3,0,0,,0,0,,0,0,,0,0,0,1,0,0,0,0,0,,1.5,0
22000,100101,Teresa Weatherspoon,1611661313,NYL,New York Liberty,1020000029,2000-06-07,NYL @ DET,W,39,1,3,0.333,0,0,,1,2,0.5,0,2,2,8,2,0,3,3,3,,20.4,0
22000,100103,Vickie Johnson,1611661313,NYL,New York Liberty,1020000029,2000-06-07,NYL @ DET,W,40,9,16,0.563,2,3,0.667,2,3,0.667,3,9,12,3,2,0,1,2,22,,45.9,0
22000,100104,Sue Wicks,1611661313,NYL,New York Liberty,1020000029,2000-06-07,NYL @ DET,W,15,0,1,0.0,0,0,,0,0,,1,2,3,0,0,1,4,3,0,,2.6,0
22000,100342,Becky Hammon,1611661313,NYL,New York Liberty,1020000029,2000-06-07,NYL @ DET,W,27,4,9,0.444,1,4,0.25,1,2,0.5,1,2,3,2,0,0,5,2,10,,11.6,0
22000,100347,Tamika Whitmore,1611661313,NYL,New York Liberty,1020000029,2000-06-07,NYL @ DET,W,20,5,10,0.5,0,0,,2,3,0.667,0,0,0,0,3,1,2,4,12,,22.0,0
22000,100413,Tari Phillips,1611661313,NYL,New York Liberty,1020000029,2000-06-07,NYL @ DET,W,36,9,13,0.692,0,0,,2,3,0.667,5,5,10,2,2,2,4,2,20,,43.0,0
22000,100509,Marina Ferragut,1611661313,NYL,New York Liberty,1020000029,2000-06-07,NYL @ DET,W,9,2,4,0.5,0,2,0.0,0,0,,0,0,0,0,0,0,1,3,4,,3.0,0
22000,100512,Shea Mahoney,1611661313,NYL,New York Liberty,1020000029,2000-06-07,NYL @ DET,W,14,1,4,0.25,0,0,,0,0,,0,3,3,0,0,0,0,3,2,,5.6,0
22000,100046,Wendy Palmer,1611661321,DET,Detroit Shock,1020000029,2000-06-07,DET vs. NYL,L,31,6,18,0.333,0,3,0.0,2,2,1.0,2,3,5,0,0,0,5,2,14,,15.0,0
22000,100243,Olympia Scott,1611661321,DET,Detroit Shock,1020000029,2000-06-07,DET vs. NYL,L,10,0,0,,0,0,,0,0,,0,0,0,1,0,0,1,2,0,,0.5,0
22000,100351,Joy Holmes,1611661321,DET,Detroit Shock,1020000029,2000-06-07,DET vs. NYL,L,6,1,2,0.5,0,0,,0,0,,0,0,0,0,0,0,0,2,2,,2.0,0
22000,100384,Dominique Canty,1611661321,DET,Detroit Shock,1020000029,2000-06-07,DET vs. NYL,L,34,6,7,0.857,0,0,,10,12,0.833,1,0,1,4,2,0,2,4,22,,33.2,0
22000,100386,Claudia Neves,1611661321,DET,Detroit Shock,1020000029,2000-06-07,DET vs. NYL,L,27,1,2,0.5,0,1,0.0,0,0,,0,3,3,2,1,0,0,0,2,,11.6,0
22000,100387,Astou Ndiaye-Diatta,1611661321,DET,Detroit Shock,1020000029,2000-06-07,DET vs. NYL,L,28,5,9,0.556,0,0,,1,2,0.5,4,2,6,0,1,0,0,2,11,,21.2,0
22000,100388,Elena Tornikidou,1611661321,DET,Detroit Shock,1020000029,2000-06-07,DET vs. NYL,L,26,2,7,0.286,0,0,,4,4,1.0,1,3,4,1,1,0,2,3,8,,15.3,0
22000,100390,Oksana Zakaluzhnaya,1611661321,DET,Detroit Shock,1020000029,2000-06-07,DET vs. NYL,L,8,1,2,0.5,0,1,0.0,0,0,,0,0,0,0,0,0,0,2,2,,2.0,0
22000,100492,Edwina Brown,1611661321,DET,Detroit Shock,1020000029,2000-06-07,DET vs. NYL,L,17,2,7,0.286,0,0,,0,0,,1,4,5,2,0,1,3,1,4,,13.0,0
22000,100496,Tamicha Jackson,1611661321,DET,Detroit Shock,1020000029,2000-06-07,DET vs. NYL,L,13,1,5,0.2,0,3,0.0,2,2,1.0,0,1,1,0,0,0,0,1,4,,5.2,0
22000,100091,Eva Nemcova,1611661315,CLE,Cleveland Rockers,1020000030,2000-06-07,CLE vs. ORL,W,41,9,22,0.409,5,12,0.417,0,1,0.0,0,1,1,2,2,0,1,1,23,,32.2,0
22000,100092,Merlakia Jones,1611661315,CLE,Cleveland Rockers,1020000030,2000-06-07,CLE vs. ORL,W,19,4,7,0.571,1,1,1.0,1,2,0.5,2,2,4,2,2,0,0,2,10,,23.8,0
22000,100097,Rushia Brown,1611661315,CLE,Cleveland Rockers,1020000030,2000-06-07,CLE vs. ORL,W,27,3,4,0.75,0,0,,3,3,1.0,3,3,6,0,7,0,1,4,9,,36.2,0
22000,100187,Suzie McConnell Serio,1611661315,CLE,Cleveland Rockers,1020000030,2000-06-07,CLE vs. ORL,W,21,1,7,0.143,1,6,0.167,0,0,,0,1,1,3,1,0,2,2,3,,9.7,0
22000,100428,Mery Andrade,1611661315,CLE,Cleveland Rockers,1020000030,2000-06-07,CLE vs. ORL,W,26,1,6,0.167,0,3,0.0,0,0,,1,1,2,6,2,0,1,2,2,,18.4,0
22000,100433,Chasity Melvin,1611661315,CLE,Cleveland Rockers,1020000030,2000-06-07,CLE vs. ORL,W,34,8,16,0.5,0,0,,6,6,1.0,5,2,7,0,0,0,2,6,22,,28.4,0
22000,100445,Ann Wauters,1611661315,CLE,Cleveland Rockers,1020000030,2000-06-07,CLE vs. ORL,W,10,1,4,0.25,0,0,,0,0,,3,0,3,0,1,0,3,3,2,,5.6,0
22000,100457,Helen Darling,1611661315,CLE,Cleveland Rockers,1020000030,2000-06-07,CLE vs. ORL,W,24,2,7,0.286,0,3,0.0,1,2,0.5,1,1,2,7,1,0,2,2,5,,18.9,0
22000,100458,Vicki Hall,1611661315,CLE,Cleveland Rockers,1020000030,2000-06-07,CLE vs. ORL,W,23,2,6,0.333,0,2,0.0,3,4,0.75,2,4,6,2,1,0,0,3,7,,20.2,0
22000,100048,Jessie Hicks,1611661323,ORL,Orlando Miracle,1020000030,2000-06-07,ORL @ CLE,L,5,0,0,,0,0,,1,2,0.5,1,0,1,0,0,0,1,2,1,,1.2,0
22000,100100,Adrienne Johnson,1611661323,ORL,Orlando Miracle,1020000030,2000-06-07,ORL @ CLE,L,33,3,8,0.375,0,3,0.0,2,2,1.0,1,3,4,0,1,0,3,1,8,,12.8,0
22000,100410,Shannon Johnson,1611661323,ORL,Orlando Miracle,1020000030,2000-06-07,ORL @ CLE,L,37,3,8,0.375,2,3,0.667,2,4,0.5,0,7,7,8,0,1,4,4,10,,29.4,0
22000,100411,Carla McGhee,1611661323,ORL,Orlando Miracle,1020000030,2000-06-07,ORL @ CLE,L,3,0,0,,0,0,,0,0,,0,0,0,0,0,0,0,1,0,,0.0,0
22000,100412,Taj McWilliams-Franklin,1611661323,ORL,Orlando Miracle,1020000030,2000-06-07,ORL @ CLE,L,42,8,13,0.615,0,2,0.0,0,0,,2,6,8,3,2,0,5,4,16,,31.1,0
22000,100414,Elaine Powell,1611661323,ORL,Orlando Miracle,1020000030,2000-06-07,ORL @ CLE,L,19,3,4,0.75,0,0,,3,3,1.0,2,1,3,1,2,0,1,1,9,,19.1,0
22000,100415,Nykesha Sales,1611661323,ORL,Orlando Miracle,1020000030,2000-06-07,ORL @ CLE,L,38,9,13,0.692,4,5,0.8,2,4,0.5,1,5,6,3,3,0,6,6,24,,38.7,0
22000,100514,Cintia dos Santos,1611661323,ORL,Orlando Miracle,1020000030,2000-06-07,ORL @ CLE,L,39,4,6,0.667,0,0,,3,4,0.75,1,2,3,5,0,0,3,5,11,,19.1,0
22000,100515,Cornelia Gayden,1611661323,ORL,Orlando Miracle,1020000030,2000-06-07,ORL @ CLE,L,1,0,0,,0,0,,0,0,,0,0,0,0,0,0,0,0,0,,0.0,0
22000,100519,Jannon Roland,1611661323,ORL,Orlando Miracle,1020000030,2000-06-07,ORL @ CLE,L,8,0,0,,0,0,,0,0,,0,0,0,0,0,0,4,2,0,,-4.0,0
22000,100029,Michele Timms,1611661317,PHO,Phoenix Mercury,1020000031,2000-06-07,PHO vs. SEA,W,17,2,4,0.5,0,1,0.0,0,0,,0,4,4,3,1,0,0,2,4,,16.3,0
22000,100030,Jennifer Gillom,1611661317,PHO,Phoenix Mercury,1020000031,2000-06-07,PHO vs. SEA,W,20,2,4,0.5,0,2,0.0,0,0,,0,2,2,1,1,1,1,2,4,,12.9,0
22000,100031,Bridget Pettis,1611661317,PHO,Phoenix Mercury,1020000031,2000-06-07,PHO vs. SEA,W,26,6,9,0.667,2,4,0.5,1,2,0.5,0,4,4,0,1,0,2,3,15,,20.8,0
22000,100221,Michelle Brogan,1611661317,PHO,Phoenix Mercury,1020000031,2000-06-07,PHO vs. SEA,W,23,5,7,0.714,0,1,0.0,4,4,1.0,0,4,4,3,1,0,1,4,14,,25.3,0
22000,100225,Brandy Reed,1611661317,PHO,Phoenix Mercury,1020000031,2000-06-07,PHO vs. SEA,W,27,8,11,0.727,1,1,1.0,7,7,1.0,1,4,5,2,0,0,1,0,24,,32.0,0
22000,100227,Maria Stepanova,1611661317,PHO,Phoenix Mercury,1020000031,2000-06-07,PHO vs. SEA,W,19,3,6,0.5,0,0,,1,2,0.5,3,3,6,0,1,0,1,5,7,,16.2,0
22000,100378,Lisa Harrison,1611661317,PHO,Phoenix Mercury,1020000031,2000-06-07,PHO vs. SEA,W,13,1,3,0.333,0,0,,0,0,,2,2,4,0,0,1,1,0,2,,8.8,0
22000,100398,Tonya Edwards,1611661317,PHO,Phoenix Mercury,1020000031,2000-06-07,PHO vs. SEA,W,14,2,6,0.333,0,2,0.0,0,0,,0,1,1,1,1,0,0,0,4,,9.7,0
22000,100525,Rankica Sarenac,1611661317,PHO,Phoenix Mercury,1020000031,2000-06-07,PHO vs. SEA,W,9,2,3,0.667,0,0,,1,1,1.0,2,1,3,2,0,0,0,2,5,,11.6,0
22000,100526,Adrian Williams-Strong,1611661317,PHO,Phoenix Mercury,1020000031,2000-06-07,PHO vs. SEA,W,9,0,3,0.0,0,0,,0,0,,0,1,1,1,0,0,1,2,0,,1.7,0
22000,100594,Michelle Cleary,1611661317,PHO,Phoenix Mercury,1020000031,2000-06-07,PHO vs. SEA,W,23,1,3,0.333,1,3,0.333,0,0,,0,1,1,3,3,1,1,1,3,,19.7,0
22000,100111,Simone Edwards,1611661328,SEA,Seattle Storm,1020000031,2000-06-07,SEA @ PHO,L,28,4,12,0.333,0,0,,3,4,0.75,2,6,8,1,0,0,3,3,11,,19.1,0
22000,100179,Charmin Smith,1611661328,SEA,Seattle Storm,1020000031,2000-06-07,SEA @ PHO,L,10,0,0,,0,0,,0,0,,0,0,0,1,0,1,0,1,0,,4.5,0
22000,100230,Quacy Barnes,1611661328,SEA,Seattle Storm,1020000031,2000-06-07,SEA @ PHO,L,30,2,10,0.2,0,1,0.0,2,6,0.333,4,2,6,1,0,0,2,1,6,,12.7,0
22000,100336,Sonja Henning,1611661328,SEA,Seattle Storm,1020000031,2000-06-07,SEA @ PHO,L,33,1,3,0.333,0,1,0.0,2,2,1.0,1,2,3,2,1,0,4,1,4,,9.6,0
22000,100375,Edna Campbell,1611661328,SEA,Seattle Storm,1020000031,2000-06-07,SEA @ PHO,L,26,2,11,0.182,0,1,0.0,0,0,,0,0,0,1,0,0,0,3,4,,5.5,0
22000,100441,Angela Aycock,1611661328,SEA,Seattle Storm,1020000031,2000-06-07,SEA @ PHO,L,7,0,3,0.0,0,2,0.0,0,0,,1,1,2,0,0,0,0,2,0,,2.4,0
22000,100503,Andrea Garner,1611661328,SEA,Seattle Storm,1020000031,2000-06-07,SEA @ PHO,L,26,1,4,0.25,0,0,,1,2,0.5,2,4,6,0,1,0,0,2,3,,13.2,0
22000,100538,Katrina Hibbert,1611661328,SEA,Seattle Storm,1020000031,2000-06-07,SEA @ PHO,L,6,0,0,,0,0,,0,0,,0,0,0,0,0,0,1,1,0,,-1.0,0
22000,100541,Jamie Redd,1611661328,SEA,Seattle Storm,1020000031,2000-06-07,SEA @ PHO,L,13,3,6,0.5,2,4,0.5,1,1,1.0,1,0,1,1,0,0,2,1,9,,9.7,0
22000,100542,Charisse Sampson,1611661328,SEA,Seattle Storm,1020000031,2000-06-07,SEA @ PHO,L,2,0,1,0.0,0,0,,0,0,,0,0,0,0,0,0,0,0,0,,0.0,0
22000,100544,Kamila Vodichkova,1611661328,SEA,Seattle Storm,1020000031,2000-06-07,SEA @ PHO,L,19,3,8,0.375,1,3,0.333,5,6,0.833,1,3,4,1,2,0,1,3,12,,23.3,0
22000,100048,Jessie Hicks,1611661323,ORL,Orlando Miracle,1020000032,2000-06-08,ORL vs. MIN,L,12,0,0,,0,0,,3,4,0.75,0,0,0,0,0,0,1,1,3,,2.0,0
22000,100100,Adrienne Johnson,1611661323,ORL,Orlando Miracle,1020000032,2000-06-08,ORL vs. MIN,L,26,2,12,0.167,1,7,0.143,2,2,1.0,1,1,2,2,2,0,1,2,7,,17.4,0
22000,100410,Shannon Johnson,1611661323,ORL,Orlando Miracle,1020000032,2000-06-08,ORL vs. MIN,L,32,2,10,0.2,1,3,0.333,1,2,0.5,1,0,1,3,3,0,3,5,6,,17.7,0
22000,100411,Carla McGhee,1611661323,ORL,Orlando Miracle,1020000032,2000-06-08,ORL vs. MIN,L,13,1,2,0.5,0,1,0.0,0,0,,1,2,3,0,0,1,0,2,2,,8.6,0
22000,100412,Taj McWilliams-Franklin,1611661323,ORL,Orlando Miracle,1020000032,2000-06-08,ORL vs. MIN,L,34,8,12,0.667,0,1,0.0,2,4,0.5,6,3,9,1,2,0,1,3,18,,35.3,0
22000,100414,Elaine Powell,1611661323,ORL,Orlando Miracle,1020000032,2000-06-08,ORL vs. MIN,L,27,2,4,0.5,0,0,,3,5,0.6,3,4,7,2,0,0,2,0,7,,16.4,0
22000,100415,Nykesha Sales,1611661323,ORL,Orlando Miracle,1020000032,2000-06-08,ORL vs. MIN,L,13,0,3,0.0,0,2,0.0,0,0,,0,3,3,1,0,0,3,1,0,,2.1,0
22000,100514,Cintia dos Santos,1611661323,ORL,Orlando Miracle,1020000032,2000-06-08,ORL vs. MIN,L,13,1,3,0.333,0,0,,1,1,1.0,2,0,2,0,0,0,1,5,3,,4.4,0
22000,100519,Jannon Roland,1611661323,ORL,Orlando Miracle,1020000032,2000-06-08,ORL vs. MIN,L,20,1,7,0.143,0,0,,1,2,0.5,1,2,3,1,1,0,2,0,3,,9.1,0
22000,100521,Tiffany McCain,1611661323,ORL,Orlando Miracle,1020000032,2000-06-08,ORL vs. MIN,L,10,2,6,0.333,2,4,0.5,2,2,1.0,0,0,0,0,0,0,0,0,8,,8.0,0
22000,100400,Kristin Folkl,1611661324,MIN,Minnesota Lynx,1020000032,2000-06-08,MIN @ ORL,W,27,2,4,0.5,0,1,0.0,1,1,1.0,1,4,5,2,0,1,1,4,5,,16.0,0
22000,100402,Andrea Lloyd-Curry,1611661324,MIN,Minnesota Lynx,1020000032,2000-06-08,MIN @ ORL,W,29,1,5,0.2,0,3,0.0,0,0,,2,1,3,3,0,0,2,1,2,,8.1,0
22000,100404,Katie Smith,1611661324,MIN,Minnesota Lynx,1020000032,2000-06-08,MIN @ ORL,W,36,7,17,0.412,5,9,0.556,4,5,0.8,2,3,5,3,2,1,1,3,23,,41.5,0
22000,100481,Marla Brumfield,1611661324,MIN,Minnesota Lynx,1020000032,2000-06-08,MIN @ ORL,W,23,1,5,0.2,0,1,0.0,2,2,1.0,0,3,3,0,1,0,1,4,4,,9.6,0
22000,100482,Grace Daley,1611661324,MIN,Minnesota Lynx,1020000032,2000-06-08,MIN @ ORL,W,15,1,3,0.333,1,2,0.5,1,2,0.5,0,1,1,2,0,0,2,2,4,,6.2,0
22000,100483,Keitha Dickerson,1611661324,MIN,Minnesota Lynx,1020000032,2000-06-08,MIN @ ORL,W,8,0,0,,0,0,,0,0,,1,1,2,2,1,0,0,2,0,,8.4,0
22000,100484,Betty Lennox,1611661324,MIN,Minnesota Lynx,1020000032,2000-06-08,MIN @ ORL,W,30,9,18,0.5,1,5,0.2,5,6,0.833,2,5,7,0,0,1,2,4,24,,33.4,0
22000,100487,Kate Paye,1611661324,MIN,Minnesota Lynx,1020000032,2000-06-08,MIN @ ORL,W,17,0,1,0.0,0,1,0.0,0,0,,0,1,1,0,0,0,2,1,0,,-0.8,0
22000,100490,Shanele Stires,1611661324,MIN,Minnesota Lynx,1020000032,2000-06-08,MIN @ ORL,W,15,4,5,0.8,1,2,0.5,0,0,,1,1,2,2,2,0,1,1,9,,19.4,0
22000,100058,Vicky Bullett,1611661322,WAS,Washington Mystics,1020000033,2000-06-08,WAS @ MIA,W,36,3,6,0.5,1,1,1.0,2,2,1.0,1,2,3,0,3,0,2,2,9,,19.6,0
22000,100198,Nikki McCray,1611661322,WAS,Washington Mystics,1020000033,2000-06-08,WAS @ MIA,W,37,6,11,0.545,1,2,0.5,8,11,0.727,1,2,3,1,1,0,2,2,21,,27.1,0
22000,100199,Murriel Page,1611661322,WAS,Washington Mystics,1020000033,2000-06-08,WAS @ MIA,W,30,4,8,0.5,0,0,,2,2,1.0,3,7,10,1,0,3,1,3,10,,31.5,0
22000,100348,Markita Aldridge,1611661322,WAS,Washington Mystics,1020000033,2000-06-08,WAS @ MIA,W,4,0,0,,0,0,,0,0,,0,0,0,0,0,0,1,1,0,,-1.0,0
22000,100353,Andrea Nagy,1611661322,WAS,Washington Mystics,1020000033,2000-06-08,WAS @ MIA,W,27,2,5,0.4,0,1,0.0,0,0,,1,1,2,5,0,0,3,3,4,,10.9,0
22000,100356,Chamique Holdsclaw,1611661322,WAS,Washington Mystics,1020000033,2000-06-08,WAS @ MIA,W,39,7,16,0.438,1,3,0.333,0,2,0.0,1,4,5,3,0,1,3,1,15,,25.5,0
22000,100553,Keisha Anderson,1611661322,WAS,Washington Mystics,1020000033,2000-06-08,WAS @ MIA,W,13,0,2,0.0,0,0,,2,2,1.0,1,0,1,2,2,0,0,3,2,,12.2,0
22000,100555,Tausha Mills,1611661322,WAS,Washington Mystics,1020000033,2000-06-08,WAS @ MIA,W,14,4,8,0.5,0,0,,4,6,0.667,5,3,8,0,0,1,1,5,12,,23.6,0
22000,100009,Katrina Colleton,1611661326,MIA,Miami Sol,1020000033,2000-06-08,MIA vs. WAS,L,24,4,9,0.444,0,0,,2,2,1.0,0,3,3,3,0,0,4,3,10,,14.1,0
22000,100035,Umeki Webb,1611661326,MIA,Miami Sol,1020000033,2000-06-08,MIA vs. WAS,L,26,0,4,0.0,0,1,0.0,0,0,,0,0,0,1,0,0,1,3,0,,0.5,0
22000,100037,Marlies Askamp,1611661326,MIA,Miami Sol,1020000033,2000-06-08,MIA vs. WAS,L,29,2,6,0.333,0,0,,0,0,,3,5,8,1,1,0,4,4,4,,14.1,0
22000,100186,Tanja Kostic,1611661326,MIA,Miami Sol,1020000033,2000-06-08,MIA vs. WAS,L,5,0,0,,0,0,,0,0,,1,0,1,1,1,0,0,1,0,,5.7,0
22000,100359,Debbie Black,1611661326,MIA,Miami Sol,1020000033,2000-06-08,MIA vs. WAS,L,21,3,6,0.5,2,2,1.0,0,0,,0,3,3,2,0,0,0,3,8,,14.6,0
22000,100416,Sheri Sam,1611661326,MIA,Miami Sol,1020000033,2000-06-08,MIA vs. WAS,L,20,5,11,0.455,1,2,0.5,0,2,0.0,3,3,6,1,0,0,1,3,11,,18.7,0
22000,100451,Jamie Cassidy,1611661326,MIA,Miami Sol,1020000033,2000-06-08,MIA vs. WAS,L,15,2,6,0.333,0,1,0.0,3,4,0.75,2,1,3,0,0,0,0,1,7,,10.6,0
22000,100558,Jameka Jones,1611661326,MIA,Miami Sol,1020000033,2000-06-08,MIA vs. WAS,L,10,0,1,0.0,0,0,,1,2,0.5,0,0,0,0,0,0,1,4,1,,0.0,0
22000,100559,Milena Flores,1611661326,MIA,Miami Sol,1020000033,2000-06-08,MIA vs. WAS,L,19,1,5,0.2,1,2,0.5,1,2,0.5,0,1,1,4,1,1,3,2,4,,14.2,0
22000,100560,Shantia Owens,1611661326,MIA,Miami Sol,1020000033,2000-06-08,MIA vs. WAS,L,31,3,5,0.6,0,0,,0,0,,1,1,2,0,0,3,5,3,6,,12.4,0
22000,100239,Margo Dydek,1611661319,UTA,Utah Starzz,1020000034,2000-06-08,UTA @ POR,W,30,4,10,0.4,0,1,0.0,1,2,0.5,1,7,8,1,0,2,0,5,9,,26.1,0
22000,100242,LaTonya Johnson,1611661319,UTA,Utah Starzz,1020000034,2000-06-08,UTA @ POR,W,16,1,2,0.5,0,0,,3,4,0.75,1,1,2,1,0,0,0,4,5,,8.9,0
22000,100250,Korie Hlede,1611661319,UTA,Utah Starzz,1020000034,2000-06-08,UTA @ POR,W,24,1,6,0.167,0,1,0.0,8,8,1.0,2,2,4,0,0,0,2,2,10,,12.8,0
22000,100363,Adrienne Goodson,1611661319,UTA,Utah Starzz,1020000034,2000-06-08,UTA @ POR,W,24,5,10,0.5,0,0,,2,5,0.4,0,1,1,2,4,0,1,1,12,,27.2,0
22000,100364,Dalma Ivanyi,1611661319,UTA,Utah Starzz,1020000034,2000-06-08,UTA @ POR,W,20,1,6,0.167,0,4,0.0,0,0,,1,3,4,7,0,0,2,4,2,,15.3,0
22000,100366,Natalie Williams,1611661319,UTA,Utah Starzz,1020000034,2000-06-08,UTA @ POR,W,38,6,11,0.545,0,0,,3,4,0.75,3,13,16,3,2,2,5,3,15,,45.7,0
22000,100422,Kate Starbird,1611661319,UTA,Utah Starzz,1020000034,2000-06-08,UTA @ POR,W,18,5,7,0.714,0,2,0.0,7,8,0.875,1,1,2,2,1,0,4,3,17,,21.4,0
22000,100547,Stacy Frese,1611661319,UTA,Utah Starzz,1020000034,2000-06-08,UTA @ POR,W,20,1,3,0.333,1,2,0.5,6,6,1.0,0,0,0,1,0,0,1,3,9,,9.5,0
22000,100551,Naomi Mulitauaopele,1611661319,UTA,Utah Starzz,1020000034,2000-06-08,UTA @ POR,W,10,1,1,1.0,0,0,,0,0,,0,0,0,1,0,0,2,1,2,,1.5,0
22000,100038,Tara Williams,1611661327,POR,Portland Fire,1020000034,2000-06-08,POR vs. UTA,L,6,0,1,0.0,0,0,,0,0,,0,2,2,1,0,0,0,1,0,,3.9,0
22000,100105,Sophia Witherspoon,1611661327,POR,Portland Fire,1020000034,2000-06-08,POR vs. UTA,L,31,0,7,0.0,0,1,0.0,6,6,1.0,0,1,1,2,1,0,0,3,6,,13.2,0
22000,100215,Vanessa Nygaard,1611661327,POR,Portland Fire,1020000034,2000-06-08,POR vs. UTA,L,25,1,6,0.167,0,2,0.0,5,6,0.833,4,4,8,1,3,0,1,2,7,,26.1,0
22000,100284,Tully Bevilaqua,1611661327,POR,Portland Fire,1020000034,2000-06-08,POR vs. UTA,L,25,1,4,0.25,1,2,0.5,4,4,1.0,2,3,5,3,1,0,0,6,7,,20.5,0
22000,100346,Michele Van Gorp,1611661327,POR,Portland Fire,1020000034,2000-06-08,POR vs. UTA,L,6,1,1,1.0,0,0,,0,0,,0,2,2,0,0,0,3,2,2,,1.4,0
22000,100429,Alisa Burras,1611661327,POR,Portland Fire,1020000034,2000-06-08,POR vs. UTA,L,8,2,4,0.5,0,0,,0,0,,0,0,0,0,0,0,2,1,4,,2.0,0
22000,100529,Sylvia Crawley,1611661327,POR,Portland Fire,1020000034,2000-06-08,POR vs. UTA,L,34,11,20,0.55,0,1,0.0,3,5,0.6,0,6,6,0,1,2,0,1,25,,41.2,0
22000,100530,Lynn Pride,1611661327,POR,Portland Fire,1020000034,2000-06-08,POR vs. UTA,L,20,3,9,0.333,0,0,,2,2,1.0,0,1,1,3,3,0,2,3,8,,20.7,0
22000,100532,Stacey Thomas,1611661327,POR,Portland Fire,1020000034,2000-06-08,POR vs. UTA,L,21,1,3,0.333,0,0,,1,3,0.333,2,2,4,1,0,1,0,3,3,,12.3,0
22000,100533,DeMya Walker,1611661327,POR,Portland Fire,1020000034,2000-06-08,POR vs. UTA,L,8,1,5,0.2,0,1,0.0,0,0,,0,0,0,0,1,0,1,3,2,,4.0,0
22000,100570,Michelle Marciniak,1611661327,POR,Portland Fire,1020000034,2000-06-08,POR vs. UTA,L,16,2,3,0.667,1,2,0.5,3,4,0.75,0,1,1,2,1,1,4,1,8,,14.2,0
22000,100101,Teresa Weatherspoon,1611661313,NYL,New York Liberty,1020000035,2000-06-09,NYL vs. SAC,L,37,1,7,0.143,0,3,0.0,1,2,0.5,1,2,3,2,1,0,3,5,3,,9.6,0
22000,100103,Vickie Johnson,1611661313,NYL,New York Liberty,1020000035,2000-06-09,NYL vs. SAC,L,35,3,15,0.2,1,5,0.2,3,4,0.75,4,5,9,0,0,0,3,2,10,,17.8,0
22000,100104,Sue Wicks,1611661313,NYL,New York Liberty,1020000035,2000-06-09,NYL vs. SAC,L,25,1,6,0.167,0,0,,2,4,0.5,6,6,12,1,2,0,4,4,4,,21.9,0
22000,100342,Becky Hammon,1611661313,NYL,New York Liberty,1020000035,2000-06-09,NYL vs. SAC,L,31,3,10,0.3,2,6,0.333,1,2,0.5,0,1,1,2,2,0,2,4,9,,17.2,0
22000,100347,Tamika Whitmore,1611661313,NYL,New York Liberty,1020000035,2000-06-09,NYL vs. SAC,L,15,1,4,0.25,0,0,,3,4,0.75,2,0,2,0,2,0,2,2,5,,11.4,0
22000,100413,Tari Phillips,1611661313,NYL,New York Liberty,1020000035,2000-06-09,NYL vs. SAC,L,38,9,16,0.563,0,0,,7,12,0.583,6,3,9,0,2,0,0,4,25,,41.8,0
22000,100509,Marina Ferragut,1611661313,NYL,New York Liberty,1020000035,2000-06-09,NYL vs. SAC,L,2,0,0,,0,0,,0,0,,0,0,0,0,0,0,1,0,0,,-1.0,0
22000,100512,Shea Mahoney,1611661313,NYL,New York Liberty,1020000035,2000-06-09,NYL vs. SAC,L,17,0,5,0.0,0,3,0.0,0,0,,0,2,2,1,0,0,0,1,0,,3.9,0
22000,100027,Latasha Byears,1611661318,SAC,Sacramento Monarchs,1020000035,2000-06-09,SAC @ NYL,W,21,5,6,0.833,0,0,,2,3,0.667,1,6,7,1,2,0,1,4,12,,26.9,0
22000,100044,Lady Grooms,1611661318,SAC,Sacramento Monarchs,1020000035,2000-06-09,SAC @ NYL,W,19,2,6,0.333,0,0,,0,0,,0,1,1,0,0,0,1,1,4,,4.2,0
22000,100183,Cindy Blodgett,1611661318,SAC,Sacramento Monarchs,1020000035,2000-06-09,SAC @ NYL,W,13,1,4,0.25,1,3,0.333,0,0,,0,0,0,0,0,0,0,1,3,,3.0,0
22000,100234,Ticha Penicheiro,1611661318,SAC,Sacramento Monarchs,1020000035,2000-06-09,SAC @ NYL,W,38,2,5,0.4,1,3,0.333,2,4,0.5,0,6,6,9,3,0,3,2,7,,33.7,0
22000,100236,Tangela Smith,1611661318,SAC,Sacramento Monarchs,1020000035,2000-06-09,SAC @ NYL,W,23,4,7,0.571,0,0,,1,2,0.5,0,6,6,4,1,1,1,4,9,,27.2,0
22000,100419,Yolanda Griffith,1611661318,SAC,Sacramento Monarchs,1020000035,2000-06-09,SAC @ NYL,W,33,8,12,0.667,0,0,,8,9,0.889,3,5,8,2,3,2,2,5,24,,49.6,0
22000,100421,Kedra Holland-Corn,1611661318,SAC,Sacramento Monarchs,1020000035,2000-06-09,SAC @ NYL,W,36,3,9,0.333,2,6,0.333,3,3,1.0,1,1,2,4,0,0,5,5,11,,14.4,0
22000,100534,Stacy Clinesmith,1611661318,SAC,Sacramento Monarchs,1020000035,2000-06-09,SAC @ NYL,W,11,2,4,0.5,1,3,0.333,2,2,1.0,0,0,0,2,0,0,0,2,7,,10.0,0
22000,100535,Rhonda Banchero,1611661318,SAC,Sacramento Monarchs,1020000035,2000-06-09,SAC @ NYL,W,2,0,0,,0,0,,0,0,,0,0,0,0,0,0,0,0,0,,0.0,0
22000,100536,Katy Steding,1611661318,SAC,Sacramento Monarchs,1020000035,2000-06-09,SAC @ NYL,W,4,0,0,,0,0,,0,2,0.0,0,0,0,0,0,1,0,0,0,,3.0,0
22000,100059,Andrea Stinson,1611661314,CHA,Charlotte Sting,1020000036,2000-06-09,CHA vs. SEA,L,33,7,14,0.5,0,3,0.0,4,5,0.8,0,6,6,4,6,1,3,0,18,,49.2,0
22000,100060,Rhonda Mapp,1611661314,CHA,Charlotte Sting,1020000036,2000-06-09,CHA vs. SEA,L,28,7,10,0.7,0,1,0.0,5,5,1.0,2,3,5,0,1,1,1,4,19,,30.0,0
22000,100182,Tracy Reid,1611661314,CHA,Charlotte Sting,1020000036,2000-06-09,CHA vs. SEA,L,12,1,3,0.333,0,0,,3,4,0.75,1,0,1,0,4,1,2,3,5,,19.2,0
22000,100294,Cass Bauer-Bilodeau,1611661314,CHA,Charlotte Sting,1020000036,2000-06-09,CHA vs. SEA,L,20,1,5,0.2,0,0,,0,0,,0,0,0,3,1,0,0,3,2,,9.5,0
22000,100368,Angie Braziel,1611661314,CHA,Charlotte Sting,1020000036,2000-06-09,CHA vs. SEA,L,9,0,1,0.0,0,0,,1,2,0.5,1,0,1,0,0,0,1,2,1,,1.2,0
22000,100369,Niesa Johnson,1611661314,CHA,Charlotte Sting,1020000036,2000-06-09,CHA vs. SEA,L,12,1,2,0.5,1,1,1.0,2,2,1.0,0,2,2,1,1,0,1,0,5,,10.9,0
22000,100371,Charlotte Smith,1611661314,CHA,Charlotte Sting,1020000036,2000-06-09,CHA vs. SEA,L,19,1,7,0.143,1,2,0.5,0,0,,1,3,4,2,0,1,3,3,3,,10.8,0
22000,100372,Dawn Staley,1611661314,CHA,Charlotte Sting,1020000036,2000-06-09,CHA vs. SEA,L,29,1,5,0.2,0,1,0.0,2,2,1.0,0,0,0,8,0,0,1,3,4,,15.0,0
22000,100446,Summer Erb,1611661314,CHA,Charlotte Sting,1020000036,2000-06-09,CHA vs. SEA,L,5,0,0,,0,0,,0,0,,0,0,0,0,2,0,0,1,0,,6.0,0
22000,100447,Tiffany Travis,1611661314,CHA,Charlotte Sting,1020000036,2000-06-09,CHA vs. SEA,L,26,2,4,0.5,1,1,1.0,0,0,,1,1,2,0,1,0,1,3,5,,9.4,0
22000,100452,E.C. Hill,1611661314,CHA,Charlotte Sting,1020000036,2000-06-09,CHA vs. SEA,L,7,0,2,0.0,0,0,,0,0,,1,0,1,0,0,0,1,1,0,,0.2,0
22000,100111,Simone Edwards,1611661328,SEA,Seattle Storm,1020000036,2000-06-09,SEA @ CHA,W,9,1,3,0.333,0,0,,1,2,0.5,0,1,1,0,0,0,2,0,3,,2.2,0
22000,100179,Charmin Smith,1611661328,SEA,Seattle Storm,1020000036,2000-06-09,SEA @ CHA,W,12,0,0,,0,0,,0,0,,0,1,1,0,1,0,1,1,0,,3.2,0
22000,100230,Quacy Barnes,1611661328,SEA,Seattle Storm,1020000036,2000-06-09,SEA @ CHA,W,28,2,5,0.4,0,0,,2,3,0.667,0,2,2,4,0,3,2,2,6,,21.4,0
22000,100336,Sonja Henning,1611661328,SEA,Seattle Storm,1020000036,2000-06-09,SEA @ CHA,W,35,1,2,0.5,0,0,,6,6,1.0,1,5,6,1,1,0,2,4,8,,17.7,0
22000,100375,Edna Campbell,1611661328,SEA,Seattle Storm,1020000036,2000-06-09,SEA @ CHA,W,35,7,15,0.467,1,3,0.333,4,4,1.0,0,2,2,5,1,0,5,3,19,,26.9,0
22000,100470,Stacey Lovelace,1611661328,SEA,Seattle Storm,1020000036,2000-06-09,SEA @ CHA,W,23,5,9,0.556,0,1,0.0,3,4,0.75,4,5,9,0,1,0,3,5,13,,23.8,0
22000,100503,Andrea Garner,1611661328,SEA,Seattle Storm,1020000036,2000-06-09,SEA @ CHA,W,21,2,7,0.286,0,0,,1,2,0.5,4,2,6,0,3,1,1,0,5,,23.2,0
22000,100541,Jamie Redd,1611661328,SEA,Seattle Storm,1020000036,2000-06-09,SEA @ CHA,W,4,0,0,,0,0,,0,0,,0,0,0,0,1,0,1,2,0,,2.0,0
22000,100542,Charisse Sampson,1611661328,SEA,Seattle Storm,1020000036,2000-06-09,SEA @ CHA,W,1,0,0,,0,0,,0,0,,0,0,0,0,0,0,0,0,0,,0.0,0
22000,100544,Kamila Vodichkova,1611661328,SEA,Seattle Storm,1020000036,2000-06-09,SEA @ CHA,W,32,4,10,0.4,0,3,0.0,5,6,0.833,1,4,5,3,0,2,3,1,13,,26.5,0
22000,100046,Wendy Palmer,1611661321,DET,Detroit Shock,1020000037,2000-06-09,DET vs. IND,W,24,3,6,0.5,0,1,0.0,2,4,0.5,0,6,6,1,2,0,3,5,8,,19.7,0
22000,100243,Olympia Scott,1611661321,DET,Detroit Shock,1020000037,2000-06-09,DET vs. IND,W,7,0,1,0.0,0,1,0.0,0,0,,0,2,2,0,0,0,0,4,0,,2.4,0
22000,100351,Joy Holmes,1611661321,DET,Detroit Shock,1020000037,2000-06-09,DET vs. IND,W,7,0,0,,0,0,,0,0,,0,1,1,1,0,0,0,0,0,,2.7,0
22000,100384,Dominique Canty,1611661321,DET,Detroit Shock,1020000037,2000-06-09,DET vs. IND,W,33,2,8,0.25,0,0,,7,12,0.583,1,2,3,3,2,0,0,0,11,,25.1,0
22000,100386,Claudia Neves,1611661321,DET,Detroit Shock,1020000037,2000-06-09,DET vs. IND,W,27,5,8,0.625,1,3,0.333,0,0,,0,0,0,1,0,0,4,0,11,,8.5,0
22000,100387,Astou Ndiaye-Diatta,1611661321,DET,Detroit Shock,1020000037,2000-06-09,DET vs. IND,W,22,7,11,0.636,0,0,,4,5,0.8,4,4,8,0,0,0,4,4,18,,23.6,0
22000,100388,Elena Tornikidou,1611661321,DET,Detroit Shock,1020000037,2000-06-09,DET vs. IND,W,27,3,5,0.6,0,0,,4,4,1.0,0,3,3,3,1,3,1,3,10,,29.1,0
22000,100390,Oksana Zakaluzhnaya,1611661321,DET,Detroit Shock,1020000037,2000-06-09,DET vs. IND,W,23,5,8,0.625,0,0,,0,0,,0,3,3,0,1,1,1,3,10,,18.6,0
22000,100492,Edwina Brown,1611661321,DET,Detroit Shock,1020000037,2000-06-09,DET vs. IND,W,20,4,5,0.8,0,0,,2,2,1.0,0,0,0,3,1,0,2,2,10,,15.5,0
22000,100493,Anna DeForge,1611661321,DET,Detroit Shock,1020000037,2000-06-09,DET vs. IND,W,1,0,1,0.0,0,1,0.0,0,0,,0,0,0,0,0,0,0,0,0,,0.0,0
22000,100496,Tamicha Jackson,1611661321,DET,Detroit Shock,1020000037,2000-06-09,DET vs. IND,W,9,1,3,0.333,0,0,,0,0,,0,1,1,1,0,0,4,0,2,,0.7,0
22000,100096,Donna Harrington,1611661325,IND,Indiana Fever,1020000037,2000-06-09,IND @ DET,L,8,0,0,,0,0,,0,0,,0,0,0,0,0,0,3,1,0,,-3.0,0
22000,100204,Rita Williams,1611661325,IND,Indiana Fever,1020000037,2000-06-09,IND @ DET,L,36,6,10,0.6,2,5,0.4,2,2,1.0,1,2,3,4,5,0,3,2,16,,37.6,0
22000,100216,Alicia Thompson,1611661325,IND,Indiana Fever,1020000037,2000-06-09,IND @ DET,L,38,4,12,0.333,0,1,0.0,5,6,0.833,3,6,9,3,0,0,1,6,13,,27.3,0
22000,100340,Kara Wolters,1611661325,IND,Indiana Fever,1020000037,2000-06-09,IND @ DET,L,23,5,9,0.556,0,0,,0,0,,1,6,7,1,0,2,3,6,10,,22.9,0
22000,100357,Monica Maxwell,1611661325,IND,Indiana Fever,1020000037,2000-06-09,IND @ DET,L,25,0,3,0.0,0,3,0.0,0,0,,0,5,5,3,2,0,5,4,0,,11.5,0
22000,100370,Stephanie White,1611661325,IND,Indiana Fever,1020000037,2000-06-09,IND @ DET,L,32,4,11,0.364,3,6,0.5,9,11,0.818,1,3,4,1,1,0,3,3,20,,26.3,0
22000,100394,Gordana Grubin,1611661325,IND,Indiana Fever,1020000037,2000-06-09,IND @ DET,L,19,5,8,0.625,1,2,0.5,0,0,,0,1,1,1,0,0,2,1,11,,11.7,0
22000,100471,Danielle McCulley,1611661325,IND,Indiana Fever,1020000037,2000-06-09,IND @ DET,L,11,1,1,1.0,0,0,,2,2,1.0,0,0,0,1,1,0,0,1,4,,8.5,0
22000,100472,Texlin Quinney,1611661325,IND,Indiana Fever,1020000037,2000-06-09,IND @ DET,L,8,1,2,0.5,0,0,,0,0,,0,1,1,1,0,0,1,1,2,,3.7,0
22000,100059,Andrea Stinson,1611661314,CHA,Charlotte Sting,1020000038,2000-06-10,CHA vs. ORL,L,31,8,20,0.4,1,3,0.333,1,1,1.0,3,3,6,3,2,1,0,3,18,,38.7,0
22000,100060,Rhonda Mapp,1611661314,CHA,Charlotte Sting,1020000038,2000-06-10,CHA vs. ORL,L,33,7,15,0.467,1,1,1.0,0,1,0.0,3,2,5,2,2,0,3,5,15,,27.0,0
22000,100294,Cass Bauer-Bilodeau,1611661314,CHA,Charlotte Sting,1020000038,2000-06-10,CHA vs. ORL,L,19,1,1,1.0,0,0,,1,2,0.5,0,0,0,0,0,0,1,3,3,,2.0,0
22000,100368,Angie Braziel,1611661314,CHA,Charlotte Sting,1020000038,2000-06-10,CHA vs. ORL,L,3,1,3,0.333,0,0,,0,1,0.0,0,0,0,0,0,0,0,1,2,,2.0,0
22000,100369,Niesa Johnson,1611661314,CHA,Charlotte Sting,1020000038,2000-06-10,CHA vs. ORL,L,15,1,3,0.333,0,1,0.0,0,0,,0,0,0,3,1,0,2,1,2,,7.5,0
22000,100371,Charlotte Smith,1611661314,CHA,Charlotte Sting,1020000038,2000-06-10,CHA vs. ORL,L,18,1,2,0.5,1,2,0.5,0,0,,2,4,6,1,1,1,3,1,3,,14.7,0
22000,100372,Dawn Staley,1611661314,CHA,Charlotte Sting,1020000038,2000-06-10,CHA vs. ORL,L,35,3,8,0.375,1,3,0.333,2,2,1.0,0,5,5,7,1,0,2,4,9,,26.5,0
22000,100446,Summer Erb,1611661314,CHA,Charlotte Sting,1020000038,2000-06-10,CHA vs. ORL,L,16,4,8,0.5,0,1,0.0,0,0,,3,2,5,1,0,0,1,3,8,,14.5,0
22000,100447,Tiffany Travis,1611661314,CHA,Charlotte Sting,1020000038,2000-06-10,CHA vs. ORL,L,30,5,11,0.455,1,1,1.0,0,0,,1,4,5,3,3,1,1,2,11,,32.5,0
22000,100048,Jessie Hicks,1611661323,ORL,Orlando Miracle,1020000038,2000-06-10,ORL @ CHA,W,13,1,3,0.333,0,0,,3,4,0.75,1,1,2,0,0,0,2,1,5,,5.4,0
22000,100100,Adrienne Johnson,1611661323,ORL,Orlando Miracle,1020000038,2000-06-10,ORL @ CHA,W,20,1,5,0.2,0,0,,0,0,,1,1,2,1,0,0,2,2,2,,3.9,0
22000,100410,Shannon Johnson,1611661323,ORL,Orlando Miracle,1020000038,2000-06-10,ORL @ CHA,W,27,3,6,0.5,2,2,1.0,3,4,0.75,2,0,2,4,0,0,1,4,11,,18.4,0
22000,100411,Carla McGhee,1611661323,ORL,Orlando Miracle,1020000038,2000-06-10,ORL @ CHA,W,8,0,0,,0,0,,1,2,0.5,1,1,2,1,2,0,0,1,1,,10.9,0
22000,100412,Taj McWilliams-Franklin,1611661323,ORL,Orlando Miracle,1020000038,2000-06-10,ORL @ CHA,W,33,8,11,0.727,0,0,,4,8,0.5,0,6,6,6,0,0,3,1,20,,33.2,0
22000,100414,Elaine Powell,1611661323,ORL,Orlando Miracle,1020000038,2000-06-10,ORL @ CHA,W,15,1,4,0.25,0,0,,0,0,,1,2,3,5,0,0,0,0,2,,13.1,0
22000,100415,Nykesha Sales,1611661323,ORL,Orlando Miracle,1020000038,2000-06-10,ORL @ CHA,W,28,7,11,0.636,3,7,0.429,3,4,0.75,1,3,4,2,1,0,5,3,20,,25.8,0
22000,100514,Cintia dos Santos,1611661323,ORL,Orlando Miracle,1020000038,2000-06-10,ORL @ CHA,W,26,4,9,0.444,0,0,,0,0,,1,5,6,2,2,2,1,3,8,,29.2,0
22000,100517,Romana Hamzova,1611661323,ORL,Orlando Miracle,1020000038,2000-06-10,ORL @ CHA,W,8,0,2,0.0,0,1,0.0,0,0,,0,1,1,1,1,0,2,1,0,,3.7,0
22000,100519,Jannon Roland,1611661323,ORL,Orlando Miracle,1020000038,2000-06-10,ORL @ CHA,W,3,0,0,,0,0,,0,0,,0,0,0,0,0,0,1,3,0,,-1.0,0
22000,100521,Tiffany McCain,1611661323,ORL,Orlando Miracle,1020000038,2000-06-10,ORL @ CHA,W,19,2,3,0.667,1,2,0.5,0,0,,0,2,2,0,0,0,1,1,5,,6.4,0
22000,100400,Kristin Folkl,1611661324,MIN,Minnesota Lynx,1020000039,2000-06-10,MIN @ MIA,W,3,0,0,,0,0,,0,0,,0,0,0,0,0,0,0,0,0,,0.0,0
22000,100402,Andrea Lloyd-Curry,1611661324,MIN,Minnesota Lynx,1020000039,2000-06-10,MIN @ MIA,W,26,3,5,0.6,0,0,,1,2,0.5,0,2,2,0,2,1,3,2,7,,15.4,0
22000,100404,Katie Smith,1611661324,MIN,Minnesota Lynx,1020000039,2000-06-10,MIN @ MIA,W,36,5,13,0.385,4,8,0.5,14,16,0.875,0,2,2,3,0,0,2,2,28,,32.9,0
22000,100481,Marla Brumfield,1611661324,MIN,Minnesota Lynx,1020000039,2000-06-10,MIN @ MIA,W,20,0,3,0.0,0,0,,0,2,0.0,0,1,1,0,1,0,0,4,0,,4.2,0
22000,100482,Grace Daley,1611661324,MIN,Minnesota Lynx,1020000039,2000-06-10,MIN @ MIA,W,28,3,7,0.429,1,2,0.5,1,2,0.5,1,1,2,1,0,0,3,3,8,,8.9,0
22000,100483,Keitha Dickerson,1611661324,MIN,Minnesota Lynx,1020000039,2000-06-10,MIN @ MIA,W,34,2,5,0.4,0,0,,2,2,1.0,2,6,8,3,0,0,2,4,6,,18.1,0
22000,100484,Betty Lennox,1611661324,MIN,Minnesota Lynx,1020000039,2000-06-10,MIN @ MIA,W,29,4,13,0.308,0,1,0.0,4,5,0.8,2,6,8,1,3,0,3,3,12,,29.1,0
22000,100485,Maylana Martin,1611661324,MIN,Minnesota Lynx,1020000039,2000-06-10,MIN @ MIA,W,7,1,2,0.5,0,1,0.0,0,0,,1,1,2,0,0,0,0,0,2,,4.4,0
22000,100487,Kate Paye,1611661324,MIN,Minnesota Lynx,1020000039,2000-06-10,MIN @ MIA,W,13,1,3,0.333,1,3,0.333,0,0,,0,0,0,0,1,1,0,4,3,,9.0,0
22000,100490,Shanele Stires,1611661324,MIN,Minnesota Lynx,1020000039,2000-06-10,MIN @ MIA,W,4,0,1,0.0,0,0,,0,0,,0,1,1,0,0,0,0,1,0,,1.2,0
22000,100009,Katrina Colleton,1611661326,MIA,Miami Sol,1020000039,2000-06-10,MIA vs. MIN,L,27,5,9,0.556,0,0,,0,0,,0,2,2,0,1,0,1,2,10,,14.4,0
22000,100035,Umeki Webb,1611661326,MIA,Miami Sol,1020000039,2000-06-10,MIA vs. MIN,L,22,1,3,0.333,0,1,0.0,1,2,0.5,0,3,3,0,0,0,0,3,3,,6.6,0
22000,100037,Marlies Askamp,1611661326,MIA,Miami Sol,1020000039,2000-06-10,MIA vs. MIN,L,19,0,4,0.0,0,0,,1,2,0.5,3,7,10,1,0,0,4,4,1,,10.5,0
22000,100107,Kisha Ford,1611661326,MIA,Miami Sol,1020000039,2000-06-10,MIA vs. MIN,L,13,2,4,0.5,0,0,,4,6,0.667,0,2,2,1,1,0,1,6,8,,13.9,0
22000,100186,Tanja Kostic,1611661326,MIA,Miami Sol,1020000039,2000-06-10,MIA vs. MIN,L,4,0,1,0.0,0,0,,0,0,,0,0,0,0,0,0,0,0,0,,0.0,0
22000,100359,Debbie Black,1611661326,MIA,Miami Sol,1020000039,2000-06-10,MIA vs. MIN,L,27,2,7,0.286,1,4,0.25,0,0,,2,0,2,3,1,0,2,5,5,,12.9,0
22000,100416,Sheri Sam,1611661326,MIA,Miami Sol,1020000039,2000-06-10,MIA vs. MIN,L,25,5,12,0.417,2,4,0.5,3,6,0.5,1,4,5,1,2,0,4,5,15,,24.5,0
22000,100451,Jamie Cassidy,1611661326,MIA,Miami Sol,1020000039,2000-06-10,MIA vs. MIN,L,5,0,1,0.0,0,0,,0,0,,0,0,0,0,0,0,0,0,0,,0.0,0
22000,100558,Jameka Jones,1611661326,MIA,Miami Sol,1020000039,2000-06-10,MIA vs. MIN,L,18,3,6,0.5,1,2,0.5,3,4,0.75,1,2,3,0,2,0,1,5,10,,18.6,0
22000,100559,Milena Flores,1611661326,MIA,Miami Sol,1020000039,2000-06-10,MIA vs. MIN,L,13,0,3,0.0,0,2,0.0,0,0,,0,1,1,0,1,0,2,0,0,,2.2,0
22000,100560,Shantia Owens,1611661326,MIA,Miami Sol,1020000039,2000-06-10,MIA vs. MIN,L,27,1,3,0.333,0,0,,1,2,0.5,1,3,4,1,1,0,5,4,3,,7.3,0
22000,100088,Michelle Edwards,1611661315,CLE,Cleveland Rockers,1020000040,2000-06-10,CLE vs. SEA,W,5,1,2,0.5,0,0,,0,0,,0,1,1,1,0,0,2,1,2,,2.7,0
22000,100091,Eva Nemcova,1611661315,CLE,Cleveland Rockers,1020000040,2000-06-10,CLE vs. SEA,W,28,4,8,0.5,2,3,0.667,1,1,1.0,0,3,3,3,2,0,3,3,11,,22.1,0
22000,100092,Merlakia Jones,1611661315,CLE,Cleveland Rockers,1020000040,2000-06-10,CLE vs. SEA,W,24,3,8,0.375,0,1,0.0,0,0,,1,0,1,1,0,0,2,3,6,,6.7,0
22000,100097,Rushia Brown,1611661315,CLE,Cleveland Rockers,1020000040,2000-06-10,CLE vs. SEA,W,19,3,4,0.75,0,0,,3,3,1.0,1,3,4,0,0,0,2,1,9,,11.8,0
22000,100187,Suzie McConnell Serio,1611661315,CLE,Cleveland Rockers,1020000040,2000-06-10,CLE vs. SEA,W,18,0,3,0.0,0,2,0.0,0,0,,0,2,2,6,0,0,0,0,0,,11.4,0
22000,100237,Tricia Bader Binford,1611661315,CLE,Cleveland Rockers,1020000040,2000-06-10,CLE vs. SEA,W,5,1,1,1.0,1,1,1.0,0,0,,0,0,0,0,0,0,1,1,3,,2.0,0
22000,100428,Mery Andrade,1611661315,CLE,Cleveland Rockers,1020000040,2000-06-10,CLE vs. SEA,W,13,1,4,0.25,0,1,0.0,0,1,0.0,2,0,2,4,1,0,4,1,2,,9.4,0
22000,100433,Chasity Melvin,1611661315,CLE,Cleveland Rockers,1020000040,2000-06-10,CLE vs. SEA,W,26,4,6,0.667,0,0,,2,2,1.0,2,3,5,1,1,1,3,3,10,,20.5,0
22000,100445,Ann Wauters,1611661315,CLE,Cleveland Rockers,1020000040,2000-06-10,CLE vs. SEA,W,19,4,7,0.571,0,0,,4,5,0.8,3,1,4,0,1,0,0,3,12,,19.8,0
22000,100457,Helen Darling,1611661315,CLE,Cleveland Rockers,1020000040,2000-06-10,CLE vs. SEA,W,17,1,3,0.333,0,0,,0,0,,0,2,2,4,3,0,2,3,2,,17.4,0
22000,100458,Vicki Hall,1611661315,CLE,Cleveland Rockers,1020000040,2000-06-10,CLE vs. SEA,W,26,2,6,0.333,0,0,,0,0,,2,3,5,2,0,2,1,1,4,,18.0,0
22000,100111,Simone Edwards,1611661328,SEA,Seattle Storm,1020000040,2000-06-10,SEA @ CLE,L,21,6,10,0.6,0,0,,5,7,0.714,1,3,4,0,2,0,1,2,17,,26.8,0
22000,100179,Charmin Smith,1611661328,SEA,Seattle Storm,1020000040,2000-06-10,SEA @ CLE,L,31,0,1,0.0,0,0,,0,0,,1,1,2,2,0,1,1,3,0,,7.4,0
22000,100230,Quacy Barnes,1611661328,SEA,Seattle Storm,1020000040,2000-06-10,SEA @ CLE,L,18,2,5,0.4,0,0,,0,0,,0,0,0,0,0,0,3,5,4,,1.0,0
22000,100336,Sonja Henning,1611661328,SEA,Seattle Storm,1020000040,2000-06-10,SEA @ CLE,L,31,0,2,0.0,0,1,0.0,0,0,,0,2,2,1,1,0,1,1,0,,5.9,0
22000,100375,Edna Campbell,1611661328,SEA,Seattle Storm,1020000040,2000-06-10,SEA @ CLE,L,31,4,10,0.4,0,1,0.0,3,4,0.75,0,4,4,3,0,1,2,1,11,,21.3,0
22000,100470,Stacey Lovelace,1611661328,SEA,Seattle Storm,1020000040,2000-06-10,SEA @ CLE,L,16,0,3,0.0,0,0,,2,2,1.0,2,1,3,0,0,0,5,2,2,,0.6,0
22000,100503,Andrea Garner,1611661328,SEA,Seattle Storm,1020000040,2000-06-10,SEA @ CLE,L,14,0,3,0.0,0,0,,0,0,,1,0,1,0,1,0,0,1,0,,4.2,0
22000,100538,Katrina Hibbert,1611661328,SEA,Seattle Storm,1020000040,2000-06-10,SEA @ CLE,L,4,0,1,0.0,0,1,0.0,0,0,,0,1,1,1,1,0,0,0,0,,5.7,0
22000,100542,Charisse Sampson,1611661328,SEA,Seattle Storm,1020000040,2000-06-10,SEA @ CLE,L,9,2,2,1.0,1,1,1.0,3,3,1.0,0,1,1,1,0,0,1,1,8,,9.7,0
22000,100544,Kamila Vodichkova,1611661328,SEA,Seattle Storm,1020000040,2000-06-10,SEA @ CLE,L,25,1,6,0.167,1,3,0.333,4,4,1.0,2,2,4,2,0,1,5,4,7,,12.8,0
22000,100101,Teresa Weatherspoon,1611661313,NYL,New York Liberty,1020000041,2000-06-10,NYL @ IND,W,30,0,2,0.0,0,1,0.0,1,2,0.5,1,4,5,6,2,0,2,3,1,,20.0,0
22000,100103,Vickie Johnson,1611661313,NYL,New York Liberty,1020000041,2000-06-10,NYL @ IND,W,38,6,9,0.667,0,1,0.0,0,0,,3,4,7,4,0,0,1,1,12,,25.4,0
22000,100104,Sue Wicks,1611661313,NYL,New York Liberty,1020000041,2000-06-10,NYL @ IND,W,31,0,2,0.0,0,0,,0,0,,0,3,3,0,0,2,3,2,0,,6.6,0
22000,100342,Becky Hammon,1611661313,NYL,New York Liberty,1020000041,2000-06-10,NYL @ IND,W,22,4,7,0.571,1,4,0.25,7,7,1.0,0,0,0,2,0,0,1,0,16,,18.0,0
22000,100345,Crystal Robinson,1611661313,NYL,New York Liberty,1020000041,2000-06-10,NYL @ IND,W,26,8,12,0.667,3,5,0.6,0,0,,1,2,3,1,0,0,1,5,19,,23.1,0
22000,100347,Tamika Whitmore,1611661313,NYL,New York Liberty,1020000041,2000-06-10,NYL @ IND,W,13,2,6,0.333,0,0,,0,0,,0,0,0,0,0,0,1,1,4,,3.0,0
22000,100413,Tari Phillips,1611661313,NYL,New York Liberty,1020000041,2000-06-10,NYL @ IND,W,31,6,11,0.545,0,0,,3,4,0.75,1,2,3,0,2,0,2,3,15,,22.6,0
22000,100509,Marina Ferragut,1611661313,NYL,New York Liberty,1020000041,2000-06-10,NYL @ IND,W,5,1,1,1.0,1,1,1.0,0,0,,0,1,1,0,0,0,0,1,3,,4.2,0
22000,100512,Shea Mahoney,1611661313,NYL,New York Liberty,1020000041,2000-06-10,NYL @ IND,W,4,0,0,,0,0,,0,0,,0,0,0,0,0,0,0,0,0,,0.0,0
22000,100204,Rita Williams,1611661325,IND,Indiana Fever,1020000041,2000-06-10,IND vs. NYL,L,34,4,12,0.333,3,8,0.375,0,0,,1,3,4,2,0,0,2,4,11,,16.8,0
22000,100216,Alicia Thompson,1611661325,IND,Indiana Fever,1020000041,2000-06-10,IND vs. NYL,L,32,4,8,0.5,0,1,0.0,0,0,,1,3,4,1,1,0,3,3,8,,14.3,0
22000,100340,Kara Wolters,1611661325,IND,Indiana Fever,1020000041,2000-06-10,IND vs. NYL,L,36,5,12,0.417,0,0,,3,4,0.75,3,6,9,0,0,0,1,4,13,,22.8,0
22000,100357,Monica Maxwell,1611661325,IND,Indiana Fever,1020000041,2000-06-10,IND vs. NYL,L,31,2,6,0.333,0,0,,0,0,,1,1,2,3,1,0,0,2,4,,13.9,0
22000,100370,Stephanie White,1611661325,IND,Indiana Fever,1020000041,2000-06-10,IND vs. NYL,L,37,6,15,0.4,3,6,0.5,0,0,,2,2,4,8,1,0,1,1,15,,33.8,0
22000,100394,Gordana Grubin,1611661325,IND,Indiana Fever,1020000041,2000-06-10,IND vs. NYL,L,15,1,5,0.2,1,2,0.5,0,0,,1,2,3,2,0,0,2,2,3,,7.6,0
22000,100471,Danielle McCulley,1611661325,IND,Indiana Fever,1020000041,2000-06-10,IND vs. NYL,L,12,4,8,0.5,0,0,,0,0,,4,1,5,1,0,0,1,0,8,,14.5,0
22000,100472,Texlin Quinney,1611661325,IND,Indiana Fever,1020000041,2000-06-10,IND vs. NYL,L,3,0,0,,0,0,,0,0,,1,0,1,1,0,0,0,0,0,,2.7,0
22000,100072,Sheryl Swoopes,1611661316,HOU,Houston Comets,1020000042,2000-06-10,HOU @ UTA,W,36,7,15,0.467,0,3,0.0,8,10,0.8,1,5,6,4,3,1,5,2,22,,42.2,0
22000,100073,Cynthia Cooper,1611661316,HOU,Houston Comets,1020000042,2000-06-10,HOU @ UTA,W,34,2,11,0.182,1,5,0.2,6,6,1.0,0,1,1,3,3,0,1,1,11,,24.7,0
22000,100075,Janeth Arcain,1611661316,HOU,Houston Comets,1020000042,2000-06-10,HOU @ UTA,W,34,3,11,0.273,0,4,0.0,2,2,1.0,3,1,4,2,0,0,3,1,8,,12.8,0
22000,100076,Tina Thompson,1611661316,HOU,Houston Comets,1020000042,2000-06-10,HOU @ UTA,W,33,7,11,0.636,4,6,0.667,0,0,,0,6,6,0,1,1,2,4,18,,29.2,0
22000,100077,Tammy Jackson,1611661316,HOU,Houston Comets,1020000042,2000-06-10,HOU @ UTA,W,13,2,3,0.667,0,0,,1,2,0.5,2,3,5,1,1,0,1,3,5,,14.5,0
22000,100217,Coquese Washington,1611661316,HOU,Houston Comets,1020000042,2000-06-10,HOU @ UTA,W,5,1,1,1.0,1,1,1.0,0,0,,0,0,0,0,1,0,0,1,3,,6.0,0
22000,100233,Tiffani Johnson,1611661316,HOU,Houston Comets,1020000042,2000-06-10,HOU @ UTA,W,22,1,3,0.333,0,0,,0,0,,0,2,2,0,1,0,0,4,2,,7.4,0
22000,100338,Jennifer Rizzotti,1611661316,HOU,Houston Comets,1020000042,2000-06-10,HOU @ UTA,W,11,0,1,0.0,0,1,0.0,0,0,,0,0,0,0,1,0,0,1,0,,3.0,0
22000,100500,Elena Shakirova,1611661316,HOU,Houston Comets,1020000042,2000-06-10,HOU @ UTA,W,12,1,2,0.5,0,1,0.0,2,2,1.0,1,1,2,0,0,0,0,2,4,,6.4,0
22000,100239,Margo Dydek,1611661319,UTA,Utah Starzz,1020000042,2000-06-10,UTA vs. HOU,L,35,3,14,0.214,0,0,,4,6,0.667,2,6,8,5,1,1,2,4,10,,31.1,0
22000,100242,LaTonya Johnson,1611661319,UTA,Utah Starzz,1020000042,2000-06-10,UTA vs. HOU,L,16,3,7,0.429,0,2,0.0,1,2,0.5,1,0,1,1,1,0,3,4,7,,9.7,0
22000,100250,Korie Hlede,1611661319,UTA,Utah Starzz,1020000042,2000-06-10,UTA vs. HOU,L,19,1,3,0.333,0,1,0.0,2,2,1.0,0,2,2,0,2,0,0,1,4,,12.4,0
22000,100363,Adrienne Goodson,1611661319,UTA,Utah Starzz,1020000042,2000-06-10,UTA vs. HOU,L,31,6,13,0.462,2,2,1.0,1,2,0.5,4,2,6,3,1,0,2,3,15,,27.7,0
22000,100364,Dalma Ivanyi,1611661319,UTA,Utah Starzz,1020000042,2000-06-10,UTA vs. HOU,L,20,3,5,0.6,1,1,1.0,0,0,,0,2,2,1,1,0,3,2,7,,10.9,0
22000,100366,Natalie Williams,1611661319,UTA,Utah Starzz,1020000042,2000-06-10,UTA vs. HOU,L,35,7,12,0.583,0,0,,3,6,0.5,3,6,9,1,0,0,6,5,17,,23.3,0
22000,100422,Kate Starbird,1611661319,UTA,Utah Starzz,1020000042,2000-06-10,UTA vs. HOU,L,14,1,2,0.5,0,0,,0,0,,0,2,2,2,1,2,2,1,2,,14.4,0
22000,100547,Stacy Frese,1611661319,UTA,Utah Starzz,1020000042,2000-06-10,UTA vs. HOU,L,20,1,1,1.0,1,1,1.0,0,0,,0,2,2,3,1,0,0,1,3,,12.9,0
22000,100549,Amy Herrig,1611661319,UTA,Utah Starzz,1020000042,2000-06-10,UTA vs. HOU,L,3,0,1,0.0,0,0,,0,0,,0,1,1,1,0,1,0,0,0,,5.7,0
22000,100551,Naomi Mulitauaopele,1611661319,UTA,Utah Starzz,1020000042,2000-06-10,UTA vs. HOU,L,7,3,3,1.0,0,0,,0,0,,1,1,2,0,0,0,0,0,6,,8.4,0
22000,100029,Michele Timms,1611661317,PHO,Phoenix Mercury,1020000043,2000-06-10,PHO @ LAS,L,26,3,8,0.375,1,4,0.25,4,4,1.0,1,3,4,0,3,0,4,3,11,,20.8,0
22000,100030,Jennifer Gillom,1611661317,PHO,Phoenix Mercury,1020000043,2000-06-10,PHO @ LAS,L,10,1,3,0.333,0,0,,2,2,1.0,0,1,1,0,0,0,0,2,4,,5.2,0
22000,100031,Bridget Pettis,1611661317,PHO,Phoenix Mercury,1020000043,2000-06-10,PHO @ LAS,L,16,2,11,0.182,1,4,0.25,5,7,0.714,5,2,7,0,2,0,0,2,10,,24.4,0
22000,100221,Michelle Brogan,1611661317,PHO,Phoenix Mercury,1020000043,2000-06-10,PHO @ LAS,L,33,0,2,0.0,0,0,,3,6,0.5,1,5,6,2,2,0,4,6,3,,15.2,0
22000,100225,Brandy Reed,1611661317,PHO,Phoenix Mercury,1020000043,2000-06-10,PHO @ LAS,L,19,1,6,0.167,0,0,,4,4,1.0,1,0,1,0,0,1,1,2,6,,9.2,0
22000,100227,Maria Stepanova,1611661317,PHO,Phoenix Mercury,1020000043,2000-06-10,PHO @ LAS,L,26,4,12,0.333,0,0,,1,2,0.5,3,3,6,1,1,1,4,2,9,,19.7,0
22000,100378,Lisa Harrison,1611661317,PHO,Phoenix Mercury,1020000043,2000-06-10,PHO @ LAS,L,19,2,4,0.5,0,0,,0,0,,2,1,3,1,1,0,0,0,4,,12.1,0
22000,100398,Tonya Edwards,1611661317,PHO,Phoenix Mercury,1020000043,2000-06-10,PHO @ LAS,L,27,1,11,0.091,0,3,0.0,1,4,0.25,1,0,1,4,1,0,2,4,3,,11.2,0
22000,100525,Rankica Sarenac,1611661317,PHO,Phoenix Mercury,1020000043,2000-06-10,PHO @ LAS,L,5,2,2,1.0,0,0,,0,0,,0,0,0,0,0,0,0,0,4,,4.0,0
22000,100526,Adrian Williams-Strong,1611661317,PHO,Phoenix Mercury,1020000043,2000-06-10,PHO @ LAS,L,5,0,1,0.0,0,0,,0,0,,1,1,2,0,0,0,0,1,0,,2.4,0
22000,100594,Michelle Cleary,1611661317,PHO,Phoenix Mercury,1020000043,2000-06-10,PHO @ LAS,L,14,1,2,0.5,1,1,1.0,0,0,,0,1,1,1,1,0,0,1,3,,8.7,0
22000,100003,Lisa Leslie,1611661320,LAS,Los Angeles Sparks,1020000043,2000-06-10,LAS vs. PHO,W,31,6,10,0.6,0,2,0.0,4,5,0.8,2,8,10,2,1,1,4,4,16,,33.0,0
22000,100008,Tamecka Dixon,1611661320,LAS,Los Angeles Sparks,1020000043,2000-06-10,LAS vs. PHO,W,23,3,5,0.6,0,0,,0,0,,1,5,6,5,1,0,1,3,6,,22.7,0
22000,100012,Mwadi Mabika,1611661320,LAS,Los Angeles Sparks,1020000043,2000-06-10,LAS vs. PHO,W,26,0,6,0.0,0,2,0.0,4,4,1.0,1,5,6,5,3,1,3,6,4,,27.7,0
22000,100170,Allison Feaster,1611661320,LAS,Los Angeles Sparks,1020000043,2000-06-10,LAS vs. PHO,W,20,0,3,0.0,0,3,0.0,0,0,,0,3,3,1,0,0,1,3,0,,4.1,0
22000,100392,Ukari Figgs,1611661320,LAS,Los Angeles Sparks,1020000043,2000-06-10,LAS vs. PHO,W,30,4,7,0.571,3,5,0.6,4,4,1.0,0,0,0,4,0,0,1,2,15,,20.0,0
22000,100393,La'Keshia Frett,1611661320,LAS,Los Angeles Sparks,1020000043,2000-06-10,LAS vs. PHO,W,7,0,2,0.0,0,0,,2,2,1.0,0,0,0,0,0,0,1,0,2,,1.0,0
22000,100395,Clarisse Machanguana,1611661320,LAS,Los Angeles Sparks,1020000043,2000-06-10,LAS vs. PHO,W,11,4,4,1.0,0,0,,2,2,1.0,0,3,3,0,1,0,1,1,10,,15.6,0
22000,100396,DeLisha Milton-Jones,1611661320,LAS,Los Angeles Sparks,1020000043,2000-06-10,LAS vs. PHO,W,26,8,11,0.727,0,0,,1,4,0.25,0,3,3,2,2,1,3,4,17,,29.6,0
22000,100476,Vedrana Grgin Fonseca,1611661320,LAS,Los Angeles Sparks,1020000043,2000-06-10,LAS vs. PHO,W,10,2,3,0.667,0,1,0.0,0,0,,1,0,1,0,0,0,2,0,4,,3.2,0
22000,100478,Nicky McCrimmon,1611661320,LAS,Los Angeles Sparks,1020000043,2000-06-10,LAS vs. PHO,W,14,0,1,0.0,0,1,0.0,2,2,1.0,0,1,1,3,1,0,0,2,2,,10.7,0
22000,100479,Paige Sauer,1611661320,LAS,Los Angeles Sparks,1020000043,2000-06-10,LAS vs. PHO,W,2,0,0,,0,0,,0,0,,0,0,0,0,1,0,0,1,0,,3.0,0
22000,100016,Ruthie Bolton,1611661318,SAC,Sacramento Monarchs,1020000044,2000-06-11,SAC vs. LAS,W,28,5,14,0.357,2,7,0.286,5,6,0.833,2,4,6,3,1,0,0,1,17,,31.7,0
22000,100027,Latasha Byears,1611661318,SAC,Sacramento Monarchs,1020000044,2000-06-11,SAC vs. LAS,W,13,1,1,1.0,0,0,,0,0,,1,4,5,0,0,0,1,2,2,,7.0,0
22000,100044,Lady Grooms,1611661318,SAC,Sacramento Monarchs,1020000044,2000-06-11,SAC vs. LAS,W,7,1,1,1.0,0,0,,0,0,,0,0,0,0,0,0,1,1,2,,1.0,0
22000,100234,Ticha Penicheiro,1611661318,SAC,Sacramento Monarchs,1020000044,2000-06-11,SAC vs. LAS,W,35,3,7,0.429,1,2,0.5,0,0,,0,3,3,7,1,0,1,4,7,,23.1,0
22000,100236,Tangela Smith,1611661318,SAC,Sacramento Monarchs,1020000044,2000-06-11,SAC vs. LAS,W,31,6,14,0.429,0,0,,1,1,1.0,3,3,6,0,0,4,3,5,13,,29.2,0
22000,100419,Yolanda Griffith,1611661318,SAC,Sacramento Monarchs,1020000044,2000-06-11,SAC vs. LAS,W,36,3,10,0.3,0,0,,5,6,0.833,1,7,8,0,3,3,6,4,11,,32.6,0
22000,100421,Kedra Holland-Corn,1611661318,SAC,Sacramento Monarchs,1020000044,2000-06-11,SAC vs. LAS,W,37,8,12,0.667,3,5,0.6,4,4,1.0,0,1,1,3,1,0,4,1,23,,27.7,0
22000,100534,Stacy Clinesmith,1611661318,SAC,Sacramento Monarchs,1020000044,2000-06-11,SAC vs. LAS,W,8,0,2,0.0,0,2,0.0,0,0,,1,1,2,3,0,0,1,0,0,,5.9,0
22000,100536,Katy Steding,1611661318,SAC,Sacramento Monarchs,1020000044,2000-06-11,SAC vs. LAS,W,5,0,1,0.0,0,0,,0,0,,0,1,1,1,0,0,0,0,0,,2.7,0
22000,100003,Lisa Leslie,1611661320,LAS,Los Angeles Sparks,1020000044,2000-06-11,LAS @ SAC,L,36,6,20,0.3,0,2,0.0,7,9,0.778,4,7,11,3,0,1,5,1,19,,34.7,0
22000,100008,Tamecka Dixon,1611661320,LAS,Los Angeles Sparks,1020000044,2000-06-11,LAS @ SAC,L,34,7,15,0.467,1,2,0.5,0,0,,1,2,3,1,2,0,5,3,15,,21.1,0
22000,100012,Mwadi Mabika,1611661320,LAS,Los Angeles Sparks,1020000044,2000-06-11,LAS @ SAC,L,30,3,8,0.375,2,6,0.333,2,3,0.667,0,5,5,6,1,0,1,3,10,,27.0,0
22000,100170,Allison Feaster,1611661320,LAS,Los Angeles Sparks,1020000044,2000-06-11,LAS @ SAC,L,11,0,3,0.0,0,2,0.0,1,2,0.5,0,1,1,1,1,0,1,1,1,,5.7,0
22000,100392,Ukari Figgs,1611661320,LAS,Los Angeles Sparks,1020000044,2000-06-11,LAS @ SAC,L,33,1,4,0.25,1,2,0.5,0,0,,0,2,2,2,0,0,0,3,3,,8.4,0
22000,100393,La'Keshia Frett,1611661320,LAS,Los Angeles Sparks,1020000044,2000-06-11,LAS @ SAC,L,3,0,0,,0,0,,0,0,,0,0,0,0,0,0,0,0,0,,0.0,0
22000,100395,Clarisse Machanguana,1611661320,LAS,Los Angeles Sparks,1020000044,2000-06-11,LAS @ SAC,L,22,4,6,0.667,0,0,,0,0,,3,2,5,0,2,0,2,4,8,,18.0,0
22000,100396,DeLisha Milton-Jones,1611661320,LAS,Los Angeles Sparks,1020000044,2000-06-11,LAS @ SAC,L,24,4,12,0.333,0,0,,2,2,1.0,3,2,5,1,1,1,0,5,10,,23.5,0
22000,100478,Nicky McCrimmon,1611661320,LAS,Los Angeles Sparks,1020000044,2000-06-11,LAS @ SAC,L,7,1,1,1.0,0,0,,0,0,,0,1,1,0,0,0,1,0,2,,2.2,0
22000,100059,Andrea Stinson,1611661314,CHA,Charlotte Sting,1020000045,2000-06-12,CHA @ DET,W,36,9,16,0.563,2,4,0.5,1,2,0.5,0,6,6,4,4,2,3,1,21,,49.2,0
22000,100060,Rhonda Mapp,1611661314,CHA,Charlotte Sting,1020000045,2000-06-12,CHA @ DET,W,34,6,14,0.429,0,0,,9,10,0.9,2,13,15,5,1,1,3,3,21,,49.5,0
22000,100182,Tracy Reid,1611661314,CHA,Charlotte Sting,1020000045,2000-06-12,CHA @ DET,W,12,3,5,0.6,0,0,,0,0,,0,0,0,0,0,0,2,1,6,,4.0,0
22000,100294,Cass Bauer-Bilodeau,1611661314,CHA,Charlotte Sting,1020000045,2000-06-12,CHA @ DET,W,23,1,4,0.25,0,0,,0,0,,1,3,4,2,1,0,2,6,2,,10.8,0
22000,100368,Angie Braziel,1611661314,CHA,Charlotte Sting,1020000045,2000-06-12,CHA @ DET,W,6,0,1,0.0,0,0,,0,0,,1,2,3,2,0,0,2,1,0,,4.6,0
22000,100369,Niesa Johnson,1611661314,CHA,Charlotte Sting,1020000045,2000-06-12,CHA @ DET,W,12,1,3,0.333,0,0,,0,0,,0,0,0,1,2,0,2,1,2,,7.5,0
22000,100372,Dawn Staley,1611661314,CHA,Charlotte Sting,1020000045,2000-06-12,CHA @ DET,W,35,3,6,0.5,1,2,0.5,6,6,1.0,1,3,4,2,2,0,1,4,13,,25.8,0
22000,100446,Summer Erb,1611661314,CHA,Charlotte Sting,1020000045,2000-06-12,CHA @ DET,W,16,2,4,0.5,0,0,,0,0,,1,0,1,0,1,0,2,4,4,,6.2,0
22000,100447,Tiffany Travis,1611661314,CHA,Charlotte Sting,1020000045,2000-06-12,CHA @ DET,W,26,3,7,0.429,1,2,0.5,2,2,1.0,1,1,2,0,1,1,1,3,9,,16.4,0
22000,100046,Wendy Palmer,1611661321,DET,Detroit Shock,1020000045,2000-06-12,DET vs. CHA,L,24,3,9,0.333,0,1,0.0,3,5,0.6,1,3,4,2,0,0,0,3,9,,16.8,0
22000,100243,Olympia Scott,1611661321,DET,Detroit Shock,1020000045,2000-06-12,DET vs. CHA,L,10,0,2,0.0,0,0,,1,2,0.5,2,2,4,0,1,0,2,4,1,,6.8,0
22000,100351,Joy Holmes,1611661321,DET,Detroit Shock,1020000045,2000-06-12,DET vs. CHA,L,2,0,0,,0,0,,0,0,,0,0,0,0,0,0,0,0,0,,0.0,0
22000,100384,Dominique Canty,1611661321,DET,Detroit Shock,1020000045,2000-06-12,DET vs. CHA,L,23,2,6,0.333,0,0,,3,8,0.375,1,0,1,2,2,0,2,2,7,,15.2,0
22000,100386,Claudia Neves,1611661321,DET,Detroit Shock,1020000045,2000-06-12,DET vs. CHA,L,12,0,2,0.0,0,2,0.0,0,0,,0,0,0,0,0,0,0,2,0,,0.0,0
22000,100387,Astou Ndiaye-Diatta,1611661321,DET,Detroit Shock,1020000045,2000-06-12,DET vs. CHA,L,34,6,11,0.545,0,1,0.0,0,0,,2,5,7,0,0,1,3,1,12,,20.4,0
22000,100388,Elena Tornikidou,1611661321,DET,Detroit Shock,1020000045,2000-06-12,DET vs. CHA,L,26,5,12,0.417,0,1,0.0,6,7,0.857,1,5,6,2,1,0,2,3,16,,27.2,0
22000,100390,Oksana Zakaluzhnaya,1611661321,DET,Detroit Shock,1020000045,2000-06-12,DET vs. CHA,L,11,1,2,0.5,0,0,,0,0,,1,3,4,0,0,1,1,1,2,,8.8,0
22000,100492,Edwina Brown,1611661321,DET,Detroit Shock,1020000045,2000-06-12,DET vs. CHA,L,19,0,5,0.0,0,0,,0,0,,0,0,0,3,1,0,2,1,0,,5.5,0
22000,100493,Anna DeForge,1611661321,DET,Detroit Shock,1020000045,2000-06-12,DET vs. CHA,L,11,3,4,0.75,2,2,1.0,0,0,,0,1,1,0,0,0,1,0,8,,8.2,0
22000,100496,Tamicha Jackson,1611661321,DET,Detroit Shock,1020000045,2000-06-12,DET vs. CHA,L,28,6,13,0.462,0,6,0.0,0,0,,2,2,4,1,0,0,2,4,12,,16.3,0
22000,100091,Eva Nemcova,1611661315,CLE,Cleveland Rockers,1020000046,2000-06-12,CLE @ IND,W,30,1,10,0.1,1,5,0.2,7,8,0.875,1,2,3,2,0,0,3,3,10,,13.6,0
22000,100092,Merlakia Jones,1611661315,CLE,Cleveland Rockers,1020000046,2000-06-12,CLE @ IND,W,29,6,7,0.857,0,1,0.0,3,4,0.75,2,3,5,1,2,0,1,4,15,,27.5,0
22000,100097,Rushia Brown,1611661315,CLE,Cleveland Rockers,1020000046,2000-06-12,CLE @ IND,W,17,4,5,0.8,0,0,,0,1,0.0,1,0,1,2,1,0,2,4,8,,13.2,0
22000,100180,Pollyanna Johns Kimbrough,1611661315,CLE,Cleveland Rockers,1020000046,2000-06-12,CLE @ IND,W,5,0,1,0.0,0,0,,2,2,1.0,1,0,1,0,0,0,0,1,2,,3.2,0
22000,100187,Suzie McConnell Serio,1611661315,CLE,Cleveland Rockers,1020000046,2000-06-12,CLE @ IND,W,18,1,3,0.333,0,2,0.0,1,4,0.25,1,0,1,2,1,0,3,3,3,,7.2,0
22000,100428,Mery Andrade,1611661315,CLE,Cleveland Rockers,1020000046,2000-06-12,CLE @ IND,W,14,2,4,0.5,1,2,0.5,5,5,1.0,1,0,1,3,1,0,0,2,10,,18.7,0
22000,100433,Chasity Melvin,1611661315,CLE,Cleveland Rockers,1020000046,2000-06-12,CLE @ IND,W,27,5,8,0.625,0,0,,4,6,0.667,3,5,8,1,1,0,2,4,14,,26.1,0
22000,100445,Ann Wauters,1611661315,CLE,Cleveland Rockers,1020000046,2000-06-12,CLE @ IND,W,13,1,3,0.333,0,0,,4,5,0.8,0,1,1,0,0,0,0,4,6,,7.2,0
22000,100457,Helen Darling,1611661315,CLE,Cleveland Rockers,1020000046,2000-06-12,CLE @ IND,W,22,1,6,0.167,0,0,,1,2,0.5,0,1,1,1,2,0,4,1,3,,7.7,0
22000,100458,Vicki Hall,1611661315,CLE,Cleveland Rockers,1020000046,2000-06-12,CLE @ IND,W,25,5,10,0.5,0,0,,2,3,0.667,4,2,6,1,2,0,1,3,12,,25.7,0
22000,100022,Chantel Tremitiere,1611661325,IND,Indiana Fever,1020000046,2000-06-12,IND vs. CLE,L,6,0,0,,0,0,,0,0,,0,0,0,1,0,0,3,2,0,,-1.5,0
22000,100096,Donna Harrington,1611661325,IND,Indiana Fever,1020000046,2000-06-12,IND vs. CLE,L,2,0,0,,0,0,,0,0,,0,0,0,0,0,0,2,1,0,,-2.0,0
22000,100201,Alessandra Santos de Olive,1611661325,IND,Indiana Fever,1020000046,2000-06-12,IND vs. CLE,L,3,0,0,,0,0,,1,2,0.5,0,0,0,0,0,0,1,1,1,,0.0,0
22000,100204,Rita Williams,1611661325,IND,Indiana Fever,1020000046,2000-06-12,IND vs. CLE,L,32,4,9,0.444,2,4,0.5,1,1,1.0,0,4,4,2,5,0,4,4,11,,29.8,0
22000,100216,Alicia Thompson,1611661325,IND,Indiana Fever,1020000046,2000-06-12,IND vs. CLE,L,27,3,5,0.6,1,1,1.0,0,0,,1,3,4,1,0,0,4,5,7,,9.3,0
22000,100340,Kara Wolters,1611661325,IND,Indiana Fever,1020000046,2000-06-12,IND vs. CLE,L,29,6,7,0.857,0,0,,5,6,0.833,1,4,5,0,0,0,2,4,17,,21.0,0
22000,100357,Monica Maxwell,1611661325,IND,Indiana Fever,1020000046,2000-06-12,IND vs. CLE,L,25,2,6,0.333,1,3,0.333,1,2,0.5,0,1,1,5,0,0,3,5,6,,11.7,0
22000,100370,Stephanie White,1611661325,IND,Indiana Fever,1020000046,2000-06-12,IND vs. CLE,L,37,2,8,0.25,0,4,0.0,10,11,0.909,1,1,2,3,2,0,2,3,14,,24.9,0
22000,100394,Gordana Grubin,1611661325,IND,Indiana Fever,1020000046,2000-06-12,IND vs. CLE,L,17,1,4,0.25,0,2,0.0,0,0,,0,2,2,1,0,0,3,4,2,,2.9,0
22000,100471,Danielle McCulley,1611661325,IND,Indiana Fever,1020000046,2000-06-12,IND vs. CLE,L,19,3,8,0.375,1,1,1.0,5,5,1.0,3,2,5,0,1,1,1,4,12,,23.0,0
22000,100472,Texlin Quinney,1611661325,IND,Indiana Fever,1020000046,2000-06-12,IND vs. CLE,L,3,0,0,,0,0,,0,0,,0,0,0,0,0,0,0,0,0,,0.0,0
22000,100072,Sheryl Swoopes,1611661316,HOU,Houston Comets,1020000047,2000-06-12,HOU vs. UTA,W,32,10,17,0.588,3,4,0.75,5,6,0.833,2,8,10,3,5,0,2,3,28,,57.5,0
22000,100073,Cynthia Cooper,1611661316,HOU,Houston Comets,1020000047,2000-06-12,HOU vs. UTA,W,35,8,16,0.5,2,4,0.5,6,9,0.667,1,0,1,6,1,0,0,2,24,,37.2,0
22000,100075,Janeth Arcain,1611661316,HOU,Houston Comets,1020000047,2000-06-12,HOU vs. UTA,W,23,3,6,0.5,1,3,0.333,3,4,0.75,1,1,2,3,3,0,1,1,10,,24.9,0
22000,100076,Tina Thompson,1611661316,HOU,Houston Comets,1020000047,2000-06-12,HOU vs. UTA,W,34,5,14,0.357,1,4,0.25,6,7,0.857,0,4,4,2,1,1,3,3,17,,27.8,0
22000,100077,Tammy Jackson,1611661316,HOU,Houston Comets,1020000047,2000-06-12,HOU vs. UTA,W,18,2,2,1.0,0,0,,1,1,1.0,1,1,2,1,1,1,1,4,5,,13.9,0
22000,100211,Amaya Valdemoro,1611661316,HOU,Houston Comets,1020000047,2000-06-12,HOU vs. UTA,W,9,1,1,1.0,0,0,,2,2,1.0,0,2,2,1,0,0,1,1,4,,6.9,0
22000,100217,Coquese Washington,1611661316,HOU,Houston Comets,1020000047,2000-06-12,HOU vs. UTA,W,5,1,2,0.5,0,1,0.0,2,2,1.0,0,0,0,0,1,0,1,1,4,,6.0,0
22000,100233,Tiffani Johnson,1611661316,HOU,Houston Comets,1020000047,2000-06-12,HOU vs. UTA,W,20,1,2,0.5,0,0,,3,4,0.75,2,4,6,0,0,2,0,2,5,,18.2,0
22000,100338,Jennifer Rizzotti,1611661316,HOU,Houston Comets,1020000047,2000-06-12,HOU vs. UTA,W,13,3,3,1.0,1,1,1.0,1,2,0.5,0,1,1,2,2,0,0,3,8,,18.2,0
22000,100500,Elena Shakirova,1611661316,HOU,Houston Comets,1020000047,2000-06-12,HOU vs. UTA,W,7,0,1,0.0,0,0,,2,2,1.0,1,1,2,1,0,0,0,0,2,,5.9,0
22000,100504,Kelley Gibson,1611661316,HOU,Houston Comets,1020000047,2000-06-12,HOU vs. UTA,W,4,0,2,0.0,0,1,0.0,0,0,,0,0,0,0,0,0,1,2,0,,-1.0,0
22000,100239,Margo Dydek,1611661319,UTA,Utah Starzz,1020000047,2000-06-12,UTA @ HOU,L,25,3,7,0.429,0,0,,2,2,1.0,1,6,7,3,1,2,1,3,8,,28.9,0
22000,100242,LaTonya Johnson,1611661319,UTA,Utah Starzz,1020000047,2000-06-12,UTA @ HOU,L,17,2,4,0.5,0,0,,1,2,0.5,0,1,1,0,0,0,0,3,5,,6.2,0
22000,100250,Korie Hlede,1611661319,UTA,Utah Starzz,1020000047,2000-06-12,UTA @ HOU,L,27,7,14,0.5,1,2,0.5,1,1,1.0,3,1,4,4,0,0,2,6,16,,24.8,0
22000,100363,Adrienne Goodson,1611661319,UTA,Utah Starzz,1020000047,2000-06-12,UTA @ HOU,L,27,11,13,0.846,0,1,0.0,2,2,1.0,2,1,3,2,1,0,1,5,24,,32.6,0
22000,100364,Dalma Ivanyi,1611661319,UTA,Utah Starzz,1020000047,2000-06-12,UTA @ HOU,L,16,1,5,0.2,0,2,0.0,1,2,0.5,0,1,1,3,1,0,2,2,3,,9.7,0
22000,100366,Natalie Williams,1611661319,UTA,Utah Starzz,1020000047,2000-06-12,UTA @ HOU,L,28,1,8,0.125,0,0,,2,2,1.0,0,5,5,1,1,0,2,5,4,,12.5,0
22000,100422,Kate Starbird,1611661319,UTA,Utah Starzz,1020000047,2000-06-12,UTA @ HOU,L,10,3,5,0.6,1,1,1.0,0,0,,1,0,1,1,0,0,3,2,7,,6.7,0
22000,100547,Stacy Frese,1611661319,UTA,Utah Starzz,1020000047,2000-06-12,UTA @ HOU,L,23,1,4,0.25,1,4,0.25,6,6,1.0,0,3,3,3,0,0,3,1,9,,14.1,0
22000,100548,Katryna Gaither,1611661319,UTA,Utah Starzz,1020000047,2000-06-12,UTA @ HOU,L,4,0,0,,0,0,,0,0,,0,1,1,0,1,0,0,1,0,,4.2,0
22000,100549,Amy Herrig,1611661319,UTA,Utah Starzz,1020000047,2000-06-12,UTA @ HOU,L,11,2,5,0.4,0,0,,2,2,1.0,0,1,1,1,0,0,0,1,6,,8.7,0
22000,100551,Naomi Mulitauaopele,1611661319,UTA,Utah Starzz,1020000047,2000-06-12,UTA @ HOU,L,12,1,1,1.0,1,1,1.0,0,0,,0,0,0,0,0,0,2,2,3,,1.0,0
22000,100101,Teresa Weatherspoon,1611661313,NYL,New York Liberty,1020000048,2000-06-13,NYL vs. WAS,L,37,6,11,0.545,0,3,0.0,2,2,1.0,1,1,2,3,1,0,2,0,14,,21.9,0
22000,100103,Vickie Johnson,1611661313,NYL,New York Liberty,1020000048,2000-06-13,NYL vs. WAS,L,34,6,13,0.462,0,4,0.0,2,2,1.0,1,3,4,4,0,0,1,1,14,,23.8,0
22000,100104,Sue Wicks,1611661313,NYL,New York Liberty,1020000048,2000-06-13,NYL vs. WAS,L,24,1,7,0.143,0,0,,0,0,,3,3,6,0,1,1,0,1,2,,15.2,0
22000,100342,Becky Hammon,1611661313,NYL,New York Liberty,1020000048,2000-06-13,NYL vs. WAS,L,19,5,7,0.714,3,4,0.75,0,0,,0,2,2,1,1,0,1,0,13,,18.9,0
22000,100345,Crystal Robinson,1611661313,NYL,New York Liberty,1020000048,2000-06-13,NYL vs. WAS,L,32,0,7,0.0,0,4,0.0,0,0,,1,4,5,1,1,1,0,3,0,,13.5,0
22000,100347,Tamika Whitmore,1611661313,NYL,New York Liberty,1020000048,2000-06-13,NYL vs. WAS,L,21,1,4,0.25,0,0,,1,2,0.5,0,1,1,0,0,1,0,3,3,,7.2,0
22000,100413,Tari Phillips,1611661313,NYL,New York Liberty,1020000048,2000-06-13,NYL vs. WAS,L,33,4,10,0.4,0,0,,2,4,0.5,4,8,12,0,4,2,6,2,10,,36.4,0
22000,100058,Vicky Bullett,1611661322,WAS,Washington Mystics,1020000048,2000-06-13,WAS @ NYL,W,40,2,5,0.4,0,0,,2,2,1.0,1,5,6,1,2,1,1,1,6,,22.7,0
22000,100198,Nikki McCray,1611661322,WAS,Washington Mystics,1020000048,2000-06-13,WAS @ NYL,W,32,4,12,0.333,0,4,0.0,1,2,0.5,2,1,3,1,2,0,4,1,9,,16.1,0
22000,100199,Murriel Page,1611661322,WAS,Washington Mystics,1020000048,2000-06-13,WAS @ NYL,W,27,2,6,0.333,0,0,,1,1,1.0,3,6,9,2,0,1,0,4,5,,21.8,0
22000,100348,Markita Aldridge,1611661322,WAS,Washington Mystics,1020000048,2000-06-13,WAS @ NYL,W,8,1,2,0.5,0,1,0.0,0,0,,1,0,1,1,0,1,0,1,2,,7.7,0
22000,100353,Andrea Nagy,1611661322,WAS,Washington Mystics,1020000048,2000-06-13,WAS @ NYL,W,38,2,3,0.667,1,2,0.5,0,0,,0,2,2,6,0,1,3,0,5,,16.4,0
22000,100356,Chamique Holdsclaw,1611661322,WAS,Washington Mystics,1020000048,2000-06-13,WAS @ NYL,W,40,10,21,0.476,0,5,0.0,3,3,1.0,2,10,12,1,2,0,3,4,23,,41.9,0
22000,100553,Keisha Anderson,1611661322,WAS,Washington Mystics,1020000048,2000-06-13,WAS @ NYL,W,2,0,1,0.0,0,0,,0,0,,0,0,0,1,0,0,1,0,0,,0.5,0
22000,100554,Beth Cunningham,1611661322,WAS,Washington Mystics,1020000048,2000-06-13,WAS @ NYL,W,1,0,1,0.0,0,1,0.0,0,0,,0,0,0,0,0,0,0,0,0,,0.0,0
22000,100555,Tausha Mills,1611661322,WAS,Washington Mystics,1020000048,2000-06-13,WAS @ NYL,W,12,3,4,0.75,0,0,,1,2,0.5,0,1,1,0,2,0,2,4,7,,12.2,0
22000,100046,Wendy Palmer,1611661321,DET,Detroit Shock,1020000049,2000-06-13,DET @ MIA,L,22,4,15,0.267,1,1,1.0,1,4,0.25,2,3,5,0,1,0,0,3,10,,19.0,0
22000,100243,Olympia Scott,1611661321,DET,Detroit Shock,1020000049,2000-06-13,DET @ MIA,L,14,1,3,0.333,0,0,,0,0,,1,3,4,1,1,0,1,2,2,,10.3,0
22000,100351,Joy Holmes,1611661321,DET,Detroit Shock,1020000049,2000-06-13,DET @ MIA,L,8,1,1,1.0,0,0,,1,2,0.5,1,0,1,0,0,0,1,2,3,,3.2,0
22000,100384,Dominique Canty,1611661321,DET,Detroit Shock,1020000049,2000-06-13,DET @ MIA,L,19,0,3,0.0,0,0,,0,0,,1,0,1,0,1,0,1,2,0,,3.2,0
22000,100386,Claudia Neves,1611661321,DET,Detroit Shock,1020000049,2000-06-13,DET @ MIA,L,16,1,5,0.2,0,3,0.0,1,2,0.5,0,1,1,3,1,0,2,0,3,,9.7,0
22000,100387,Astou Ndiaye-Diatta,1611661321,DET,Detroit Shock,1020000049,2000-06-13,DET @ MIA,L,31,2,12,0.167,0,0,,0,0,,1,1,2,1,0,1,2,1,4,,8.9,0
22000,100388,Elena Tornikidou,1611661321,DET,Detroit Shock,1020000049,2000-06-13,DET @ MIA,L,31,6,11,0.545,0,1,0.0,2,3,0.667,1,2,3,2,1,1,0,3,14,,26.6,0
22000,100390,Oksana Zakaluzhnaya,1611661321,DET,Detroit Shock,1020000049,2000-06-13,DET @ MIA,L,13,2,5,0.4,0,1,0.0,0,0,,3,3,6,0,1,0,1,5,4,,13.2,0
22000,100492,Edwina Brown,1611661321,DET,Detroit Shock,1020000049,2000-06-13,DET @ MIA,L,22,2,8,0.25,0,0,,3,4,0.75,3,2,5,2,0,0,0,4,7,,16.0,0
22000,100493,Anna DeForge,1611661321,DET,Detroit Shock,1020000049,2000-06-13,DET @ MIA,L,3,0,0,,0,0,,0,0,,0,0,0,0,1,0,0,2,0,,3.0,0
22000,100496,Tamicha Jackson,1611661321,DET,Detroit Shock,1020000049,2000-06-13,DET @ MIA,L,21,4,11,0.364,1,3,0.333,5,6,0.833,2,2,4,1,3,0,3,4,14,,26.3,0
22000,100009,Katrina Colleton,1611661326,MIA,Miami Sol,1020000049,2000-06-13,MIA vs. DET,W,20,2,4,0.5,0,0,,4,4,1.0,1,2,3,1,1,0,2,1,8,,14.1,0
22000,100035,Umeki Webb,1611661326,MIA,Miami Sol,1020000049,2000-06-13,MIA vs. DET,W,2,0,0,,0,0,,0,0,,0,1,1,0,0,0,1,1,0,,0.2,0
22000,100037,Marlies Askamp,1611661326,MIA,Miami Sol,1020000049,2000-06-13,MIA vs. DET,W,38,1,4,0.25,0,0,,5,6,0.833,4,9,13,1,1,0,1,1,7,,26.1,0
22000,100107,Kisha Ford,1611661326,MIA,Miami Sol,1020000049,2000-06-13,MIA vs. DET,W,18,6,10,0.6,0,0,,2,7,0.286,1,1,2,0,0,0,0,3,14,,16.4,0
22000,100359,Debbie Black,1611661326,MIA,Miami Sol,1020000049,2000-06-13,MIA vs. DET,W,30,2,4,0.5,0,0,,5,6,0.833,0,2,2,6,3,0,2,3,9,,27.4,0
22000,100416,Sheri Sam,1611661326,MIA,Miami Sol,1020000049,2000-06-13,MIA vs. DET,W,32,6,15,0.4,2,4,0.5,3,5,0.6,1,6,7,2,1,0,3,3,17,,28.4,0
22000,100451,Jamie Cassidy,1611661326,MIA,Miami Sol,1020000049,2000-06-13,MIA vs. DET,W,5,0,1,0.0,0,0,,0,0,,0,0,0,0,0,0,2,1,0,,-2.0,0
22000,100558,Jameka Jones,1611661326,MIA,Miami Sol,1020000049,2000-06-13,MIA vs. DET,W,10,0,2,0.0,0,2,0.0,2,2,1.0,0,0,0,1,0,0,3,3,2,,0.5,0
22000,100559,Milena Flores,1611661326,MIA,Miami Sol,1020000049,2000-06-13,MIA vs. DET,W,8,1,1,1.0,0,0,,3,4,0.75,0,1,1,0,0,0,2,1,5,,4.2,0
22000,100560,Shantia Owens,1611661326,MIA,Miami Sol,1020000049,2000-06-13,MIA vs. DET,W,37,5,8,0.625,0,0,,2,4,0.5,2,4,6,2,0,5,2,4,12,,35.2,0
22000,100239,Margo Dydek,1611661319,UTA,Utah Starzz,1020000050,2000-06-13,UTA vs. ORL,L,38,6,16,0.375,0,3,0.0,1,2,0.5,4,4,8,5,0,7,3,4,13,,48.1,0
22000,100242,LaTonya Johnson,1611661319,UTA,Utah Starzz,1020000050,2000-06-13,UTA vs. ORL,L,15,0,2,0.0,0,1,0.0,0,0,,0,1,1,1,0,0,1,1,0,,1.7,0
22000,100250,Korie Hlede,1611661319,UTA,Utah Starzz,1020000050,2000-06-13,UTA vs. ORL,L,29,5,7,0.714,2,2,1.0,2,2,1.0,0,4,4,4,2,0,4,3,14,,26.8,0
22000,100363,Adrienne Goodson,1611661319,UTA,Utah Starzz,1020000050,2000-06-13,UTA vs. ORL,L,32,8,18,0.444,0,1,0.0,1,2,0.5,2,2,4,5,1,0,1,3,17,,31.3,0
22000,100364,Dalma Ivanyi,1611661319,UTA,Utah Starzz,1020000050,2000-06-13,UTA vs. ORL,L,17,2,4,0.5,1,2,0.5,0,1,0.0,1,1,2,1,0,0,1,5,5,,7.9,0
22000,100366,Natalie Williams,1611661319,UTA,Utah Starzz,1020000050,2000-06-13,UTA vs. ORL,L,36,7,12,0.583,0,1,0.0,5,6,0.833,6,8,14,0,1,0,3,5,19,,35.8,0
22000,100422,Kate Starbird,1611661319,UTA,Utah Starzz,1020000050,2000-06-13,UTA vs. ORL,L,8,0,2,0.0,0,0,,2,2,1.0,0,0,0,2,0,0,2,0,2,,3.0,0
22000,100547,Stacy Frese,1611661319,UTA,Utah Starzz,1020000050,2000-06-13,UTA vs. ORL,L,19,2,5,0.4,2,5,0.4,0,0,,2,0,2,1,0,0,3,5,6,,6.9,0
22000,100549,Amy Herrig,1611661319,UTA,Utah Starzz,1020000050,2000-06-13,UTA vs. ORL,L,2,0,0,,0,0,,0,0,,0,0,0,0,0,0,1,1,0,,-1.0,0
22000,100551,Naomi Mulitauaopele,1611661319,UTA,Utah Starzz,1020000050,2000-06-13,UTA vs. ORL,L,4,2,2,1.0,0,0,,0,0,,0,1,1,0,0,0,0,0,4,,5.2,0
22000,100048,Jessie Hicks,1611661323,ORL,Orlando Miracle,1020000050,2000-06-13,ORL @ UTA,W,4,0,1,0.0,0,0,,0,0,,0,0,0,0,0,0,0,1,0,,0.0,0
22000,100100,Adrienne Johnson,1611661323,ORL,Orlando Miracle,1020000050,2000-06-13,ORL @ UTA,W,21,4,8,0.5,0,1,0.0,2,2,1.0,1,1,2,0,0,1,0,2,10,,15.4,0
22000,100410,Shannon Johnson,1611661323,ORL,Orlando Miracle,1020000050,2000-06-13,ORL @ UTA,W,38,8,15,0.533,2,2,1.0,1,5,0.2,1,2,3,12,5,0,3,3,19,,52.6,0
22000,100411,Carla McGhee,1611661323,ORL,Orlando Miracle,1020000050,2000-06-13,ORL @ UTA,W,5,1,1,1.0,0,0,,0,0,,0,1,1,0,1,0,1,0,2,,5.2,0
22000,100412,Taj McWilliams-Franklin,1611661323,ORL,Orlando Miracle,1020000050,2000-06-13,ORL @ UTA,W,35,8,11,0.727,0,1,0.0,1,2,0.5,3,2,5,2,4,1,2,5,17,,39.0,0
22000,100414,Elaine Powell,1611661323,ORL,Orlando Miracle,1020000050,2000-06-13,ORL @ UTA,W,8,0,1,0.0,0,0,,1,2,0.5,0,0,0,0,1,0,1,0,1,,3.0,0
22000,100415,Nykesha Sales,1611661323,ORL,Orlando Miracle,1020000050,2000-06-13,ORL @ UTA,W,36,6,8,0.75,3,3,1.0,3,4,0.75,1,5,6,2,1,1,2,1,18,,32.2,0
22000,100514,Cintia dos Santos,1611661323,ORL,Orlando Miracle,1020000050,2000-06-13,ORL @ UTA,W,28,5,12,0.417,0,0,,4,4,1.0,0,5,5,3,0,1,2,4,14,,25.5,0
22000,100517,Romana Hamzova,1611661323,ORL,Orlando Miracle,1020000050,2000-06-13,ORL @ UTA,W,2,0,1,0.0,0,0,,0,0,,0,0,0,1,0,0,0,0,0,,1.5,0
22000,100519,Jannon Roland,1611661323,ORL,Orlando Miracle,1020000050,2000-06-13,ORL @ UTA,W,8,0,1,0.0,0,0,,0,0,,0,0,0,0,0,0,1,0,0,,-1.0,0
22000,100521,Tiffany McCain,1611661323,ORL,Orlando Miracle,1020000050,2000-06-13,ORL @ UTA,W,15,1,3,0.333,0,1,0.0,5,6,0.833,0,1,1,0,0,0,0,0,7,,8.2,0
22000,100029,Michele Timms,1611661317,PHO,Phoenix Mercury,1020000051,2000-06-13,PHO @ POR,W,21,1,3,0.333,0,2,0.0,0,0,,0,3,3,6,1,0,3,4,2,,14.6,0
22000,100030,Jennifer Gillom,1611661317,PHO,Phoenix Mercury,1020000051,2000-06-13,PHO @ POR,W,32,8,13,0.615,0,0,,3,4,0.75,2,2,4,1,1,0,0,2,19,,28.3,0
22000,100031,Bridget Pettis,1611661317,PHO,Phoenix Mercury,1020000051,2000-06-13,PHO @ POR,W,19,2,4,0.5,1,2,0.5,4,5,0.8,0,1,1,1,2,0,1,1,9,,16.7,0
22000,100221,Michelle Brogan,1611661317,PHO,Phoenix Mercury,1020000051,2000-06-13,PHO @ POR,W,28,2,7,0.286,0,1,0.0,3,4,0.75,0,1,1,2,3,0,1,6,7,,19.2,0
22000,100225,Brandy Reed,1611661317,PHO,Phoenix Mercury,1020000051,2000-06-13,PHO @ POR,W,36,7,14,0.5,0,1,0.0,9,9,1.0,3,2,5,1,1,1,4,5,23,,32.5,0
22000,100227,Maria Stepanova,1611661317,PHO,Phoenix Mercury,1020000051,2000-06-13,PHO @ POR,W,5,0,0,,0,0,,0,0,,0,1,1,1,0,0,2,0,0,,0.7,0
22000,100378,Lisa Harrison,1611661317,PHO,Phoenix Mercury,1020000051,2000-06-13,PHO @ POR,W,7,0,0,,0,0,,0,0,,0,1,1,1,0,0,0,1,0,,2.7,0
22000,100398,Tonya Edwards,1611661317,PHO,Phoenix Mercury,1020000051,2000-06-13,PHO @ POR,W,20,2,7,0.286,1,5,0.2,0,0,,0,1,1,2,1,0,1,2,5,,11.2,0
22000,100525,Rankica Sarenac,1611661317,PHO,Phoenix Mercury,1020000051,2000-06-13,PHO @ POR,W,3,0,1,0.0,0,0,,0,0,,0,0,0,0,0,0,1,1,0,,-1.0,0
22000,100526,Adrian Williams-Strong,1611661317,PHO,Phoenix Mercury,1020000051,2000-06-13,PHO @ POR,W,10,3,4,0.75,0,0,,1,1,1.0,0,1,1,0,1,1,2,3,7,,12.2,0
22000,100594,Michelle Cleary,1611661317,PHO,Phoenix Mercury,1020000051,2000-06-13,PHO @ POR,W,19,1,3,0.333,1,1,1.0,0,0,,1,0,1,3,2,0,0,2,3,,14.7,0
22000,100038,Tara Williams,1611661327,POR,Portland Fire,1020000051,2000-06-13,POR vs. PHO,L,2,0,0,,0,0,,0,0,,0,0,0,0,0,0,0,0,0,,0.0,0
22000,100105,Sophia Witherspoon,1611661327,POR,Portland Fire,1020000051,2000-06-13,POR vs. PHO,L,38,7,13,0.538,1,5,0.2,4,4,1.0,0,4,4,2,1,0,8,3,19,,21.8,0
22000,100215,Vanessa Nygaard,1611661327,POR,Portland Fire,1020000051,2000-06-13,POR vs. PHO,L,24,2,3,0.667,1,2,0.5,2,2,1.0,1,0,1,5,1,0,1,6,7,,17.7,0
22000,100284,Tully Bevilaqua,1611661327,POR,Portland Fire,1020000051,2000-06-13,POR vs. PHO,L,21,0,1,0.0,0,0,,3,4,0.75,0,3,3,6,1,1,6,3,3,,15.6,0
22000,100346,Michele Van Gorp,1611661327,POR,Portland Fire,1020000051,2000-06-13,POR vs. PHO,L,3,0,0,,0,0,,0,0,,0,1,1,0,0,0,0,0,0,,1.2,0
22000,100429,Alisa Burras,1611661327,POR,Portland Fire,1020000051,2000-06-13,POR vs. PHO,L,15,4,4,1.0,0,0,,0,0,,2,2,4,0,0,0,0,2,8,,12.8,0
22000,100529,Sylvia Crawley,1611661327,POR,Portland Fire,1020000051,2000-06-13,POR vs. PHO,L,34,7,10,0.7,0,0,,3,4,0.75,0,3,3,1,0,1,2,2,17,,23.1,0
22000,100530,Lynn Pride,1611661327,POR,Portland Fire,1020000051,2000-06-13,POR vs. PHO,L,9,0,3,0.0,0,0,,0,0,,1,1,2,1,0,0,0,2,0,,3.9,0
22000,100532,Stacey Thomas,1611661327,POR,Portland Fire,1020000051,2000-06-13,POR vs. PHO,L,24,1,2,0.5,0,0,,0,0,,0,4,4,3,1,0,2,5,2,,12.3,0
22000,100533,DeMya Walker,1611661327,POR,Portland Fire,1020000051,2000-06-13,POR vs. PHO,L,13,1,4,0.25,0,1,0.0,2,4,0.5,2,2,4,0,0,0,0,1,4,,8.8,0
22000,100570,Michelle Marciniak,1611661327,POR,Portland Fire,1020000051,2000-06-13,POR vs. PHO,L,17,3,9,0.333,1,2,0.5,2,2,1.0,0,2,2,3,0,0,4,3,9,,11.9,0
22000,100003,Lisa Leslie,1611661320,LAS,Los Angeles Sparks,1020000052,2000-06-13,LAS @ SEA,L,28,3,12,0.25,0,0,,2,4,0.5,2,3,5,0,0,1,1,6,8,,16.0,0
22000,100008,Tamecka Dixon,1611661320,LAS,Los Angeles Sparks,1020000052,2000-06-13,LAS @ SEA,L,20,2,9,0.222,0,1,0.0,0,2,0.0,1,2,3,2,3,1,1,0,4,,21.6,0
22000,100012,Mwadi Mabika,1611661320,LAS,Los Angeles Sparks,1020000052,2000-06-13,LAS @ SEA,L,30,2,6,0.333,1,3,0.333,0,0,,0,1,1,1,4,0,4,6,5,,15.7,0
22000,100170,Allison Feaster,1611661320,LAS,Los Angeles Sparks,1020000052,2000-06-13,LAS @ SEA,L,22,4,10,0.4,1,6,0.167,0,0,,1,0,1,2,1,0,0,1,9,,16.2,0
22000,100392,Ukari Figgs,1611661320,LAS,Los Angeles Sparks,1020000052,2000-06-13,LAS @ SEA,L,33,3,7,0.429,0,4,0.0,3,3,1.0,1,0,1,4,3,0,4,2,9,,21.2,0
22000,100393,La'Keshia Frett,1611661320,LAS,Los Angeles Sparks,1020000052,2000-06-13,LAS @ SEA,L,2,0,1,0.0,0,0,,0,0,,0,0,0,0,0,0,0,0,0,,0.0,0
22000,100395,Clarisse Machanguana,1611661320,LAS,Los Angeles Sparks,1020000052,2000-06-13,LAS @ SEA,L,30,1,2,0.5,0,0,,1,2,0.5,0,5,5,2,0,0,0,3,3,,12.0,0
22000,100396,DeLisha Milton-Jones,1611661320,LAS,Los Angeles Sparks,1020000052,2000-06-13,LAS @ SEA,L,37,5,9,0.556,1,1,1.0,2,4,0.5,3,6,9,1,1,3,4,6,13,,33.3,0
22000,100476,Vedrana Grgin Fonseca,1611661320,LAS,Los Angeles Sparks,1020000052,2000-06-13,LAS @ SEA,L,11,1,2,0.5,0,1,0.0,1,2,0.5,0,1,1,0,0,0,2,3,3,,2.2,0
22000,100478,Nicky McCrimmon,1611661320,LAS,Los Angeles Sparks,1020000052,2000-06-13,LAS @ SEA,L,12,2,2,1.0,1,1,1.0,0,0,,2,0,2,2,0,0,1,0,5,,9.4,0
22000,100088,Michelle Edwards,1611661328,SEA,Seattle Storm,1020000052,2000-06-13,SEA vs. LAS,W,31,4,8,0.5,0,0,,2,4,0.5,0,2,2,4,0,0,2,1,10,,16.4,0
22000,100111,Simone Edwards,1611661328,SEA,Seattle Storm,1020000052,2000-06-13,SEA vs. LAS,W,29,5,6,0.833,0,0,,2,3,0.667,2,6,8,2,0,2,3,4,12,,27.6,0
22000,100179,Charmin Smith,1611661328,SEA,Seattle Storm,1020000052,2000-06-13,SEA vs. LAS,W,26,0,3,0.0,0,1,0.0,1,2,0.5,1,2,3,3,1,0,2,2,1,,10.1,0
22000,100230,Quacy Barnes,1611661328,SEA,Seattle Storm,1020000052,2000-06-13,SEA vs. LAS,W,28,5,10,0.5,0,0,,0,0,,3,0,3,0,1,0,3,6,10,,13.6,0
22000,100336,Sonja Henning,1611661328,SEA,Seattle Storm,1020000052,2000-06-13,SEA vs. LAS,W,16,0,2,0.0,0,0,,0,2,0.0,0,2,2,3,1,0,1,1,0,,8.9,0
22000,100375,Edna Campbell,1611661328,SEA,Seattle Storm,1020000052,2000-06-13,SEA vs. LAS,W,39,8,18,0.444,2,4,0.5,4,4,1.0,1,3,4,1,2,0,4,2,22,,30.3,0
22000,100470,Stacey Lovelace,1611661328,SEA,Seattle Storm,1020000052,2000-06-13,SEA vs. LAS,W,22,2,5,0.4,0,0,,2,2,1.0,1,2,3,1,1,0,2,4,6,,12.1,0
22000,100503,Andrea Garner,1611661328,SEA,Seattle Storm,1020000052,2000-06-13,SEA vs. LAS,W,13,0,2,0.0,0,0,,2,2,1.0,1,1,2,0,0,0,1,1,2,,3.4,0
22000,100544,Kamila Vodichkova,1611661328,SEA,Seattle Storm,1020000052,2000-06-13,SEA vs. LAS,W,21,3,6,0.5,0,2,0.0,0,0,,0,4,4,1,0,0,4,2,6,,8.3,0
22000,100029,Michele Timms,1611661317,PHO,Phoenix Mercury,1020000053,2000-06-14,PHO vs. POR,W,32,0,4,0.0,0,2,0.0,0,0,,0,1,1,5,4,0,3,2,0,,17.7,0
22000,100030,Jennifer Gillom,1611661317,PHO,Phoenix Mercury,1020000053,2000-06-14,PHO vs. POR,W,43,7,12,0.583,2,4,0.5,12,12,1.0,1,6,7,3,0,0,1,5,28,,39.9,0
22000,100031,Bridget Pettis,1611661317,PHO,Phoenix Mercury,1020000053,2000-06-14,PHO vs. POR,W,6,0,0,,0,0,,0,0,,1,1,2,0,0,0,3,2,0,,-0.6,0
22000,100221,Michelle Brogan,1611661317,PHO,Phoenix Mercury,1020000053,2000-06-14,PHO vs. POR,W,33,4,6,0.667,1,1,1.0,9,9,1.0,3,4,7,1,1,0,0,4,18,,30.9,0
22000,100225,Brandy Reed,1611661317,PHO,Phoenix Mercury,1020000053,2000-06-14,PHO vs. POR,W,36,5,17,0.294,0,1,0.0,2,3,0.667,1,4,5,1,1,0,2,2,12,,20.5,0
22000,100227,Maria Stepanova,1611661317,PHO,Phoenix Mercury,1020000053,2000-06-14,PHO vs. POR,W,1,0,0,,0,0,,0,0,,0,0,0,0,0,0,1,0,0,,-1.0,0
22000,100378,Lisa Harrison,1611661317,PHO,Phoenix Mercury,1020000053,2000-06-14,PHO vs. POR,W,9,0,1,0.0,0,0,,1,2,0.5,0,2,2,1,0,0,2,1,1,,2.9,0
22000,100398,Tonya Edwards,1611661317,PHO,Phoenix Mercury,1020000053,2000-06-14,PHO vs. POR,W,39,6,13,0.462,2,5,0.4,4,6,0.667,1,1,2,2,2,1,5,5,18,,27.4,0
22000,100526,Adrian Williams-Strong,1611661317,PHO,Phoenix Mercury,1020000053,2000-06-14,PHO vs. POR,W,13,0,1,0.0,0,0,,1,2,0.5,1,1,2,1,0,0,1,2,1,,3.9,0
22000,100594,Michelle Cleary,1611661317,PHO,Phoenix Mercury,1020000053,2000-06-14,PHO vs. POR,W,13,1,2,0.5,1,1,1.0,0,0,,0,1,1,0,0,0,1,4,3,,3.2,0
22000,100038,Tara Williams,1611661327,POR,Portland Fire,1020000053,2000-06-14,POR @ PHO,L,1,0,1,0.0,0,1,0.0,0,0,,0,0,0,0,0,0,0,1,0,,0.0,0
22000,100105,Sophia Witherspoon,1611661327,POR,Portland Fire,1020000053,2000-06-14,POR @ PHO,L,38,10,20,0.5,1,5,0.2,1,2,0.5,3,2,5,0,4,1,4,4,22,,39.0,0
22000,100215,Vanessa Nygaard,1611661327,POR,Portland Fire,1020000053,2000-06-14,POR @ PHO,L,24,2,5,0.4,1,1,1.0,0,0,,2,2,4,1,1,0,2,5,5,,12.3,0
22000,100284,Tully Bevilaqua,1611661327,POR,Portland Fire,1020000053,2000-06-14,POR @ PHO,L,26,3,4,0.75,1,1,1.0,0,2,0.0,0,2,2,3,0,0,2,5,7,,11.9,0
22000,100346,Michele Van Gorp,1611661327,POR,Portland Fire,1020000053,2000-06-14,POR @ PHO,L,10,1,2,0.5,0,0,,2,2,1.0,1,0,1,0,0,0,0,1,4,,5.2,0
22000,100429,Alisa Burras,1611661327,POR,Portland Fire,1020000053,2000-06-14,POR @ PHO,L,19,5,9,0.556,0,0,,3,3,1.0,4,5,9,2,0,0,2,4,13,,24.8,0
22000,100529,Sylvia Crawley,1611661327,POR,Portland Fire,1020000053,2000-06-14,POR @ PHO,L,26,3,9,0.333,0,0,,5,6,0.833,1,6,7,2,1,0,1,5,11,,24.4,0
22000,100530,Lynn Pride,1611661327,POR,Portland Fire,1020000053,2000-06-14,POR @ PHO,L,14,2,7,0.286,0,1,0.0,1,2,0.5,1,1,2,0,2,0,1,2,5,,12.4,0
22000,100532,Stacey Thomas,1611661327,POR,Portland Fire,1020000053,2000-06-14,POR @ PHO,L,37,2,4,0.5,0,0,,3,6,0.5,0,2,2,4,6,0,3,3,7,,30.4,0
22000,100533,DeMya Walker,1611661327,POR,Portland Fire,1020000053,2000-06-14,POR @ PHO,L,11,1,3,0.333,0,0,,0,2,0.0,2,2,4,2,0,0,3,2,2,,6.8,0
22000,100570,Michelle Marciniak,1611661327,POR,Portland Fire,1020000053,2000-06-14,POR @ PHO,L,19,1,1,1.0,0,0,,2,2,1.0,0,0,0,2,2,0,0,0,4,,13.0,0
22000,100048,Jessie Hicks,1611661323,ORL,Orlando Miracle,1020000055,2000-06-15,ORL @ MIN,L,2,0,0,,0,0,,0,0,,0,0,0,0,0,0,0,0,0,,0.0,0
22000,100100,Adrienne Johnson,1611661323,ORL,Orlando Miracle,1020000055,2000-06-15,ORL @ MIN,L,29,9,13,0.692,2,3,0.667,0,0,,2,1,3,1,1,0,3,3,20,,25.1,0
22000,100410,Shannon Johnson,1611661323,ORL,Orlando Miracle,1020000055,2000-06-15,ORL @ MIN,L,28,3,11,0.273,1,3,0.333,3,4,0.75,0,1,1,3,1,0,4,5,10,,14.7,0
22000,100411,Carla McGhee,1611661323,ORL,Orlando Miracle,1020000055,2000-06-15,ORL @ MIN,L,8,0,2,0.0,0,0,,1,2,0.5,0,2,2,1,1,0,1,0,1,,6.9,0
22000,100412,Taj McWilliams-Franklin,1611661323,ORL,Orlando Miracle,1020000055,2000-06-15,ORL @ MIN,L,36,1,3,0.333,0,0,,2,2,1.0,3,2,5,0,0,0,3,3,4,,7.0,0
22000,100414,Elaine Powell,1611661323,ORL,Orlando Miracle,1020000055,2000-06-15,ORL @ MIN,L,18,1,1,1.0,0,0,,0,0,,1,4,5,2,0,0,2,4,2,,9.0,0
22000,100415,Nykesha Sales,1611661323,ORL,Orlando Miracle,1020000055,2000-06-15,ORL @ MIN,L,28,9,15,0.6,4,8,0.5,1,1,1.0,1,6,7,2,1,0,5,4,23,,32.4,0
22000,100514,Cintia dos Santos,1611661323,ORL,Orlando Miracle,1020000055,2000-06-15,ORL @ MIN,L,31,0,3,0.0,0,0,,2,2,1.0,2,9,11,2,0,4,3,1,2,,27.2,0
22000,100517,Romana Hamzova,1611661323,ORL,Orlando Miracle,1020000055,2000-06-15,ORL @ MIN,L,1,0,1,0.0,0,0,,0,0,,0,0,0,0,0,0,0,0,0,,0.0,0
22000,100519,Jannon Roland,1611661323,ORL,Orlando Miracle,1020000055,2000-06-15,ORL @ MIN,L,3,0,1,0.0,0,0,,0,0,,1,1,2,0,0,0,0,0,0,,2.4,0
22000,100521,Tiffany McCain,1611661323,ORL,Orlando Miracle,1020000055,2000-06-15,ORL @ MIN,L,16,2,4,0.5,0,2,0.0,0,0,,1,0,1,0,1,0,2,4,4,,6.2,0
22000,100400,Kristin Folkl,1611661324,MIN,Minnesota Lynx,1020000055,2000-06-15,MIN vs. ORL,W,30,0,5,0.0,0,0,,0,0,,0,4,4,1,2,0,0,2,0,,12.3,0
22000,100402,Andrea Lloyd-Curry,1611661324,MIN,Minnesota Lynx,1020000055,2000-06-15,MIN vs. ORL,W,21,1,7,0.143,0,1,0.0,1,1,1.0,2,2,4,2,1,0,0,3,3,,13.8,0
22000,100404,Katie Smith,1611661324,MIN,Minnesota Lynx,1020000055,2000-06-15,MIN vs. ORL,W,38,5,14,0.357,2,8,0.25,12,12,1.0,4,0,4,0,2,0,2,3,24,,32.8,0
22000,100406,Sonja Tate,1611661324,MIN,Minnesota Lynx,1020000055,2000-06-15,MIN vs. ORL,W,26,5,7,0.714,3,4,0.75,0,0,,3,2,5,1,1,0,2,2,13,,21.5,0
22000,100481,Marla Brumfield,1611661324,MIN,Minnesota Lynx,1020000055,2000-06-15,MIN vs. ORL,W,16,0,3,0.0,0,1,0.0,3,4,0.75,0,1,1,1,2,0,0,1,3,,11.7,0
22000,100482,Grace Daley,1611661324,MIN,Minnesota Lynx,1020000055,2000-06-15,MIN vs. ORL,W,6,0,1,0.0,0,1,0.0,0,0,,0,1,1,0,0,0,0,1,0,,1.2,0
22000,100483,Keitha Dickerson,1611661324,MIN,Minnesota Lynx,1020000055,2000-06-15,MIN vs. ORL,W,22,1,5,0.2,0,0,,0,0,,3,1,4,1,1,0,2,2,2,,9.3,0
22000,100484,Betty Lennox,1611661324,MIN,Minnesota Lynx,1020000055,2000-06-15,MIN vs. ORL,W,30,9,18,0.5,1,3,0.333,6,6,1.0,1,5,6,0,4,0,4,2,25,,40.2,0
22000,100485,Maylana Martin,1611661324,MIN,Minnesota Lynx,1020000055,2000-06-15,MIN vs. ORL,W,3,1,2,0.5,0,0,,0,0,,0,0,0,0,0,0,1,2,2,,1.0,0
22000,100487,Kate Paye,1611661324,MIN,Minnesota Lynx,1020000055,2000-06-15,MIN vs. ORL,W,4,0,1,0.0,0,0,,0,0,,0,0,0,0,0,0,0,0,0,,0.0,0
22000,100490,Shanele Stires,1611661324,MIN,Minnesota Lynx,1020000055,2000-06-15,MIN vs. ORL,W,4,0,0,,0,0,,0,0,,0,1,1,0,1,0,0,0,0,,4.2,0
22000,100072,Sheryl Swoopes,1611661316,HOU,Houston Comets,1020000056,2000-06-15,HOU vs. MIA,W,25,7,12,0.583,0,2,0.0,2,2,1.0,2,4,6,2,4,3,2,1,16,,45.2,0
22000,100073,Cynthia Cooper,1611661316,HOU,Houston Comets,1020000056,2000-06-15,HOU vs. MIA,W,24,5,7,0.714,2,2,1.0,6,8,0.75,1,1,2,5,0,0,2,1,18,,25.9,0
22000,100075,Janeth Arcain,1611661316,HOU,Houston Comets,1020000056,2000-06-15,HOU vs. MIA,W,25,1,2,0.5,0,0,,0,0,,0,2,2,4,1,0,0,2,2,,13.4,0
22000,100076,Tina Thompson,1611661316,HOU,Houston Comets,1020000056,2000-06-15,HOU vs. MIA,W,24,8,15,0.533,4,5,0.8,0,0,,1,1,2,1,4,0,3,0,20,,32.9,0
22000,100077,Tammy Jackson,1611661316,HOU,Houston Comets,1020000056,2000-06-15,HOU vs. MIA,W,14,1,2,0.5,0,0,,1,2,0.5,0,1,1,0,0,1,3,5,3,,4.2,0
22000,100211,Amaya Valdemoro,1611661316,HOU,Houston Comets,1020000056,2000-06-15,HOU vs. MIA,W,16,1,7,0.143,1,3,0.333,0,0,,0,1,1,2,1,3,1,2,3,,18.2,0
22000,100217,Coquese Washington,1611661316,HOU,Houston Comets,1020000056,2000-06-15,HOU vs. MIA,W,13,0,2,0.0,0,0,,0,0,,0,2,2,0,1,0,2,1,0,,3.4,0
22000,100233,Tiffani Johnson,1611661316,HOU,Houston Comets,1020000056,2000-06-15,HOU vs. MIA,W,15,0,0,,0,0,,0,0,,0,5,5,0,0,2,1,0,0,,11.0,0
22000,100338,Jennifer Rizzotti,1611661316,HOU,Houston Comets,1020000056,2000-06-15,HOU vs. MIA,W,16,0,1,0.0,0,1,0.0,0,0,,1,1,2,2,1,0,1,0,0,,7.4,0
22000,100500,Elena Shakirova,1611661316,HOU,Houston Comets,1020000056,2000-06-15,HOU vs. MIA,W,17,2,4,0.5,0,1,0.0,6,6,1.0,3,2,5,0,0,0,0,2,10,,16.0,0
22000,100504,Kelley Gibson,1611661316,HOU,Houston Comets,1020000056,2000-06-15,HOU vs. MIA,W,11,1,4,0.25,0,0,,3,4,0.75,1,2,3,0,0,0,1,3,5,,7.6,0
22000,100009,Katrina Colleton,1611661326,MIA,Miami Sol,1020000056,2000-06-15,MIA @ HOU,L,24,3,8,0.375,0,0,,4,4,1.0,0,1,1,3,1,0,3,3,10,,15.7,0
22000,100035,Umeki Webb,1611661326,MIA,Miami Sol,1020000056,2000-06-15,MIA @ HOU,L,10,1,1,1.0,1,1,1.0,0,0,,0,1,1,1,1,2,2,2,3,,12.7,0
22000,100037,Marlies Askamp,1611661326,MIA,Miami Sol,1020000056,2000-06-15,MIA @ HOU,L,24,1,2,0.5,0,0,,4,6,0.667,1,4,5,1,0,1,1,2,6,,15.5,0
22000,100107,Kisha Ford,1611661326,MIA,Miami Sol,1020000056,2000-06-15,MIA @ HOU,L,17,1,5,0.2,0,0,,2,3,0.667,2,1,3,1,0,0,0,4,4,,9.1,0
22000,100359,Debbie Black,1611661326,MIA,Miami Sol,1020000056,2000-06-15,MIA @ HOU,L,22,1,2,0.5,0,1,0.0,0,0,,0,0,0,0,2,0,3,1,2,,5.0,0
22000,100416,Sheri Sam,1611661326,MIA,Miami Sol,1020000056,2000-06-15,MIA @ HOU,L,21,0,7,0.0,0,1,0.0,0,0,,3,2,5,0,0,0,0,0,0,,6.0,0
22000,100451,Jamie Cassidy,1611661326,MIA,Miami Sol,1020000056,2000-06-15,MIA @ HOU,L,14,1,5,0.2,0,1,0.0,1,2,0.5,0,1,1,1,0,0,1,2,3,,4.7,0
22000,100552,Kristen Rasmussen,1611661326,MIA,Miami Sol,1020000056,2000-06-15,MIA @ HOU,L,9,2,3,0.667,0,0,,0,0,,0,2,2,0,0,0,1,0,4,,5.4,0
22000,100558,Jameka Jones,1611661326,MIA,Miami Sol,1020000056,2000-06-15,MIA @ HOU,L,16,3,10,0.3,2,5,0.4,0,0,,1,1,2,0,0,0,2,4,8,,8.4,0
22000,100559,Milena Flores,1611661326,MIA,Miami Sol,1020000056,2000-06-15,MIA @ HOU,L,18,2,4,0.5,0,2,0.0,0,0,,0,2,2,4,5,1,3,0,4,,27.4,0
22000,100560,Shantia Owens,1611661326,MIA,Miami Sol,1020000056,2000-06-15,MIA @ HOU,L,25,3,5,0.6,0,0,,3,5,0.6,1,2,3,0,1,2,3,2,9,,18.6,0
22000,100059,Andrea Stinson,1611661314,CHA,Charlotte Sting,1020000057,2000-06-15,CHA @ UTA,L,34,8,15,0.533,0,1,0.0,2,2,1.0,3,4,7,4,3,2,6,3,18,,41.4,0
22000,100060,Rhonda Mapp,1611661314,CHA,Charlotte Sting,1020000057,2000-06-15,CHA @ UTA,L,24,6,14,0.429,1,1,1.0,0,0,,2,4,6,1,1,2,0,5,13,,30.7,0
22000,100182,Tracy Reid,1611661314,CHA,Charlotte Sting,1020000057,2000-06-15,CHA @ UTA,L,16,3,6,0.5,0,0,,4,8,0.5,3,1,4,0,0,0,1,2,10,,13.8,0
22000,100294,Cass Bauer-Bilodeau,1611661314,CHA,Charlotte Sting,1020000057,2000-06-15,CHA @ UTA,L,21,0,4,0.0,0,0,,0,0,,2,2,4,1,1,0,1,3,0,,8.3,0
22000,100350,Shalonda Enis,1611661314,CHA,Charlotte Sting,1020000057,2000-06-15,CHA @ UTA,L,24,4,10,0.4,1,4,0.25,3,6,0.5,4,2,6,0,0,0,0,4,12,,19.2,0
22000,100368,Angie Braziel,1611661314,CHA,Charlotte Sting,1020000057,2000-06-15,CHA @ UTA,L,6,1,3,0.333,0,0,,0,0,,1,1,2,0,0,0,2,0,2,,2.4,0
22000,100372,Dawn Staley,1611661314,CHA,Charlotte Sting,1020000057,2000-06-15,CHA @ UTA,L,34,2,11,0.182,0,4,0.0,0,0,,0,1,1,6,2,0,3,3,4,,17.2,0
22000,100446,Summer Erb,1611661314,CHA,Charlotte Sting,1020000057,2000-06-15,CHA @ UTA,L,5,0,1,0.0,0,0,,0,2,0.0,0,0,0,0,0,0,0,1,0,,0.0,0
22000,100447,Tiffany Travis,1611661314,CHA,Charlotte Sting,1020000057,2000-06-15,CHA @ UTA,L,26,3,5,0.6,1,2,0.5,0,0,,1,2,3,0,2,1,2,4,7,,17.6,0
22000,100452,E.C. Hill,1611661314,CHA,Charlotte Sting,1020000057,2000-06-15,CHA @ UTA,L,10,1,3,0.333,0,0,,0,0,,0,0,0,1,0,0,1,1,2,,2.5,0
22000,100239,Margo Dydek,1611661319,UTA,Utah Starzz,1020000057,2000-06-15,UTA vs. CHA,W,36,5,9,0.556,0,1,0.0,6,8,0.75,2,2,4,4,0,7,3,4,16,,44.8,0
22000,100242,LaTonya Johnson,1611661319,UTA,Utah Starzz,1020000057,2000-06-15,UTA vs. CHA,W,17,3,3,1.0,0,0,,2,4,0.5,0,1,1,3,0,0,1,1,8,,12.7,0
22000,100250,Korie Hlede,1611661319,UTA,Utah Starzz,1020000057,2000-06-15,UTA vs. CHA,W,22,3,8,0.375,0,0,,1,1,1.0,0,5,5,2,3,0,0,2,7,,25.0,0
22000,100363,Adrienne Goodson,1611661319,UTA,Utah Starzz,1020000057,2000-06-15,UTA vs. CHA,W,34,11,16,0.688,0,1,0.0,5,7,0.714,1,5,6,4,1,1,3,3,27,,43.2,0
22000,100364,Dalma Ivanyi,1611661319,UTA,Utah Starzz,1020000057,2000-06-15,UTA vs. CHA,W,25,2,6,0.333,0,1,0.0,0,0,,2,5,7,5,2,0,4,2,4,,21.9,0
22000,100366,Natalie Williams,1611661319,UTA,Utah Starzz,1020000057,2000-06-15,UTA vs. CHA,W,38,9,20,0.45,0,0,,6,9,0.667,9,9,18,3,2,0,2,3,24,,54.1,0
22000,100422,Kate Starbird,1611661319,UTA,Utah Starzz,1020000057,2000-06-15,UTA vs. CHA,W,6,2,3,0.667,1,2,0.5,0,0,,0,0,0,0,0,2,1,0,5,,10.0,0
22000,100547,Stacy Frese,1611661319,UTA,Utah Starzz,1020000057,2000-06-15,UTA vs. CHA,W,15,0,1,0.0,0,1,0.0,1,2,0.5,0,1,1,0,1,0,0,0,1,,5.2,0
22000,100548,Katryna Gaither,1611661319,UTA,Utah Starzz,1020000057,2000-06-15,UTA vs. CHA,W,1,0,0,,0,0,,4,4,1.0,0,1,1,0,0,0,0,1,4,,5.2,0
22000,100549,Amy Herrig,1611661319,UTA,Utah Starzz,1020000057,2000-06-15,UTA vs. CHA,W,4,0,1,0.0,0,0,,0,0,,2,0,2,0,0,0,3,2,0,,-0.6,0
22000,100551,Naomi Mulitauaopele,1611661319,UTA,Utah Starzz,1020000057,2000-06-15,UTA vs. CHA,W,2,0,0,,0,0,,0,0,,0,2,2,0,0,0,0,0,0,,2.4,0
22000,100016,Ruthie Bolton,1611661318,SAC,Sacramento Monarchs,1020000058,2000-06-15,SAC @ SEA,W,27,4,14,0.286,0,6,0.0,2,2,1.0,5,4,9,1,0,0,3,3,10,,19.3,0
22000,100027,Latasha Byears,1611661318,SAC,Sacramento Monarchs,1020000058,2000-06-15,SAC @ SEA,W,23,2,5,0.4,0,0,,1,2,0.5,2,2,4,0,0,0,2,5,5,,7.8,0
22000,100044,Lady Grooms,1611661318,SAC,Sacramento Monarchs,1020000058,2000-06-15,SAC @ SEA,W,8,0,2,0.0,0,0,,0,0,,2,0,2,0,0,0,0,0,0,,2.4,0
22000,100234,Ticha Penicheiro,1611661318,SAC,Sacramento Monarchs,1020000058,2000-06-15,SAC @ SEA,W,40,3,7,0.429,0,2,0.0,2,3,0.667,0,2,2,5,3,0,3,1,8,,23.9,0
22000,100236,Tangela Smith,1611661318,SAC,Sacramento Monarchs,1020000058,2000-06-15,SAC @ SEA,W,21,0,4,0.0,0,0,,0,0,,1,5,6,1,3,0,1,5,0,,16.7,0
22000,100419,Yolanda Griffith,1611661318,SAC,Sacramento Monarchs,1020000058,2000-06-15,SAC @ SEA,W,36,5,13,0.385,0,0,,3,6,0.5,5,5,10,1,5,4,2,4,13,,51.5,0
22000,100421,Kedra Holland-Corn,1611661318,SAC,Sacramento Monarchs,1020000058,2000-06-15,SAC @ SEA,W,32,3,10,0.3,2,5,0.4,5,5,1.0,2,0,2,1,0,0,1,4,13,,15.9,0
22000,100536,Katy Steding,1611661318,SAC,Sacramento Monarchs,1020000058,2000-06-15,SAC @ SEA,W,13,2,4,0.5,1,2,0.5,0,0,,0,1,1,0,2,0,1,2,5,,11.2,0
22000,100088,Michelle Edwards,1611661328,SEA,Seattle Storm,1020000058,2000-06-15,SEA vs. SAC,L,15,1,3,0.333,1,1,1.0,0,0,,0,0,0,1,0,0,3,2,3,,1.5,0
22000,100111,Simone Edwards,1611661328,SEA,Seattle Storm,1020000058,2000-06-15,SEA vs. SAC,L,26,4,9,0.444,0,0,,3,7,0.429,2,4,6,1,0,2,1,4,11,,24.7,0
22000,100179,Charmin Smith,1611661328,SEA,Seattle Storm,1020000058,2000-06-15,SEA vs. SAC,L,18,0,0,,0,0,,0,0,,0,1,1,0,0,0,0,3,0,,1.2,0
22000,100230,Quacy Barnes,1611661328,SEA,Seattle Storm,1020000058,2000-06-15,SEA vs. SAC,L,19,0,6,0.0,0,2,0.0,0,4,0.0,2,1,3,2,1,1,3,2,0,,9.6,0
22000,100336,Sonja Henning,1611661328,SEA,Seattle Storm,1020000058,2000-06-15,SEA vs. SAC,L,24,1,1,1.0,1,1,1.0,1,2,0.5,0,3,3,2,0,1,0,3,4,,13.6,0
22000,100375,Edna Campbell,1611661328,SEA,Seattle Storm,1020000058,2000-06-15,SEA vs. SAC,L,36,5,10,0.5,1,3,0.333,6,10,0.6,0,2,2,0,3,0,0,2,17,,28.4,0
22000,100470,Stacey Lovelace,1611661328,SEA,Seattle Storm,1020000058,2000-06-15,SEA vs. SAC,L,23,2,5,0.4,0,1,0.0,1,2,0.5,2,1,3,2,0,0,3,2,5,,8.6,0
22000,100503,Andrea Garner,1611661328,SEA,Seattle Storm,1020000058,2000-06-15,SEA vs. SAC,L,12,0,3,0.0,0,0,,0,0,,3,1,4,1,2,0,1,0,0,,11.3,0
22000,100542,Charisse Sampson,1611661328,SEA,Seattle Storm,1020000058,2000-06-15,SEA vs. SAC,L,6,1,1,1.0,0,0,,0,0,,0,0,0,0,0,0,1,1,2,,1.0,0
22000,100544,Kamila Vodichkova,1611661328,SEA,Seattle Storm,1020000058,2000-06-15,SEA vs. SAC,L,21,2,8,0.25,0,0,,4,6,0.667,1,8,9,1,0,0,4,1,8,,16.3,0
22000,100091,Eva Nemcova,1611661315,CLE,Cleveland Rockers,1020000059,2000-06-16,CLE vs. DET,L,35,6,12,0.5,2,6,0.333,0,0,,1,2,3,4,1,1,4,2,14,,25.6,0
22000,100092,Merlakia Jones,1611661315,CLE,Cleveland Rockers,1020000059,2000-06-16,CLE vs. DET,L,29,7,12,0.583,0,2,0.0,0,0,,2,2,4,4,2,0,1,2,14,,29.8,0
22000,100180,Pollyanna Johns Kimbrough,1611661315,CLE,Cleveland Rockers,1020000059,2000-06-16,CLE vs. DET,L,6,0,0,,0,0,,1,2,0.5,0,0,0,0,0,0,0,0,1,,1.0,0
22000,100187,Suzie McConnell Serio,1611661315,CLE,Cleveland Rockers,1020000059,2000-06-16,CLE vs. DET,L,23,0,3,0.0,0,0,,2,2,1.0,1,1,2,6,0,0,2,1,2,,11.4,0
22000,100428,Mery Andrade,1611661315,CLE,Cleveland Rockers,1020000059,2000-06-16,CLE vs. DET,L,15,2,2,1.0,0,0,,0,0,,0,2,2,2,0,0,3,2,4,,6.4,0
22000,100433,Chasity Melvin,1611661315,CLE,Cleveland Rockers,1020000059,2000-06-16,CLE vs. DET,L,34,10,12,0.833,1,1,1.0,7,12,0.583,2,2,4,7,0,0,2,4,28,,41.3,0
22000,100445,Ann Wauters,1611661315,CLE,Cleveland Rockers,1020000059,2000-06-16,CLE vs. DET,L,15,3,4,0.75,0,0,,1,2,0.5,0,5,5,3,0,3,1,4,7,,25.5,0
22000,100457,Helen Darling,1611661315,CLE,Cleveland Rockers,1020000059,2000-06-16,CLE vs. DET,L,17,1,2,0.5,0,0,,0,1,0.0,0,1,1,2,1,0,5,4,2,,4.2,0
22000,100458,Vicki Hall,1611661315,CLE,Cleveland Rockers,1020000059,2000-06-16,CLE vs. DET,L,26,4,7,0.571,0,2,0.0,1,1,1.0,0,2,2,3,1,1,1,4,9,,20.9,0
22000,100046,Wendy Palmer,1611661321,DET,Detroit Shock,1020000059,2000-06-16,DET @ CLE,W,24,6,10,0.6,0,0,,1,3,0.333,0,3,3,2,0,0,2,6,13,,17.6,0
22000,100243,Olympia Scott,1611661321,DET,Detroit Shock,1020000059,2000-06-16,DET @ CLE,W,16,2,3,0.667,0,0,,2,2,1.0,1,2,3,1,0,0,0,5,6,,11.1,0
22000,100351,Joy Holmes,1611661321,DET,Detroit Shock,1020000059,2000-06-16,DET @ CLE,W,2,0,0,,0,0,,0,0,,0,0,0,0,0,0,1,1,0,,-1.0,0
22000,100384,Dominique Canty,1611661321,DET,Detroit Shock,1020000059,2000-06-16,DET @ CLE,W,36,6,10,0.6,0,0,,10,14,0.714,5,1,6,7,2,0,1,4,22,,44.7,0
22000,100386,Claudia Neves,1611661321,DET,Detroit Shock,1020000059,2000-06-16,DET @ CLE,W,15,1,3,0.333,1,1,1.0,0,0,,0,1,1,3,0,1,0,0,3,,11.7,0
22000,100387,Astou Ndiaye-Diatta,1611661321,DET,Detroit Shock,1020000059,2000-06-16,DET @ CLE,W,29,6,13,0.462,0,1,0.0,0,0,,3,5,8,1,2,0,2,4,12,,27.1,0
22000,100388,Elena Tornikidou,1611661321,DET,Detroit Shock,1020000059,2000-06-16,DET @ CLE,W,19,3,5,0.6,0,0,,2,2,1.0,1,1,2,2,0,0,1,2,8,,12.4,0
22000,100390,Oksana Zakaluzhnaya,1611661321,DET,Detroit Shock,1020000059,2000-06-16,DET @ CLE,W,11,1,2,0.5,0,0,,0,0,,1,0,1,0,0,0,1,2,2,,2.2,0
22000,100492,Edwina Brown,1611661321,DET,Detroit Shock,1020000059,2000-06-16,DET @ CLE,W,26,6,11,0.545,1,1,1.0,4,4,1.0,2,3,5,3,1,0,1,1,17,,29.5,0
22000,100496,Tamicha Jackson,1611661321,DET,Detroit Shock,1020000059,2000-06-16,DET @ CLE,W,22,4,7,0.571,0,2,0.0,2,4,0.5,0,1,1,7,4,0,2,0,10,,31.7,0
22000,100100,Adrienne Johnson,1611661323,ORL,Orlando Miracle,1020000060,2000-06-17,ORL vs. IND,L,37,3,14,0.214,1,8,0.125,2,2,1.0,1,2,3,3,0,0,3,1,9,,14.1,0
22000,100410,Shannon Johnson,1611661323,ORL,Orlando Miracle,1020000060,2000-06-17,ORL vs. IND,L,29,5,13,0.385,0,2,0.0,0,0,,1,2,3,4,2,0,1,3,10,,24.6,0
22000,100411,Carla McGhee,1611661323,ORL,Orlando Miracle,1020000060,2000-06-17,ORL vs. IND,L,16,4,6,0.667,0,0,,0,0,,2,0,2,1,2,0,3,2,8,,14.9,0
22000,100412,Taj McWilliams-Franklin,1611661323,ORL,Orlando Miracle,1020000060,2000-06-17,ORL vs. IND,L,33,4,7,0.571,0,0,,3,4,0.75,5,1,6,0,0,0,1,3,11,,17.2,0
22000,100414,Elaine Powell,1611661323,ORL,Orlando Miracle,1020000060,2000-06-17,ORL vs. IND,L,15,2,3,0.667,0,0,,0,0,,1,1,2,2,1,0,3,1,4,,9.4,0
22000,100415,Nykesha Sales,1611661323,ORL,Orlando Miracle,1020000060,2000-06-17,ORL vs. IND,L,22,1,6,0.167,0,3,0.0,2,2,1.0,0,3,3,3,0,0,3,4,4,,9.1,0
22000,100514,Cintia dos Santos,1611661323,ORL,Orlando Miracle,1020000060,2000-06-17,ORL vs. IND,L,26,3,8,0.375,0,0,,2,2,1.0,1,3,4,3,3,5,1,2,8,,40.3,0
22000,100517,Romana Hamzova,1611661323,ORL,Orlando Miracle,1020000060,2000-06-17,ORL vs. IND,L,4,0,3,0.0,0,1,0.0,0,0,,1,0,1,0,0,0,0,0,0,,1.2,0
22000,100519,Jannon Roland,1611661323,ORL,Orlando Miracle,1020000060,2000-06-17,ORL vs. IND,L,5,0,0,,0,0,,0,0,,1,1,2,0,0,0,1,0,0,,1.4,0
22000,100521,Tiffany McCain,1611661323,ORL,Orlando Miracle,1020000060,2000-06-17,ORL vs. IND,L,13,0,2,0.0,0,2,0.0,0,0,,0,1,1,0,0,0,0,1,0,,1.2,0
22000,100022,Chantel Tremitiere,1611661325,IND,Indiana Fever,1020000060,2000-06-17,IND @ ORL,W,4,0,0,,0,0,,0,0,,0,0,0,0,0,0,1,0,0,,-1.0,0
22000,100201,Alessandra Santos de Olive,1611661325,IND,Indiana Fever,1020000060,2000-06-17,IND @ ORL,W,3,1,1,1.0,0,0,,0,0,,0,1,1,0,0,0,0,0,2,,3.2,0
22000,100204,Rita Williams,1611661325,IND,Indiana Fever,1020000060,2000-06-17,IND @ ORL,W,36,5,10,0.5,3,5,0.6,3,4,0.75,0,5,5,3,2,0,0,1,16,,32.5,0
22000,100216,Alicia Thompson,1611661325,IND,Indiana Fever,1020000060,2000-06-17,IND @ ORL,W,27,7,9,0.778,1,1,1.0,2,2,1.0,1,4,5,1,0,0,1,2,17,,23.5,0
22000,100340,Kara Wolters,1611661325,IND,Indiana Fever,1020000060,2000-06-17,IND @ ORL,W,16,2,3,0.667,0,0,,1,2,0.5,1,1,2,1,0,1,2,4,5,,9.9,0
22000,100357,Monica Maxwell,1611661325,IND,Indiana Fever,1020000060,2000-06-17,IND @ ORL,W,29,3,11,0.273,1,4,0.25,0,0,,2,0,2,2,0,1,3,2,7,,12.4,0
22000,100370,Stephanie White,1611661325,IND,Indiana Fever,1020000060,2000-06-17,IND @ ORL,W,33,0,6,0.0,0,3,0.0,3,3,1.0,0,1,1,3,2,0,1,1,3,,13.7,0
22000,100394,Gordana Grubin,1611661325,IND,Indiana Fever,1020000060,2000-06-17,IND @ ORL,W,18,6,9,0.667,1,3,0.333,0,0,,2,3,5,2,2,0,2,0,13,,26.0,0
22000,100471,Danielle McCulley,1611661325,IND,Indiana Fever,1020000060,2000-06-17,IND @ ORL,W,21,4,7,0.571,2,3,0.667,2,4,0.5,2,2,4,3,2,1,2,2,12,,28.3,0
22000,101006,Jurgita Streimikyte,1611661325,IND,Indiana Fever,1020000060,2000-06-17,IND @ ORL,W,13,2,5,0.4,0,0,,0,0,,0,1,1,2,2,1,0,2,4,,17.2,0
22000,100089,Isabelle Fijalkowski,1611661315,CLE,Cleveland Rockers,1020000061,2000-06-17,CLE @ MIA,L,0,0,0,,0,0,,0,0,,0,0,0,0,0,0,0,0,0,,0.0,0
22000,100091,Eva Nemcova,1611661315,CLE,Cleveland Rockers,1020000061,2000-06-17,CLE @ MIA,L,33,4,17,0.235,1,6,0.167,0,0,,1,2,3,0,1,3,0,3,9,,24.6,0
22000,100092,Merlakia Jones,1611661315,CLE,Cleveland Rockers,1020000061,2000-06-17,CLE @ MIA,L,32,1,8,0.125,0,0,,2,2,1.0,2,3,5,2,0,0,1,2,4,,12.0,0
22000,100180,Pollyanna Johns Kimbrough,1611661315,CLE,Cleveland Rockers,1020000061,2000-06-17,CLE @ MIA,L,6,0,1,0.0,0,0,,0,0,,1,1,2,1,0,1,1,1,0,,5.9,0
22000,100187,Suzie McConnell Serio,1611661315,CLE,Cleveland Rockers,1020000061,2000-06-17,CLE @ MIA,L,22,4,5,0.8,2,2,1.0,0,0,,0,1,1,3,0,0,1,0,10,,14.7,0
22000,100237,Tricia Bader Binford,1611661315,CLE,Cleveland Rockers,1020000061,2000-06-17,CLE @ MIA,L,7,0,3,0.0,0,2,0.0,0,0,,0,0,0,0,3,0,0,0,0,,9.0,0
22000,100428,Mery Andrade,1611661315,CLE,Cleveland Rockers,1020000061,2000-06-17,CLE @ MIA,L,13,0,1,0.0,0,1,0.0,0,0,,0,2,2,0,0,0,1,1,0,,1.4,0
22000,100433,Chasity Melvin,1611661315,CLE,Cleveland Rockers,1020000061,2000-06-17,CLE @ MIA,L,33,4,6,0.667,0,0,,3,5,0.6,2,5,7,3,3,0,6,3,11,,26.9,0
22000,100445,Ann Wauters,1611661315,CLE,Cleveland Rockers,1020000061,2000-06-17,CLE @ MIA,L,23,3,6,0.5,0,0,,0,2,0.0,2,2,4,2,0,0,4,5,6,,9.8,0
22000,100457,Helen Darling,1611661315,CLE,Cleveland Rockers,1020000061,2000-06-17,CLE @ MIA,L,11,0,0,,0,0,,0,0,,0,0,0,1,0,0,4,0,0,,-2.5,0
22000,100458,Vicki Hall,1611661315,CLE,Cleveland Rockers,1020000061,2000-06-17,CLE @ MIA,L,20,4,6,0.667,0,0,,0,1,0.0,3,2,5,0,0,1,1,2,8,,16.0,0
22000,100009,Katrina Colleton,1611661326,MIA,Miami Sol,1020000061,2000-06-17,MIA vs. CLE,W,27,2,3,0.667,0,0,,4,5,0.8,1,2,3,1,1,0,1,2,8,,15.1,0
22000,100037,Marlies Askamp,1611661326,MIA,Miami Sol,1020000061,2000-06-17,MIA vs. CLE,W,33,4,10,0.4,0,1,0.0,2,2,1.0,2,2,4,0,0,1,2,4,10,,15.8,0
22000,100107,Kisha Ford,1611661326,MIA,Miami Sol,1020000061,2000-06-17,MIA vs. CLE,W,9,0,1,0.0,0,0,,0,0,,1,0,1,0,2,0,0,1,0,,7.2,0
22000,100359,Debbie Black,1611661326,MIA,Miami Sol,1020000061,2000-06-17,MIA vs. CLE,W,27,2,3,0.667,1,1,1.0,0,0,,0,3,3,3,1,0,1,3,5,,15.1,0
22000,100416,Sheri Sam,1611661326,MIA,Miami Sol,1020000061,2000-06-17,MIA vs. CLE,W,30,7,15,0.467,4,7,0.571,3,4,0.75,0,4,4,5,3,0,5,2,21,,37.3,0
22000,100451,Jamie Cassidy,1611661326,MIA,Miami Sol,1020000061,2000-06-17,MIA vs. CLE,W,4,0,2,0.0,0,0,,0,0,,0,0,0,0,0,0,1,1,0,,-1.0,0
22000,100552,Kristen Rasmussen,1611661326,MIA,Miami Sol,1020000061,2000-06-17,MIA vs. CLE,W,22,1,5,0.2,0,0,,0,0,,2,3,5,2,2,2,0,3,2,,23.0,0
22000,100558,Jameka Jones,1611661326,MIA,Miami Sol,1020000061,2000-06-17,MIA vs. CLE,W,14,1,4,0.25,0,1,0.0,0,0,,0,1,1,2,0,0,0,2,2,,6.2,0
22000,100559,Milena Flores,1611661326,MIA,Miami Sol,1020000061,2000-06-17,MIA vs. CLE,W,13,1,2,0.5,1,1,1.0,0,0,,0,2,2,1,2,0,4,0,3,,8.9,0
22000,100560,Shantia Owens,1611661326,MIA,Miami Sol,1020000061,2000-06-17,MIA vs. CLE,W,21,2,5,0.4,0,0,,0,0,,1,4,5,0,0,1,4,5,4,,9.0,0
22000,100239,Margo Dydek,1611661319,UTA,Utah Starzz,1020000062,2000-06-17,UTA vs. WAS,W,21,3,8,0.375,0,0,,0,0,,0,5,5,0,0,2,2,2,6,,16.0,0
22000,100242,LaTonya Johnson,1611661319,UTA,Utah Starzz,1020000062,2000-06-17,UTA vs. WAS,W,15,2,3,0.667,0,0,,1,2,0.5,0,1,1,1,1,0,3,3,5,,7.7,0
22000,100250,Korie Hlede,1611661319,UTA,Utah Starzz,1020000062,2000-06-17,UTA vs. WAS,W,25,1,3,0.333,0,1,0.0,0,0,,1,1,2,3,0,0,4,1,2,,4.9,0
22000,100363,Adrienne Goodson,1611661319,UTA,Utah Starzz,1020000062,2000-06-17,UTA vs. WAS,W,33,5,13,0.385,1,2,0.5,3,4,0.75,1,1,2,4,1,0,2,2,14,,23.4,0
22000,100364,Dalma Ivanyi,1611661319,UTA,Utah Starzz,1020000062,2000-06-17,UTA vs. WAS,W,29,0,5,0.0,0,4,0.0,2,2,1.0,1,2,3,4,0,0,0,2,2,,11.6,0
22000,100366,Natalie Williams,1611661319,UTA,Utah Starzz,1020000062,2000-06-17,UTA vs. WAS,W,39,10,14,0.714,0,0,,10,12,0.833,5,8,13,1,1,2,2,2,30,,54.1,0
22000,100422,Kate Starbird,1611661319,UTA,Utah Starzz,1020000062,2000-06-17,UTA vs. WAS,W,7,0,2,0.0,0,0,,1,2,0.5,1,1,2,0,1,2,0,0,1,,12.4,0
22000,100547,Stacy Frese,1611661319,UTA,Utah Starzz,1020000062,2000-06-17,UTA vs. WAS,W,11,0,0,,0,0,,4,4,1.0,0,2,2,1,0,0,2,0,4,,5.9,0
22000,100549,Amy Herrig,1611661319,UTA,Utah Starzz,1020000062,2000-06-17,UTA vs. WAS,W,2,0,0,,0,0,,0,0,,0,1,1,0,0,0,0,1,0,,1.2,0
22000,100551,Naomi Mulitauaopele,1611661319,UTA,Utah Starzz,1020000062,2000-06-17,UTA vs. WAS,W,18,3,3,1.0,0,0,,0,2,0.0,2,2,4,0,2,0,3,3,6,,13.8,0
22000,100058,Vicky Bullett,1611661322,WAS,Washington Mystics,1020000062,2000-06-17,WAS @ UTA,L,39,6,15,0.4,3,6,0.5,3,6,0.5,2,2,4,2,3,0,3,2,18,,31.8,0
22000,100198,Nikki McCray,1611661322,WAS,Washington Mystics,1020000062,2000-06-17,WAS @ UTA,L,37,8,13,0.615,3,8,0.375,1,2,0.5,1,1,2,2,1,0,3,4,20,,25.4,0
22000,100199,Murriel Page,1611661322,WAS,Washington Mystics,1020000062,2000-06-17,WAS @ UTA,L,27,3,7,0.429,0,0,,0,2,0.0,3,5,8,1,0,1,3,6,6,,17.1,0
22000,100348,Markita Aldridge,1611661322,WAS,Washington Mystics,1020000062,2000-06-17,WAS @ UTA,L,1,0,0,,0,0,,0,0,,0,0,0,0,0,0,0,0,0,,0.0,0
22000,100353,Andrea Nagy,1611661322,WAS,Washington Mystics,1020000062,2000-06-17,WAS @ UTA,L,37,0,4,0.0,0,2,0.0,2,2,1.0,2,1,3,7,1,0,1,4,2,,18.1,0
22000,100354,Heather Owen,1611661322,WAS,Washington Mystics,1020000062,2000-06-17,WAS @ UTA,L,3,0,0,,0,0,,0,0,,0,1,1,1,0,0,0,1,0,,2.7,0
22000,100356,Chamique Holdsclaw,1611661322,WAS,Washington Mystics,1020000062,2000-06-17,WAS @ UTA,L,37,9,18,0.5,1,2,0.5,0,0,,2,5,7,1,0,0,1,2,19,,27.9,0
22000,100553,Keisha Anderson,1611661322,WAS,Washington Mystics,1020000062,2000-06-17,WAS @ UTA,L,3,0,0,,0,0,,0,0,,0,0,0,0,0,0,3,2,0,,-3.0,0
22000,100554,Beth Cunningham,1611661322,WAS,Washington Mystics,1020000062,2000-06-17,WAS @ UTA,L,6,0,2,0.0,0,0,,0,0,,0,1,1,0,0,0,0,1,0,,1.2,0
22000,100555,Tausha Mills,1611661322,WAS,Washington Mystics,1020000062,2000-06-17,WAS @ UTA,L,10,1,2,0.5,0,0,,0,0,,0,1,1,1,2,0,0,2,2,,10.7,0
22000,100029,Michele Timms,1611661317,PHO,Phoenix Mercury,1020000063,2000-06-17,PHO vs. MIN,L,17,0,0,,0,0,,0,0,,0,1,1,0,2,0,1,4,0,,6.2,0
22000,100030,Jennifer Gillom,1611661317,PHO,Phoenix Mercury,1020000063,2000-06-17,PHO vs. MIN,L,26,3,10,0.3,0,6,0.0,4,4,1.0,1,2,3,4,0,1,0,1,10,,22.6,0
22000,100031,Bridget Pettis,1611661317,PHO,Phoenix Mercury,1020000063,2000-06-17,PHO vs. MIN,L,9,0,1,0.0,0,1,0.0,0,0,,0,0,0,0,0,0,0,2,0,,0.0,0
22000,100221,Michelle Brogan,1611661317,PHO,Phoenix Mercury,1020000063,2000-06-17,PHO vs. MIN,L,36,2,6,0.333,0,3,0.0,2,2,1.0,2,4,6,2,2,1,2,3,6,,23.2,0
22000,100225,Brandy Reed,1611661317,PHO,Phoenix Mercury,1020000063,2000-06-17,PHO vs. MIN,L,32,9,13,0.692,0,0,,4,5,0.8,1,4,5,2,2,1,3,2,22,,37.0,0
22000,100227,Maria Stepanova,1611661317,PHO,Phoenix Mercury,1020000063,2000-06-17,PHO vs. MIN,L,18,2,8,0.25,0,0,,0,1,0.0,3,5,8,1,0,0,1,2,4,,14.1,0
22000,100378,Lisa Harrison,1611661317,PHO,Phoenix Mercury,1020000063,2000-06-17,PHO vs. MIN,L,4,0,0,,0,0,,0,0,,0,3,3,0,0,0,1,1,0,,2.6,0
22000,100398,Tonya Edwards,1611661317,PHO,Phoenix Mercury,1020000063,2000-06-17,PHO vs. MIN,L,36,5,18,0.278,3,8,0.375,2,2,1.0,1,0,1,3,2,0,5,5,15,,21.7,0
22000,100594,Michelle Cleary,1611661317,PHO,Phoenix Mercury,1020000063,2000-06-17,PHO vs. MIN,L,22,1,1,1.0,1,1,1.0,2,2,1.0,1,0,1,1,3,1,0,0,5,,19.7,0
22000,100400,Kristin Folkl,1611661324,MIN,Minnesota Lynx,1020000063,2000-06-17,MIN @ PHO,W,26,2,4,0.5,0,1,0.0,0,0,,3,5,8,2,0,1,2,4,4,,17.6,0
22000,100402,Andrea Lloyd-Curry,1611661324,MIN,Minnesota Lynx,1020000063,2000-06-17,MIN @ PHO,W,24,1,6,0.167,1,3,0.333,1,2,0.5,0,4,4,2,0,0,1,1,4,,10.8,0
22000,100404,Katie Smith,1611661324,MIN,Minnesota Lynx,1020000063,2000-06-17,MIN @ PHO,W,39,8,16,0.5,4,9,0.444,6,6,1.0,1,2,3,0,2,0,3,3,26,,32.6,0
22000,100406,Sonja Tate,1611661324,MIN,Minnesota Lynx,1020000063,2000-06-17,MIN @ PHO,W,3,0,1,0.0,0,0,,0,0,,1,0,1,0,0,0,0,0,0,,1.2,0
22000,100481,Marla Brumfield,1611661324,MIN,Minnesota Lynx,1020000063,2000-06-17,MIN @ PHO,W,18,4,7,0.571,0,2,0.0,1,2,0.5,2,1,3,2,0,0,1,2,9,,14.6,0
22000,100482,Grace Daley,1611661324,MIN,Minnesota Lynx,1020000063,2000-06-17,MIN @ PHO,W,29,4,10,0.4,3,7,0.429,2,2,1.0,1,4,5,4,2,0,4,1,13,,27.0,0
22000,100483,Keitha Dickerson,1611661324,MIN,Minnesota Lynx,1020000063,2000-06-17,MIN @ PHO,W,18,1,3,0.333,0,0,,0,0,,2,2,4,2,1,0,1,3,2,,11.8,0
22000,100484,Betty Lennox,1611661324,MIN,Minnesota Lynx,1020000063,2000-06-17,MIN @ PHO,W,29,4,13,0.308,1,3,0.333,0,0,,2,2,4,3,1,0,3,3,9,,18.3,0
22000,100485,Maylana Martin,1611661324,MIN,Minnesota Lynx,1020000063,2000-06-17,MIN @ PHO,W,11,1,2,0.5,0,1,0.0,0,0,,1,0,1,2,0,0,0,2,2,,6.2,0
22000,100490,Shanele Stires,1611661324,MIN,Minnesota Lynx,1020000063,2000-06-17,MIN @ PHO,W,3,0,1,0.0,0,0,,0,0,,0,0,0,1,0,0,0,0,0,,1.5,0
22000,100059,Andrea Stinson,1611661314,CHA,Charlotte Sting,1020000064,2000-06-17,CHA @ SAC,L,34,5,11,0.455,0,0,,2,3,0.667,2,1,3,3,0,0,3,1,12,,17.1,0
22000,100060,Rhonda Mapp,1611661314,CHA,Charlotte Sting,1020000064,2000-06-17,CHA @ SAC,L,34,5,8,0.625,1,1,1.0,6,6,1.0,1,9,10,1,2,1,1,5,17,,38.5,0
22000,100294,Cass Bauer-Bilodeau,1611661314,CHA,Charlotte Sting,1020000064,2000-06-17,CHA @ SAC,L,14,0,2,0.0,0,0,,0,0,,0,0,0,0,0,0,2,1,0,,-2.0,0
22000,100350,Shalonda Enis,1611661314,CHA,Charlotte Sting,1020000064,2000-06-17,CHA @ SAC,L,28,2,8,0.25,0,1,0.0,6,8,0.75,2,2,4,1,0,0,2,3,10,,14.3,0
22000,100371,Charlotte Smith,1611661314,CHA,Charlotte Sting,1020000064,2000-06-17,CHA @ SAC,L,26,1,5,0.2,0,2,0.0,0,0,,3,3,6,4,1,0,1,3,2,,17.2,0
22000,100372,Dawn Staley,1611661314,CHA,Charlotte Sting,1020000064,2000-06-17,CHA @ SAC,L,37,7,16,0.438,1,3,0.333,3,4,0.75,3,2,5,4,1,0,3,4,18,,30.0,0
22000,100446,Summer Erb,1611661314,CHA,Charlotte Sting,1020000064,2000-06-17,CHA @ SAC,L,4,0,1,0.0,0,0,,2,2,1.0,1,0,1,0,0,0,0,1,2,,3.2,0
22000,100447,Tiffany Travis,1611661314,CHA,Charlotte Sting,1020000064,2000-06-17,CHA @ SAC,L,14,1,4,0.25,0,0,,0,0,,1,2,3,1,1,1,1,3,2,,12.1,0
22000,100452,E.C. Hill,1611661314,CHA,Charlotte Sting,1020000064,2000-06-17,CHA @ SAC,L,9,0,3,0.0,0,2,0.0,0,0,,1,0,1,0,0,1,1,3,0,,3.2,0
22000,100016,Ruthie Bolton,1611661318,SAC,Sacramento Monarchs,1020000064,2000-06-17,SAC vs. CHA,W,27,4,10,0.4,2,3,0.667,3,4,0.75,2,3,5,2,0,0,1,2,13,,21.0,0
22000,100027,Latasha Byears,1611661318,SAC,Sacramento Monarchs,1020000064,2000-06-17,SAC vs. CHA,W,11,1,5,0.2,0,0,,0,0,,2,1,3,0,0,0,0,2,2,,5.6,0
22000,100044,Lady Grooms,1611661318,SAC,Sacramento Monarchs,1020000064,2000-06-17,SAC vs. CHA,W,12,0,1,0.0,0,0,,3,4,0.75,2,2,4,0,1,0,1,1,3,,9.8,0
22000,100234,Ticha Penicheiro,1611661318,SAC,Sacramento Monarchs,1020000064,2000-06-17,SAC vs. CHA,W,28,2,5,0.4,0,1,0.0,2,5,0.4,1,1,2,10,2,0,1,2,6,,28.4,0
22000,100236,Tangela Smith,1611661318,SAC,Sacramento Monarchs,1020000064,2000-06-17,SAC vs. CHA,W,34,9,15,0.6,0,0,,1,2,0.5,4,5,9,2,3,3,2,3,19,,48.8,0
22000,100419,Yolanda Griffith,1611661318,SAC,Sacramento Monarchs,1020000064,2000-06-17,SAC vs. CHA,W,35,6,13,0.462,0,0,,5,8,0.625,5,3,8,2,2,5,2,4,17,,48.6,0
22000,100421,Kedra Holland-Corn,1611661318,SAC,Sacramento Monarchs,1020000064,2000-06-17,SAC vs. CHA,W,25,2,5,0.4,1,3,0.333,1,2,0.5,0,0,0,0,1,0,0,3,6,,9.0,0
22000,100534,Stacy Clinesmith,1611661318,SAC,Sacramento Monarchs,1020000064,2000-06-17,SAC vs. CHA,W,11,1,6,0.167,1,5,0.2,2,2,1.0,0,1,1,1,0,0,0,1,5,,7.7,0
22000,100535,Rhonda Banchero,1611661318,SAC,Sacramento Monarchs,1020000064,2000-06-17,SAC vs. CHA,W,1,0,0,,0,0,,0,0,,0,0,0,0,0,0,0,0,0,,0.0,0
22000,100536,Katy Steding,1611661318,SAC,Sacramento Monarchs,1020000064,2000-06-17,SAC vs. CHA,W,16,1,3,0.333,1,2,0.5,0,0,,1,3,4,2,0,1,0,1,3,,13.8,0
22000,100003,Lisa Leslie,1611661320,LAS,Los Angeles Sparks,1020000065,2000-06-17,LAS @ POR,W,26,5,11,0.455,0,0,,5,6,0.833,2,2,4,2,1,4,4,5,15,,33.8,0
22000,100008,Tamecka Dixon,1611661320,LAS,Los Angeles Sparks,1020000065,2000-06-17,LAS @ POR,W,32,8,15,0.533,2,3,0.667,6,6,1.0,3,0,3,4,0,0,1,5,24,,32.6,0
22000,100012,Mwadi Mabika,1611661320,LAS,Los Angeles Sparks,1020000065,2000-06-17,LAS @ POR,W,32,6,16,0.375,3,7,0.429,11,11,1.0,4,6,10,1,2,0,2,4,26,,43.5,0
22000,100170,Allison Feaster,1611661320,LAS,Los Angeles Sparks,1020000065,2000-06-17,LAS @ POR,W,5,1,2,0.5,0,1,0.0,0,0,,1,2,3,0,0,0,2,0,2,,3.6,0
22000,100392,Ukari Figgs,1611661320,LAS,Los Angeles Sparks,1020000065,2000-06-17,LAS @ POR,W,22,1,5,0.2,0,1,0.0,4,4,1.0,0,0,0,4,0,0,0,4,6,,12.0,0
22000,100393,La'Keshia Frett,1611661320,LAS,Los Angeles Sparks,1020000065,2000-06-17,LAS @ POR,W,15,2,4,0.5,0,0,,0,0,,0,2,2,0,1,0,0,2,4,,9.4,0
22000,100395,Clarisse Machanguana,1611661320,LAS,Los Angeles Sparks,1020000065,2000-06-17,LAS @ POR,W,23,1,1,1.0,0,0,,2,3,0.667,0,0,0,1,2,0,0,5,4,,11.5,0
22000,100396,DeLisha Milton-Jones,1611661320,LAS,Los Angeles Sparks,1020000065,2000-06-17,LAS @ POR,W,17,1,2,0.5,0,0,,1,2,0.5,0,4,4,3,1,0,2,5,3,,13.3,0
22000,100476,Vedrana Grgin Fonseca,1611661320,LAS,Los Angeles Sparks,1020000065,2000-06-17,LAS @ POR,W,10,1,3,0.333,0,2,0.0,0,0,,0,3,3,2,1,0,1,0,2,,10.6,0
22000,100478,Nicky McCrimmon,1611661320,LAS,Los Angeles Sparks,1020000065,2000-06-17,LAS @ POR,W,18,3,4,0.75,1,1,1.0,1,2,0.5,0,1,1,3,0,0,5,5,8,,8.7,0
22000,100038,Tara Williams,1611661327,POR,Portland Fire,1020000065,2000-06-17,POR vs. LAS,L,9,1,7,0.143,0,1,0.0,1,2,0.5,2,0,2,1,1,0,1,1,3,,8.9,0
22000,100105,Sophia Witherspoon,1611661327,POR,Portland Fire,1020000065,2000-06-17,POR vs. LAS,L,34,6,14,0.429,0,6,0.0,4,5,0.8,0,3,3,4,2,0,4,3,16,,27.6,0
22000,100215,Vanessa Nygaard,1611661327,POR,Portland Fire,1020000065,2000-06-17,POR vs. LAS,L,30,5,8,0.625,2,2,1.0,4,6,0.667,3,2,5,4,0,0,1,3,16,,27.0,0
22000,100284,Tully Bevilaqua,1611661327,POR,Portland Fire,1020000065,2000-06-17,POR vs. LAS,L,29,2,3,0.667,0,1,0.0,4,5,0.8,0,2,2,3,2,0,1,1,8,,19.9,0
22000,100346,Michele Van Gorp,1611661327,POR,Portland Fire,1020000065,2000-06-17,POR vs. LAS,L,6,0,1,0.0,0,0,,0,0,,1,0,1,0,1,0,2,2,0,,2.2,0
22000,100429,Alisa Burras,1611661327,POR,Portland Fire,1020000065,2000-06-17,POR vs. LAS,L,16,5,7,0.714,0,0,,2,2,1.0,0,3,3,0,0,1,2,2,12,,16.6,0
22000,100529,Sylvia Crawley,1611661327,POR,Portland Fire,1020000065,2000-06-17,POR vs. LAS,L,22,7,10,0.7,0,0,,3,5,0.6,2,3,5,0,0,0,4,5,17,,19.0,0
22000,100530,Lynn Pride,1611661327,POR,Portland Fire,1020000065,2000-06-17,POR vs. LAS,L,19,0,1,0.0,0,0,,0,0,,0,1,1,2,1,1,1,3,0,,9.2,0
22000,100532,Stacey Thomas,1611661327,POR,Portland Fire,1020000065,2000-06-17,POR vs. LAS,L,15,1,2,0.5,0,0,,3,4,0.75,0,2,2,3,1,0,0,3,5,,14.9,0
22000,100533,DeMya Walker,1611661327,POR,Portland Fire,1020000065,2000-06-17,POR vs. LAS,L,6,1,2,0.5,0,0,,1,4,0.25,0,0,0,0,0,0,1,3,3,,2.0,0
22000,100570,Michelle Marciniak,1611661327,POR,Portland Fire,1020000065,2000-06-17,POR vs. LAS,L,14,0,3,0.0,0,1,0.0,1,2,0.5,1,2,3,2,1,0,2,2,1,,8.6,0
22000,100101,Teresa Weatherspoon,1611661313,NYL,New York Liberty,1020000066,2000-06-18,NYL vs. MIA,W,36,2,5,0.4,1,1,1.0,4,6,0.667,2,2,4,7,2,0,3,3,9,,27.3,0
22000,100103,Vickie Johnson,1611661313,NYL,New York Liberty,1020000066,2000-06-18,NYL vs. MIA,W,33,5,10,0.5,1,3,0.333,0,0,,1,3,4,0,1,2,1,2,11,,23.8,0
22000,100104,Sue Wicks,1611661313,NYL,New York Liberty,1020000066,2000-06-18,NYL vs. MIA,W,27,0,2,0.0,0,0,,4,6,0.667,1,3,4,0,1,3,2,4,4,,18.8,0
22000,100342,Becky Hammon,1611661313,NYL,New York Liberty,1020000066,2000-06-18,NYL vs. MIA,W,18,2,5,0.4,0,3,0.0,0,0,,1,0,1,2,0,0,1,2,4,,7.2,0
22000,100345,Crystal Robinson,1611661313,NYL,New York Liberty,1020000066,2000-06-18,NYL vs. MIA,W,33,5,10,0.5,3,5,0.6,0,0,,0,0,0,1,1,0,1,1,13,,16.5,0
22000,100347,Tamika Whitmore,1611661313,NYL,New York Liberty,1020000066,2000-06-18,NYL vs. MIA,W,12,2,6,0.333,0,0,,2,2,1.0,1,1,2,0,0,0,3,3,6,,5.4,0
22000,100413,Tari Phillips,1611661313,NYL,New York Liberty,1020000066,2000-06-18,NYL vs. MIA,W,35,3,12,0.25,0,0,,5,6,0.833,3,7,10,1,1,0,1,4,11,,26.5,0
22000,100509,Marina Ferragut,1611661313,NYL,New York Liberty,1020000066,2000-06-18,NYL vs. MIA,W,6,0,0,,0,0,,0,0,,0,0,0,0,0,0,1,1,0,,-1.0,0
22000,100009,Katrina Colleton,1611661326,MIA,Miami Sol,1020000066,2000-06-18,MIA @ NYL,L,34,9,12,0.75,1,2,0.5,0,0,,0,1,1,1,0,0,5,4,19,,16.7,0
22000,100037,Marlies Askamp,1611661326,MIA,Miami Sol,1020000066,2000-06-18,MIA @ NYL,L,36,5,10,0.5,0,0,,4,7,0.571,3,7,10,1,0,0,1,3,14,,26.5,0
22000,100107,Kisha Ford,1611661326,MIA,Miami Sol,1020000066,2000-06-18,MIA @ NYL,L,15,1,2,0.5,0,0,,0,1,0.0,1,3,4,1,0,0,2,2,2,,6.3,0
22000,100359,Debbie Black,1611661326,MIA,Miami Sol,1020000066,2000-06-18,MIA @ NYL,L,34,2,7,0.286,0,2,0.0,0,0,,3,2,5,4,2,0,2,3,4,,20.0,0
22000,100416,Sheri Sam,1611661326,MIA,Miami Sol,1020000066,2000-06-18,MIA @ NYL,L,25,4,8,0.5,0,2,0.0,3,3,1.0,1,3,4,3,0,0,3,2,11,,17.3,0
22000,100451,Jamie Cassidy,1611661326,MIA,Miami Sol,1020000066,2000-06-18,MIA @ NYL,L,4,0,1,0.0,0,0,,0,0,,1,0,1,0,0,0,0,0,0,,1.2,0
22000,100552,Kristen Rasmussen,1611661326,MIA,Miami Sol,1020000066,2000-06-18,MIA @ NYL,L,6,0,1,0.0,0,0,,0,0,,0,0,0,0,0,0,0,1,0,,0.0,0
22000,100558,Jameka Jones,1611661326,MIA,Miami Sol,1020000066,2000-06-18,MIA @ NYL,L,6,0,1,0.0,0,1,0.0,0,0,,0,0,0,0,0,0,1,0,0,,-1.0,0
22000,100559,Milena Flores,1611661326,MIA,Miami Sol,1020000066,2000-06-18,MIA @ NYL,L,6,0,2,0.0,0,0,,0,2,0.0,0,1,1,0,0,0,1,1,0,,0.2,0
22000,100560,Shantia Owens,1611661326,MIA,Miami Sol,1020000066,2000-06-18,MIA @ NYL,L,34,0,4,0.0,0,0,,2,4,0.5,1,2,3,1,0,2,1,4,2,,12.1,0
22000,100046,Wendy Palmer,1611661321,DET,Detroit Shock,1020000067,2000-06-18,DET vs. IND,W,20,9,11,0.818,0,0,,4,6,0.667,2,2,4,1,1,0,0,4,22,,31.3,0
22000,100243,Olympia Scott,1611661321,DET,Detroit Shock,1020000067,2000-06-18,DET vs. IND,W,22,4,6,0.667,0,0,,8,12,0.667,0,6,6,3,2,1,2,4,16,,34.7,0
22000,100351,Joy Holmes,1611661321,DET,Detroit Shock,1020000067,2000-06-18,DET vs. IND,W,11,3,3,1.0,1,1,1.0,0,0,,1,1,2,0,1,0,0,1,7,,12.4,0
22000,100384,Dominique Canty,1611661321,DET,Detroit Shock,1020000067,2000-06-18,DET vs. IND,W,22,0,2,0.0,0,0,,6,8,0.75,0,0,0,2,2,0,0,3,6,,15.0,0
22000,100386,Claudia Neves,1611661321,DET,Detroit Shock,1020000067,2000-06-18,DET vs. IND,W,19,1,5,0.2,0,2,0.0,1,2,0.5,0,0,0,4,4,0,2,2,3,,19.0,0
22000,100387,Astou Ndiaye-Diatta,1611661321,DET,Detroit Shock,1020000067,2000-06-18,DET vs. IND,W,25,8,10,0.8,0,0,,0,0,,1,4,5,1,2,0,1,0,16,,28.5,0
22000,100388,Elena Tornikidou,1611661321,DET,Detroit Shock,1020000067,2000-06-18,DET vs. IND,W,18,3,7,0.429,0,0,,5,6,0.833,2,2,4,2,2,0,1,4,11,,23.8,0
22000,100390,Oksana Zakaluzhnaya,1611661321,DET,Detroit Shock,1020000067,2000-06-18,DET vs. IND,W,13,1,3,0.333,0,0,,4,4,1.0,0,3,3,0,1,0,1,3,6,,11.6,0
22000,100492,Edwina Brown,1611661321,DET,Detroit Shock,1020000067,2000-06-18,DET vs. IND,W,24,4,6,0.667,0,0,,4,6,0.667,2,2,4,2,2,0,1,4,12,,24.8,0
22000,100493,Anna DeForge,1611661321,DET,Detroit Shock,1020000067,2000-06-18,DET vs. IND,W,5,1,1,1.0,0,0,,0,0,,0,0,0,1,1,0,0,1,2,,6.5,0
22000,100496,Tamicha Jackson,1611661321,DET,Detroit Shock,1020000067,2000-06-18,DET vs. IND,W,21,1,5,0.2,0,1,0.0,8,10,0.8,0,1,1,5,2,0,1,5,10,,23.7,0
22000,100022,Chantel Tremitiere,1611661325,IND,Indiana Fever,1020000067,2000-06-18,IND @ DET,L,8,1,1,1.0,1,1,1.0,0,2,0.0,1,1,2,0,1,0,2,3,3,,6.4,0
22000,100201,Alessandra Santos de Olive,1611661325,IND,Indiana Fever,1020000067,2000-06-18,IND @ DET,L,5,0,0,,0,0,,0,4,0.0,0,2,2,0,0,0,1,2,0,,1.4,0
22000,100204,Rita Williams,1611661325,IND,Indiana Fever,1020000067,2000-06-18,IND @ DET,L,22,3,4,0.75,1,1,1.0,4,6,0.667,0,0,0,1,2,0,0,6,11,,18.5,0
22000,100216,Alicia Thompson,1611661325,IND,Indiana Fever,1020000067,2000-06-18,IND @ DET,L,28,7,12,0.583,0,0,,0,1,0.0,4,3,7,0,0,0,1,4,14,,21.4,0
22000,100340,Kara Wolters,1611661325,IND,Indiana Fever,1020000067,2000-06-18,IND @ DET,L,16,2,4,0.5,0,0,,4,4,1.0,0,3,3,0,0,0,2,2,8,,9.6,0
22000,100357,Monica Maxwell,1611661325,IND,Indiana Fever,1020000067,2000-06-18,IND @ DET,L,36,4,13,0.308,1,4,0.25,2,2,1.0,0,1,1,1,1,1,5,5,11,,14.7,0
22000,100370,Stephanie White,1611661325,IND,Indiana Fever,1020000067,2000-06-18,IND @ DET,L,24,1,2,0.5,0,1,0.0,4,5,0.8,0,1,1,2,1,0,3,2,6,,10.2,0
22000,100394,Gordana Grubin,1611661325,IND,Indiana Fever,1020000067,2000-06-18,IND @ DET,L,22,7,13,0.538,0,1,0.0,5,6,0.833,3,4,7,2,1,0,6,2,19,,27.4,0
22000,100468,Usha Gilmore,1611661325,IND,Indiana Fever,1020000067,2000-06-18,IND @ DET,L,8,0,2,0.0,0,0,,0,0,,0,1,1,0,0,0,2,4,0,,-0.8,0
22000,100471,Danielle McCulley,1611661325,IND,Indiana Fever,1020000067,2000-06-18,IND @ DET,L,22,1,3,0.333,0,0,,0,2,0.0,2,0,2,0,0,0,4,6,2,,0.4,0
22000,101006,Jurgita Streimikyte,1611661325,IND,Indiana Fever,1020000067,2000-06-18,IND @ DET,L,9,0,0,,0,0,,0,2,0.0,2,0,2,1,0,1,1,3,0,,5.9,0
22000,100072,Sheryl Swoopes,1611661316,HOU,Houston Comets,1020000068,2000-06-18,HOU vs. MIN,W,36,9,18,0.5,1,2,0.5,1,2,0.5,2,7,9,7,0,0,3,5,20,,38.3,0
22000,100073,Cynthia Cooper,1611661316,HOU,Houston Comets,1020000068,2000-06-18,HOU vs. MIN,W,38,8,14,0.571,3,5,0.6,6,6,1.0,1,3,4,5,2,1,6,1,25,,40.3,0
22000,100075,Janeth Arcain,1611661316,HOU,Houston Comets,1020000068,2000-06-18,HOU vs. MIN,W,34,2,7,0.286,0,1,0.0,0,0,,1,3,4,1,0,0,0,1,4,,10.3,0
22000,100076,Tina Thompson,1611661316,HOU,Houston Comets,1020000068,2000-06-18,HOU vs. MIN,W,34,6,12,0.5,3,5,0.6,4,4,1.0,1,3,4,1,2,1,2,4,19,,32.3,0
22000,100077,Tammy Jackson,1611661316,HOU,Houston Comets,1020000068,2000-06-18,HOU vs. MIN,W,11,1,1,1.0,0,0,,0,0,,0,2,2,1,0,2,1,3,2,,10.9,0
22000,100211,Amaya Valdemoro,1611661316,HOU,Houston Comets,1020000068,2000-06-18,HOU vs. MIN,W,2,0,0,,0,0,,2,2,1.0,0,0,0,0,0,0,1,1,2,,1.0,0
22000,100217,Coquese Washington,1611661316,HOU,Houston Comets,1020000068,2000-06-18,HOU vs. MIN,W,1,0,1,0.0,0,1,0.0,0,0,,0,0,0,0,0,0,1,1,0,,-1.0,0
22000,100233,Tiffani Johnson,1611661316,HOU,Houston Comets,1020000068,2000-06-18,HOU vs. MIN,W,29,2,4,0.5,0,0,,2,2,1.0,2,10,12,1,0,1,1,3,6,,23.9,0
22000,100338,Jennifer Rizzotti,1611661316,HOU,Houston Comets,1020000068,2000-06-18,HOU vs. MIN,W,11,0,0,,0,0,,0,0,,0,1,1,1,1,0,0,0,0,,5.7,0
22000,100500,Elena Shakirova,1611661316,HOU,Houston Comets,1020000068,2000-06-18,HOU vs. MIN,W,3,0,0,,0,0,,0,0,,0,0,0,0,1,0,0,0,0,,3.0,0
22000,100504,Kelley Gibson,1611661316,HOU,Houston Comets,1020000068,2000-06-18,HOU vs. MIN,W,1,0,0,,0,0,,0,0,,0,0,0,0,0,0,0,0,0,,0.0,0
22000,100400,Kristin Folkl,1611661324,MIN,Minnesota Lynx,1020000068,2000-06-18,MIN @ HOU,L,29,5,9,0.556,1,1,1.0,3,4,0.75,2,2,4,1,1,1,3,2,14,,23.3,0
22000,100402,Andrea Lloyd-Curry,1611661324,MIN,Minnesota Lynx,1020000068,2000-06-18,MIN @ HOU,L,18,4,7,0.571,3,4,0.75,0,0,,0,3,3,0,1,0,1,0,11,,16.6,0
22000,100404,Katie Smith,1611661324,MIN,Minnesota Lynx,1020000068,2000-06-18,MIN @ HOU,L,37,7,21,0.333,4,10,0.4,0,0,,3,1,4,1,1,0,0,3,18,,27.3,0
22000,100481,Marla Brumfield,1611661324,MIN,Minnesota Lynx,1020000068,2000-06-18,MIN @ HOU,L,24,1,4,0.25,0,1,0.0,0,0,,2,2,4,4,1,0,2,3,2,,13.8,0
22000,100482,Grace Daley,1611661324,MIN,Minnesota Lynx,1020000068,2000-06-18,MIN @ HOU,L,27,0,5,0.0,0,3,0.0,3,4,0.75,0,1,1,2,0,0,1,5,3,,6.2,0
22000,100483,Keitha Dickerson,1611661324,MIN,Minnesota Lynx,1020000068,2000-06-18,MIN @ HOU,L,31,1,3,0.333,0,0,,3,3,1.0,1,3,4,2,1,0,0,4,5,,15.8,0
22000,100484,Betty Lennox,1611661324,MIN,Minnesota Lynx,1020000068,2000-06-18,MIN @ HOU,L,28,5,14,0.357,1,4,0.25,0,1,0.0,1,4,5,4,0,1,3,1,11,,23.0,0
22000,100485,Maylana Martin,1611661324,MIN,Minnesota Lynx,1020000068,2000-06-18,MIN @ HOU,L,6,1,2,0.5,0,1,0.0,0,0,,0,1,1,0,0,0,0,2,2,,3.2,0
22000,100059,Andrea Stinson,1611661314,CHA,Charlotte Sting,1020000069,2000-06-18,CHA @ LAS,L,38,4,13,0.308,1,2,0.5,4,6,0.667,1,6,7,2,5,1,3,1,13,,39.4,0
22000,100060,Rhonda Mapp,1611661314,CHA,Charlotte Sting,1020000069,2000-06-18,CHA @ LAS,L,30,2,5,0.4,0,1,0.0,1,2,0.5,2,6,8,1,1,0,3,4,5,,16.1,0
22000,100294,Cass Bauer-Bilodeau,1611661314,CHA,Charlotte Sting,1020000069,2000-06-18,CHA @ LAS,L,8,1,1,1.0,0,0,,0,0,,0,0,0,2,0,0,1,1,2,,4.0,0
22000,100350,Shalonda Enis,1611661314,CHA,Charlotte Sting,1020000069,2000-06-18,CHA @ LAS,L,21,2,8,0.25,0,1,0.0,2,2,1.0,2,1,3,0,1,0,4,1,6,,8.6,0
22000,100371,Charlotte Smith,1611661314,CHA,Charlotte Sting,1020000069,2000-06-18,CHA @ LAS,L,27,1,5,0.2,0,1,0.0,2,2,1.0,3,7,10,2,1,0,5,5,4,,17.0,0
22000,100372,Dawn Staley,1611661314,CHA,Charlotte Sting,1020000069,2000-06-18,CHA @ LAS,L,37,3,9,0.333,0,0,,5,6,0.833,0,1,1,6,0,0,2,1,11,,19.2,0
22000,100446,Summer Erb,1611661314,CHA,Charlotte Sting,1020000069,2000-06-18,CHA @ LAS,L,21,7,11,0.636,0,0,,7,9,0.778,3,5,8,0,0,1,0,3,21,,33.6,0
22000,100447,Tiffany Travis,1611661314,CHA,Charlotte Sting,1020000069,2000-06-18,CHA @ LAS,L,13,0,3,0.0,0,1,0.0,0,0,,0,2,2,0,1,0,1,1,0,,4.4,0
22000,100452,E.C. Hill,1611661314,CHA,Charlotte Sting,1020000069,2000-06-18,CHA @ LAS,L,5,0,1,0.0,0,0,,0,0,,1,0,1,0,0,0,2,0,0,,-0.8,0
22000,100003,Lisa Leslie,1611661320,LAS,Los Angeles Sparks,1020000069,2000-06-18,LAS vs. CHA,W,31,10,18,0.556,0,1,0.0,0,0,,1,4,5,2,3,6,0,5,20,,56.0,0
22000,100008,Tamecka Dixon,1611661320,LAS,Los Angeles Sparks,1020000069,2000-06-18,LAS vs. CHA,W,22,1,5,0.2,0,1,0.0,0,0,,1,1,2,1,1,0,1,5,2,,7.9,0
22000,100012,Mwadi Mabika,1611661320,LAS,Los Angeles Sparks,1020000069,2000-06-18,LAS vs. CHA,W,34,6,13,0.462,3,4,0.75,6,8,0.75,3,2,5,4,2,1,4,3,21,,38.0,0
22000,100170,Allison Feaster,1611661320,LAS,Los Angeles Sparks,1020000069,2000-06-18,LAS vs. CHA,W,17,4,12,0.333,0,4,0.0,1,3,0.333,5,1,6,1,2,0,1,2,9,,22.7,0
22000,100392,Ukari Figgs,1611661320,LAS,Los Angeles Sparks,1020000069,2000-06-18,LAS vs. CHA,W,25,2,5,0.4,0,2,0.0,2,2,1.0,0,0,0,5,1,0,1,3,6,,15.5,0
22000,100393,La'Keshia Frett,1611661320,LAS,Los Angeles Sparks,1020000069,2000-06-18,LAS vs. CHA,W,7,0,1,0.0,0,0,,0,0,,1,0,1,0,2,1,1,0,0,,9.2,0
22000,100395,Clarisse Machanguana,1611661320,LAS,Los Angeles Sparks,1020000069,2000-06-18,LAS vs. CHA,W,13,3,6,0.5,0,0,,0,0,,0,0,0,3,0,0,0,3,6,,10.5,0
22000,100396,DeLisha Milton-Jones,1611661320,LAS,Los Angeles Sparks,1020000069,2000-06-18,LAS vs. CHA,W,30,3,8,0.375,0,0,,0,0,,0,5,5,0,3,0,1,3,6,,20.0,0
22000,100476,Vedrana Grgin Fonseca,1611661320,LAS,Los Angeles Sparks,1020000069,2000-06-18,LAS vs. CHA,W,5,0,2,0.0,0,2,0.0,0,0,,0,0,0,0,0,0,1,0,0,,-1.0,0
22000,100478,Nicky McCrimmon,1611661320,LAS,Los Angeles Sparks,1020000069,2000-06-18,LAS vs. CHA,W,16,0,3,0.0,0,0,,0,0,,1,1,2,1,0,1,2,1,0,,4.9,0
22000,100239,Margo Dydek,1611661319,UTA,Utah Starzz,1020000070,2000-06-18,UTA @ SEA,W,23,3,4,0.75,0,0,,10,10,1.0,1,6,7,1,0,3,2,2,16,,32.9,0
22000,100242,LaTonya Johnson,1611661319,UTA,Utah Starzz,1020000070,2000-06-18,UTA @ SEA,W,15,2,5,0.4,0,1,0.0,0,0,,1,1,2,0,2,0,5,3,4,,7.4,0
22000,100250,Korie Hlede,1611661319,UTA,Utah Starzz,1020000070,2000-06-18,UTA @ SEA,W,25,2,10,0.2,0,2,0.0,0,0,,0,6,6,1,2,0,3,0,4,,15.7,0
22000,100363,Adrienne Goodson,1611661319,UTA,Utah Starzz,1020000070,2000-06-18,UTA @ SEA,W,25,1,6,0.167,0,0,,2,5,0.4,1,4,5,3,1,0,5,2,4,,12.5,0
22000,100364,Dalma Ivanyi,1611661319,UTA,Utah Starzz,1020000070,2000-06-18,UTA @ SEA,W,31,3,6,0.5,2,4,0.5,1,2,0.5,0,2,2,2,1,0,4,4,9,,13.4,0
22000,100422,Kate Starbird,1611661319,UTA,Utah Starzz,1020000070,2000-06-18,UTA @ SEA,W,15,2,6,0.333,0,1,0.0,2,3,0.667,0,3,3,2,0,0,0,1,6,,12.6,0
22000,100547,Stacy Frese,1611661319,UTA,Utah Starzz,1020000070,2000-06-18,UTA @ SEA,W,9,0,0,,0,0,,0,0,,1,0,1,0,0,0,1,0,0,,0.2,0
22000,100548,Katryna Gaither,1611661319,UTA,Utah Starzz,1020000070,2000-06-18,UTA @ SEA,W,6,0,0,,0,0,,0,0,,0,2,2,0,0,0,2,0,0,,0.4,0
22000,100549,Amy Herrig,1611661319,UTA,Utah Starzz,1020000070,2000-06-18,UTA @ SEA,W,23,2,2,1.0,0,0,,1,2,0.5,1,3,4,2,1,1,3,3,5,,15.8,0
22000,100551,Naomi Mulitauaopele,1611661319,UTA,Utah Starzz,1020000070,2000-06-18,UTA @ SEA,W,28,4,8,0.5,0,0,,0,0,,3,1,4,0,0,1,1,2,8,,14.8,0
22000,100088,Michelle Edwards,1611661328,SEA,Seattle Storm,1020000070,2000-06-18,SEA vs. UTA,L,23,1,4,0.25,0,1,0.0,3,4,0.75,0,0,0,0,0,0,1,3,5,,4.0,0
22000,100111,Simone Edwards,1611661328,SEA,Seattle Storm,1020000070,2000-06-18,SEA vs. UTA,L,35,3,12,0.25,0,0,,0,2,0.0,4,5,9,2,3,1,1,2,6,,30.8,0
22000,100179,Charmin Smith,1611661328,SEA,Seattle Storm,1020000070,2000-06-18,SEA vs. UTA,L,3,0,0,,0,0,,0,0,,1,0,1,0,0,0,0,0,0,,1.2,0
22000,100336,Sonja Henning,1611661328,SEA,Seattle Storm,1020000070,2000-06-18,SEA vs. UTA,L,34,2,5,0.4,1,3,0.333,0,0,,0,0,0,2,4,0,3,1,5,,17.0,0
22000,100375,Edna Campbell,1611661328,SEA,Seattle Storm,1020000070,2000-06-18,SEA vs. UTA,L,36,8,16,0.5,1,4,0.25,4,4,1.0,1,4,5,1,1,0,1,2,21,,30.5,0
22000,100470,Stacey Lovelace,1611661328,SEA,Seattle Storm,1020000070,2000-06-18,SEA vs. UTA,L,20,1,5,0.2,0,1,0.0,2,2,1.0,1,3,4,1,0,0,3,3,4,,7.3,0
22000,100503,Andrea Garner,1611661328,SEA,Seattle Storm,1020000070,2000-06-18,SEA vs. UTA,L,6,0,1,0.0,0,0,,1,2,0.5,0,0,0,0,0,0,0,2,1,,1.0,0
22000,100538,Katrina Hibbert,1611661328,SEA,Seattle Storm,1020000070,2000-06-18,SEA vs. UTA,L,23,2,5,0.4,1,3,0.333,0,0,,1,2,3,1,2,0,1,2,5,,15.1,0
22000,100542,Charisse Sampson,1611661328,SEA,Seattle Storm,1020000070,2000-06-18,SEA vs. UTA,L,1,0,1,0.0,0,1,0.0,0,0,,0,0,0,0,1,0,0,1,0,,3.0,0
22000,100544,Kamila Vodichkova,1611661328,SEA,Seattle Storm,1020000070,2000-06-18,SEA vs. UTA,L,19,2,12,0.167,0,2,0.0,2,2,1.0,2,0,2,1,0,0,3,4,6,,6.9,0
22000,100046,Wendy Palmer,1611661321,DET,Detroit Shock,1020000071,2000-06-19,DET @ WAS,L,23,3,7,0.429,0,1,0.0,1,2,0.5,0,5,5,0,0,0,0,3,7,,13.0,0
22000,100243,Olympia Scott,1611661321,DET,Detroit Shock,1020000071,2000-06-19,DET @ WAS,L,15,2,6,0.333,0,1,0.0,0,1,0.0,3,2,5,0,0,1,1,2,4,,12.0,0
22000,100351,Joy Holmes,1611661321,DET,Detroit Shock,1020000071,2000-06-19,DET @ WAS,L,13,2,3,0.667,0,0,,4,4,1.0,3,0,3,0,0,0,1,1,8,,10.6,0
22000,100384,Dominique Canty,1611661321,DET,Detroit Shock,1020000071,2000-06-19,DET @ WAS,L,24,3,7,0.429,0,0,,2,2,1.0,1,2,3,0,0,0,3,2,8,,8.6,0
22000,100386,Claudia Neves,1611661321,DET,Detroit Shock,1020000071,2000-06-19,DET @ WAS,L,17,0,4,0.0,0,3,0.0,0,0,,0,0,0,1,2,0,2,1,0,,5.5,0
22000,100387,Astou Ndiaye-Diatta,1611661321,DET,Detroit Shock,1020000071,2000-06-19,DET @ WAS,L,27,2,7,0.286,0,0,,0,2,0.0,0,5,5,1,0,0,0,4,4,,11.5,0
22000,100388,Elena Tornikidou,1611661321,DET,Detroit Shock,1020000071,2000-06-19,DET @ WAS,L,18,2,5,0.4,0,1,0.0,0,0,,1,1,2,1,1,1,1,2,4,,12.9,0
22000,100390,Oksana Zakaluzhnaya,1611661321,DET,Detroit Shock,1020000071,2000-06-19,DET @ WAS,L,15,2,6,0.333,0,0,,1,2,0.5,3,1,4,0,0,1,0,3,5,,12.8,0
22000,100492,Edwina Brown,1611661321,DET,Detroit Shock,1020000071,2000-06-19,DET @ WAS,L,18,1,7,0.143,0,0,,0,0,,0,2,2,2,1,0,2,3,2,,8.4,0
22000,100493,Anna DeForge,1611661321,DET,Detroit Shock,1020000071,2000-06-19,DET @ WAS,L,9,0,3,0.0,0,1,0.0,0,0,,0,1,1,0,0,0,1,1,0,,0.2,0
22000,100496,Tamicha Jackson,1611661321,DET,Detroit Shock,1020000071,2000-06-19,DET @ WAS,L,21,6,13,0.462,0,4,0.0,1,2,0.5,0,1,1,3,2,0,2,2,13,,22.7,0
22000,100058,Vicky Bullett,1611661322,WAS,Washington Mystics,1020000071,2000-06-19,WAS vs. DET,W,37,8,12,0.667,0,0,,6,7,0.857,2,6,8,2,2,0,3,3,22,,37.6,0
22000,100198,Nikki McCray,1611661322,WAS,Washington Mystics,1020000071,2000-06-19,WAS vs. DET,W,25,5,13,0.385,2,4,0.5,0,0,,1,2,3,2,1,0,3,3,12,,18.6,0
22000,100199,Murriel Page,1611661322,WAS,Washington Mystics,1020000071,2000-06-19,WAS vs. DET,W,34,4,5,0.8,0,0,,3,9,0.333,4,7,11,1,1,1,2,3,11,,29.7,0
22000,100348,Markita Aldridge,1611661322,WAS,Washington Mystics,1020000071,2000-06-19,WAS vs. DET,W,19,3,3,1.0,0,0,,0,2,0.0,0,2,2,5,1,1,0,1,6,,21.9,0
22000,100353,Andrea Nagy,1611661322,WAS,Washington Mystics,1020000071,2000-06-19,WAS vs. DET,W,32,1,3,0.333,1,3,0.333,5,6,0.833,0,3,3,7,1,0,2,4,8,,23.1,0
22000,100354,Heather Owen,1611661322,WAS,Washington Mystics,1020000071,2000-06-19,WAS vs. DET,W,1,0,0,,0,0,,0,0,,0,0,0,0,0,0,0,0,0,,0.0,0
22000,100356,Chamique Holdsclaw,1611661322,WAS,Washington Mystics,1020000071,2000-06-19,WAS vs. DET,W,34,8,18,0.444,1,3,0.333,0,1,0.0,2,6,8,3,3,1,5,2,17,,38.1,0
22000,100553,Keisha Anderson,1611661322,WAS,Washington Mystics,1020000071,2000-06-19,WAS vs. DET,W,8,1,1,1.0,0,0,,0,0,,0,2,2,1,0,0,1,0,2,,4.9,0
22000,100555,Tausha Mills,1611661322,WAS,Washington Mystics,1020000071,2000-06-19,WAS vs. DET,W,8,1,4,0.25,0,0,,0,0,,2,1,3,1,0,0,0,2,2,,7.1,0
22000,100557,Tonya Massaline,1611661322,WAS,Washington Mystics,1020000071,2000-06-19,WAS vs. DET,W,2,0,0,,0,0,,0,0,,0,0,0,0,0,0,0,0,0,,0.0,0
22000,100091,Eva Nemcova,1611661315,CLE,Cleveland Rockers,1020000072,2000-06-19,CLE vs. SAC,W,33,6,12,0.5,3,6,0.5,6,6,1.0,1,1,2,1,1,1,1,1,21,,29.9,0
22000,100092,Merlakia Jones,1611661315,CLE,Cleveland Rockers,1020000072,2000-06-19,CLE vs. SAC,W,25,4,10,0.4,0,1,0.0,0,0,,2,1,3,6,0,0,4,3,8,,16.6,0
22000,100097,Rushia Brown,1611661315,CLE,Cleveland Rockers,1020000072,2000-06-19,CLE vs. SAC,W,25,4,7,0.571,0,0,,4,4,1.0,1,3,4,2,1,0,1,3,12,,21.8,0
22000,100187,Suzie McConnell Serio,1611661315,CLE,Cleveland Rockers,1020000072,2000-06-19,CLE vs. SAC,W,19,2,2,1.0,2,2,1.0,2,2,1.0,0,2,2,2,1,0,1,2,8,,15.4,0
22000,100237,Tricia Bader Binford,1611661315,CLE,Cleveland Rockers,1020000072,2000-06-19,CLE vs. SAC,W,2,0,0,,0,0,,0,0,,0,0,0,0,1,0,0,0,0,,3.0,0
22000,100428,Mery Andrade,1611661315,CLE,Cleveland Rockers,1020000072,2000-06-19,CLE vs. SAC,W,21,1,2,0.5,0,1,0.0,9,10,0.9,3,1,4,3,4,0,2,3,11,,30.3,0
22000,100433,Chasity Melvin,1611661315,CLE,Cleveland Rockers,1020000072,2000-06-19,CLE vs. SAC,W,34,4,10,0.4,0,1,0.0,3,5,0.6,0,2,2,1,1,1,0,3,11,,20.9,0
22000,100445,Ann Wauters,1611661315,CLE,Cleveland Rockers,1020000072,2000-06-19,CLE vs. SAC,W,7,0,2,0.0,0,0,,0,0,,0,0,0,0,0,0,1,1,0,,-1.0,0
22000,100457,Helen Darling,1611661315,CLE,Cleveland Rockers,1020000072,2000-06-19,CLE vs. SAC,W,19,3,5,0.6,2,2,1.0,2,2,1.0,0,3,3,3,1,0,3,0,10,,18.1,0
22000,100458,Vicki Hall,1611661315,CLE,Cleveland Rockers,1020000072,2000-06-19,CLE vs. SAC,W,15,0,3,0.0,0,1,0.0,0,0,,0,2,2,0,0,0,0,1,0,,2.4,0
22000,100016,Ruthie Bolton,1611661318,SAC,Sacramento Monarchs,1020000072,2000-06-19,SAC @ CLE,L,34,3,7,0.429,0,3,0.0,0,0,,0,2,2,3,2,1,4,4,6,,17.9,0
22000,100027,Latasha Byears,1611661318,SAC,Sacramento Monarchs,1020000072,2000-06-19,SAC @ CLE,L,18,4,5,0.8,0,0,,4,4,1.0,1,5,6,0,0,0,2,4,12,,17.2,0
22000,100044,Lady Grooms,1611661318,SAC,Sacramento Monarchs,1020000072,2000-06-19,SAC @ CLE,L,2,0,0,,0,0,,0,0,,0,0,0,0,0,0,1,1,0,,-1.0,0
22000,100183,Cindy Blodgett,1611661318,SAC,Sacramento Monarchs,1020000072,2000-06-19,SAC @ CLE,L,5,2,4,0.5,0,2,0.0,0,0,,0,0,0,0,0,0,0,1,4,,4.0,0
22000,100234,Ticha Penicheiro,1611661318,SAC,Sacramento Monarchs,1020000072,2000-06-19,SAC @ CLE,L,29,0,5,0.0,0,1,0.0,1,2,0.5,0,4,4,11,0,0,4,4,1,,18.3,0
22000,100236,Tangela Smith,1611661318,SAC,Sacramento Monarchs,1020000072,2000-06-19,SAC @ CLE,L,40,8,14,0.571,0,0,,3,4,0.75,1,5,6,1,3,1,0,3,19,,39.7,0
22000,100419,Yolanda Griffith,1611661318,SAC,Sacramento Monarchs,1020000072,2000-06-19,SAC @ CLE,L,20,3,6,0.5,0,0,,4,4,1.0,2,2,4,2,3,0,2,5,10,,24.8,0
22000,100421,Kedra Holland-Corn,1611661318,SAC,Sacramento Monarchs,1020000072,2000-06-19,SAC @ CLE,L,33,5,9,0.556,3,5,0.6,2,3,0.667,1,1,2,2,1,0,4,6,15,,19.4,0
22000,100534,Stacy Clinesmith,1611661318,SAC,Sacramento Monarchs,1020000072,2000-06-19,SAC @ CLE,L,11,1,4,0.25,1,4,0.25,0,0,,0,0,0,3,0,0,0,0,3,,7.5,0
22000,100536,Katy Steding,1611661318,SAC,Sacramento Monarchs,1020000072,2000-06-19,SAC @ CLE,L,8,0,0,,0,0,,0,0,,1,0,1,2,1,0,0,0,0,,7.2,0
22000,100030,Jennifer Gillom,1611661317,PHO,Phoenix Mercury,1020000073,2000-06-20,PHO @ MIN,W,34,2,8,0.25,0,1,0.0,2,2,1.0,0,5,5,3,1,2,2,1,6,,23.5,0
22000,100031,Bridget Pettis,1611661317,PHO,Phoenix Mercury,1020000073,2000-06-20,PHO @ MIN,W,30,8,13,0.615,2,5,0.4,4,4,1.0,0,3,3,5,3,1,4,1,22,,41.1,0
22000,100045,Dena Head,1611661317,PHO,Phoenix Mercury,1020000073,2000-06-20,PHO @ MIN,W,1,0,0,,0,0,,0,0,,0,0,0,0,0,0,0,0,0,,0.0,0
22000,100221,Michelle Brogan,1611661317,PHO,Phoenix Mercury,1020000073,2000-06-20,PHO @ MIN,W,32,3,5,0.6,1,1,1.0,0,0,,3,6,9,3,0,0,2,3,7,,20.3,0
22000,100225,Brandy Reed,1611661317,PHO,Phoenix Mercury,1020000073,2000-06-20,PHO @ MIN,W,21,2,6,0.333,0,1,0.0,0,0,,0,3,3,4,4,0,0,0,4,,25.6,0
22000,100227,Maria Stepanova,1611661317,PHO,Phoenix Mercury,1020000073,2000-06-20,PHO @ MIN,W,8,2,2,1.0,0,0,,0,0,,0,1,1,1,0,2,2,1,4,,10.7,0
22000,100378,Lisa Harrison,1611661317,PHO,Phoenix Mercury,1020000073,2000-06-20,PHO @ MIN,W,30,5,8,0.625,1,2,0.5,1,2,0.5,2,2,4,1,1,0,1,2,12,,20.3,0
22000,100398,Tonya Edwards,1611661317,PHO,Phoenix Mercury,1020000073,2000-06-20,PHO @ MIN,W,25,5,8,0.625,3,4,0.75,3,4,0.75,1,0,1,0,0,0,3,1,16,,14.2,0
22000,100526,Adrian Williams-Strong,1611661317,PHO,Phoenix Mercury,1020000073,2000-06-20,PHO @ MIN,W,6,1,1,1.0,0,0,,1,2,0.5,0,2,2,1,0,0,0,0,3,,6.9,0
22000,100594,Michelle Cleary,1611661317,PHO,Phoenix Mercury,1020000073,2000-06-20,PHO @ MIN,W,13,0,1,0.0,0,1,0.0,0,0,,0,0,0,1,1,0,1,0,0,,3.5,0
22000,100400,Kristin Folkl,1611661324,MIN,Minnesota Lynx,1020000073,2000-06-20,MIN vs. PHO,L,34,5,10,0.5,0,1,0.0,2,2,1.0,3,3,6,4,2,0,3,2,12,,28.2,0
22000,100402,Andrea Lloyd-Curry,1611661324,MIN,Minnesota Lynx,1020000073,2000-06-20,MIN vs. PHO,L,29,3,5,0.6,2,3,0.667,0,0,,1,3,4,3,3,0,2,3,8,,24.3,0
22000,100404,Katie Smith,1611661324,MIN,Minnesota Lynx,1020000073,2000-06-20,MIN vs. PHO,L,37,4,15,0.267,0,6,0.0,2,2,1.0,1,3,4,2,1,0,1,1,10,,19.8,0
22000,100406,Sonja Tate,1611661324,MIN,Minnesota Lynx,1020000073,2000-06-20,MIN vs. PHO,L,10,1,4,0.25,0,2,0.0,0,0,,1,1,2,2,0,0,0,3,2,,7.4,0
22000,100481,Marla Brumfield,1611661324,MIN,Minnesota Lynx,1020000073,2000-06-20,MIN vs. PHO,L,19,2,2,1.0,0,0,,0,0,,0,0,0,2,0,0,0,2,4,,7.0,0
22000,100482,Grace Daley,1611661324,MIN,Minnesota Lynx,1020000073,2000-06-20,MIN vs. PHO,L,25,1,5,0.2,0,2,0.0,0,0,,1,0,1,0,0,0,2,0,2,,1.2,0
22000,100483,Keitha Dickerson,1611661324,MIN,Minnesota Lynx,1020000073,2000-06-20,MIN vs. PHO,L,12,0,3,0.0,0,0,,0,0,,0,2,2,1,0,0,3,0,0,,0.9,0
22000,100484,Betty Lennox,1611661324,MIN,Minnesota Lynx,1020000073,2000-06-20,MIN vs. PHO,L,23,5,9,0.556,3,5,0.6,1,2,0.5,1,3,4,2,1,0,6,2,14,,18.8,0
22000,100485,Maylana Martin,1611661324,MIN,Minnesota Lynx,1020000073,2000-06-20,MIN vs. PHO,L,6,0,2,0.0,0,0,,0,0,,0,0,0,1,0,0,1,0,0,,0.5,0
22000,100487,Kate Paye,1611661324,MIN,Minnesota Lynx,1020000073,2000-06-20,MIN vs. PHO,L,5,1,2,0.5,1,2,0.5,0,0,,0,0,0,0,0,0,0,2,3,,3.0,0
22000,100239,Margo Dydek,1611661319,UTA,Utah Starzz,1020000074,2000-06-20,UTA vs. SEA,W,32,6,8,0.75,0,0,,5,6,0.833,2,6,8,2,0,4,3,4,17,,38.6,0
22000,100242,LaTonya Johnson,1611661319,UTA,Utah Starzz,1020000074,2000-06-20,UTA vs. SEA,W,9,1,2,0.5,0,0,,0,0,,1,0,1,0,0,0,0,1,2,,3.2,0
22000,100250,Korie Hlede,1611661319,UTA,Utah Starzz,1020000074,2000-06-20,UTA vs. SEA,W,27,3,9,0.333,2,2,1.0,1,3,0.333,3,3,6,3,1,0,3,0,9,,20.7,0
22000,100363,Adrienne Goodson,1611661319,UTA,Utah Starzz,1020000074,2000-06-20,UTA vs. SEA,W,31,9,16,0.563,0,0,,5,9,0.556,4,2,6,0,0,0,2,3,23,,28.2,0
22000,100364,Dalma Ivanyi,1611661319,UTA,Utah Starzz,1020000074,2000-06-20,UTA vs. SEA,W,35,0,3,0.0,0,2,0.0,4,4,1.0,1,2,3,4,1,0,0,4,4,,16.6,0
22000,100422,Kate Starbird,1611661319,UTA,Utah Starzz,1020000074,2000-06-20,UTA vs. SEA,W,13,0,3,0.0,0,1,0.0,1,2,0.5,0,2,2,1,2,0,1,0,1,,9.9,0
22000,100547,Stacy Frese,1611661319,UTA,Utah Starzz,1020000074,2000-06-20,UTA vs. SEA,W,5,0,0,,0,0,,0,0,,0,1,1,0,0,0,2,0,0,,-0.8,0
22000,100548,Katryna Gaither,1611661319,UTA,Utah Starzz,1020000074,2000-06-20,UTA vs. SEA,W,3,0,0,,0,0,,0,0,,0,0,0,0,0,0,0,0,0,,0.0,0
22000,100549,Amy Herrig,1611661319,UTA,Utah Starzz,1020000074,2000-06-20,UTA vs. SEA,W,19,0,6,0.0,0,0,,0,0,,1,3,4,0,1,0,3,4,0,,4.8,0
22000,100551,Naomi Mulitauaopele,1611661319,UTA,Utah Starzz,1020000074,2000-06-20,UTA vs. SEA,W,26,5,6,0.833,0,0,,0,0,,1,2,3,1,0,1,2,2,10,,16.1,0
22000,100088,Michelle Edwards,1611661328,SEA,Seattle Storm,1020000074,2000-06-20,SEA @ UTA,L,19,4,10,0.4,0,1,0.0,2,2,1.0,0,5,5,3,0,0,2,0,10,,18.5,0
22000,100111,Simone Edwards,1611661328,SEA,Seattle Storm,1020000074,2000-06-20,SEA @ UTA,L,28,3,4,0.75,0,0,,2,4,0.5,3,1,4,0,1,0,1,0,8,,14.8,0
22000,100179,Charmin Smith,1611661328,SEA,Seattle Storm,1020000074,2000-06-20,SEA @ UTA,L,5,0,0,,0,0,,0,0,,0,1,1,0,0,0,0,1,0,,1.2,0
22000,100230,Quacy Barnes,1611661328,SEA,Seattle Storm,1020000074,2000-06-20,SEA @ UTA,L,22,1,6,0.167,1,2,0.5,0,0,,1,0,1,1,0,2,2,4,3,,9.7,0
22000,100336,Sonja Henning,1611661328,SEA,Seattle Storm,1020000074,2000-06-20,SEA @ UTA,L,33,0,1,0.0,0,0,,0,0,,1,2,3,5,3,0,1,1,0,,19.1,0
22000,100375,Edna Campbell,1611661328,SEA,Seattle Storm,1020000074,2000-06-20,SEA @ UTA,L,32,7,14,0.5,1,2,0.5,2,3,0.667,2,0,2,2,3,0,1,4,17,,30.4,0
22000,100470,Stacey Lovelace,1611661328,SEA,Seattle Storm,1020000074,2000-06-20,SEA @ UTA,L,3,0,2,0.0,0,0,,0,0,,0,1,1,0,0,0,1,1,0,,0.2,0
22000,100503,Andrea Garner,1611661328,SEA,Seattle Storm,1020000074,2000-06-20,SEA @ UTA,L,2,0,0,,0,0,,0,0,,0,0,0,0,0,0,0,0,0,,0.0,0
22000,100538,Katrina Hibbert,1611661328,SEA,Seattle Storm,1020000074,2000-06-20,SEA @ UTA,L,7,1,1,1.0,1,1,1.0,0,0,,0,1,1,0,0,0,1,0,3,,3.2,0
22000,100542,Charisse Sampson,1611661328,SEA,Seattle Storm,1020000074,2000-06-20,SEA @ UTA,L,22,3,6,0.5,0,3,0.0,2,2,1.0,2,1,3,1,0,1,0,5,8,,16.1,0
22000,100544,Kamila Vodichkova,1611661328,SEA,Seattle Storm,1020000074,2000-06-20,SEA @ UTA,L,27,6,14,0.429,0,3,0.0,2,2,1.0,2,2,4,0,0,0,4,3,14,,14.8,0
22000,100072,Sheryl Swoopes,1611661316,HOU,Houston Comets,1020000075,2000-06-20,HOU @ LAS,L,39,10,20,0.5,2,3,0.667,5,7,0.714,2,5,7,3,3,0,2,4,27,,46.9,0
22000,100073,Cynthia Cooper,1611661316,HOU,Houston Comets,1020000075,2000-06-20,HOU @ LAS,L,38,5,13,0.385,1,5,0.2,13,14,0.929,1,3,4,5,0,0,5,5,24,,31.3,0
22000,100075,Janeth Arcain,1611661316,HOU,Houston Comets,1020000075,2000-06-20,HOU @ LAS,L,29,5,9,0.556,1,3,0.333,2,3,0.667,1,1,2,1,1,0,0,5,13,,19.9,0
22000,100076,Tina Thompson,1611661316,HOU,Houston Comets,1020000075,2000-06-20,HOU @ LAS,L,40,1,5,0.2,1,5,0.2,8,10,0.8,2,5,7,3,1,0,5,5,11,,21.9,0
22000,100077,Tammy Jackson,1611661316,HOU,Houston Comets,1020000075,2000-06-20,HOU @ LAS,L,4,0,2,0.0,0,0,,0,0,,0,0,0,0,0,0,0,2,0,,0.0,0
22000,100233,Tiffani Johnson,1611661316,HOU,Houston Comets,1020000075,2000-06-20,HOU @ LAS,L,26,1,2,0.5,0,0,,0,2,0.0,1,6,7,1,0,1,1,5,2,,13.9,0
22000,100338,Jennifer Rizzotti,1611661316,HOU,Houston Comets,1020000075,2000-06-20,HOU @ LAS,L,16,1,3,0.333,1,3,0.333,0,0,,1,2,3,1,0,0,0,4,3,,8.1,0
22000,100500,Elena Shakirova,1611661316,HOU,Houston Comets,1020000075,2000-06-20,HOU @ LAS,L,8,2,3,0.667,0,0,,0,1,0.0,2,0,2,1,0,0,2,2,4,,5.9,0
22000,100003,Lisa Leslie,1611661320,LAS,Los Angeles Sparks,1020000075,2000-06-20,LAS vs. HOU,W,34,7,14,0.5,0,2,0.0,7,8,0.875,3,11,14,0,2,2,2,5,21,,47.8,0
22000,100008,Tamecka Dixon,1611661320,LAS,Los Angeles Sparks,1020000075,2000-06-20,LAS vs. HOU,W,28,4,10,0.4,1,1,1.0,3,6,0.5,1,2,3,5,2,0,2,5,12,,27.1,0
22000,100012,Mwadi Mabika,1611661320,LAS,Los Angeles Sparks,1020000075,2000-06-20,LAS vs. HOU,W,39,5,15,0.333,2,9,0.222,9,9,1.0,3,5,8,3,1,0,1,5,21,,37.1,0
22000,100170,Allison Feaster,1611661320,LAS,Los Angeles Sparks,1020000075,2000-06-20,LAS vs. HOU,W,13,1,5,0.2,0,3,0.0,6,6,1.0,0,0,0,0,1,0,0,4,8,,11.0,0
22000,100392,Ukari Figgs,1611661320,LAS,Los Angeles Sparks,1020000075,2000-06-20,LAS vs. HOU,W,34,3,4,0.75,2,3,0.667,4,4,1.0,1,0,1,8,2,0,1,1,12,,30.2,0
22000,100393,La'Keshia Frett,1611661320,LAS,Los Angeles Sparks,1020000075,2000-06-20,LAS vs. HOU,W,2,0,0,,0,0,,0,0,,0,0,0,0,0,0,0,1,0,,0.0,0
22000,100395,Clarisse Machanguana,1611661320,LAS,Los Angeles Sparks,1020000075,2000-06-20,LAS vs. HOU,W,11,2,4,0.5,0,0,,1,4,0.25,1,2,3,0,0,0,0,3,5,,8.6,0
22000,100396,DeLisha Milton-Jones,1611661320,LAS,Los Angeles Sparks,1020000075,2000-06-20,LAS vs. HOU,W,33,4,9,0.444,0,0,,3,5,0.6,5,2,7,2,3,0,1,4,11,,30.4,0
22000,100478,Nicky McCrimmon,1611661320,LAS,Los Angeles Sparks,1020000075,2000-06-20,LAS vs. HOU,W,6,0,2,0.0,0,2,0.0,0,0,,0,0,0,0,0,0,1,1,0,,-1.0,0
22000,100059,Andrea Stinson,1611661314,CHA,Charlotte Sting,1020000076,2000-06-20,CHA @ POR,W,40,10,21,0.476,1,2,0.5,4,4,1.0,1,3,4,5,2,1,2,0,25,,44.3,0
22000,100060,Rhonda Mapp,1611661314,CHA,Charlotte Sting,1020000076,2000-06-20,CHA @ POR,W,32,3,6,0.5,0,0,,2,2,1.0,0,4,4,3,2,2,3,6,8,,26.3,0
22000,100182,Tracy Reid,1611661314,CHA,Charlotte Sting,1020000076,2000-06-20,CHA @ POR,W,11,3,4,0.75,0,0,,0,0,,3,0,3,3,1,0,1,0,6,,16.1,0
22000,100294,Cass Bauer-Bilodeau,1611661314,CHA,Charlotte Sting,1020000076,2000-06-20,CHA @ POR,W,3,1,1,1.0,0,0,,0,0,,0,0,0,0,0,0,0,2,2,,2.0,0
22000,100350,Shalonda Enis,1611661314,CHA,Charlotte Sting,1020000076,2000-06-20,CHA @ POR,W,36,5,12,0.417,3,5,0.6,7,10,0.7,3,3,6,1,3,0,2,2,20,,35.7,0
22000,100371,Charlotte Smith,1611661314,CHA,Charlotte Sting,1020000076,2000-06-20,CHA @ POR,W,29,2,4,0.5,0,1,0.0,1,2,0.5,0,4,4,2,1,0,3,2,5,,12.8,0
22000,100372,Dawn Staley,1611661314,CHA,Charlotte Sting,1020000076,2000-06-20,CHA @ POR,W,42,5,13,0.385,0,2,0.0,4,5,0.8,2,2,4,8,2,0,5,3,14,,31.8,0
22000,100446,Summer Erb,1611661314,CHA,Charlotte Sting,1020000076,2000-06-20,CHA @ POR,W,19,2,3,0.667,0,0,,1,2,0.5,1,2,3,0,1,0,0,4,5,,11.6,0
22000,100447,Tiffany Travis,1611661314,CHA,Charlotte Sting,1020000076,2000-06-20,CHA @ POR,W,13,1,4,0.25,0,0,,0,0,,2,4,6,0,0,0,2,3,2,,7.2,0
22000,100038,Tara Williams,1611661327,POR,Portland Fire,1020000076,2000-06-20,POR vs. CHA,L,3,2,2,1.0,2,2,1.0,0,0,,0,0,0,0,0,0,1,1,6,,5.0,0
22000,100105,Sophia Witherspoon,1611661327,POR,Portland Fire,1020000076,2000-06-20,POR vs. CHA,L,39,9,19,0.474,3,8,0.375,2,4,0.5,2,2,4,7,3,0,3,1,23,,44.3,0
22000,100215,Vanessa Nygaard,1611661327,POR,Portland Fire,1020000076,2000-06-20,POR vs. CHA,L,37,7,14,0.5,3,7,0.429,1,2,0.5,1,3,4,1,1,1,2,5,18,,28.3,0
22000,100284,Tully Bevilaqua,1611661327,POR,Portland Fire,1020000076,2000-06-20,POR vs. CHA,L,28,2,5,0.4,2,3,0.667,0,0,,0,4,4,4,2,0,1,4,6,,21.8,0
22000,100346,Michele Van Gorp,1611661327,POR,Portland Fire,1020000076,2000-06-20,POR vs. CHA,L,4,1,2,0.5,0,0,,0,0,,0,0,0,1,0,0,1,0,2,,2.5,0
22000,100429,Alisa Burras,1611661327,POR,Portland Fire,1020000076,2000-06-20,POR vs. CHA,L,8,3,6,0.5,0,0,,1,2,0.5,1,1,2,0,0,1,2,2,7,,10.4,0
22000,100529,Sylvia Crawley,1611661327,POR,Portland Fire,1020000076,2000-06-20,POR vs. CHA,L,39,4,7,0.571,0,0,,4,4,1.0,4,3,7,3,1,1,3,1,12,,27.9,0
22000,100530,Lynn Pride,1611661327,POR,Portland Fire,1020000076,2000-06-20,POR vs. CHA,L,9,0,2,0.0,0,0,,0,0,,0,0,0,1,0,0,2,1,0,,-0.5,0
22000,100532,Stacey Thomas,1611661327,POR,Portland Fire,1020000076,2000-06-20,POR vs. CHA,L,36,3,6,0.5,1,2,0.5,2,2,1.0,1,3,4,2,2,1,1,2,9,,24.8,0
22000,100533,DeMya Walker,1611661327,POR,Portland Fire,1020000076,2000-06-20,POR vs. CHA,L,2,0,0,,0,0,,0,0,,0,0,0,0,0,0,0,0,0,,0.0,0
22000,100570,Michelle Marciniak,1611661327,POR,Portland Fire,1020000076,2000-06-20,POR vs. CHA,L,20,0,3,0.0,0,1,0.0,2,2,1.0,0,1,1,5,1,0,4,3,2,,9.7,0
22000,100101,Teresa Weatherspoon,1611661313,NYL,New York Liberty,1020000077,2000-06-21,NYL vs. DET,L,34,3,4,0.75,0,0,,1,2,0.5,1,1,2,7,1,0,4,5,7,,18.9,0
22000,100103,Vickie Johnson,1611661313,NYL,New York Liberty,1020000077,2000-06-21,NYL vs. DET,L,27,3,9,0.333,1,2,0.5,2,2,1.0,0,2,2,1,1,0,3,2,9,,12.9,0
22000,100104,Sue Wicks,1611661313,NYL,New York Liberty,1020000077,2000-06-21,NYL vs. DET,L,26,4,7,0.571,0,0,,2,3,0.667,3,0,3,0,1,3,1,2,10,,24.6,0
22000,100342,Becky Hammon,1611661313,NYL,New York Liberty,1020000077,2000-06-21,NYL vs. DET,L,23,3,7,0.429,2,6,0.333,0,0,,0,1,1,2,3,0,2,2,8,,19.2,0
22000,100345,Crystal Robinson,1611661313,NYL,New York Liberty,1020000077,2000-06-21,NYL vs. DET,L,36,2,13,0.154,0,8,0.0,1,1,1.0,3,3,6,3,1,0,2,5,5,,17.7,0
22000,100347,Tamika Whitmore,1611661313,NYL,New York Liberty,1020000077,2000-06-21,NYL vs. DET,L,20,6,12,0.5,0,1,0.0,2,2,1.0,0,3,3,2,0,2,6,5,14,,20.6,0
22000,100413,Tari Phillips,1611661313,NYL,New York Liberty,1020000077,2000-06-21,NYL vs. DET,L,26,3,7,0.429,1,1,1.0,1,1,1.0,1,7,8,0,1,0,3,4,8,,17.6,0
22000,100509,Marina Ferragut,1611661313,NYL,New York Liberty,1020000077,2000-06-21,NYL vs. DET,L,8,1,4,0.25,0,1,0.0,0,0,,0,0,0,0,0,0,0,2,2,,2.0,0
22000,100046,Wendy Palmer,1611661321,DET,Detroit Shock,1020000077,2000-06-21,DET @ NYL,W,34,5,9,0.556,0,2,0.0,3,8,0.375,1,9,10,1,3,0,1,3,13,,34.5,0
22000,100243,Olympia Scott,1611661321,DET,Detroit Shock,1020000077,2000-06-21,DET @ NYL,W,23,1,5,0.2,0,0,,1,2,0.5,2,3,5,2,0,1,1,5,3,,14.0,0
22000,100384,Dominique Canty,1611661321,DET,Detroit Shock,1020000077,2000-06-21,DET @ NYL,W,30,3,9,0.333,0,1,0.0,8,11,0.727,1,2,3,1,3,0,5,3,14,,23.1,0
22000,100386,Claudia Neves,1611661321,DET,Detroit Shock,1020000077,2000-06-21,DET @ NYL,W,32,5,9,0.556,2,4,0.5,4,4,1.0,0,2,2,3,1,0,2,1,16,,23.9,0
22000,100387,Astou Ndiaye-Diatta,1611661321,DET,Detroit Shock,1020000077,2000-06-21,DET @ NYL,W,23,3,7,0.429,0,0,,1,2,0.5,1,4,5,0,0,0,2,2,7,,11.0,0
22000,100388,Elena Tornikidou,1611661321,DET,Detroit Shock,1020000077,2000-06-21,DET @ NYL,W,30,2,9,0.222,0,0,,4,4,1.0,4,3,7,3,1,0,2,3,8,,21.9,0
22000,100492,Edwina Brown,1611661321,DET,Detroit Shock,1020000077,2000-06-21,DET @ NYL,W,23,0,4,0.0,0,0,,2,2,1.0,3,0,3,1,2,0,2,2,2,,11.1,0
22000,100496,Tamicha Jackson,1611661321,DET,Detroit Shock,1020000077,2000-06-21,DET @ NYL,W,5,1,2,0.5,0,0,,2,2,1.0,1,0,1,0,0,0,0,1,4,,5.2,0
22000,100058,Vicky Bullett,1611661322,WAS,Washington Mystics,1020000078,2000-06-21,WAS vs. MIA,L,31,2,9,0.222,0,1,0.0,0,0,,1,4,5,2,1,1,3,2,4,,16.0,0
22000,100198,Nikki McCray,1611661322,WAS,Washington Mystics,1020000078,2000-06-21,WAS vs. MIA,L,31,2,5,0.4,1,3,0.333,1,2,0.5,1,3,4,3,3,0,1,2,6,,23.3,0
22000,100199,Murriel Page,1611661322,WAS,Washington Mystics,1020000078,2000-06-21,WAS vs. MIA,L,32,5,8,0.625,0,0,,2,5,0.4,2,2,4,2,0,1,3,3,12,,19.8,0
22000,100348,Markita Aldridge,1611661322,WAS,Washington Mystics,1020000078,2000-06-21,WAS vs. MIA,L,12,2,3,0.667,1,1,1.0,0,2,0.0,0,0,0,0,1,1,2,1,5,,9.0,0
22000,100353,Andrea Nagy,1611661322,WAS,Washington Mystics,1020000078,2000-06-21,WAS vs. MIA,L,35,1,3,0.333,1,2,0.5,3,4,0.75,1,3,4,4,2,0,2,0,6,,20.8,0
22000,100354,Heather Owen,1611661322,WAS,Washington Mystics,1020000078,2000-06-21,WAS vs. MIA,L,7,0,0,,0,0,,0,0,,0,0,0,0,0,0,0,1,0,,0.0,0
22000,100356,Chamique Holdsclaw,1611661322,WAS,Washington Mystics,1020000078,2000-06-21,WAS vs. MIA,L,37,8,14,0.571,0,1,0.0,4,4,1.0,0,8,8,2,1,0,5,3,20,,30.6,0
22000,100553,Keisha Anderson,1611661322,WAS,Washington Mystics,1020000078,2000-06-21,WAS vs. MIA,L,5,0,1,0.0,0,0,,0,0,,0,0,0,0,0,0,1,0,0,,-1.0,0
22000,100555,Tausha Mills,1611661322,WAS,Washington Mystics,1020000078,2000-06-21,WAS vs. MIA,L,10,0,3,0.0,0,0,,2,2,1.0,1,1,2,0,0,0,3,2,2,,1.4,0
22000,100009,Katrina Colleton,1611661326,MIA,Miami Sol,1020000078,2000-06-21,MIA @ WAS,W,27,2,12,0.167,0,0,,0,1,0.0,0,2,2,3,0,0,3,4,4,,7.9,0
22000,100037,Marlies Askamp,1611661326,MIA,Miami Sol,1020000078,2000-06-21,MIA @ WAS,W,35,3,10,0.3,0,0,,1,2,0.5,2,3,5,1,0,2,3,3,7,,17.5,0
22000,100063,Sharon Manning,1611661326,MIA,Miami Sol,1020000078,2000-06-21,MIA @ WAS,W,12,2,2,1.0,1,1,1.0,0,0,,2,4,6,0,0,1,3,4,5,,12.2,0
22000,100107,Kisha Ford,1611661326,MIA,Miami Sol,1020000078,2000-06-21,MIA @ WAS,W,16,0,1,0.0,0,0,,0,0,,0,1,1,1,1,0,0,1,0,,5.7,0
22000,100359,Debbie Black,1611661326,MIA,Miami Sol,1020000078,2000-06-21,MIA @ WAS,W,33,3,5,0.6,1,2,0.5,1,2,0.5,0,2,2,4,4,0,1,4,8,,27.4,0
22000,100416,Sheri Sam,1611661326,MIA,Miami Sol,1020000078,2000-06-21,MIA @ WAS,W,30,8,14,0.571,0,1,0.0,2,2,1.0,2,2,4,5,1,0,2,2,18,,31.3,0
22000,100558,Jameka Jones,1611661326,MIA,Miami Sol,1020000078,2000-06-21,MIA @ WAS,W,8,2,6,0.333,1,2,0.5,0,0,,1,0,1,0,0,0,2,2,5,,4.2,0
22000,100559,Milena Flores,1611661326,MIA,Miami Sol,1020000078,2000-06-21,MIA @ WAS,W,6,0,2,0.0,0,1,0.0,0,0,,0,0,0,0,0,0,0,0,0,,0.0,0
22000,100560,Shantia Owens,1611661326,MIA,Miami Sol,1020000078,2000-06-21,MIA @ WAS,W,33,5,7,0.714,0,0,,0,0,,2,4,6,1,2,2,1,4,10,,29.7,0
22000,100016,Ruthie Bolton,1611661318,SAC,Sacramento Monarchs,1020000079,2000-06-21,SAC @ IND,W,27,5,12,0.417,2,5,0.4,2,4,0.5,3,1,4,1,2,0,5,0,14,,21.3,0
22000,100027,Latasha Byears,1611661318,SAC,Sacramento Monarchs,1020000079,2000-06-21,SAC @ IND,W,16,2,3,0.667,0,0,,1,2,0.5,0,3,3,0,1,1,3,3,5,,11.6,0
22000,100044,Lady Grooms,1611661318,SAC,Sacramento Monarchs,1020000079,2000-06-21,SAC @ IND,W,8,0,0,,0,0,,0,0,,0,0,0,0,1,0,0,1,0,,3.0,0
22000,100183,Cindy Blodgett,1611661318,SAC,Sacramento Monarchs,1020000079,2000-06-21,SAC @ IND,W,1,0,0,,0,0,,0,0,,0,0,0,0,0,0,1,0,0,,-1.0,0
22000,100234,Ticha Penicheiro,1611661318,SAC,Sacramento Monarchs,1020000079,2000-06-21,SAC @ IND,W,31,2,8,0.25,0,2,0.0,2,5,0.4,0,3,3,2,2,0,2,3,6,,16.6,0
22000,100236,Tangela Smith,1611661318,SAC,Sacramento Monarchs,1020000079,2000-06-21,SAC @ IND,W,25,9,15,0.6,0,0,,1,2,0.5,2,3,5,1,1,0,4,4,19,,25.5,0
22000,100419,Yolanda Griffith,1611661318,SAC,Sacramento Monarchs,1020000079,2000-06-21,SAC @ IND,W,32,5,10,0.5,0,0,,6,9,0.667,7,9,16,1,4,1,2,4,16,,49.7,0
22000,100421,Kedra Holland-Corn,1611661318,SAC,Sacramento Monarchs,1020000079,2000-06-21,SAC @ IND,W,37,2,6,0.333,0,3,0.0,2,2,1.0,0,1,1,7,3,0,1,1,6,,25.7,0
22000,100534,Stacy Clinesmith,1611661318,SAC,Sacramento Monarchs,1020000079,2000-06-21,SAC @ IND,W,9,0,2,0.0,0,1,0.0,0,0,,0,0,0,2,1,0,2,0,0,,4.0,0
22000,100535,Rhonda Banchero,1611661318,SAC,Sacramento Monarchs,1020000079,2000-06-21,SAC @ IND,W,1,0,0,,0,0,,0,0,,0,1,1,0,0,0,0,0,0,,1.2,0
22000,100536,Katy Steding,1611661318,SAC,Sacramento Monarchs,1020000079,2000-06-21,SAC @ IND,W,13,2,2,1.0,0,0,,0,0,,1,2,3,0,1,0,1,0,4,,9.6,0
22000,100204,Rita Williams,1611661325,IND,Indiana Fever,1020000079,2000-06-21,IND vs. SAC,L,39,3,9,0.333,1,6,0.167,2,2,1.0,1,3,4,4,4,0,8,5,9,,23.8,0
22000,100216,Alicia Thompson,1611661325,IND,Indiana Fever,1020000079,2000-06-21,IND vs. SAC,L,22,3,7,0.429,1,1,1.0,0,2,0.0,0,3,3,1,1,0,3,3,7,,12.1,0
22000,100340,Kara Wolters,1611661325,IND,Indiana Fever,1020000079,2000-06-21,IND vs. SAC,L,23,2,8,0.25,0,0,,4,4,1.0,2,3,5,0,2,0,0,5,8,,20.0,0
22000,100357,Monica Maxwell,1611661325,IND,Indiana Fever,1020000079,2000-06-21,IND vs. SAC,L,25,2,5,0.4,2,4,0.5,0,0,,2,4,6,0,1,0,2,4,6,,14.2,0
22000,100370,Stephanie White,1611661325,IND,Indiana Fever,1020000079,2000-06-21,IND vs. SAC,L,20,2,7,0.286,0,1,0.0,1,1,1.0,1,0,1,4,1,1,0,2,5,,18.2,0
22000,100394,Gordana Grubin,1611661325,IND,Indiana Fever,1020000079,2000-06-21,IND vs. SAC,L,26,2,10,0.2,0,2,0.0,0,0,,0,1,1,1,4,0,2,0,4,,16.7,0
22000,100471,Danielle McCulley,1611661325,IND,Indiana Fever,1020000079,2000-06-21,IND vs. SAC,L,17,0,5,0.0,0,1,0.0,2,2,1.0,1,0,1,0,1,0,1,0,2,,5.2,0
22000,100472,Texlin Quinney,1611661325,IND,Indiana Fever,1020000079,2000-06-21,IND vs. SAC,L,10,0,1,0.0,0,0,,2,2,1.0,2,0,2,1,0,0,2,2,2,,3.9,0
22000,101006,Jurgita Streimikyte,1611661325,IND,Indiana Fever,1020000079,2000-06-21,IND vs. SAC,L,18,5,7,0.714,1,1,1.0,4,4,1.0,1,5,6,0,1,2,1,2,15,,30.2,0
22000,100059,Andrea Stinson,1611661314,CHA,Charlotte Sting,1020000080,2000-06-22,CHA vs. PHO,L,35,8,14,0.571,1,3,0.333,3,6,0.5,0,2,2,2,1,2,1,3,20,,33.4,0
22000,100060,Rhonda Mapp,1611661314,CHA,Charlotte Sting,1020000080,2000-06-22,CHA vs. PHO,L,26,2,7,0.286,0,1,0.0,0,0,,1,1,2,2,2,1,0,3,4,,18.4,0
22000,100182,Tracy Reid,1611661314,CHA,Charlotte Sting,1020000080,2000-06-22,CHA vs. PHO,L,22,5,12,0.417,0,0,,1,4,0.25,5,1,6,1,1,1,1,1,11,,24.7,0
22000,100294,Cass Bauer-Bilodeau,1611661314,CHA,Charlotte Sting,1020000080,2000-06-22,CHA vs. PHO,L,3,0,1,0.0,0,0,,0,0,,0,1,1,0,0,0,1,1,0,,0.2,0
22000,100350,Shalonda Enis,1611661314,CHA,Charlotte Sting,1020000080,2000-06-22,CHA vs. PHO,L,20,2,4,0.5,0,1,0.0,4,4,1.0,1,0,1,1,1,0,1,3,8,,12.7,0
22000,100368,Angie Braziel,1611661314,CHA,Charlotte Sting,1020000080,2000-06-22,CHA vs. PHO,L,3,0,0,,0,0,,0,0,,0,0,0,0,0,0,0,0,0,,0.0,0
22000,100371,Charlotte Smith,1611661314,CHA,Charlotte Sting,1020000080,2000-06-22,CHA vs. PHO,L,14,0,3,0.0,0,1,0.0,0,0,,1,2,3,0,0,1,4,2,0,,2.6,0
22000,100372,Dawn Staley,1611661314,CHA,Charlotte Sting,1020000080,2000-06-22,CHA vs. PHO,L,33,1,4,0.25,0,3,0.0,0,0,,0,1,1,6,0,0,5,3,2,,7.2,0
22000,100446,Summer Erb,1611661314,CHA,Charlotte Sting,1020000080,2000-06-22,CHA vs. PHO,L,16,3,6,0.5,0,0,,2,4,0.5,4,2,6,0,0,0,2,3,8,,13.2,0
22000,100447,Tiffany Travis,1611661314,CHA,Charlotte Sting,1020000080,2000-06-22,CHA vs. PHO,L,19,0,3,0.0,0,0,,2,2,1.0,1,0,1,0,2,0,0,3,2,,9.2,0
22000,100452,E.C. Hill,1611661314,CHA,Charlotte Sting,1020000080,2000-06-22,CHA vs. PHO,L,9,1,2,0.5,0,1,0.0,0,0,,0,2,2,1,0,0,2,0,2,,3.9,0
22000,100030,Jennifer Gillom,1611661317,PHO,Phoenix Mercury,1020000080,2000-06-22,PHO @ CHA,W,22,4,10,0.4,0,2,0.0,3,4,0.75,2,5,7,0,0,0,2,3,11,,17.4,0
22000,100031,Bridget Pettis,1611661317,PHO,Phoenix Mercury,1020000080,2000-06-22,PHO @ CHA,W,28,1,7,0.143,0,6,0.0,0,0,,1,1,2,1,1,0,2,1,2,,6.9,0
22000,100045,Dena Head,1611661317,PHO,Phoenix Mercury,1020000080,2000-06-22,PHO @ CHA,W,7,0,1,0.0,0,0,,0,0,,0,0,0,1,1,0,0,0,0,,4.5,0
22000,100221,Michelle Brogan,1611661317,PHO,Phoenix Mercury,1020000080,2000-06-22,PHO @ CHA,W,31,3,6,0.5,1,1,1.0,3,4,0.75,3,3,6,3,0,0,2,2,10,,19.7,0
22000,100225,Brandy Reed,1611661317,PHO,Phoenix Mercury,1020000080,2000-06-22,PHO @ CHA,W,37,12,20,0.6,0,1,0.0,8,8,1.0,8,5,13,6,7,1,2,0,32,,78.6,0
22000,100227,Maria Stepanova,1611661317,PHO,Phoenix Mercury,1020000080,2000-06-22,PHO @ CHA,W,14,4,7,0.571,0,0,,0,0,,0,3,3,1,0,1,0,5,8,,16.1,0
22000,100398,Tonya Edwards,1611661317,PHO,Phoenix Mercury,1020000080,2000-06-22,PHO @ CHA,W,28,6,11,0.545,2,5,0.4,5,6,0.833,0,4,4,1,2,0,2,2,19,,29.3,0
22000,100526,Adrian Williams-Strong,1611661317,PHO,Phoenix Mercury,1020000080,2000-06-22,PHO @ CHA,W,13,3,3,1.0,0,0,,0,0,,2,3,5,0,1,0,1,4,6,,14.0,0
22000,100594,Michelle Cleary,1611661317,PHO,Phoenix Mercury,1020000080,2000-06-22,PHO @ CHA,W,20,0,1,0.0,0,1,0.0,2,2,1.0,0,0,0,5,2,0,0,1,2,,15.5,0
22000,100091,Eva Nemcova,1611661315,CLE,Cleveland Rockers,1020000081,2000-06-22,CLE @ ORL,L,32,3,11,0.273,0,2,0.0,1,1,1.0,1,3,4,2,2,1,3,1,7,,20.8,0
22000,100092,Merlakia Jones,1611661315,CLE,Cleveland Rockers,1020000081,2000-06-22,CLE @ ORL,L,29,2,7,0.286,0,0,,0,0,,0,3,3,3,1,0,1,2,4,,14.1,0
22000,100097,Rushia Brown,1611661315,CLE,Cleveland Rockers,1020000081,2000-06-22,CLE @ ORL,L,19,1,2,0.5,0,0,,0,0,,0,2,2,0,0,0,0,1,2,,4.4,0
22000,100180,Pollyanna Johns Kimbrough,1611661315,CLE,Cleveland Rockers,1020000081,2000-06-22,CLE @ ORL,L,6,0,0,,0,0,,2,2,1.0,1,1,2,0,0,0,1,1,2,,3.4,0
22000,100187,Suzie McConnell Serio,1611661315,CLE,Cleveland Rockers,1020000081,2000-06-22,CLE @ ORL,L,18,1,3,0.333,1,2,0.5,0,0,,0,1,1,4,0,0,4,0,3,,6.2,0
22000,100237,Tricia Bader Binford,1611661315,CLE,Cleveland Rockers,1020000081,2000-06-22,CLE @ ORL,L,4,0,0,,0,0,,0,0,,0,0,0,0,0,0,0,1,0,,0.0,0
22000,100428,Mery Andrade,1611661315,CLE,Cleveland Rockers,1020000081,2000-06-22,CLE @ ORL,L,15,2,5,0.4,0,2,0.0,0,0,,0,0,0,1,0,0,2,3,4,,3.5,0
22000,100433,Chasity Melvin,1611661315,CLE,Cleveland Rockers,1020000081,2000-06-22,CLE @ ORL,L,22,3,10,0.3,0,1,0.0,5,6,0.833,3,2,5,1,1,0,2,3,11,,19.5,0
22000,100445,Ann Wauters,1611661315,CLE,Cleveland Rockers,1020000081,2000-06-22,CLE @ ORL,L,15,4,5,0.8,0,0,,0,0,,2,2,4,0,1,0,2,0,8,,13.8,0
22000,100457,Helen Darling,1611661315,CLE,Cleveland Rockers,1020000081,2000-06-22,CLE @ ORL,L,22,6,11,0.545,0,0,,3,5,0.6,2,3,5,4,3,0,2,3,15,,34.0,0
22000,100458,Vicki Hall,1611661315,CLE,Cleveland Rockers,1020000081,2000-06-22,CLE @ ORL,L,18,4,7,0.571,0,0,,0,0,,1,2,3,0,0,0,1,3,8,,10.6,0
22000,100048,Jessie Hicks,1611661323,ORL,Orlando Miracle,1020000081,2000-06-22,ORL vs. CLE,W,9,2,2,1.0,0,0,,1,2,0.5,0,0,0,0,1,0,0,3,5,,8.0,0
22000,100100,Adrienne Johnson,1611661323,ORL,Orlando Miracle,1020000081,2000-06-22,ORL vs. CLE,W,32,7,13,0.538,0,1,0.0,0,0,,1,3,4,2,1,0,2,0,14,,22.8,0
22000,100410,Shannon Johnson,1611661323,ORL,Orlando Miracle,1020000081,2000-06-22,ORL vs. CLE,W,29,2,8,0.25,0,1,0.0,1,2,0.5,1,2,3,3,4,0,3,4,5,,22.1,0
22000,100411,Carla McGhee,1611661323,ORL,Orlando Miracle,1020000081,2000-06-22,ORL vs. CLE,W,7,0,2,0.0,0,0,,0,0,,0,1,1,0,0,0,0,2,0,,1.2,0
22000,100412,Taj McWilliams-Franklin,1611661323,ORL,Orlando Miracle,1020000081,2000-06-22,ORL vs. CLE,W,36,9,11,0.818,0,1,0.0,4,5,0.8,3,8,11,3,1,1,3,2,22,,42.7,0
22000,100414,Elaine Powell,1611661323,ORL,Orlando Miracle,1020000081,2000-06-22,ORL vs. CLE,W,16,1,2,0.5,1,1,1.0,0,0,,1,2,3,3,2,0,1,1,3,,16.1,0
22000,100415,Nykesha Sales,1611661323,ORL,Orlando Miracle,1020000081,2000-06-22,ORL vs. CLE,W,35,8,14,0.571,1,5,0.2,1,2,0.5,0,2,2,3,1,1,4,1,18,,26.9,0
22000,100514,Cintia dos Santos,1611661323,ORL,Orlando Miracle,1020000081,2000-06-22,ORL vs. CLE,W,29,4,5,0.8,0,0,,2,2,1.0,0,1,1,3,1,3,2,2,10,,25.7,0
22000,100517,Romana Hamzova,1611661323,ORL,Orlando Miracle,1020000081,2000-06-22,ORL vs. CLE,W,1,0,0,,0,0,,0,0,,0,0,0,0,0,0,1,0,0,,-1.0,0
22000,100521,Tiffany McCain,1611661323,ORL,Orlando Miracle,1020000081,2000-06-22,ORL vs. CLE,W,6,0,1,0.0,0,0,,0,0,,0,1,1,1,0,0,0,0,0,,2.7,0
22000,100239,Margo Dydek,1611661319,UTA,Utah Starzz,1020000082,2000-06-22,UTA @ MIN,L,15,3,3,1.0,0,0,,3,3,1.0,1,2,3,0,0,2,3,5,9,,15.6,0
22000,100242,LaTonya Johnson,1611661319,UTA,Utah Starzz,1020000082,2000-06-22,UTA @ MIN,L,6,0,1,0.0,0,1,0.0,0,0,,0,1,1,0,0,0,0,2,0,,1.2,0
22000,100250,Korie Hlede,1611661319,UTA,Utah Starzz,1020000082,2000-06-22,UTA @ MIN,L,25,3,9,0.333,0,2,0.0,1,2,0.5,1,1,2,4,0,1,3,3,7,,15.4,0
22000,100363,Adrienne Goodson,1611661319,UTA,Utah Starzz,1020000082,2000-06-22,UTA @ MIN,L,30,5,17,0.294,0,1,0.0,3,8,0.375,3,4,7,1,2,1,4,2,13,,27.9,0
22000,100364,Dalma Ivanyi,1611661319,UTA,Utah Starzz,1020000082,2000-06-22,UTA @ MIN,L,17,2,4,0.5,1,2,0.5,0,0,,0,2,2,2,1,0,3,4,5,,10.4,0
22000,100422,Kate Starbird,1611661319,UTA,Utah Starzz,1020000082,2000-06-22,UTA @ MIN,L,24,3,8,0.375,0,2,0.0,3,4,0.75,1,1,2,2,1,1,1,2,9,,19.4,0
22000,100547,Stacy Frese,1611661319,UTA,Utah Starzz,1020000082,2000-06-22,UTA @ MIN,L,23,0,3,0.0,0,2,0.0,2,2,1.0,0,0,0,2,1,0,0,1,2,,8.0,0
22000,100548,Katryna Gaither,1611661319,UTA,Utah Starzz,1020000082,2000-06-22,UTA @ MIN,L,13,0,2,0.0,0,0,,4,4,1.0,3,2,5,2,1,0,2,2,4,,14.0,0
22000,100549,Amy Herrig,1611661319,UTA,Utah Starzz,1020000082,2000-06-22,UTA @ MIN,L,25,4,4,1.0,0,0,,4,6,0.667,0,7,7,0,1,0,2,2,12,,21.4,0
22000,100551,Naomi Mulitauaopele,1611661319,UTA,Utah Starzz,1020000082,2000-06-22,UTA @ MIN,L,22,1,3,0.333,0,0,,1,2,0.5,0,1,1,0,0,0,4,3,3,,0.2,0
22000,100400,Kristin Folkl,1611661324,MIN,Minnesota Lynx,1020000082,2000-06-22,MIN vs. UTA,W,14,2,5,0.4,0,0,,1,1,1.0,0,1,1,2,1,0,1,4,5,,11.2,0
22000,100402,Andrea Lloyd-Curry,1611661324,MIN,Minnesota Lynx,1020000082,2000-06-22,MIN vs. UTA,W,13,0,2,0.0,0,2,0.0,0,0,,1,1,2,1,1,0,1,4,0,,5.9,0
22000,100404,Katie Smith,1611661324,MIN,Minnesota Lynx,1020000082,2000-06-22,MIN vs. UTA,W,30,7,17,0.412,1,4,0.25,6,6,1.0,3,2,5,3,2,0,0,0,21,,37.5,0
22000,100406,Sonja Tate,1611661324,MIN,Minnesota Lynx,1020000082,2000-06-22,MIN vs. UTA,W,10,3,3,1.0,3,3,1.0,0,0,,0,1,1,1,0,0,1,4,9,,10.7,0
22000,100481,Marla Brumfield,1611661324,MIN,Minnesota Lynx,1020000082,2000-06-22,MIN vs. UTA,W,23,2,2,1.0,0,0,,2,2,1.0,1,1,2,4,1,0,2,1,6,,15.4,0
22000,100482,Grace Daley,1611661324,MIN,Minnesota Lynx,1020000082,2000-06-22,MIN vs. UTA,W,18,2,5,0.4,1,1,1.0,0,0,,2,2,4,2,2,0,2,3,5,,16.8,0
22000,100483,Keitha Dickerson,1611661324,MIN,Minnesota Lynx,1020000082,2000-06-22,MIN vs. UTA,W,22,1,5,0.2,0,0,,0,0,,1,6,7,2,0,0,2,3,2,,11.4,0
22000,100484,Betty Lennox,1611661324,MIN,Minnesota Lynx,1020000082,2000-06-22,MIN vs. UTA,W,26,6,14,0.429,2,5,0.4,5,6,0.833,2,2,4,0,2,0,1,1,19,,28.8,0
22000,100485,Maylana Martin,1611661324,MIN,Minnesota Lynx,1020000082,2000-06-22,MIN vs. UTA,W,21,6,8,0.75,1,2,0.5,1,2,0.5,2,5,7,0,1,1,0,2,14,,28.4,0
22000,100487,Kate Paye,1611661324,MIN,Minnesota Lynx,1020000082,2000-06-22,MIN vs. UTA,W,13,0,1,0.0,0,0,,0,0,,0,2,2,5,0,0,3,2,0,,6.9,0
22000,100490,Shanele Stires,1611661324,MIN,Minnesota Lynx,1020000082,2000-06-22,MIN vs. UTA,W,10,2,6,0.333,0,2,0.0,1,2,0.5,0,2,2,1,1,0,2,3,5,,9.9,0
22000,100016,Ruthie Bolton,1611661318,SAC,Sacramento Monarchs,1020000083,2000-06-23,SAC @ WAS,W,33,3,9,0.333,2,5,0.4,2,4,0.5,1,2,3,3,1,0,2,3,10,,19.1,0
22000,100027,Latasha Byears,1611661318,SAC,Sacramento Monarchs,1020000083,2000-06-23,SAC @ WAS,W,15,3,4,0.75,0,0,,0,0,,1,2,3,1,2,1,1,1,6,,19.1,0
22000,100183,Cindy Blodgett,1611661318,SAC,Sacramento Monarchs,1020000083,2000-06-23,SAC @ WAS,W,3,0,0,,0,0,,0,0,,0,0,0,0,0,0,0,0,0,,0.0,0
22000,100234,Ticha Penicheiro,1611661318,SAC,Sacramento Monarchs,1020000083,2000-06-23,SAC @ WAS,W,37,2,6,0.333,0,2,0.0,7,11,0.636,0,2,2,12,2,0,0,4,11,,37.4,0
22000,100236,Tangela Smith,1611661318,SAC,Sacramento Monarchs,1020000083,2000-06-23,SAC @ WAS,W,36,10,12,0.833,0,0,,2,2,1.0,2,6,8,1,0,1,2,3,22,,34.1,0
22000,100419,Yolanda Griffith,1611661318,SAC,Sacramento Monarchs,1020000083,2000-06-23,SAC @ WAS,W,29,8,13,0.615,0,0,,5,7,0.714,4,4,8,1,3,0,1,3,21,,40.1,0
22000,100421,Kedra Holland-Corn,1611661318,SAC,Sacramento Monarchs,1020000083,2000-06-23,SAC @ WAS,W,34,3,5,0.6,2,2,1.0,0,0,,0,0,0,4,0,0,3,1,8,,11.0,0
22000,100534,Stacy Clinesmith,1611661318,SAC,Sacramento Monarchs,1020000083,2000-06-23,SAC @ WAS,W,3,0,0,,0,0,,0,0,,0,0,0,0,1,0,0,1,0,,3.0,0
22000,100535,Rhonda Banchero,1611661318,SAC,Sacramento Monarchs,1020000083,2000-06-23,SAC @ WAS,W,1,0,1,0.0,0,0,,0,0,,0,0,0,0,0,0,0,0,0,,0.0,0
22000,100536,Katy Steding,1611661318,SAC,Sacramento Monarchs,1020000083,2000-06-23,SAC @ WAS,W,9,2,4,0.5,2,3,0.667,0,0,,0,0,0,0,0,0,0,0,6,,6.0,0
22000,100058,Vicky Bullett,1611661322,WAS,Washington Mystics,1020000083,2000-06-23,WAS vs. SAC,L,39,5,10,0.5,1,3,0.333,2,2,1.0,1,1,2,3,1,1,0,4,13,,25.9,0
22000,100198,Nikki McCray,1611661322,WAS,Washington Mystics,1020000083,2000-06-23,WAS vs. SAC,L,35,7,13,0.538,3,7,0.429,2,2,1.0,1,2,3,2,1,0,3,4,19,,25.6,0
22000,100199,Murriel Page,1611661322,WAS,Washington Mystics,1020000083,2000-06-23,WAS vs. SAC,L,26,4,8,0.5,0,0,,0,0,,2,2,4,1,1,2,0,4,8,,23.3,0
22000,100348,Markita Aldridge,1611661322,WAS,Washington Mystics,1020000083,2000-06-23,WAS vs. SAC,L,4,1,2,0.5,1,1,1.0,0,0,,0,0,0,0,0,0,1,0,3,,2.0,0
22000,100353,Andrea Nagy,1611661322,WAS,Washington Mystics,1020000083,2000-06-23,WAS vs. SAC,L,38,2,3,0.667,1,1,1.0,0,0,,0,2,2,10,2,1,5,2,5,,26.4,0
22000,100354,Heather Owen,1611661322,WAS,Washington Mystics,1020000083,2000-06-23,WAS vs. SAC,L,3,0,0,,0,0,,0,0,,0,1,1,0,0,0,0,0,0,,1.2,0
22000,100356,Chamique Holdsclaw,1611661322,WAS,Washington Mystics,1020000083,2000-06-23,WAS vs. SAC,L,29,4,12,0.333,1,1,1.0,2,2,1.0,1,2,3,5,0,0,2,1,11,,20.1,0
22000,100553,Keisha Anderson,1611661322,WAS,Washington Mystics,1020000083,2000-06-23,WAS vs. SAC,L,2,0,0,,0,0,,0,0,,0,0,0,0,0,0,2,0,0,,-2.0,0
22000,100554,Beth Cunningham,1611661322,WAS,Washington Mystics,1020000083,2000-06-23,WAS vs. SAC,L,13,2,6,0.333,0,2,0.0,2,3,0.667,0,1,1,0,0,0,0,3,6,,7.2,0
22000,100555,Tausha Mills,1611661322,WAS,Washington Mystics,1020000083,2000-06-23,WAS vs. SAC,L,11,2,4,0.5,0,0,,0,0,,1,3,4,0,0,0,1,2,4,,7.8,0
22000,100003,Lisa Leslie,1611661320,LAS,Los Angeles Sparks,1020000084,2000-06-23,LAS @ MIA,W,32,7,13,0.538,2,3,0.667,1,2,0.5,3,10,13,2,2,3,4,3,17,,46.6,0
22000,100008,Tamecka Dixon,1611661320,LAS,Los Angeles Sparks,1020000084,2000-06-23,LAS @ MIA,W,22,2,3,0.667,0,0,,0,2,0.0,1,2,3,4,1,0,5,2,4,,11.6,0
22000,100012,Mwadi Mabika,1611661320,LAS,Los Angeles Sparks,1020000084,2000-06-23,LAS @ MIA,W,22,4,9,0.444,2,4,0.5,0,0,,0,4,4,0,2,0,0,3,10,,20.8,0
22000,100170,Allison Feaster,1611661320,LAS,Los Angeles Sparks,1020000084,2000-06-23,LAS @ MIA,W,21,2,5,0.4,2,2,1.0,1,2,0.5,0,4,4,0,2,0,2,3,7,,15.8,0
22000,100392,Ukari Figgs,1611661320,LAS,Los Angeles Sparks,1020000084,2000-06-23,LAS @ MIA,W,25,3,4,0.75,0,1,0.0,0,0,,0,3,3,3,1,0,4,0,6,,13.1,0
22000,100393,La'Keshia Frett,1611661320,LAS,Los Angeles Sparks,1020000084,2000-06-23,LAS @ MIA,W,7,0,2,0.0,0,0,,2,2,1.0,0,1,1,0,0,0,0,0,2,,3.2,0
22000,100395,Clarisse Machanguana,1611661320,LAS,Los Angeles Sparks,1020000084,2000-06-23,LAS @ MIA,W,20,0,1,0.0,0,0,,0,0,,1,1,2,0,0,0,2,4,0,,0.4,0
22000,100396,DeLisha Milton-Jones,1611661320,LAS,Los Angeles Sparks,1020000084,2000-06-23,LAS @ MIA,W,15,2,3,0.667,0,0,,5,6,0.833,0,2,2,0,2,0,2,6,9,,15.4,0
22000,100476,Vedrana Grgin Fonseca,1611661320,LAS,Los Angeles Sparks,1020000084,2000-06-23,LAS @ MIA,W,15,2,3,0.667,0,1,0.0,4,7,0.571,0,1,1,2,0,0,1,2,8,,11.2,0
22000,100478,Nicky McCrimmon,1611661320,LAS,Los Angeles Sparks,1020000084,2000-06-23,LAS @ MIA,W,15,1,3,0.333,0,1,0.0,1,2,0.5,0,0,0,1,2,0,3,2,3,,7.5,0
22000,100479,Paige Sauer,1611661320,LAS,Los Angeles Sparks,1020000084,2000-06-23,LAS @ MIA,W,6,1,2,0.5,0,0,,0,0,,0,1,1,0,0,0,0,0,2,,3.2,0
22000,100009,Katrina Colleton,1611661326,MIA,Miami Sol,1020000084,2000-06-23,MIA vs. LAS,L,24,1,8,0.125,0,1,0.0,0,0,,0,1,1,2,2,1,3,2,2,,12.2,0
22000,100037,Marlies Askamp,1611661326,MIA,Miami Sol,1020000084,2000-06-23,MIA vs. LAS,L,21,0,4,0.0,0,0,,2,2,1.0,0,2,2,0,2,0,0,1,2,,10.4,0
22000,100063,Sharon Manning,1611661326,MIA,Miami Sol,1020000084,2000-06-23,MIA vs. LAS,L,21,1,1,1.0,0,0,,2,2,1.0,1,6,7,1,2,0,1,1,4,,18.9,0
22000,100107,Kisha Ford,1611661326,MIA,Miami Sol,1020000084,2000-06-23,MIA vs. LAS,L,12,3,6,0.5,0,1,0.0,1,2,0.5,0,0,0,1,4,0,1,3,7,,19.5,0
22000,100359,Debbie Black,1611661326,MIA,Miami Sol,1020000084,2000-06-23,MIA vs. LAS,L,23,1,5,0.2,1,3,0.333,0,0,,0,0,0,1,4,0,0,3,3,,16.5,0
22000,100416,Sheri Sam,1611661326,MIA,Miami Sol,1020000084,2000-06-23,MIA vs. LAS,L,32,6,16,0.375,2,6,0.333,5,6,0.833,2,2,4,1,0,0,2,0,19,,23.3,0
22000,100451,Jamie Cassidy,1611661326,MIA,Miami Sol,1020000084,2000-06-23,MIA vs. LAS,L,4,0,0,,0,0,,2,2,1.0,0,0,0,0,0,0,0,0,2,,2.0,0
22000,100552,Kristen Rasmussen,1611661326,MIA,Miami Sol,1020000084,2000-06-23,MIA vs. LAS,L,15,0,5,0.0,0,1,0.0,1,2,0.5,3,2,5,0,0,0,1,2,1,,6.0,0
22000,100558,Jameka Jones,1611661326,MIA,Miami Sol,1020000084,2000-06-23,MIA vs. LAS,L,12,2,5,0.4,1,2,0.5,0,2,0.0,0,0,0,0,0,0,2,1,5,,3.0,0
22000,100559,Milena Flores,1611661326,MIA,Miami Sol,1020000084,2000-06-23,MIA vs. LAS,L,18,2,6,0.333,1,4,0.25,2,2,1.0,0,1,1,3,1,0,0,1,7,,15.7,0
22000,100560,Shantia Owens,1611661326,MIA,Miami Sol,1020000084,2000-06-23,MIA vs. LAS,L,18,1,7,0.143,0,0,,0,0,,3,5,8,1,0,0,3,4,2,,10.1,0
22000,100101,Teresa Weatherspoon,1611661313,NYL,New York Liberty,1020000085,2000-06-23,NYL @ IND,W,35,3,6,0.5,0,0,,4,4,1.0,1,4,5,8,3,1,2,1,10,,38.0,0
22000,100103,Vickie Johnson,1611661313,NYL,New York Liberty,1020000085,2000-06-23,NYL @ IND,W,33,4,9,0.444,1,2,0.5,4,4,1.0,2,3,5,4,2,0,1,0,13,,30.0,0
22000,100104,Sue Wicks,1611661313,NYL,New York Liberty,1020000085,2000-06-23,NYL @ IND,W,32,2,7,0.286,0,0,,1,2,0.5,3,7,10,0,1,1,3,4,5,,20.0,0
22000,100342,Becky Hammon,1611661313,NYL,New York Liberty,1020000085,2000-06-23,NYL @ IND,W,26,5,9,0.556,2,4,0.5,4,4,1.0,2,4,6,2,1,0,3,0,16,,26.2,0
22000,100345,Crystal Robinson,1611661313,NYL,New York Liberty,1020000085,2000-06-23,NYL @ IND,W,23,4,6,0.667,3,4,0.75,0,0,,0,2,2,0,0,0,2,3,11,,11.4,0
22000,100347,Tamika Whitmore,1611661313,NYL,New York Liberty,1020000085,2000-06-23,NYL @ IND,W,17,2,7,0.286,0,0,,3,6,0.5,1,3,4,0,0,1,3,4,7,,11.8,0
22000,100413,Tari Phillips,1611661313,NYL,New York Liberty,1020000085,2000-06-23,NYL @ IND,W,22,2,6,0.333,0,0,,1,2,0.5,1,4,5,0,1,1,1,6,5,,16.0,0
22000,100508,Jessica Bibby,1611661313,NYL,New York Liberty,1020000085,2000-06-23,NYL @ IND,W,3,0,0,,0,0,,0,0,,0,0,0,0,0,0,0,0,0,,0.0,0
22000,100509,Marina Ferragut,1611661313,NYL,New York Liberty,1020000085,2000-06-23,NYL @ IND,W,5,1,1,1.0,0,0,,0,0,,0,1,1,0,0,0,2,4,2,,1.2,0
22000,100512,Shea Mahoney,1611661313,NYL,New York Liberty,1020000085,2000-06-23,NYL @ IND,W,4,0,1,0.0,0,0,,0,0,,0,0,0,0,0,0,1,0,0,,-1.0,0
22000,100204,Rita Williams,1611661325,IND,Indiana Fever,1020000085,2000-06-23,IND vs. NYL,L,40,3,9,0.333,1,4,0.25,2,2,1.0,0,2,2,1,2,1,2,3,9,,19.9,0
22000,100216,Alicia Thompson,1611661325,IND,Indiana Fever,1020000085,2000-06-23,IND vs. NYL,L,8,0,2,0.0,0,1,0.0,1,2,0.5,1,1,2,0,0,0,0,1,1,,3.4,0
22000,100340,Kara Wolters,1611661325,IND,Indiana Fever,1020000085,2000-06-23,IND vs. NYL,L,24,5,10,0.5,0,0,,3,3,1.0,0,2,2,2,0,0,3,3,13,,15.4,0
22000,100357,Monica Maxwell,1611661325,IND,Indiana Fever,1020000085,2000-06-23,IND vs. NYL,L,36,6,17,0.353,3,10,0.3,0,0,,2,6,8,1,5,0,0,5,15,,41.1,0
22000,100370,Stephanie White,1611661325,IND,Indiana Fever,1020000085,2000-06-23,IND vs. NYL,L,16,0,2,0.0,0,1,0.0,0,0,,1,2,3,1,2,0,3,0,0,,8.1,0
22000,100394,Gordana Grubin,1611661325,IND,Indiana Fever,1020000085,2000-06-23,IND vs. NYL,L,14,1,5,0.2,0,2,0.0,2,3,0.667,1,0,1,0,1,0,2,1,4,,6.2,0
22000,100471,Danielle McCulley,1611661325,IND,Indiana Fever,1020000085,2000-06-23,IND vs. NYL,L,18,2,9,0.222,0,1,0.0,3,4,0.75,4,2,6,2,0,1,1,2,7,,19.2,0
22000,100472,Texlin Quinney,1611661325,IND,Indiana Fever,1020000085,2000-06-23,IND vs. NYL,L,14,0,1,0.0,0,0,,0,0,,0,1,1,2,0,0,0,1,0,,4.2,0
22000,101006,Jurgita Streimikyte,1611661325,IND,Indiana Fever,1020000085,2000-06-23,IND vs. NYL,L,30,3,10,0.3,0,0,,5,6,0.833,1,3,4,4,2,2,1,6,11,,32.8,0
22000,100072,Sheryl Swoopes,1611661316,HOU,Houston Comets,1020000086,2000-06-23,HOU @ UTA,W,36,4,12,0.333,1,3,0.333,5,6,0.833,1,3,4,5,3,2,2,3,14,,39.3,0
22000,100073,Cynthia Cooper,1611661316,HOU,Houston Comets,1020000086,2000-06-23,HOU @ UTA,W,36,9,16,0.563,0,3,0.0,1,1,1.0,0,4,4,3,0,0,3,1,19,,25.3,0
22000,100075,Janeth Arcain,1611661316,HOU,Houston Comets,1020000086,2000-06-23,HOU @ UTA,W,10,1,4,0.25,1,3,0.333,2,2,1.0,1,1,2,1,0,0,0,2,5,,8.9,0
22000,100076,Tina Thompson,1611661316,HOU,Houston Comets,1020000086,2000-06-23,HOU @ UTA,W,35,8,12,0.667,3,5,0.6,9,14,0.643,0,8,8,1,3,2,2,2,28,,52.1,0
22000,100077,Tammy Jackson,1611661316,HOU,Houston Comets,1020000086,2000-06-23,HOU @ UTA,W,19,1,1,1.0,0,0,,1,2,0.5,0,4,4,0,0,1,1,3,3,,9.8,0
22000,100211,Amaya Valdemoro,1611661316,HOU,Houston Comets,1020000086,2000-06-23,HOU @ UTA,W,3,0,0,,0,0,,0,0,,0,1,1,0,0,0,0,1,0,,1.2,0
22000,100233,Tiffani Johnson,1611661316,HOU,Houston Comets,1020000086,2000-06-23,HOU @ UTA,W,11,1,1,1.0,0,0,,0,0,,2,1,3,0,1,0,0,2,2,,8.6,0
22000,100338,Jennifer Rizzotti,1611661316,HOU,Houston Comets,1020000086,2000-06-23,HOU @ UTA,W,35,3,5,0.6,1,2,0.5,3,4,0.75,1,4,5,0,1,0,3,2,10,,16.0,0
22000,100500,Elena Shakirova,1611661316,HOU,Houston Comets,1020000086,2000-06-23,HOU @ UTA,W,15,0,5,0.0,0,3,0.0,2,4,0.5,3,2,5,1,0,0,0,0,2,,9.5,0
22000,100239,Margo Dydek,1611661319,UTA,Utah Starzz,1020000086,2000-06-23,UTA vs. HOU,L,26,5,6,0.833,1,1,1.0,2,2,1.0,1,6,7,3,0,0,6,5,13,,19.9,0
22000,100242,LaTonya Johnson,1611661319,UTA,Utah Starzz,1020000086,2000-06-23,UTA vs. HOU,L,20,1,5,0.2,0,0,,4,4,1.0,1,3,4,2,0,0,0,2,6,,13.8,0
22000,100250,Korie Hlede,1611661319,UTA,Utah Starzz,1020000086,2000-06-23,UTA vs. HOU,L,15,3,6,0.5,0,0,,1,3,0.333,0,1,1,3,1,0,0,2,7,,15.7,0
22000,100363,Adrienne Goodson,1611661319,UTA,Utah Starzz,1020000086,2000-06-23,UTA vs. HOU,L,34,6,13,0.462,0,1,0.0,6,8,0.75,3,2,5,1,2,0,3,5,18,,28.5,0
22000,100364,Dalma Ivanyi,1611661319,UTA,Utah Starzz,1020000086,2000-06-23,UTA vs. HOU,L,31,1,9,0.111,1,4,0.25,1,2,0.5,1,4,5,2,0,0,3,5,4,,10.0,0
22000,100366,Natalie Williams,1611661319,UTA,Utah Starzz,1020000086,2000-06-23,UTA vs. HOU,L,35,2,12,0.167,0,0,,5,6,0.833,3,5,8,2,2,0,0,4,9,,27.6,0
22000,100422,Kate Starbird,1611661319,UTA,Utah Starzz,1020000086,2000-06-23,UTA vs. HOU,L,11,1,4,0.25,0,0,,0,0,,0,0,0,1,0,0,2,0,2,,1.5,0
22000,100547,Stacy Frese,1611661319,UTA,Utah Starzz,1020000086,2000-06-23,UTA vs. HOU,L,9,0,1,0.0,0,1,0.0,0,0,,0,1,1,1,0,0,0,0,0,,2.7,0
22000,100549,Amy Herrig,1611661319,UTA,Utah Starzz,1020000086,2000-06-23,UTA vs. HOU,L,1,0,0,,0,0,,0,0,,0,0,0,0,0,0,0,0,0,,0.0,0
22000,100551,Naomi Mulitauaopele,1611661319,UTA,Utah Starzz,1020000086,2000-06-23,UTA vs. HOU,L,18,3,4,0.75,1,1,1.0,0,0,,0,2,2,0,0,0,2,2,7,,7.4,0
22000,100038,Tara Williams,1611661327,POR,Portland Fire,1020000087,2000-06-23,POR vs. SEA,W,5,1,1,1.0,1,1,1.0,0,0,,0,0,0,0,0,0,0,0,3,,3.0,0
22000,100105,Sophia Witherspoon,1611661327,POR,Portland Fire,1020000087,2000-06-23,POR vs. SEA,W,36,2,15,0.133,0,5,0.0,6,6,1.0,1,5,6,5,0,0,3,4,10,,21.7,0
22000,100215,Vanessa Nygaard,1611661327,POR,Portland Fire,1020000087,2000-06-23,POR vs. SEA,W,29,3,6,0.5,2,4,0.5,0,0,,0,2,2,0,0,0,2,3,8,,8.4,0
22000,100284,Tully Bevilaqua,1611661327,POR,Portland Fire,1020000087,2000-06-23,POR vs. SEA,W,28,1,2,0.5,0,1,0.0,9,12,0.75,0,5,5,2,2,0,3,4,11,,23.0,0
22000,100346,Michele Van Gorp,1611661327,POR,Portland Fire,1020000087,2000-06-23,POR vs. SEA,W,3,0,1,0.0,0,0,,0,0,,1,0,1,0,0,0,0,0,0,,1.2,0
22000,100429,Alisa Burras,1611661327,POR,Portland Fire,1020000087,2000-06-23,POR vs. SEA,W,12,2,2,1.0,0,0,,1,2,0.5,1,3,4,0,1,1,3,2,5,,12.8,0
22000,100529,Sylvia Crawley,1611661327,POR,Portland Fire,1020000087,2000-06-23,POR vs. SEA,W,36,8,10,0.8,0,0,,4,5,0.8,3,8,11,1,1,0,4,3,20,,33.7,0
22000,100530,Lynn Pride,1611661327,POR,Portland Fire,1020000087,2000-06-23,POR vs. SEA,W,4,0,2,0.0,0,0,,0,0,,0,0,0,0,0,0,0,1,0,,0.0,0
22000,100532,Stacey Thomas,1611661327,POR,Portland Fire,1020000087,2000-06-23,POR vs. SEA,W,34,3,8,0.375,0,1,0.0,5,6,0.833,2,3,5,6,3,0,2,2,11,,33.0,0
22000,100533,DeMya Walker,1611661327,POR,Portland Fire,1020000087,2000-06-23,POR vs. SEA,W,1,0,0,,0,0,,0,0,,0,0,0,0,0,0,1,0,0,,-1.0,0
22000,100570,Michelle Marciniak,1611661327,POR,Portland Fire,1020000087,2000-06-23,POR vs. SEA,W,12,1,3,0.333,0,1,0.0,2,3,0.667,0,1,1,0,0,0,1,2,4,,4.2,0
22000,100088,Michelle Edwards,1611661328,SEA,Seattle Storm,1020000087,2000-06-23,SEA @ POR,L,24,3,10,0.3,0,1,0.0,2,4,0.5,0,0,0,5,3,0,3,1,8,,21.5,0
22000,100111,Simone Edwards,1611661328,SEA,Seattle Storm,1020000087,2000-06-23,SEA @ POR,L,14,0,4,0.0,0,0,,0,0,,0,3,3,0,3,1,2,2,0,,13.6,0
22000,100179,Charmin Smith,1611661328,SEA,Seattle Storm,1020000087,2000-06-23,SEA @ POR,L,14,0,2,0.0,0,1,0.0,0,0,,0,1,1,1,1,0,0,1,0,,5.7,0
22000,100230,Quacy Barnes,1611661328,SEA,Seattle Storm,1020000087,2000-06-23,SEA @ POR,L,11,1,2,0.5,0,0,,0,0,,1,2,3,1,0,1,3,1,2,,7.1,0
22000,100336,Sonja Henning,1611661328,SEA,Seattle Storm,1020000087,2000-06-23,SEA @ POR,L,15,2,7,0.286,0,1,0.0,1,2,0.5,2,1,3,1,0,0,3,6,5,,7.1,0
22000,100375,Edna Campbell,1611661328,SEA,Seattle Storm,1020000087,2000-06-23,SEA @ POR,L,24,3,10,0.3,1,3,0.333,2,2,1.0,0,4,4,0,1,1,3,3,9,,16.8,0
22000,100470,Stacey Lovelace,1611661328,SEA,Seattle Storm,1020000087,2000-06-23,SEA @ POR,L,25,2,4,0.5,2,2,1.0,2,2,1.0,0,2,2,2,2,0,1,2,8,,18.4,0
22000,100503,Andrea Garner,1611661328,SEA,Seattle Storm,1020000087,2000-06-23,SEA @ POR,L,19,0,0,,0,0,,2,4,0.5,1,1,2,1,1,0,1,3,2,,7.9,0
22000,100538,Katrina Hibbert,1611661328,SEA,Seattle Storm,1020000087,2000-06-23,SEA @ POR,L,26,6,8,0.75,3,4,0.75,2,2,1.0,1,2,3,0,1,0,0,4,17,,23.6,0
22000,100542,Charisse Sampson,1611661328,SEA,Seattle Storm,1020000087,2000-06-23,SEA @ POR,L,5,0,0,,0,0,,0,0,,0,0,0,0,0,0,1,2,0,,-1.0,0
22000,100544,Kamila Vodichkova,1611661328,SEA,Seattle Storm,1020000087,2000-06-23,SEA @ POR,L,23,4,9,0.444,0,0,,2,4,0.5,2,3,5,0,1,0,1,5,10,,18.0,0
22000,100059,Andrea Stinson,1611661314,CHA,Charlotte Sting,1020000088,2000-06-24,CHA @ ORL,L,33,5,10,0.5,2,3,0.667,1,2,0.5,2,5,7,3,2,0,4,1,13,,27.9,0
22000,100060,Rhonda Mapp,1611661314,CHA,Charlotte Sting,1020000088,2000-06-24,CHA @ ORL,L,33,4,13,0.308,0,0,,2,2,1.0,5,10,15,2,1,0,2,4,10,,32.0,0
22000,100182,Tracy Reid,1611661314,CHA,Charlotte Sting,1020000088,2000-06-24,CHA @ ORL,L,27,6,9,0.667,0,0,,1,3,0.333,2,2,4,0,0,1,4,0,13,,16.8,0
22000,100350,Shalonda Enis,1611661314,CHA,Charlotte Sting,1020000088,2000-06-24,CHA @ ORL,L,31,4,15,0.267,1,5,0.2,3,3,1.0,1,1,2,0,1,0,0,2,12,,17.4,0
22000,100371,Charlotte Smith,1611661314,CHA,Charlotte Sting,1020000088,2000-06-24,CHA @ ORL,L,16,1,4,0.25,1,3,0.333,0,0,,0,1,1,3,0,0,0,2,3,,8.7,0
22000,100372,Dawn Staley,1611661314,CHA,Charlotte Sting,1020000088,2000-06-24,CHA @ ORL,L,33,1,3,0.333,1,2,0.5,0,0,,0,0,0,8,3,0,1,1,3,,23.0,0
22000,100446,Summer Erb,1611661314,CHA,Charlotte Sting,1020000088,2000-06-24,CHA @ ORL,L,14,0,3,0.0,0,0,,1,1,1.0,1,1,2,1,0,1,1,3,1,,6.9,0
22000,100447,Tiffany Travis,1611661314,CHA,Charlotte Sting,1020000088,2000-06-24,CHA @ ORL,L,13,5,8,0.625,0,0,,3,4,0.75,1,1,2,0,1,0,0,1,13,,18.4,0
22000,100048,Jessie Hicks,1611661323,ORL,Orlando Miracle,1020000088,2000-06-24,ORL vs. CHA,W,7,0,0,,0,0,,1,2,0.5,1,0,1,0,0,2,1,2,1,,7.2,0
22000,100100,Adrienne Johnson,1611661323,ORL,Orlando Miracle,1020000088,2000-06-24,ORL vs. CHA,W,37,6,15,0.4,1,3,0.333,0,0,,1,2,3,2,2,1,2,3,13,,26.6,0
22000,100410,Shannon Johnson,1611661323,ORL,Orlando Miracle,1020000088,2000-06-24,ORL vs. CHA,W,21,2,5,0.4,1,3,0.333,1,2,0.5,1,4,5,3,0,0,5,3,6,,11.5,0
22000,100411,Carla McGhee,1611661323,ORL,Orlando Miracle,1020000088,2000-06-24,ORL vs. CHA,W,9,2,2,1.0,0,0,,1,1,1.0,0,3,3,0,0,0,0,1,5,,8.6,0
22000,100412,Taj McWilliams-Franklin,1611661323,ORL,Orlando Miracle,1020000088,2000-06-24,ORL vs. CHA,W,31,6,11,0.545,0,1,0.0,0,0,,3,3,6,2,1,2,1,1,12,,30.2,0
22000,100414,Elaine Powell,1611661323,ORL,Orlando Miracle,1020000088,2000-06-24,ORL vs. CHA,W,23,1,3,0.333,0,0,,0,0,,0,0,0,2,2,1,2,1,2,,12.0,0
22000,100415,Nykesha Sales,1611661323,ORL,Orlando Miracle,1020000088,2000-06-24,ORL vs. CHA,W,35,9,21,0.429,3,6,0.5,1,1,1.0,2,8,10,3,0,1,0,2,22,,41.5,0
22000,100514,Cintia dos Santos,1611661323,ORL,Orlando Miracle,1020000088,2000-06-24,ORL vs. CHA,W,33,4,10,0.4,0,0,,0,1,0.0,2,1,3,4,1,3,2,4,8,,27.6,0
22000,100519,Jannon Roland,1611661323,ORL,Orlando Miracle,1020000088,2000-06-24,ORL vs. CHA,W,2,0,0,,0,0,,0,0,,0,0,0,0,0,0,0,0,0,,0.0,0
22000,100521,Tiffany McCain,1611661323,ORL,Orlando Miracle,1020000088,2000-06-24,ORL vs. CHA,W,2,0,1,0.0,0,0,,0,0,,0,0,0,0,0,0,0,0,0,,0.0,0
22000,100030,Jennifer Gillom,1611661317,PHO,Phoenix Mercury,1020000089,2000-06-24,PHO @ MIA,W,21,5,8,0.625,0,1,0.0,0,0,,0,2,2,2,0,0,2,4,10,,13.4,0
22000,100031,Bridget Pettis,1611661317,PHO,Phoenix Mercury,1020000089,2000-06-24,PHO @ MIA,W,30,3,5,0.6,0,1,0.0,2,2,1.0,1,3,4,1,1,0,5,3,8,,12.3,0
22000,100045,Dena Head,1611661317,PHO,Phoenix Mercury,1020000089,2000-06-24,PHO @ MIA,W,9,2,2,1.0,0,0,,0,2,0.0,0,2,2,1,1,0,1,2,4,,9.9,0
22000,100221,Michelle Brogan,1611661317,PHO,Phoenix Mercury,1020000089,2000-06-24,PHO @ MIA,W,15,1,4,0.25,0,0,,4,4,1.0,2,3,5,0,0,0,2,1,6,,10.0,0
22000,100225,Brandy Reed,1611661317,PHO,Phoenix Mercury,1020000089,2000-06-24,PHO @ MIA,W,29,3,9,0.333,1,1,1.0,1,2,0.5,0,2,2,4,3,1,3,1,8,,25.4,0
22000,100227,Maria Stepanova,1611661317,PHO,Phoenix Mercury,1020000089,2000-06-24,PHO @ MIA,W,14,2,2,1.0,0,0,,2,2,1.0,1,6,7,1,1,1,1,6,6,,20.9,0
22000,100378,Lisa Harrison,1611661317,PHO,Phoenix Mercury,1020000089,2000-06-24,PHO @ MIA,W,24,4,7,0.571,0,0,,0,0,,1,1,2,1,0,0,1,3,8,,10.9,0
22000,100398,Tonya Edwards,1611661317,PHO,Phoenix Mercury,1020000089,2000-06-24,PHO @ MIA,W,21,5,6,0.833,2,2,1.0,0,0,,0,3,3,2,1,0,1,2,12,,20.6,0
22000,100526,Adrian Williams-Strong,1611661317,PHO,Phoenix Mercury,1020000089,2000-06-24,PHO @ MIA,W,21,1,4,0.25,0,0,,1,2,0.5,0,3,3,0,2,1,2,1,3,,13.6,0
22000,100594,Michelle Cleary,1611661317,PHO,Phoenix Mercury,1020000089,2000-06-24,PHO @ MIA,W,16,0,1,0.0,0,1,0.0,2,2,1.0,2,0,2,2,1,0,1,2,2,,9.4,0
22000,100009,Katrina Colleton,1611661326,MIA,Miami Sol,1020000089,2000-06-24,MIA vs. PHO,L,24,1,12,0.083,1,2,0.5,0,0,,0,1,1,0,0,0,2,1,3,,2.2,0
22000,100037,Marlies Askamp,1611661326,MIA,Miami Sol,1020000089,2000-06-24,MIA vs. PHO,L,23,3,4,0.75,0,0,,1,2,0.5,3,0,3,1,0,0,2,3,7,,10.1,0
22000,100063,Sharon Manning,1611661326,MIA,Miami Sol,1020000089,2000-06-24,MIA vs. PHO,L,11,1,2,0.5,0,0,,1,2,0.5,2,3,5,1,0,0,1,4,3,,9.5,0
22000,100107,Kisha Ford,1611661326,MIA,Miami Sol,1020000089,2000-06-24,MIA vs. PHO,L,16,0,7,0.0,0,1,0.0,0,0,,2,0,2,0,0,0,1,2,0,,1.4,0
22000,100359,Debbie Black,1611661326,MIA,Miami Sol,1020000089,2000-06-24,MIA vs. PHO,L,17,0,3,0.0,0,2,0.0,0,0,,0,1,1,1,0,0,3,1,0,,-0.3,0
22000,100416,Sheri Sam,1611661326,MIA,Miami Sol,1020000089,2000-06-24,MIA vs. PHO,L,24,1,8,0.125,0,1,0.0,0,0,,0,0,0,1,0,1,2,2,2,,4.5,0
22000,100451,Jamie Cassidy,1611661326,MIA,Miami Sol,1020000089,2000-06-24,MIA vs. PHO,L,7,1,3,0.333,0,0,,1,2,0.5,1,1,2,0,0,0,0,0,3,,5.4,0
22000,100552,Kristen Rasmussen,1611661326,MIA,Miami Sol,1020000089,2000-06-24,MIA vs. PHO,L,19,1,4,0.25,0,0,,5,10,0.5,5,3,8,1,2,0,0,2,7,,24.1,0
22000,100558,Jameka Jones,1611661326,MIA,Miami Sol,1020000089,2000-06-24,MIA vs. PHO,L,16,2,8,0.25,0,2,0.0,3,4,0.75,2,0,2,0,0,0,1,0,7,,8.4,0
22000,100559,Milena Flores,1611661326,MIA,Miami Sol,1020000089,2000-06-24,MIA vs. PHO,L,23,2,7,0.286,2,4,0.5,2,2,1.0,0,1,1,2,2,0,1,1,8,,17.2,0
22000,100560,Shantia Owens,1611661326,MIA,Miami Sol,1020000089,2000-06-24,MIA vs. PHO,L,20,2,4,0.5,0,0,,0,2,0.0,1,3,4,0,1,0,2,5,4,,9.8,0
22000,100046,Wendy Palmer,1611661321,DET,Detroit Shock,1020000090,2000-06-24,DET vs. WAS,L,31,6,9,0.667,0,0,,1,6,0.167,0,6,6,1,2,0,4,5,13,,23.7,0
22000,100243,Olympia Scott,1611661321,DET,Detroit Shock,1020000090,2000-06-24,DET vs. WAS,L,18,3,4,0.75,0,0,,2,3,0.667,1,0,1,0,1,0,0,6,8,,12.2,0
22000,100351,Joy Holmes,1611661321,DET,Detroit Shock,1020000090,2000-06-24,DET vs. WAS,L,4,0,1,0.0,0,0,,0,2,0.0,0,0,0,1,0,0,0,0,0,,1.5,0
22000,100384,Dominique Canty,1611661321,DET,Detroit Shock,1020000090,2000-06-24,DET vs. WAS,L,31,4,7,0.571,0,0,,6,8,0.75,1,0,1,3,4,0,2,2,14,,29.7,0
22000,100386,Claudia Neves,1611661321,DET,Detroit Shock,1020000090,2000-06-24,DET vs. WAS,L,33,3,11,0.273,1,5,0.2,1,2,0.5,1,4,5,3,6,0,2,2,8,,34.5,0
22000,100387,Astou Ndiaye-Diatta,1611661321,DET,Detroit Shock,1020000090,2000-06-24,DET vs. WAS,L,25,3,8,0.375,0,0,,1,2,0.5,2,1,3,2,2,0,3,4,7,,16.6,0
22000,100388,Elena Tornikidou,1611661321,DET,Detroit Shock,1020000090,2000-06-24,DET vs. WAS,L,30,4,8,0.5,0,0,,4,5,0.8,1,2,3,3,2,0,2,1,12,,24.1,0
22000,100390,Oksana Zakaluzhnaya,1611661321,DET,Detroit Shock,1020000090,2000-06-24,DET vs. WAS,L,6,1,1,1.0,0,0,,0,0,,0,0,0,0,0,0,0,1,2,,2.0,0
22000,100492,Edwina Brown,1611661321,DET,Detroit Shock,1020000090,2000-06-24,DET vs. WAS,L,16,0,4,0.0,0,0,,2,2,1.0,1,1,2,1,1,0,0,1,2,,8.9,0
22000,100493,Anna DeForge,1611661321,DET,Detroit Shock,1020000090,2000-06-24,DET vs. WAS,L,1,0,2,0.0,0,2,0.0,2,2,1.0,0,0,0,1,0,0,0,0,2,,3.5,0
22000,100496,Tamicha Jackson,1611661321,DET,Detroit Shock,1020000090,2000-06-24,DET vs. WAS,L,5,1,5,0.2,0,0,,0,0,,1,0,1,0,0,0,0,0,2,,3.2,0
22000,100058,Vicky Bullett,1611661322,WAS,Washington Mystics,1020000090,2000-06-24,WAS @ DET,W,33,9,13,0.692,2,2,1.0,1,2,0.5,4,7,11,1,0,2,2,3,21,,39.7,0
22000,100198,Nikki McCray,1611661322,WAS,Washington Mystics,1020000090,2000-06-24,WAS @ DET,W,34,7,10,0.7,2,3,0.667,4,4,1.0,0,1,1,2,0,0,4,1,20,,20.2,0
22000,100199,Murriel Page,1611661322,WAS,Washington Mystics,1020000090,2000-06-24,WAS @ DET,W,32,4,8,0.5,0,0,,2,2,1.0,2,5,7,2,1,1,4,3,10,,23.4,0
22000,100348,Markita Aldridge,1611661322,WAS,Washington Mystics,1020000090,2000-06-24,WAS @ DET,W,20,1,3,0.333,0,1,0.0,0,0,,1,2,3,0,1,0,2,3,2,,6.6,0
22000,100353,Andrea Nagy,1611661322,WAS,Washington Mystics,1020000090,2000-06-24,WAS @ DET,W,27,1,2,0.5,1,2,0.5,6,8,0.75,0,2,2,5,1,1,4,3,9,,20.9,0
22000,100354,Heather Owen,1611661322,WAS,Washington Mystics,1020000090,2000-06-24,WAS @ DET,W,10,1,2,0.5,0,0,,0,0,,0,2,2,1,0,0,1,6,2,,4.9,0
22000,100356,Chamique Holdsclaw,1611661322,WAS,Washington Mystics,1020000090,2000-06-24,WAS @ DET,W,26,3,7,0.429,0,1,0.0,2,2,1.0,1,4,5,0,1,0,5,4,8,,12.0,0
22000,100553,Keisha Anderson,1611661322,WAS,Washington Mystics,1020000090,2000-06-24,WAS @ DET,W,13,1,1,1.0,0,0,,0,0,,0,2,2,2,0,0,1,0,2,,6.4,0
22000,100555,Tausha Mills,1611661322,WAS,Washington Mystics,1020000090,2000-06-24,WAS @ DET,W,4,1,5,0.2,0,0,,0,0,,1,1,2,0,0,0,1,2,2,,3.4,0
22000,100557,Tonya Massaline,1611661322,WAS,Washington Mystics,1020000090,2000-06-24,WAS @ DET,W,1,0,0,,0,0,,0,0,,0,0,0,0,0,0,0,0,0,,0.0,0
22000,100091,Eva Nemcova,1611661315,CLE,Cleveland Rockers,1020000091,2000-06-24,CLE vs. MIN,L,38,6,9,0.667,3,5,0.6,0,0,,0,4,4,2,2,0,0,3,15,,28.8,0
22000,100092,Merlakia Jones,1611661315,CLE,Cleveland Rockers,1020000091,2000-06-24,CLE vs. MIN,L,35,3,9,0.333,0,1,0.0,6,6,1.0,3,3,6,1,0,0,4,4,12,,16.7,0
22000,100097,Rushia Brown,1611661315,CLE,Cleveland Rockers,1020000091,2000-06-24,CLE vs. MIN,L,36,5,7,0.714,0,0,,3,3,1.0,3,2,5,1,1,1,6,3,13,,20.5,0
22000,100187,Suzie McConnell Serio,1611661315,CLE,Cleveland Rockers,1020000091,2000-06-24,CLE vs. MIN,L,23,1,2,0.5,0,1,0.0,0,0,,0,2,2,4,0,0,4,1,2,,6.4,0
22000,100237,Tricia Bader Binford,1611661315,CLE,Cleveland Rockers,1020000091,2000-06-24,CLE vs. MIN,L,1,0,0,,0,0,,0,0,,0,0,0,0,0,0,0,0,0,,0.0,0
22000,100428,Mery Andrade,1611661315,CLE,Cleveland Rockers,1020000091,2000-06-24,CLE vs. MIN,L,17,1,3,0.333,1,2,0.5,1,2,0.5,0,3,3,2,0,0,2,3,4,,8.6,0
22000,100433,Chasity Melvin,1611661315,CLE,Cleveland Rockers,1020000091,2000-06-24,CLE vs. MIN,L,20,0,5,0.0,0,0,,4,4,1.0,0,2,2,0,1,2,1,5,4,,14.4,0
22000,100445,Ann Wauters,1611661315,CLE,Cleveland Rockers,1020000091,2000-06-24,CLE vs. MIN,L,24,2,5,0.4,0,0,,0,0,,0,3,3,1,0,0,0,1,4,,9.1,0
22000,100457,Helen Darling,1611661315,CLE,Cleveland Rockers,1020000091,2000-06-24,CLE vs. MIN,L,21,1,9,0.111,1,4,0.25,0,0,,0,1,1,1,2,0,4,3,3,,7.7,0
22000,100458,Vicki Hall,1611661315,CLE,Cleveland Rockers,1020000091,2000-06-24,CLE vs. MIN,L,10,0,2,0.0,0,1,0.0,0,0,,0,1,1,0,0,0,0,2,0,,1.2,0
22000,100400,Kristin Folkl,1611661324,MIN,Minnesota Lynx,1020000091,2000-06-24,MIN @ CLE,W,28,0,6,0.0,0,1,0.0,1,2,0.5,1,3,4,2,1,1,3,1,1,,11.8,0
22000,100402,Andrea Lloyd-Curry,1611661324,MIN,Minnesota Lynx,1020000091,2000-06-24,MIN @ CLE,W,36,1,8,0.125,1,3,0.333,4,4,1.0,3,3,6,1,0,0,4,5,7,,11.7,0
22000,100404,Katie Smith,1611661324,MIN,Minnesota Lynx,1020000091,2000-06-24,MIN @ CLE,W,43,3,9,0.333,2,8,0.25,5,6,0.833,0,1,1,4,4,1,2,4,13,,33.2,0
22000,100406,Sonja Tate,1611661324,MIN,Minnesota Lynx,1020000091,2000-06-24,MIN @ CLE,W,13,0,2,0.0,0,1,0.0,0,0,,1,1,2,0,0,0,2,2,0,,0.4,0
22000,100481,Marla Brumfield,1611661324,MIN,Minnesota Lynx,1020000091,2000-06-24,MIN @ CLE,W,11,0,1,0.0,0,0,,0,0,,1,1,2,0,1,0,1,0,0,,4.4,0
22000,100482,Grace Daley,1611661324,MIN,Minnesota Lynx,1020000091,2000-06-24,MIN @ CLE,W,25,3,4,0.75,0,1,0.0,1,2,0.5,1,3,4,3,1,0,2,2,7,,17.3,0
22000,100483,Keitha Dickerson,1611661324,MIN,Minnesota Lynx,1020000091,2000-06-24,MIN @ CLE,W,16,0,2,0.0,0,0,,2,2,1.0,0,3,3,1,0,0,1,3,2,,6.1,0
22000,100484,Betty Lennox,1611661324,MIN,Minnesota Lynx,1020000091,2000-06-24,MIN @ CLE,W,42,11,19,0.579,5,8,0.625,1,2,0.5,1,4,5,2,5,0,4,5,28,,48.0,0
22000,100485,Maylana Martin,1611661324,MIN,Minnesota Lynx,1020000091,2000-06-24,MIN @ CLE,W,11,1,3,0.333,0,0,,0,0,,0,1,1,0,0,0,0,3,2,,3.2,0
22000,100072,Sheryl Swoopes,1611661316,HOU,Houston Comets,1020000092,2000-06-24,HOU vs. IND,W,34,5,11,0.455,2,3,0.667,4,6,0.667,0,3,3,7,2,1,1,0,16,,38.1,0
22000,100073,Cynthia Cooper,1611661316,HOU,Houston Comets,1020000092,2000-06-24,HOU vs. IND,W,34,5,11,0.455,2,3,0.667,7,8,0.875,1,3,4,2,3,0,5,3,19,,30.8,0
22000,100075,Janeth Arcain,1611661316,HOU,Houston Comets,1020000092,2000-06-24,HOU vs. IND,W,27,3,7,0.429,0,1,0.0,1,2,0.5,1,0,1,5,0,0,0,3,7,,15.7,0
22000,100076,Tina Thompson,1611661316,HOU,Houston Comets,1020000092,2000-06-24,HOU vs. IND,W,29,7,11,0.636,1,2,0.5,8,8,1.0,2,5,7,0,1,0,0,4,23,,34.4,0
22000,100077,Tammy Jackson,1611661316,HOU,Houston Comets,1020000092,2000-06-24,HOU vs. IND,W,8,1,2,0.5,0,0,,0,0,,0,0,0,1,0,0,1,0,2,,2.5,0
22000,100211,Amaya Valdemoro,1611661316,HOU,Houston Comets,1020000092,2000-06-24,HOU vs. IND,W,4,0,0,,0,0,,0,0,,0,1,1,1,0,0,0,0,0,,2.7,0
22000,100217,Coquese Washington,1611661316,HOU,Houston Comets,1020000092,2000-06-24,HOU vs. IND,W,6,3,3,1.0,1,1,1.0,0,0,,0,0,0,0,0,0,0,0,7,,7.0,0
22000,100233,Tiffani Johnson,1611661316,HOU,Houston Comets,1020000092,2000-06-24,HOU vs. IND,W,14,1,1,1.0,0,0,,1,2,0.5,1,1,2,0,2,0,0,3,3,,11.4,0
22000,100338,Jennifer Rizzotti,1611661316,HOU,Houston Comets,1020000092,2000-06-24,HOU vs. IND,W,15,1,2,0.5,1,2,0.5,0,0,,0,0,0,1,0,0,2,1,3,,2.5,0
22000,100500,Elena Shakirova,1611661316,HOU,Houston Comets,1020000092,2000-06-24,HOU vs. IND,W,25,2,4,0.5,0,2,0.0,7,7,1.0,2,5,7,1,0,0,3,1,11,,17.9,0
22000,100504,Kelley Gibson,1611661316,HOU,Houston Comets,1020000092,2000-06-24,HOU vs. IND,W,4,1,2,0.5,0,1,0.0,0,0,,1,0,1,0,0,0,0,0,2,,3.2,0
22000,100096,Donna Harrington,1611661325,IND,Indiana Fever,1020000092,2000-06-24,IND @ HOU,L,6,0,1,0.0,0,0,,0,0,,0,0,0,0,0,0,1,1,0,,-1.0,0
22000,100204,Rita Williams,1611661325,IND,Indiana Fever,1020000092,2000-06-24,IND @ HOU,L,40,6,16,0.375,3,9,0.333,0,0,,0,3,3,7,4,0,3,1,15,,38.1,0
22000,100216,Alicia Thompson,1611661325,IND,Indiana Fever,1020000092,2000-06-24,IND @ HOU,L,11,0,3,0.0,0,0,,0,0,,1,1,2,0,0,0,3,6,0,,-0.6,0
22000,100340,Kara Wolters,1611661325,IND,Indiana Fever,1020000092,2000-06-24,IND @ HOU,L,36,7,13,0.538,0,0,,4,4,1.0,3,7,10,2,0,0,2,5,18,,31.0,0
22000,100357,Monica Maxwell,1611661325,IND,Indiana Fever,1020000092,2000-06-24,IND @ HOU,L,34,5,9,0.556,3,6,0.5,0,0,,1,4,5,2,1,0,0,4,13,,25.0,0
22000,100370,Stephanie White,1611661325,IND,Indiana Fever,1020000092,2000-06-24,IND @ HOU,L,16,5,8,0.625,1,2,0.5,0,0,,0,0,0,2,0,0,0,1,11,,14.0,0
22000,100394,Gordana Grubin,1611661325,IND,Indiana Fever,1020000092,2000-06-24,IND @ HOU,L,19,2,6,0.333,0,1,0.0,2,2,1.0,2,3,5,1,0,0,1,1,6,,12.5,0
22000,100471,Danielle McCulley,1611661325,IND,Indiana Fever,1020000092,2000-06-24,IND @ HOU,L,5,0,0,,0,0,,0,0,,0,0,0,0,0,0,1,4,0,,-1.0,0
22000,100472,Texlin Quinney,1611661325,IND,Indiana Fever,1020000092,2000-06-24,IND @ HOU,L,11,1,2,0.5,0,0,,0,0,,0,0,0,1,0,0,1,1,2,,2.5,0
22000,101006,Jurgita Streimikyte,1611661325,IND,Indiana Fever,1020000092,2000-06-24,IND @ HOU,L,22,0,3,0.0,0,0,,2,2,1.0,0,0,0,2,1,0,3,4,2,,5.0,0
22000,100101,Teresa Weatherspoon,1611661313,NYL,New York Liberty,1020000093,2000-06-25,NYL vs. LAS,L,31,0,5,0.0,0,0,,2,2,1.0,0,4,4,6,0,0,1,1,2,,14.8,0
22000,100103,Vickie Johnson,1611661313,NYL,New York Liberty,1020000093,2000-06-25,NYL vs. LAS,L,21,1,5,0.2,0,2,0.0,0,0,,2,0,2,2,0,0,1,0,2,,6.4,0
22000,100104,Sue Wicks,1611661313,NYL,New York Liberty,1020000093,2000-06-25,NYL vs. LAS,L,19,2,9,0.222,0,0,,2,2,1.0,1,2,3,0,0,0,1,4,6,,8.6,0
22000,100342,Becky Hammon,1611661313,NYL,New York Liberty,1020000093,2000-06-25,NYL vs. LAS,L,31,6,10,0.6,3,6,0.5,3,4,0.75,0,2,2,2,1,0,3,2,18,,23.4,0
22000,100345,Crystal Robinson,1611661313,NYL,New York Liberty,1020000093,2000-06-25,NYL vs. LAS,L,35,4,17,0.235,2,8,0.25,0,0,,0,3,3,2,1,0,1,5,10,,18.6,0
22000,100347,Tamika Whitmore,1611661313,NYL,New York Liberty,1020000093,2000-06-25,NYL vs. LAS,L,24,8,12,0.667,0,0,,1,2,0.5,3,1,4,0,1,0,1,6,17,,23.8,0
22000,100413,Tari Phillips,1611661313,NYL,New York Liberty,1020000093,2000-06-25,NYL vs. LAS,L,35,4,8,0.5,0,0,,4,6,0.667,3,8,11,3,1,0,4,2,12,,28.7,0
22000,100508,Jessica Bibby,1611661313,NYL,New York Liberty,1020000093,2000-06-25,NYL vs. LAS,L,1,0,0,,0,0,,0,0,,0,0,0,0,0,0,0,0,0,,0.0,0
22000,100509,Marina Ferragut,1611661313,NYL,New York Liberty,1020000093,2000-06-25,NYL vs. LAS,L,3,0,1,0.0,0,1,0.0,0,0,,0,0,0,0,0,0,0,0,0,,0.0,0
22000,100003,Lisa Leslie,1611661320,LAS,Los Angeles Sparks,1020000093,2000-06-25,LAS @ NYL,W,34,5,13,0.385,0,2,0.0,12,16,0.75,0,5,5,2,0,5,0,6,22,,46.0,0
22000,100008,Tamecka Dixon,1611661320,LAS,Los Angeles Sparks,1020000093,2000-06-25,LAS @ NYL,W,30,3,7,0.429,0,0,,2,2,1.0,1,4,5,0,0,1,1,1,8,,16.0,0
22000,100012,Mwadi Mabika,1611661320,LAS,Los Angeles Sparks,1020000093,2000-06-25,LAS @ NYL,W,36,6,14,0.429,1,8,0.125,1,2,0.5,3,7,10,6,1,0,2,2,14,,36.0,0
22000,100170,Allison Feaster,1611661320,LAS,Los Angeles Sparks,1020000093,2000-06-25,LAS @ NYL,W,14,2,6,0.333,1,4,0.25,1,2,0.5,1,2,3,0,0,0,2,2,6,,7.6,0
22000,100392,Ukari Figgs,1611661320,LAS,Los Angeles Sparks,1020000093,2000-06-25,LAS @ NYL,W,29,1,4,0.25,0,2,0.0,2,2,1.0,0,3,3,2,0,0,4,3,4,,6.6,0
22000,100395,Clarisse Machanguana,1611661320,LAS,Los Angeles Sparks,1020000093,2000-06-25,LAS @ NYL,W,12,1,2,0.5,0,0,,1,2,0.5,1,3,4,1,0,0,0,2,3,,9.3,0
22000,100396,DeLisha Milton-Jones,1611661320,LAS,Los Angeles Sparks,1020000093,2000-06-25,LAS @ NYL,W,34,4,11,0.364,0,0,,2,2,1.0,6,5,11,0,4,1,4,2,10,,34.2,0
22000,100478,Nicky McCrimmon,1611661320,LAS,Los Angeles Sparks,1020000093,2000-06-25,LAS @ NYL,W,11,2,3,0.667,1,2,0.5,0,0,,0,2,2,2,0,1,0,2,5,,13.4,0
22000,100059,Andrea Stinson,1611661314,CHA,Charlotte Sting,1020000094,2000-06-25,CHA vs. DET,L,31,6,14,0.429,1,4,0.25,4,4,1.0,1,1,2,6,1,1,4,3,17,,30.4,0
22000,100060,Rhonda Mapp,1611661314,CHA,Charlotte Sting,1020000094,2000-06-25,CHA vs. DET,L,11,2,7,0.286,0,0,,0,0,,2,2,4,0,0,0,1,0,4,,7.8,0
22000,100182,Tracy Reid,1611661314,CHA,Charlotte Sting,1020000094,2000-06-25,CHA vs. DET,L,23,2,8,0.25,0,0,,1,2,0.5,1,2,3,1,1,1,2,0,5,,14.1,0
22000,100294,Cass Bauer-Bilodeau,1611661314,CHA,Charlotte Sting,1020000094,2000-06-25,CHA vs. DET,L,4,1,1,1.0,0,0,,0,0,,0,0,0,0,0,0,0,2,2,,2.0,0
22000,100350,Shalonda Enis,1611661314,CHA,Charlotte Sting,1020000094,2000-06-25,CHA vs. DET,L,34,5,11,0.455,1,3,0.333,7,9,0.778,1,5,6,2,1,0,0,2,18,,31.2,0
22000,100371,Charlotte Smith,1611661314,CHA,Charlotte Sting,1020000094,2000-06-25,CHA vs. DET,L,22,4,5,0.8,1,1,1.0,0,0,,2,2,4,1,0,2,2,0,9,,19.3,0
22000,100372,Dawn Staley,1611661314,CHA,Charlotte Sting,1020000094,2000-06-25,CHA vs. DET,L,37,3,6,0.5,1,3,0.333,2,2,1.0,0,1,1,9,1,0,5,1,9,,21.7,0
22000,100446,Summer Erb,1611661314,CHA,Charlotte Sting,1020000094,2000-06-25,CHA vs. DET,L,21,4,6,0.667,0,0,,5,6,0.833,3,5,8,0,0,1,1,4,13,,24.6,0
22000,100447,Tiffany Travis,1611661314,CHA,Charlotte Sting,1020000094,2000-06-25,CHA vs. DET,L,17,2,4,0.5,0,0,,0,0,,0,2,2,1,1,0,1,2,4,,9.9,0
22000,100046,Wendy Palmer,1611661321,DET,Detroit Shock,1020000094,2000-06-25,DET @ CHA,W,25,5,11,0.455,1,2,0.5,1,2,0.5,0,2,2,1,1,0,0,4,12,,18.9,0
22000,100243,Olympia Scott,1611661321,DET,Detroit Shock,1020000094,2000-06-25,DET @ CHA,W,18,1,7,0.143,0,0,,1,2,0.5,3,5,8,4,0,0,2,4,3,,16.6,0
22000,100351,Joy Holmes,1611661321,DET,Detroit Shock,1020000094,2000-06-25,DET @ CHA,W,4,0,2,0.0,0,0,,0,0,,0,0,0,0,0,0,0,1,0,,0.0,0
22000,100384,Dominique Canty,1611661321,DET,Detroit Shock,1020000094,2000-06-25,DET @ CHA,W,32,2,6,0.333,0,0,,3,4,0.75,0,0,0,3,2,1,0,1,7,,20.5,0
22000,100386,Claudia Neves,1611661321,DET,Detroit Shock,1020000094,2000-06-25,DET @ CHA,W,16,1,4,0.25,0,1,0.0,1,2,0.5,1,1,2,0,0,0,4,0,3,,1.4,0
22000,100387,Astou Ndiaye-Diatta,1611661321,DET,Detroit Shock,1020000094,2000-06-25,DET @ CHA,W,32,5,12,0.417,0,0,,1,2,0.5,1,6,7,1,2,1,1,2,11,,28.9,0
22000,100388,Elena Tornikidou,1611661321,DET,Detroit Shock,1020000094,2000-06-25,DET @ CHA,W,27,11,13,0.846,0,0,,3,3,1.0,2,4,6,5,1,0,2,1,25,,40.7,0
22000,100390,Oksana Zakaluzhnaya,1611661321,DET,Detroit Shock,1020000094,2000-06-25,DET @ CHA,W,5,1,1,1.0,0,0,,0,0,,1,0,1,0,0,0,0,1,2,,3.2,0
22000,100492,Edwina Brown,1611661321,DET,Detroit Shock,1020000094,2000-06-25,DET @ CHA,W,14,5,7,0.714,0,0,,0,0,,1,0,1,1,0,0,0,3,10,,12.7,0
22000,100493,Anna DeForge,1611661321,DET,Detroit Shock,1020000094,2000-06-25,DET @ CHA,W,3,0,1,0.0,0,0,,0,0,,1,0,1,2,0,0,0,0,0,,4.2,0
22000,100496,Tamicha Jackson,1611661321,DET,Detroit Shock,1020000094,2000-06-25,DET @ CHA,W,24,5,7,0.714,1,1,1.0,0,0,,0,1,1,5,3,0,1,1,11,,27.7,0
22000,100091,Eva Nemcova,1611661315,CLE,Cleveland Rockers,1020000095,2000-06-25,CLE vs. PHO,W,33,5,15,0.333,3,6,0.5,0,0,,1,5,6,1,3,0,1,0,13,,29.7,0
22000,100092,Merlakia Jones,1611661315,CLE,Cleveland Rockers,1020000095,2000-06-25,CLE vs. PHO,W,30,6,10,0.6,0,0,,0,0,,1,2,3,1,0,0,2,3,12,,15.1,0
22000,100097,Rushia Brown,1611661315,CLE,Cleveland Rockers,1020000095,2000-06-25,CLE vs. PHO,W,32,4,9,0.444,0,0,,5,6,0.833,2,7,9,3,3,0,3,2,13,,34.3,0
22000,100187,Suzie McConnell Serio,1611661315,CLE,Cleveland Rockers,1020000095,2000-06-25,CLE vs. PHO,W,29,1,2,0.5,0,1,0.0,1,4,0.25,0,1,1,7,1,0,4,2,3,,13.7,0
22000,100428,Mery Andrade,1611661315,CLE,Cleveland Rockers,1020000095,2000-06-25,CLE vs. PHO,W,13,1,2,0.5,1,1,1.0,0,0,,0,0,0,0,0,1,2,4,3,,4.0,0
22000,100433,Chasity Melvin,1611661315,CLE,Cleveland Rockers,1020000095,2000-06-25,CLE vs. PHO,W,28,3,4,0.75,0,0,,7,8,0.875,4,3,7,0,1,4,2,3,13,,34.4,0
22000,100445,Ann Wauters,1611661315,CLE,Cleveland Rockers,1020000095,2000-06-25,CLE vs. PHO,W,16,3,6,0.5,0,0,,1,2,0.5,1,4,5,1,0,0,2,1,7,,12.5,0
22000,100457,Helen Darling,1611661315,CLE,Cleveland Rockers,1020000095,2000-06-25,CLE vs. PHO,W,10,0,3,0.0,0,1,0.0,0,0,,1,1,2,2,1,1,1,1,0,,10.4,0
22000,100458,Vicki Hall,1611661315,CLE,Cleveland Rockers,1020000095,2000-06-25,CLE vs. PHO,W,9,0,1,0.0,0,0,,0,2,0.0,0,0,0,0,1,0,1,1,0,,2.0,0
22000,100030,Jennifer Gillom,1611661317,PHO,Phoenix Mercury,1020000095,2000-06-25,PHO @ CLE,L,33,6,8,0.75,2,3,0.667,1,2,0.5,2,4,6,5,1,3,1,2,15,,40.7,0
22000,100031,Bridget Pettis,1611661317,PHO,Phoenix Mercury,1020000095,2000-06-25,PHO @ CLE,L,38,0,4,0.0,0,1,0.0,1,2,0.5,1,3,4,5,2,1,2,2,1,,20.3,0
22000,100221,Michelle Brogan,1611661317,PHO,Phoenix Mercury,1020000095,2000-06-25,PHO @ CLE,L,23,3,7,0.429,1,3,0.333,1,1,1.0,2,1,3,2,0,0,1,5,8,,13.6,0
22000,100225,Brandy Reed,1611661317,PHO,Phoenix Mercury,1020000095,2000-06-25,PHO @ CLE,L,39,9,16,0.563,1,2,0.5,0,0,,3,3,6,2,6,1,7,3,19,,43.2,0
22000,100227,Maria Stepanova,1611661317,PHO,Phoenix Mercury,1020000095,2000-06-25,PHO @ CLE,L,6,0,2,0.0,0,0,,0,0,,0,1,1,1,0,0,3,2,0,,-0.3,0
22000,100378,Lisa Harrison,1611661317,PHO,Phoenix Mercury,1020000095,2000-06-25,PHO @ CLE,L,3,2,4,0.5,0,0,,0,0,,0,0,0,0,0,0,0,1,4,,4.0,0
22000,100398,Tonya Edwards,1611661317,PHO,Phoenix Mercury,1020000095,2000-06-25,PHO @ CLE,L,34,5,19,0.263,0,5,0.0,2,2,1.0,3,2,5,1,2,0,2,4,12,,23.5,0
22000,100526,Adrian Williams-Strong,1611661317,PHO,Phoenix Mercury,1020000095,2000-06-25,PHO @ CLE,L,18,1,2,0.5,0,0,,0,2,0.0,2,3,5,1,2,0,1,1,2,,14.5,0
22000,100594,Michelle Cleary,1611661317,PHO,Phoenix Mercury,1020000095,2000-06-25,PHO @ CLE,L,6,0,1,0.0,0,1,0.0,0,0,,0,1,1,2,0,0,0,0,0,,4.2,0
22000,100016,Ruthie Bolton,1611661318,SAC,Sacramento Monarchs,1020000096,2000-06-25,SAC vs. POR,W,22,5,10,0.5,3,6,0.5,2,2,1.0,0,0,0,1,2,0,1,0,15,,21.5,0
22000,100027,Latasha Byears,1611661318,SAC,Sacramento Monarchs,1020000096,2000-06-25,SAC vs. POR,W,18,3,4,0.75,0,0,,1,2,0.5,2,2,4,0,2,0,2,6,7,,15.8,0
22000,100044,Lady Grooms,1611661318,SAC,Sacramento Monarchs,1020000096,2000-06-25,SAC vs. POR,W,12,1,3,0.333,0,1,0.0,6,8,0.75,1,0,1,0,0,0,1,0,8,,8.2,0
22000,100183,Cindy Blodgett,1611661318,SAC,Sacramento Monarchs,1020000096,2000-06-25,SAC vs. POR,W,12,3,7,0.429,1,3,0.333,2,4,0.5,0,1,1,0,1,0,0,0,9,,13.2,0
22000,100234,Ticha Penicheiro,1611661318,SAC,Sacramento Monarchs,1020000096,2000-06-25,SAC vs. POR,W,28,0,3,0.0,0,1,0.0,1,2,0.5,0,2,2,10,3,2,3,1,1,,30.4,0
22000,100236,Tangela Smith,1611661318,SAC,Sacramento Monarchs,1020000096,2000-06-25,SAC vs. POR,W,29,5,8,0.625,0,0,,0,0,,0,4,4,1,2,2,2,3,10,,26.3,0
22000,100419,Yolanda Griffith,1611661318,SAC,Sacramento Monarchs,1020000096,2000-06-25,SAC vs. POR,W,21,4,5,0.8,0,0,,6,10,0.6,2,3,5,1,1,2,2,3,14,,28.5,0
22000,100421,Kedra Holland-Corn,1611661318,SAC,Sacramento Monarchs,1020000096,2000-06-25,SAC vs. POR,W,24,7,9,0.778,3,5,0.6,3,4,0.75,0,3,3,4,2,0,2,0,20,,33.6,0
22000,100534,Stacy Clinesmith,1611661318,SAC,Sacramento Monarchs,1020000096,2000-06-25,SAC vs. POR,W,9,0,2,0.0,0,1,0.0,0,0,,1,1,2,1,1,0,0,2,0,,6.9,0
22000,100535,Rhonda Banchero,1611661318,SAC,Sacramento Monarchs,1020000096,2000-06-25,SAC vs. POR,W,9,0,3,0.0,0,1,0.0,2,4,0.5,2,0,2,1,0,0,2,3,2,,3.9,0
22000,100536,Katy Steding,1611661318,SAC,Sacramento Monarchs,1020000096,2000-06-25,SAC vs. POR,W,16,2,4,0.5,2,3,0.667,0,0,,0,0,0,1,1,0,0,1,6,,10.5,0
22000,100038,Tara Williams,1611661327,POR,Portland Fire,1020000096,2000-06-25,POR @ SAC,L,15,0,2,0.0,0,2,0.0,1,2,0.5,0,1,1,1,0,1,1,1,1,,5.7,0
22000,100105,Sophia Witherspoon,1611661327,POR,Portland Fire,1020000096,2000-06-25,POR @ SAC,L,25,5,13,0.385,5,7,0.714,2,2,1.0,0,1,1,1,0,0,0,1,17,,19.7,0
22000,100215,Vanessa Nygaard,1611661327,POR,Portland Fire,1020000096,2000-06-25,POR @ SAC,L,16,4,5,0.8,1,1,1.0,1,1,1.0,2,0,2,1,0,0,0,2,10,,13.9,0
22000,100284,Tully Bevilaqua,1611661327,POR,Portland Fire,1020000096,2000-06-25,POR @ SAC,L,24,0,1,0.0,0,1,0.0,0,0,,0,1,1,4,0,0,5,4,0,,2.2,0
22000,100346,Michele Van Gorp,1611661327,POR,Portland Fire,1020000096,2000-06-25,POR @ SAC,L,12,3,4,0.75,0,0,,0,0,,2,1,3,0,0,0,2,3,6,,7.6,0
22000,100429,Alisa Burras,1611661327,POR,Portland Fire,1020000096,2000-06-25,POR @ SAC,L,21,7,10,0.7,0,0,,0,1,0.0,2,5,7,1,0,1,4,3,14,,22.9,0
22000,100529,Sylvia Crawley,1611661327,POR,Portland Fire,1020000096,2000-06-25,POR @ SAC,L,22,1,7,0.143,0,0,,1,2,0.5,2,4,6,1,3,3,3,4,3,,26.7,0
22000,100530,Lynn Pride,1611661327,POR,Portland Fire,1020000096,2000-06-25,POR @ SAC,L,19,3,4,0.75,0,0,,2,2,1.0,0,3,3,4,1,0,0,3,8,,20.6,0
22000,100532,Stacey Thomas,1611661327,POR,Portland Fire,1020000096,2000-06-25,POR @ SAC,L,21,4,8,0.5,0,0,,1,2,0.5,3,2,5,0,1,0,3,3,9,,15.0,0
22000,100533,DeMya Walker,1611661327,POR,Portland Fire,1020000096,2000-06-25,POR @ SAC,L,8,1,3,0.333,0,0,,0,0,,1,0,1,2,0,0,1,2,2,,5.2,0
22000,100570,Michelle Marciniak,1611661327,POR,Portland Fire,1020000096,2000-06-25,POR @ SAC,L,17,2,3,0.667,2,3,0.667,0,0,,0,0,0,3,0,0,6,4,6,,4.5,0
22000,100003,Lisa Leslie,1611661320,LAS,Los Angeles Sparks,1020000097,2000-06-26,LAS @ WAS,W,36,5,11,0.455,0,1,0.0,2,4,0.5,3,11,14,3,1,2,2,5,12,,40.3,0
22000,100008,Tamecka Dixon,1611661320,LAS,Los Angeles Sparks,1020000097,2000-06-26,LAS @ WAS,W,25,6,10,0.6,1,1,1.0,0,0,,1,1,2,3,1,1,1,1,13,,24.9,0
22000,100012,Mwadi Mabika,1611661320,LAS,Los Angeles Sparks,1020000097,2000-06-26,LAS @ WAS,W,26,4,16,0.25,1,7,0.143,3,4,0.75,1,3,4,4,3,0,0,4,12,,31.8,0
22000,100170,Allison Feaster,1611661320,LAS,Los Angeles Sparks,1020000097,2000-06-26,LAS @ WAS,W,15,2,5,0.4,1,3,0.333,0,0,,0,1,1,1,0,0,1,0,5,,6.7,0
22000,100392,Ukari Figgs,1611661320,LAS,Los Angeles Sparks,1020000097,2000-06-26,LAS @ WAS,W,22,4,8,0.5,3,5,0.6,0,0,,0,1,1,4,0,0,0,2,11,,18.2,0
22000,100393,La'Keshia Frett,1611661320,LAS,Los Angeles Sparks,1020000097,2000-06-26,LAS @ WAS,W,14,0,3,0.0,0,0,,2,2,1.0,0,0,0,1,0,0,2,1,2,,1.5,0
22000,100395,Clarisse Machanguana,1611661320,LAS,Los Angeles Sparks,1020000097,2000-06-26,LAS @ WAS,W,9,0,0,,0,0,,0,0,,0,0,0,0,0,0,3,2,0,,-3.0,0
22000,100396,DeLisha Milton-Jones,1611661320,LAS,Los Angeles Sparks,1020000097,2000-06-26,LAS @ WAS,W,34,4,6,0.667,0,0,,2,2,1.0,1,5,6,1,1,3,2,3,10,,28.7,0
22000,100478,Nicky McCrimmon,1611661320,LAS,Los Angeles Sparks,1020000097,2000-06-26,LAS @ WAS,W,19,3,4,0.75,3,3,1.0,0,0,,0,2,2,4,0,0,0,1,9,,17.4,0
22000,100058,Vicky Bullett,1611661322,WAS,Washington Mystics,1020000097,2000-06-26,WAS vs. LAS,L,37,2,8,0.25,0,0,,2,2,1.0,3,7,10,2,3,2,0,3,6,,36.0,0
22000,100198,Nikki McCray,1611661322,WAS,Washington Mystics,1020000097,2000-06-26,WAS vs. LAS,L,35,7,18,0.389,4,9,0.444,5,7,0.714,0,2,2,1,0,0,4,2,23,,22.9,0
22000,100199,Murriel Page,1611661322,WAS,Washington Mystics,1020000097,2000-06-26,WAS vs. LAS,L,28,0,4,0.0,0,0,,0,0,,1,6,7,0,0,1,2,3,0,,9.4,0
22000,100348,Markita Aldridge,1611661322,WAS,Washington Mystics,1020000097,2000-06-26,WAS vs. LAS,L,10,0,0,,0,0,,0,0,,0,1,1,3,0,0,0,0,0,,5.7,0
22000,100353,Andrea Nagy,1611661322,WAS,Washington Mystics,1020000097,2000-06-26,WAS vs. LAS,L,36,4,7,0.571,2,3,0.667,0,0,,0,5,5,5,1,0,0,3,10,,26.5,0
22000,100356,Chamique Holdsclaw,1611661322,WAS,Washington Mystics,1020000097,2000-06-26,WAS vs. LAS,L,39,11,27,0.407,0,1,0.0,3,4,0.75,3,4,7,2,2,1,3,4,25,,42.4,0
22000,100555,Tausha Mills,1611661322,WAS,Washington Mystics,1020000097,2000-06-26,WAS vs. LAS,L,15,2,2,1.0,0,0,,4,6,0.667,2,2,4,0,0,0,1,1,8,,11.8,0
22000,100072,Sheryl Swoopes,1611661316,HOU,Houston Comets,1020000098,2000-06-26,HOU @ ORL,W,38,6,10,0.6,0,1,0.0,2,2,1.0,1,8,9,3,3,1,5,2,14,,36.3,0
22000,100073,Cynthia Cooper,1611661316,HOU,Houston Comets,1020000098,2000-06-26,HOU @ ORL,W,35,5,13,0.385,0,2,0.0,3,3,1.0,0,2,2,6,1,0,2,1,13,,25.4,0
22000,100075,Janeth Arcain,1611661316,HOU,Houston Comets,1020000098,2000-06-26,HOU @ ORL,W,33,4,9,0.444,0,2,0.0,0,0,,1,2,3,2,3,0,1,1,8,,22.6,0
22000,100076,Tina Thompson,1611661316,HOU,Houston Comets,1020000098,2000-06-26,HOU @ ORL,W,34,8,15,0.533,3,4,0.75,0,0,,1,4,5,0,1,2,3,5,19,,31.0,0
22000,100077,Tammy Jackson,1611661316,HOU,Houston Comets,1020000098,2000-06-26,HOU @ ORL,W,6,0,0,,0,0,,0,0,,0,2,2,0,0,0,0,2,0,,2.4,0
22000,100233,Tiffani Johnson,1611661316,HOU,Houston Comets,1020000098,2000-06-26,HOU @ ORL,W,26,4,9,0.444,0,0,,2,4,0.5,3,4,7,0,0,1,0,1,10,,21.4,0
22000,100338,Jennifer Rizzotti,1611661316,HOU,Houston Comets,1020000098,2000-06-26,HOU @ ORL,W,14,1,3,0.333,1,2,0.5,0,0,,0,1,1,2,0,0,1,1,3,,6.2,0
22000,100500,Elena Shakirova,1611661316,HOU,Houston Comets,1020000098,2000-06-26,HOU @ ORL,W,14,0,1,0.0,0,1,0.0,3,3,1.0,0,3,3,0,0,1,1,1,3,,8.6,0
22000,100048,Jessie Hicks,1611661323,ORL,Orlando Miracle,1020000098,2000-06-26,ORL vs. HOU,L,2,0,0,,0,0,,0,0,,0,0,0,0,0,0,1,3,0,,-1.0,0
22000,100100,Adrienne Johnson,1611661323,ORL,Orlando Miracle,1020000098,2000-06-26,ORL vs. HOU,L,31,3,10,0.3,0,3,0.0,0,0,,1,3,4,2,1,0,1,2,6,,15.8,0
22000,100410,Shannon Johnson,1611661323,ORL,Orlando Miracle,1020000098,2000-06-26,ORL vs. HOU,L,37,5,9,0.556,0,1,0.0,0,2,0.0,3,8,11,6,2,1,4,3,10,,37.2,0
22000,100411,Carla McGhee,1611661323,ORL,Orlando Miracle,1020000098,2000-06-26,ORL vs. HOU,L,8,1,3,0.333,0,0,,2,2,1.0,0,0,0,0,1,0,1,1,4,,6.0,0
22000,100412,Taj McWilliams-Franklin,1611661323,ORL,Orlando Miracle,1020000098,2000-06-26,ORL vs. HOU,L,39,6,13,0.462,0,0,,2,3,0.667,4,5,9,2,1,2,2,1,14,,34.8,0
22000,100414,Elaine Powell,1611661323,ORL,Orlando Miracle,1020000098,2000-06-26,ORL vs. HOU,L,14,0,3,0.0,0,1,0.0,0,0,,0,0,0,1,0,0,0,0,0,,1.5,0
22000,100415,Nykesha Sales,1611661323,ORL,Orlando Miracle,1020000098,2000-06-26,ORL vs. HOU,L,38,6,16,0.375,0,4,0.0,2,2,1.0,2,4,6,2,4,0,2,4,14,,34.2,0
22000,100514,Cintia dos Santos,1611661323,ORL,Orlando Miracle,1020000098,2000-06-26,ORL vs. HOU,L,31,5,12,0.417,0,0,,0,1,0.0,0,4,4,2,0,3,2,3,10,,24.8,0
22000,100016,Ruthie Bolton,1611661318,SAC,Sacramento Monarchs,1020000099,2000-06-26,SAC @ UTA,L,31,10,20,0.5,4,9,0.444,1,1,1.0,3,3,6,1,5,0,1,1,25,,47.7,0
22000,100027,Latasha Byears,1611661318,SAC,Sacramento Monarchs,1020000099,2000-06-26,SAC @ UTA,L,3,0,1,0.0,0,0,,0,0,,0,0,0,0,0,0,0,2,0,,0.0,0
22000,100183,Cindy Blodgett,1611661318,SAC,Sacramento Monarchs,1020000099,2000-06-26,SAC @ UTA,L,3,0,1,0.0,0,1,0.0,0,0,,0,1,1,0,0,0,1,1,0,,0.2,0
22000,100234,Ticha Penicheiro,1611661318,SAC,Sacramento Monarchs,1020000099,2000-06-26,SAC @ UTA,L,37,5,9,0.556,0,2,0.0,0,0,,1,3,4,13,2,0,3,3,10,,37.3,0
22000,100236,Tangela Smith,1611661318,SAC,Sacramento Monarchs,1020000099,2000-06-26,SAC @ UTA,L,35,8,21,0.381,0,0,,2,2,1.0,3,0,3,2,1,2,2,6,18,,31.6,0
22000,100419,Yolanda Griffith,1611661318,SAC,Sacramento Monarchs,1020000099,2000-06-26,SAC @ UTA,L,39,7,14,0.5,0,0,,5,9,0.556,5,5,10,0,3,2,3,6,19,,43.0,0
22000,100421,Kedra Holland-Corn,1611661318,SAC,Sacramento Monarchs,1020000099,2000-06-26,SAC @ UTA,L,35,1,5,0.2,0,2,0.0,2,2,1.0,1,1,2,5,1,0,2,1,4,,14.9,0
22000,100535,Rhonda Banchero,1611661318,SAC,Sacramento Monarchs,1020000099,2000-06-26,SAC @ UTA,L,1,0,1,0.0,0,1,0.0,0,0,,0,0,0,0,0,0,0,0,0,,0.0,0
22000,100536,Katy Steding,1611661318,SAC,Sacramento Monarchs,1020000099,2000-06-26,SAC @ UTA,L,16,2,7,0.286,0,3,0.0,0,0,,1,2,3,0,0,0,0,2,4,,7.6,0
22000,100239,Margo Dydek,1611661319,UTA,Utah Starzz,1020000099,2000-06-26,UTA vs. SAC,W,32,5,12,0.417,0,0,,9,10,0.9,1,4,5,4,1,3,4,3,19,,39.0,0
22000,100242,LaTonya Johnson,1611661319,UTA,Utah Starzz,1020000099,2000-06-26,UTA vs. SAC,W,13,2,3,0.667,1,1,1.0,0,0,,0,0,0,0,0,0,1,2,5,,4.0,0
22000,100250,Korie Hlede,1611661319,UTA,Utah Starzz,1020000099,2000-06-26,UTA vs. SAC,W,31,8,12,0.667,0,2,0.0,0,0,,2,0,2,3,2,0,1,3,16,,27.9,0
22000,100363,Adrienne Goodson,1611661319,UTA,Utah Starzz,1020000099,2000-06-26,UTA vs. SAC,W,31,6,11,0.545,0,1,0.0,7,8,0.875,2,3,5,2,0,0,6,1,19,,22.0,0
22000,100364,Dalma Ivanyi,1611661319,UTA,Utah Starzz,1020000099,2000-06-26,UTA vs. SAC,W,29,2,3,0.667,1,2,0.5,2,2,1.0,1,4,5,6,1,0,4,3,7,,21.0,0
22000,100366,Natalie Williams,1611661319,UTA,Utah Starzz,1020000099,2000-06-26,UTA vs. SAC,W,40,6,12,0.5,1,1,1.0,8,8,1.0,3,11,14,0,0,0,2,3,21,,35.8,0
22000,100422,Kate Starbird,1611661319,UTA,Utah Starzz,1020000099,2000-06-26,UTA vs. SAC,W,5,1,2,0.5,0,1,0.0,0,0,,0,0,0,0,0,0,0,2,2,,2.0,0
22000,100547,Stacy Frese,1611661319,UTA,Utah Starzz,1020000099,2000-06-26,UTA vs. SAC,W,11,0,1,0.0,0,1,0.0,0,0,,0,2,2,2,1,0,0,0,0,,8.4,0
22000,100551,Naomi Mulitauaopele,1611661319,UTA,Utah Starzz,1020000099,2000-06-26,UTA vs. SAC,W,8,0,2,0.0,0,0,,0,0,,0,1,1,1,0,1,2,1,0,,3.7,0
22000,100101,Teresa Weatherspoon,1611661313,NYL,New York Liberty,1020000100,2000-06-28,NYL vs. PHO,W,31,3,3,1.0,0,0,,5,7,0.714,0,3,3,8,1,0,2,4,11,,27.6,0
22000,100103,Vickie Johnson,1611661313,NYL,New York Liberty,1020000100,2000-06-28,NYL vs. PHO,W,33,4,9,0.444,0,0,,0,0,,3,3,6,3,1,0,3,0,8,,19.7,0
22000,100104,Sue Wicks,1611661313,NYL,New York Liberty,1020000100,2000-06-28,NYL vs. PHO,W,16,3,4,0.75,0,0,,0,0,,0,5,5,1,0,2,0,3,6,,19.5,0
22000,100342,Becky Hammon,1611661313,NYL,New York Liberty,1020000100,2000-06-28,NYL vs. PHO,W,27,5,10,0.5,2,6,0.333,2,2,1.0,0,0,0,3,1,0,3,0,14,,18.5,0
22000,100345,Crystal Robinson,1611661313,NYL,New York Liberty,1020000100,2000-06-28,NYL vs. PHO,W,32,5,7,0.714,4,6,0.667,0,2,0.0,1,6,7,2,0,0,2,4,14,,23.4,0
22000,100347,Tamika Whitmore,1611661313,NYL,New York Liberty,1020000100,2000-06-28,NYL vs. PHO,W,19,1,8,0.125,0,0,,3,4,0.75,2,3,5,2,0,0,0,2,5,,14.0,0
22000,100413,Tari Phillips,1611661313,NYL,New York Liberty,1020000100,2000-06-28,NYL vs. PHO,W,27,10,19,0.526,0,0,,2,4,0.5,6,4,10,0,0,1,2,3,22,,35.0,0
22000,100508,Jessica Bibby,1611661313,NYL,New York Liberty,1020000100,2000-06-28,NYL vs. PHO,W,1,0,0,,0,0,,0,0,,0,0,0,0,0,0,0,1,0,,0.0,0
22000,100509,Marina Ferragut,1611661313,NYL,New York Liberty,1020000100,2000-06-28,NYL vs. PHO,W,12,0,2,0.0,0,0,,0,0,,0,1,1,1,0,0,1,3,0,,1.7,0
22000,100510,Olga Firsova,1611661313,NYL,New York Liberty,1020000100,2000-06-28,NYL vs. PHO,W,1,0,1,0.0,0,0,,2,2,1.0,0,0,0,0,0,0,0,0,2,,2.0,0
22000,100512,Shea Mahoney,1611661313,NYL,New York Liberty,1020000100,2000-06-28,NYL vs. PHO,W,1,0,1,0.0,0,0,,0,0,,1,0,1,0,0,0,0,0,0,,1.2,0
22000,100030,Jennifer Gillom,1611661317,PHO,Phoenix Mercury,1020000100,2000-06-28,PHO @ NYL,L,28,3,9,0.333,1,4,0.25,6,8,0.75,0,3,3,1,3,0,1,2,13,,26.1,0
22000,100031,Bridget Pettis,1611661317,PHO,Phoenix Mercury,1020000100,2000-06-28,PHO @ NYL,L,22,2,8,0.25,2,5,0.4,3,4,0.75,1,1,2,1,1,0,2,6,9,,13.9,0
22000,100045,Dena Head,1611661317,PHO,Phoenix Mercury,1020000100,2000-06-28,PHO @ NYL,L,2,0,0,,0,0,,0,0,,0,1,1,0,0,0,0,0,0,,1.2,0
22000,100221,Michelle Brogan,1611661317,PHO,Phoenix Mercury,1020000100,2000-06-28,PHO @ NYL,L,29,4,6,0.667,1,1,1.0,8,9,0.889,1,3,4,0,0,0,0,3,17,,21.8,0
22000,100225,Brandy Reed,1611661317,PHO,Phoenix Mercury,1020000100,2000-06-28,PHO @ NYL,L,31,1,6,0.167,0,2,0.0,4,4,1.0,2,5,7,3,2,0,2,2,6,,22.9,0
22000,100227,Maria Stepanova,1611661317,PHO,Phoenix Mercury,1020000100,2000-06-28,PHO @ NYL,L,3,0,1,0.0,0,0,,0,0,,0,1,1,0,0,0,1,1,0,,0.2,0
22000,100378,Lisa Harrison,1611661317,PHO,Phoenix Mercury,1020000100,2000-06-28,PHO @ NYL,L,12,1,3,0.333,0,0,,0,0,,0,1,1,0,0,0,1,2,2,,2.2,0
22000,100398,Tonya Edwards,1611661317,PHO,Phoenix Mercury,1020000100,2000-06-28,PHO @ NYL,L,32,5,12,0.417,4,8,0.5,2,2,1.0,1,4,5,1,1,1,1,3,16,,28.5,0
22000,100526,Adrian Williams-Strong,1611661317,PHO,Phoenix Mercury,1020000100,2000-06-28,PHO @ NYL,L,15,2,6,0.333,0,0,,0,0,,2,2,4,1,0,0,0,1,4,,10.3,0
22000,100594,Michelle Cleary,1611661317,PHO,Phoenix Mercury,1020000100,2000-06-28,PHO @ NYL,L,26,0,3,0.0,0,3,0.0,2,2,1.0,0,1,1,6,1,0,1,2,2,,14.2,0
22000,100059,Andrea Stinson,1611661314,CHA,Charlotte Sting,1020000101,2000-06-28,CHA vs. HOU,L,33,7,14,0.5,0,1,0.0,0,0,,1,1,2,3,2,0,3,1,14,,23.9,0
22000,100060,Rhonda Mapp,1611661314,CHA,Charlotte Sting,1020000101,2000-06-28,CHA vs. HOU,L,33,5,10,0.5,2,2,1.0,2,2,1.0,2,2,4,5,0,0,2,4,14,,24.3,0
22000,100182,Tracy Reid,1611661314,CHA,Charlotte Sting,1020000101,2000-06-28,CHA vs. HOU,L,18,4,8,0.5,0,0,,0,3,0.0,1,1,2,0,0,0,1,0,8,,9.4,0
22000,100350,Shalonda Enis,1611661314,CHA,Charlotte Sting,1020000101,2000-06-28,CHA vs. HOU,L,21,3,4,0.75,1,2,0.5,2,4,0.5,2,3,5,0,0,0,1,0,9,,14.0,0
22000,100371,Charlotte Smith,1611661314,CHA,Charlotte Sting,1020000101,2000-06-28,CHA vs. HOU,L,18,1,4,0.25,0,1,0.0,1,1,1.0,0,4,4,1,0,0,3,5,3,,6.3,0
22000,100372,Dawn Staley,1611661314,CHA,Charlotte Sting,1020000101,2000-06-28,CHA vs. HOU,L,34,3,7,0.429,2,4,0.5,0,0,,0,1,1,9,1,0,5,3,8,,20.7,0
22000,100446,Summer Erb,1611661314,CHA,Charlotte Sting,1020000101,2000-06-28,CHA vs. HOU,L,8,0,1,0.0,0,0,,0,0,,0,1,1,0,0,0,0,2,0,,1.2,0
22000,100447,Tiffany Travis,1611661314,CHA,Charlotte Sting,1020000101,2000-06-28,CHA vs. HOU,L,22,1,4,0.25,0,0,,0,0,,1,4,5,2,2,0,3,4,2,,14.0,0
22000,100452,E.C. Hill,1611661314,CHA,Charlotte Sting,1020000101,2000-06-28,CHA vs. HOU,L,13,3,3,1.0,2,2,1.0,0,0,,0,1,1,1,0,0,2,1,8,,8.7,0
22000,100072,Sheryl Swoopes,1611661316,HOU,Houston Comets,1020000101,2000-06-28,HOU @ CHA,W,33,9,17,0.529,1,6,0.167,3,4,0.75,0,5,5,3,5,0,1,3,22,,46.5,0
22000,100073,Cynthia Cooper,1611661316,HOU,Houston Comets,1020000101,2000-06-28,HOU @ CHA,W,35,6,12,0.5,1,4,0.25,8,8,1.0,0,2,2,10,2,1,4,2,21,,43.4,0
22000,100075,Janeth Arcain,1611661316,HOU,Houston Comets,1020000101,2000-06-28,HOU @ CHA,W,31,4,4,1.0,0,0,,0,0,,0,1,1,1,3,0,2,0,8,,17.7,0
22000,100076,Tina Thompson,1611661316,HOU,Houston Comets,1020000101,2000-06-28,HOU @ CHA,W,34,6,12,0.5,1,4,0.25,0,0,,2,6,8,3,1,0,1,2,13,,29.1,0
22000,100077,Tammy Jackson,1611661316,HOU,Houston Comets,1020000101,2000-06-28,HOU @ CHA,W,12,0,2,0.0,0,0,,1,2,0.5,0,1,1,0,0,0,0,1,1,,2.2,0
22000,100211,Amaya Valdemoro,1611661316,HOU,Houston Comets,1020000101,2000-06-28,HOU @ CHA,W,2,0,1,0.0,0,0,,0,0,,0,0,0,0,0,0,0,0,0,,0.0,0
22000,100217,Coquese Washington,1611661316,HOU,Houston Comets,1020000101,2000-06-28,HOU @ CHA,W,6,0,0,,0,0,,0,0,,1,0,1,1,0,0,2,0,0,,0.7,0
22000,100233,Tiffani Johnson,1611661316,HOU,Houston Comets,1020000101,2000-06-28,HOU @ CHA,W,22,1,2,0.5,0,0,,2,2,1.0,3,2,5,1,0,0,0,4,4,,11.5,0
22000,100338,Jennifer Rizzotti,1611661316,HOU,Houston Comets,1020000101,2000-06-28,HOU @ CHA,W,11,1,2,0.5,0,1,0.0,0,0,,0,0,0,0,1,0,1,1,2,,4.0,0
22000,100500,Elena Shakirova,1611661316,HOU,Houston Comets,1020000101,2000-06-28,HOU @ CHA,W,12,2,3,0.667,0,1,0.0,1,1,1.0,1,0,1,0,0,0,1,2,5,,5.2,0
22000,100504,Kelley Gibson,1611661316,HOU,Houston Comets,1020000101,2000-06-28,HOU @ CHA,W,2,0,1,0.0,0,0,,0,0,,0,0,0,0,0,0,0,0,0,,0.0,0
22000,100048,Jessie Hicks,1611661323,ORL,Orlando Miracle,1020000102,2000-06-28,ORL vs. MIA,W,5,1,1,1.0,0,0,,2,3,0.667,1,0,1,0,0,0,0,0,4,,5.2,0
22000,100100,Adrienne Johnson,1611661323,ORL,Orlando Miracle,1020000102,2000-06-28,ORL vs. MIA,W,27,2,4,0.5,0,0,,7,8,0.875,1,3,4,1,0,0,1,2,11,,16.3,0
22000,100410,Shannon Johnson,1611661323,ORL,Orlando Miracle,1020000102,2000-06-28,ORL vs. MIA,W,40,4,8,0.5,1,2,0.5,5,7,0.714,1,3,4,4,3,0,2,3,14,,31.8,0
22000,100411,Carla McGhee,1611661323,ORL,Orlando Miracle,1020000102,2000-06-28,ORL vs. MIA,W,12,1,1,1.0,0,0,,2,2,1.0,0,0,0,0,0,0,0,1,4,,4.0,0
22000,100412,Taj McWilliams-Franklin,1611661323,ORL,Orlando Miracle,1020000102,2000-06-28,ORL vs. MIA,W,35,2,8,0.25,0,1,0.0,0,0,,1,7,8,2,1,0,2,2,4,,17.6,0
22000,100414,Elaine Powell,1611661323,ORL,Orlando Miracle,1020000102,2000-06-28,ORL vs. MIA,W,17,0,2,0.0,0,0,,0,0,,1,2,3,1,0,0,3,1,0,,2.1,0
22000,100415,Nykesha Sales,1611661323,ORL,Orlando Miracle,1020000102,2000-06-28,ORL vs. MIA,W,32,4,11,0.364,2,6,0.333,1,4,0.25,2,3,5,1,2,0,4,2,11,,20.5,0
22000,100514,Cintia dos Santos,1611661323,ORL,Orlando Miracle,1020000102,2000-06-28,ORL vs. MIA,W,28,4,11,0.364,0,0,,3,4,0.75,2,3,5,0,0,0,1,5,11,,16.0,0
22000,100521,Tiffany McCain,1611661323,ORL,Orlando Miracle,1020000102,2000-06-28,ORL vs. MIA,W,4,0,0,,0,0,,2,2,1.0,0,0,0,0,0,0,1,0,2,,1.0,0
22000,100009,Katrina Colleton,1611661326,MIA,Miami Sol,1020000102,2000-06-28,MIA @ ORL,L,23,3,8,0.375,0,0,,1,2,0.5,1,0,1,3,0,2,4,0,7,,14.7,0
22000,100037,Marlies Askamp,1611661326,MIA,Miami Sol,1020000102,2000-06-28,MIA @ ORL,L,18,0,1,0.0,0,0,,0,0,,0,3,3,1,0,0,3,4,0,,2.1,0
22000,100063,Sharon Manning,1611661326,MIA,Miami Sol,1020000102,2000-06-28,MIA @ ORL,L,22,2,4,0.5,0,0,,0,2,0.0,1,4,5,1,0,0,0,5,4,,11.5,0
22000,100107,Kisha Ford,1611661326,MIA,Miami Sol,1020000102,2000-06-28,MIA @ ORL,L,12,1,6,0.167,0,0,,0,0,,2,0,2,0,0,0,0,4,2,,4.4,0
22000,100359,Debbie Black,1611661326,MIA,Miami Sol,1020000102,2000-06-28,MIA @ ORL,L,27,2,6,0.333,1,4,0.25,0,0,,0,3,3,2,3,0,1,3,5,,19.6,0
22000,100416,Sheri Sam,1611661326,MIA,Miami Sol,1020000102,2000-06-28,MIA @ ORL,L,28,4,9,0.444,0,2,0.0,0,0,,0,5,5,2,1,0,1,2,8,,19.0,0
22000,100552,Kristen Rasmussen,1611661326,MIA,Miami Sol,1020000102,2000-06-28,MIA @ ORL,L,14,2,4,0.5,0,0,,2,2,1.0,0,1,1,2,2,0,1,0,6,,15.2,0
22000,100558,Jameka Jones,1611661326,MIA,Miami Sol,1020000102,2000-06-28,MIA @ ORL,L,17,2,5,0.4,2,3,0.667,2,2,1.0,0,0,0,0,0,0,0,4,8,,8.0,0
22000,100559,Milena Flores,1611661326,MIA,Miami Sol,1020000102,2000-06-28,MIA @ ORL,L,13,3,6,0.5,1,3,0.333,2,2,1.0,0,1,1,2,0,0,4,4,9,,9.2,0
22000,100560,Shantia Owens,1611661326,MIA,Miami Sol,1020000102,2000-06-28,MIA @ ORL,L,26,2,4,0.5,0,0,,0,0,,2,1,3,0,1,0,1,3,4,,9.6,0
22000,100003,Lisa Leslie,1611661320,LAS,Los Angeles Sparks,1020000103,2000-06-28,LAS @ IND,W,28,2,11,0.182,0,1,0.0,9,10,0.9,4,9,13,5,0,1,6,5,13,,33.1,0
22000,100012,Mwadi Mabika,1611661320,LAS,Los Angeles Sparks,1020000103,2000-06-28,LAS @ IND,W,23,8,13,0.615,3,6,0.5,0,0,,1,4,5,1,1,0,1,3,19,,28.5,0
22000,100170,Allison Feaster,1611661320,LAS,Los Angeles Sparks,1020000103,2000-06-28,LAS @ IND,W,15,3,7,0.429,1,3,0.333,0,0,,2,2,4,1,1,0,0,3,7,,16.3,0
22000,100392,Ukari Figgs,1611661320,LAS,Los Angeles Sparks,1020000103,2000-06-28,LAS @ IND,W,23,1,3,0.333,1,3,0.333,0,0,,0,2,2,9,0,0,1,2,3,,17.9,0
22000,100393,La'Keshia Frett,1611661320,LAS,Los Angeles Sparks,1020000103,2000-06-28,LAS @ IND,W,16,2,5,0.4,0,0,,1,4,0.25,1,1,2,0,1,0,0,0,5,,10.4,0
22000,100395,Clarisse Machanguana,1611661320,LAS,Los Angeles Sparks,1020000103,2000-06-28,LAS @ IND,W,26,5,8,0.625,0,1,0.0,0,0,,0,2,2,1,0,0,1,6,10,,12.9,0
22000,100396,DeLisha Milton-Jones,1611661320,LAS,Los Angeles Sparks,1020000103,2000-06-28,LAS @ IND,W,26,4,8,0.5,0,0,,3,3,1.0,2,4,6,3,0,0,0,4,11,,22.7,0
22000,100476,Vedrana Grgin Fonseca,1611661320,LAS,Los Angeles Sparks,1020000103,2000-06-28,LAS @ IND,W,15,2,6,0.333,0,0,,2,2,1.0,0,2,2,0,0,1,1,3,6,,10.4,0
22000,100478,Nicky McCrimmon,1611661320,LAS,Los Angeles Sparks,1020000103,2000-06-28,LAS @ IND,W,17,2,3,0.667,1,2,0.5,1,2,0.5,0,1,1,0,1,0,2,1,6,,8.2,0
22000,100479,Paige Sauer,1611661320,LAS,Los Angeles Sparks,1020000103,2000-06-28,LAS @ IND,W,11,0,2,0.0,0,0,,2,2,1.0,0,2,2,1,0,0,0,4,2,,5.9,0
22000,100096,Donna Harrington,1611661325,IND,Indiana Fever,1020000103,2000-06-28,IND vs. LAS,L,10,0,1,0.0,0,0,,2,6,0.333,0,1,1,1,0,0,0,1,2,,4.7,0
22000,100204,Rita Williams,1611661325,IND,Indiana Fever,1020000103,2000-06-28,IND vs. LAS,L,36,1,8,0.125,0,5,0.0,2,4,0.5,0,3,3,2,0,0,1,2,4,,9.6,0
22000,100340,Kara Wolters,1611661325,IND,Indiana Fever,1020000103,2000-06-28,IND vs. LAS,L,28,4,8,0.5,0,0,,4,8,0.5,3,4,7,2,0,1,2,5,12,,24.4,0
22000,100357,Monica Maxwell,1611661325,IND,Indiana Fever,1020000103,2000-06-28,IND vs. LAS,L,36,9,18,0.5,4,8,0.5,7,8,0.875,1,6,7,0,2,0,2,2,29,,41.4,0
22000,100370,Stephanie White,1611661325,IND,Indiana Fever,1020000103,2000-06-28,IND vs. LAS,L,22,1,8,0.125,1,3,0.333,0,0,,0,4,4,0,2,0,2,2,3,,11.8,0
22000,100394,Gordana Grubin,1611661325,IND,Indiana Fever,1020000103,2000-06-28,IND vs. LAS,L,22,2,5,0.4,1,2,0.5,3,4,0.75,1,2,3,2,1,0,1,3,8,,16.6,0
22000,100471,Danielle McCulley,1611661325,IND,Indiana Fever,1020000103,2000-06-28,IND vs. LAS,L,26,4,7,0.571,0,2,0.0,5,7,0.714,3,3,6,1,0,3,2,2,13,,28.7,0
22000,100472,Texlin Quinney,1611661325,IND,Indiana Fever,1020000103,2000-06-28,IND vs. LAS,L,4,0,0,,0,0,,0,0,,3,0,3,0,0,0,0,1,0,,3.6,0
22000,101006,Jurgita Streimikyte,1611661325,IND,Indiana Fever,1020000103,2000-06-28,IND vs. LAS,L,16,1,6,0.167,0,0,,0,0,,1,0,1,2,0,1,1,2,2,,8.2,0
22000,100016,Ruthie Bolton,1611661318,SAC,Sacramento Monarchs,1020000104,2000-06-28,SAC vs. MIN,W,29,3,11,0.273,2,5,0.4,1,2,0.5,2,2,4,1,0,0,0,1,9,,15.3,0
22000,100027,Latasha Byears,1611661318,SAC,Sacramento Monarchs,1020000104,2000-06-28,SAC vs. MIN,W,24,5,9,0.556,0,0,,0,1,0.0,4,4,8,3,1,0,2,2,10,,25.1,0
22000,100044,Lady Grooms,1611661318,SAC,Sacramento Monarchs,1020000104,2000-06-28,SAC vs. MIN,W,5,0,0,,0,0,,1,2,0.5,0,1,1,0,0,0,0,0,1,,2.2,0
22000,100183,Cindy Blodgett,1611661318,SAC,Sacramento Monarchs,1020000104,2000-06-28,SAC vs. MIN,W,4,1,1,1.0,1,1,1.0,0,0,,0,0,0,0,0,0,1,0,3,,2.0,0
22000,100234,Ticha Penicheiro,1611661318,SAC,Sacramento Monarchs,1020000104,2000-06-28,SAC vs. MIN,W,11,2,5,0.4,0,2,0.0,0,0,,0,0,0,5,0,0,1,1,4,,10.5,0
22000,100236,Tangela Smith,1611661318,SAC,Sacramento Monarchs,1020000104,2000-06-28,SAC vs. MIN,W,25,6,9,0.667,0,0,,0,0,,1,4,5,1,0,3,0,3,12,,28.5,0
22000,100419,Yolanda Griffith,1611661318,SAC,Sacramento Monarchs,1020000104,2000-06-28,SAC vs. MIN,W,31,6,9,0.667,0,0,,2,4,0.5,3,6,9,2,2,1,4,5,14,,32.8,0
22000,100421,Kedra Holland-Corn,1611661318,SAC,Sacramento Monarchs,1020000104,2000-06-28,SAC vs. MIN,W,35,6,13,0.462,2,5,0.4,3,4,0.75,1,3,4,2,1,2,4,2,17,,29.8,0
22000,100534,Stacy Clinesmith,1611661318,SAC,Sacramento Monarchs,1020000104,2000-06-28,SAC vs. MIN,W,25,2,5,0.4,1,3,0.333,4,4,1.0,1,2,3,8,1,0,2,1,9,,25.6,0
22000,100536,Katy Steding,1611661318,SAC,Sacramento Monarchs,1020000104,2000-06-28,SAC vs. MIN,W,11,1,2,0.5,1,1,1.0,0,0,,0,0,0,0,1,0,1,2,3,,5.0,0
22000,100400,Kristin Folkl,1611661324,MIN,Minnesota Lynx,1020000104,2000-06-28,MIN @ SAC,L,35,6,10,0.6,0,0,,0,1,0.0,1,5,6,3,0,1,0,3,12,,26.7,0
22000,100402,Andrea Lloyd-Curry,1611661324,MIN,Minnesota Lynx,1020000104,2000-06-28,MIN @ SAC,L,12,1,3,0.333,0,1,0.0,0,0,,0,1,1,0,1,0,0,1,2,,6.2,0
22000,100404,Katie Smith,1611661324,MIN,Minnesota Lynx,1020000104,2000-06-28,MIN @ SAC,L,39,8,19,0.421,2,8,0.25,4,4,1.0,0,4,4,4,4,0,3,2,22,,41.8,0
22000,100406,Sonja Tate,1611661324,MIN,Minnesota Lynx,1020000104,2000-06-28,MIN @ SAC,L,5,0,1,0.0,0,0,,0,0,,0,0,0,0,0,0,1,1,0,,-1.0,0
22000,100481,Marla Brumfield,1611661324,MIN,Minnesota Lynx,1020000104,2000-06-28,MIN @ SAC,L,7,0,0,,0,0,,1,2,0.5,0,0,0,0,0,0,0,0,1,,1.0,0
22000,100482,Grace Daley,1611661324,MIN,Minnesota Lynx,1020000104,2000-06-28,MIN @ SAC,L,26,6,9,0.667,1,4,0.25,4,4,1.0,1,2,3,2,1,0,1,3,17,,25.6,0
22000,100483,Keitha Dickerson,1611661324,MIN,Minnesota Lynx,1020000104,2000-06-28,MIN @ SAC,L,9,1,4,0.25,0,0,,0,2,0.0,2,0,2,0,1,0,1,2,2,,6.4,0
22000,100484,Betty Lennox,1611661324,MIN,Minnesota Lynx,1020000104,2000-06-28,MIN @ SAC,L,32,7,17,0.412,1,6,0.167,0,0,,2,2,4,2,0,1,3,3,15,,22.8,0
22000,100485,Maylana Martin,1611661324,MIN,Minnesota Lynx,1020000104,2000-06-28,MIN @ SAC,L,20,1,6,0.167,0,2,0.0,1,2,0.5,5,0,5,2,0,3,1,4,3,,20.0,0
22000,100487,Kate Paye,1611661324,MIN,Minnesota Lynx,1020000104,2000-06-28,MIN @ SAC,L,13,0,1,0.0,0,1,0.0,0,0,,0,1,1,1,0,0,0,0,0,,2.7,0
22000,100490,Shanele Stires,1611661324,MIN,Minnesota Lynx,1020000104,2000-06-28,MIN @ SAC,L,2,0,0,,0,0,,0,0,,0,0,0,0,0,0,0,0,0,,0.0,0
22000,100091,Eva Nemcova,1611661315,CLE,Cleveland Rockers,1020000105,2000-06-28,CLE @ POR,L,30,4,11,0.364,2,6,0.333,1,1,1.0,1,3,4,1,0,0,3,4,11,,14.3,0
22000,100092,Merlakia Jones,1611661315,CLE,Cleveland Rockers,1020000105,2000-06-28,CLE @ POR,L,30,7,10,0.7,2,3,0.667,0,0,,2,1,3,2,2,0,1,6,16,,27.6,0
22000,100097,Rushia Brown,1611661315,CLE,Cleveland Rockers,1020000105,2000-06-28,CLE @ POR,L,16,3,5,0.6,0,0,,3,4,0.75,2,1,3,2,1,0,3,5,9,,15.6,0
22000,100180,Pollyanna Johns Kimbrough,1611661315,CLE,Cleveland Rockers,1020000105,2000-06-28,CLE @ POR,L,5,0,2,0.0,0,0,,0,0,,1,0,1,0,0,0,2,0,0,,-0.8,0
22000,100187,Suzie McConnell Serio,1611661315,CLE,Cleveland Rockers,1020000105,2000-06-28,CLE @ POR,L,13,0,2,0.0,0,2,0.0,0,0,,0,0,0,3,0,0,1,0,0,,3.5,0
22000,100237,Tricia Bader Binford,1611661315,CLE,Cleveland Rockers,1020000105,2000-06-28,CLE @ POR,L,3,0,1,0.0,0,1,0.0,0,0,,0,0,0,0,0,0,1,1,0,,-1.0,0
22000,100428,Mery Andrade,1611661315,CLE,Cleveland Rockers,1020000105,2000-06-28,CLE @ POR,L,24,3,8,0.375,1,4,0.25,3,4,0.75,0,0,0,3,2,1,1,4,10,,22.5,0
22000,100433,Chasity Melvin,1611661315,CLE,Cleveland Rockers,1020000105,2000-06-28,CLE @ POR,L,20,2,8,0.25,0,0,,0,0,,3,7,10,0,0,0,2,4,4,,14.0,0
22000,100445,Ann Wauters,1611661315,CLE,Cleveland Rockers,1020000105,2000-06-28,CLE @ POR,L,14,0,1,0.0,0,0,,0,0,,0,0,0,0,0,0,3,2,0,,-3.0,0
22000,100457,Helen Darling,1611661315,CLE,Cleveland Rockers,1020000105,2000-06-28,CLE @ POR,L,25,4,12,0.333,3,6,0.5,0,0,,0,3,3,1,0,0,1,3,11,,15.1,0
22000,100458,Vicki Hall,1611661315,CLE,Cleveland Rockers,1020000105,2000-06-28,CLE @ POR,L,20,2,5,0.4,1,2,0.5,3,4,0.75,2,0,2,0,0,0,0,2,8,,10.4,0
22000,100007,Jamila Wideman,1611661327,POR,Portland Fire,1020000105,2000-06-28,POR vs. CLE,W,8,0,0,,0,0,,0,0,,0,1,1,0,0,0,1,1,0,,0.2,0
22000,100105,Sophia Witherspoon,1611661327,POR,Portland Fire,1020000105,2000-06-28,POR vs. CLE,W,36,7,14,0.5,3,5,0.6,5,6,0.833,1,2,3,3,1,0,2,1,22,,31.1,0
22000,100215,Vanessa Nygaard,1611661327,POR,Portland Fire,1020000105,2000-06-28,POR vs. CLE,W,5,0,1,0.0,0,0,,0,0,,0,0,0,0,0,0,2,1,0,,-2.0,0
22000,100284,Tully Bevilaqua,1611661327,POR,Portland Fire,1020000105,2000-06-28,POR vs. CLE,W,22,0,2,0.0,0,1,0.0,9,10,0.9,0,3,3,8,6,1,1,3,9,,44.6,0
22000,100346,Michele Van Gorp,1611661327,POR,Portland Fire,1020000105,2000-06-28,POR vs. CLE,W,8,0,1,0.0,0,0,,0,0,,0,2,2,0,0,0,1,1,0,,1.4,0
22000,100429,Alisa Burras,1611661327,POR,Portland Fire,1020000105,2000-06-28,POR vs. CLE,W,30,9,13,0.692,0,0,,4,5,0.8,1,6,7,1,1,0,2,4,22,,32.9,0
22000,100529,Sylvia Crawley,1611661327,POR,Portland Fire,1020000105,2000-06-28,POR vs. CLE,W,30,3,5,0.6,0,0,,3,4,0.75,1,3,4,0,0,1,5,3,9,,11.8,0
22000,100530,Lynn Pride,1611661327,POR,Portland Fire,1020000105,2000-06-28,POR vs. CLE,W,17,1,1,1.0,0,0,,6,8,0.75,3,2,5,0,1,0,2,1,8,,15.0,0
22000,100532,Stacey Thomas,1611661327,POR,Portland Fire,1020000105,2000-06-28,POR vs. CLE,W,23,0,2,0.0,0,0,,7,8,0.875,2,3,5,3,1,0,0,3,7,,20.5,0
22000,100533,DeMya Walker,1611661327,POR,Portland Fire,1020000105,2000-06-28,POR vs. CLE,W,7,1,1,1.0,0,0,,0,0,,0,0,0,0,0,0,0,3,2,,2.0,0
22000,100570,Michelle Marciniak,1611661327,POR,Portland Fire,1020000105,2000-06-28,POR vs. CLE,W,14,0,5,0.0,0,2,0.0,1,2,0.5,0,1,1,1,1,0,3,4,1,,3.7,0
22000,100046,Wendy Palmer,1611661321,DET,Detroit Shock,1020000106,2000-06-28,DET @ SEA,W,38,14,21,0.667,0,2,0.0,4,5,0.8,5,7,12,1,2,0,2,3,32,,51.9,0
22000,100243,Olympia Scott,1611661321,DET,Detroit Shock,1020000106,2000-06-28,DET @ SEA,W,12,0,4,0.0,0,0,,2,2,1.0,0,1,1,0,0,1,2,2,2,,4.2,0
22000,100351,Joy Holmes,1611661321,DET,Detroit Shock,1020000106,2000-06-28,DET @ SEA,W,7,1,1,1.0,0,0,,0,0,,1,1,2,1,0,0,0,1,2,,5.9,0
22000,100384,Dominique Canty,1611661321,DET,Detroit Shock,1020000106,2000-06-28,DET @ SEA,W,31,3,7,0.429,0,0,,5,12,0.417,0,1,1,5,4,1,2,2,11,,32.7,0
22000,100386,Claudia Neves,1611661321,DET,Detroit Shock,1020000106,2000-06-28,DET @ SEA,W,22,0,1,0.0,0,1,0.0,0,0,,0,0,0,3,1,0,3,1,0,,4.5,0
22000,100387,Astou Ndiaye-Diatta,1611661321,DET,Detroit Shock,1020000106,2000-06-28,DET @ SEA,W,25,2,5,0.4,0,0,,2,2,1.0,1,2,3,3,0,2,1,3,6,,19.1,0
22000,100388,Elena Tornikidou,1611661321,DET,Detroit Shock,1020000106,2000-06-28,DET @ SEA,W,27,5,8,0.625,0,0,,6,6,1.0,0,5,5,1,1,0,3,3,16,,23.5,0
22000,100390,Oksana Zakaluzhnaya,1611661321,DET,Detroit Shock,1020000106,2000-06-28,DET @ SEA,W,5,1,2,0.5,0,0,,0,0,,0,0,0,0,0,0,0,3,2,,2.0,0
22000,100492,Edwina Brown,1611661321,DET,Detroit Shock,1020000106,2000-06-28,DET @ SEA,W,16,1,2,0.5,0,0,,9,9,1.0,2,2,4,1,0,0,0,3,11,,17.3,0
22000,100496,Tamicha Jackson,1611661321,DET,Detroit Shock,1020000106,2000-06-28,DET @ SEA,W,17,0,3,0.0,0,0,,0,2,0.0,0,3,3,2,1,0,1,0,0,,8.6,0
22000,100088,Michelle Edwards,1611661328,SEA,Seattle Storm,1020000106,2000-06-28,SEA vs. DET,L,35,7,12,0.583,1,3,0.333,2,2,1.0,0,1,1,5,0,0,3,4,17,,22.7,0
22000,100179,Charmin Smith,1611661328,SEA,Seattle Storm,1020000106,2000-06-28,SEA vs. DET,L,2,0,0,,0,0,,0,0,,0,1,1,0,0,0,0,0,0,,1.2,0
22000,100230,Quacy Barnes,1611661328,SEA,Seattle Storm,1020000106,2000-06-28,SEA vs. DET,L,18,2,6,0.333,0,0,,0,1,0.0,0,1,1,0,0,1,0,2,4,,8.2,0
22000,100336,Sonja Henning,1611661328,SEA,Seattle Storm,1020000106,2000-06-28,SEA vs. DET,L,32,1,6,0.167,0,3,0.0,0,0,,1,3,4,5,4,0,1,2,2,,25.3,0
22000,100470,Stacey Lovelace,1611661328,SEA,Seattle Storm,1020000106,2000-06-28,SEA vs. DET,L,12,3,7,0.429,0,0,,0,0,,2,0,2,1,1,0,2,1,6,,10.9,0
22000,100503,Andrea Garner,1611661328,SEA,Seattle Storm,1020000106,2000-06-28,SEA vs. DET,L,22,3,8,0.375,0,0,,1,1,1.0,1,2,3,2,0,0,0,4,7,,13.6,0
22000,100538,Katrina Hibbert,1611661328,SEA,Seattle Storm,1020000106,2000-06-28,SEA vs. DET,L,33,4,9,0.444,1,5,0.2,2,2,1.0,0,3,3,4,1,0,4,4,11,,19.6,0
22000,100541,Jamie Redd,1611661328,SEA,Seattle Storm,1020000106,2000-06-28,SEA vs. DET,L,1,0,0,,0,0,,0,0,,0,0,0,0,0,0,0,1,0,,0.0,0
22000,100543,Robin Threatt-Elliott,1611661328,SEA,Seattle Storm,1020000106,2000-06-28,SEA vs. DET,L,17,4,9,0.444,1,4,0.25,0,0,,1,0,1,1,0,1,0,3,9,,14.7,0
22000,100544,Kamila Vodichkova,1611661328,SEA,Seattle Storm,1020000106,2000-06-28,SEA vs. DET,L,28,10,11,0.909,0,0,,2,2,1.0,2,2,4,0,1,1,5,5,22,,27.8,0
22000,100101,Teresa Weatherspoon,1611661313,NYL,New York Liberty,1020000107,2000-06-30,NYL vs. IND,W,37,1,4,0.25,0,0,,0,0,,1,5,6,12,0,0,6,3,2,,21.2,0
22000,100104,Sue Wicks,1611661313,NYL,New York Liberty,1020000107,2000-06-30,NYL vs. IND,W,15,0,3,0.0,0,0,,2,2,1.0,0,0,0,1,1,1,0,3,2,,9.5,0
22000,100342,Becky Hammon,1611661313,NYL,New York Liberty,1020000107,2000-06-30,NYL vs. IND,W,35,6,11,0.545,3,6,0.5,0,0,,2,0,2,2,0,0,3,0,15,,17.4,0
22000,100345,Crystal Robinson,1611661313,NYL,New York Liberty,1020000107,2000-06-30,NYL vs. IND,W,39,4,10,0.4,2,5,0.4,2,2,1.0,0,4,4,5,2,0,2,1,12,,28.3,0
22000,100347,Tamika Whitmore,1611661313,NYL,New York Liberty,1020000107,2000-06-30,NYL vs. IND,W,24,5,12,0.417,0,0,,1,1,1.0,2,4,6,0,0,0,0,4,11,,18.2,0
22000,100413,Tari Phillips,1611661313,NYL,New York Liberty,1020000107,2000-06-30,NYL vs. IND,W,36,13,19,0.684,1,1,1.0,3,4,0.75,6,6,12,0,3,3,3,4,30,,59.4,0
22000,100508,Jessica Bibby,1611661313,NYL,New York Liberty,1020000107,2000-06-30,NYL vs. IND,W,9,0,2,0.0,0,2,0.0,0,0,,0,1,1,1,0,0,3,2,0,,-0.3,0
22000,100509,Marina Ferragut,1611661313,NYL,New York Liberty,1020000107,2000-06-30,NYL vs. IND,W,5,0,2,0.0,0,1,0.0,0,0,,0,0,0,0,0,0,1,1,0,,-1.0,0
22000,100204,Rita Williams,1611661325,IND,Indiana Fever,1020000107,2000-06-30,IND @ NYL,L,33,4,14,0.286,2,7,0.286,4,6,0.667,0,4,4,5,7,0,1,1,14,,46.3,0
22000,100216,Alicia Thompson,1611661325,IND,Indiana Fever,1020000107,2000-06-30,IND @ NYL,L,8,2,3,0.667,0,1,0.0,0,0,,0,1,1,0,1,0,0,1,4,,8.2,0
22000,100340,Kara Wolters,1611661325,IND,Indiana Fever,1020000107,2000-06-30,IND @ NYL,L,27,7,12,0.583,0,0,,2,2,1.0,1,3,4,0,1,3,1,5,16,,31.8,0
22000,100357,Monica Maxwell,1611661325,IND,Indiana Fever,1020000107,2000-06-30,IND @ NYL,L,33,4,6,0.667,3,4,0.75,0,0,,0,4,4,2,1,0,3,2,11,,18.8,0
22000,100370,Stephanie White,1611661325,IND,Indiana Fever,1020000107,2000-06-30,IND @ NYL,L,25,2,4,0.5,1,2,0.5,1,2,0.5,1,0,1,3,2,0,1,2,6,,16.7,0
22000,100394,Gordana Grubin,1611661325,IND,Indiana Fever,1020000107,2000-06-30,IND @ NYL,L,29,4,10,0.4,2,5,0.4,1,1,1.0,1,2,3,1,2,0,3,1,11,,19.1,0
22000,100471,Danielle McCulley,1611661325,IND,Indiana Fever,1020000107,2000-06-30,IND @ NYL,L,15,1,3,0.333,0,0,,4,6,0.667,1,1,2,0,0,1,0,3,6,,11.4,0
22000,101006,Jurgita Streimikyte,1611661325,IND,Indiana Fever,1020000107,2000-06-30,IND @ NYL,L,30,1,3,0.333,0,0,,0,0,,0,3,3,2,1,1,5,1,2,,9.6,0
22000,100030,Jennifer Gillom,1611661317,PHO,Phoenix Mercury,1020000108,2000-06-30,PHO @ WAS,W,29,7,12,0.583,0,0,,2,2,1.0,2,2,4,1,1,0,4,3,16,,21.3,0
22000,100031,Bridget Pettis,1611661317,PHO,Phoenix Mercury,1020000108,2000-06-30,PHO @ WAS,W,13,1,2,0.5,0,1,0.0,1,1,1.0,0,0,0,4,0,0,1,3,3,,8.0,0
22000,100045,Dena Head,1611661317,PHO,Phoenix Mercury,1020000108,2000-06-30,PHO @ WAS,W,1,0,0,,0,0,,0,0,,0,0,0,0,0,0,0,0,0,,0.0,0
22000,100221,Michelle Brogan,1611661317,PHO,Phoenix Mercury,1020000108,2000-06-30,PHO @ WAS,W,30,4,5,0.8,0,1,0.0,0,0,,1,5,6,3,4,0,0,3,8,,31.7,0
22000,100225,Brandy Reed,1611661317,PHO,Phoenix Mercury,1020000108,2000-06-30,PHO @ WAS,W,36,11,19,0.579,2,3,0.667,1,1,1.0,0,6,6,3,1,0,5,1,25,,34.7,0
22000,100227,Maria Stepanova,1611661317,PHO,Phoenix Mercury,1020000108,2000-06-30,PHO @ WAS,W,18,1,4,0.25,0,0,,2,2,1.0,2,5,7,0,0,2,3,4,4,,15.4,0
22000,100378,Lisa Harrison,1611661317,PHO,Phoenix Mercury,1020000108,2000-06-30,PHO @ WAS,W,10,0,0,,0,0,,1,2,0.5,1,1,2,0,0,1,1,0,1,,5.4,0
22000,100398,Tonya Edwards,1611661317,PHO,Phoenix Mercury,1020000108,2000-06-30,PHO @ WAS,W,31,3,9,0.333,1,2,0.5,1,2,0.5,0,3,3,2,1,0,1,5,8,,16.6,0
22000,100526,Adrian Williams-Strong,1611661317,PHO,Phoenix Mercury,1020000108,2000-06-30,PHO @ WAS,W,3,0,0,,0,0,,0,0,,0,0,0,0,0,0,0,1,0,,0.0,0
22000,100594,Michelle Cleary,1611661317,PHO,Phoenix Mercury,1020000108,2000-06-30,PHO @ WAS,W,29,0,1,0.0,0,0,,1,4,0.25,0,1,1,4,0,0,0,1,1,,8.2,0
22000,100058,Vicky Bullett,1611661322,WAS,Washington Mystics,1020000108,2000-06-30,WAS vs. PHO,L,37,3,9,0.333,0,0,,0,0,,2,5,7,2,1,0,2,2,6,,18.4,0
22000,100198,Nikki McCray,1611661322,WAS,Washington Mystics,1020000108,2000-06-30,WAS vs. PHO,L,34,7,13,0.538,2,4,0.5,3,5,0.6,0,0,0,4,2,0,4,4,19,,27.0,0
22000,100199,Murriel Page,1611661322,WAS,Washington Mystics,1020000108,2000-06-30,WAS vs. PHO,L,36,5,6,0.833,0,0,,1,5,0.2,3,3,6,1,0,1,3,3,11,,19.7,0
22000,100348,Markita Aldridge,1611661322,WAS,Washington Mystics,1020000108,2000-06-30,WAS vs. PHO,L,10,0,2,0.0,0,1,0.0,0,0,,0,1,1,1,1,0,0,0,0,,5.7,0
22000,100353,Andrea Nagy,1611661322,WAS,Washington Mystics,1020000108,2000-06-30,WAS vs. PHO,L,33,1,3,0.333,0,1,0.0,0,0,,0,1,1,6,1,1,5,5,2,,13.2,0
22000,100356,Chamique Holdsclaw,1611661322,WAS,Washington Mystics,1020000108,2000-06-30,WAS vs. PHO,L,36,7,16,0.438,0,0,,3,6,0.5,3,4,7,1,3,0,2,3,17,,33.9,0
22000,100553,Keisha Anderson,1611661322,WAS,Washington Mystics,1020000108,2000-06-30,WAS vs. PHO,L,7,1,2,0.5,0,0,,0,0,,0,1,1,0,0,0,0,1,2,,3.2,0
22000,100555,Tausha Mills,1611661322,WAS,Washington Mystics,1020000108,2000-06-30,WAS vs. PHO,L,7,0,1,0.0,0,0,,0,0,,0,0,0,0,1,0,1,1,0,,2.0,0
22000,100100,Adrienne Johnson,1611661323,ORL,Orlando Miracle,1020000109,2000-06-30,ORL @ MIA,W,35,5,10,0.5,2,3,0.667,2,2,1.0,2,1,3,4,0,0,3,1,14,,20.6,0
22000,100410,Shannon Johnson,1611661323,ORL,Orlando Miracle,1020000109,2000-06-30,ORL @ MIA,W,37,2,8,0.25,0,1,0.0,10,10,1.0,2,2,4,1,0,0,2,4,14,,18.3,0
22000,100411,Carla McGhee,1611661323,ORL,Orlando Miracle,1020000109,2000-06-30,ORL @ MIA,W,13,0,1,0.0,0,0,,2,2,1.0,1,2,3,1,0,0,1,3,2,,6.1,0
22000,100412,Taj McWilliams-Franklin,1611661323,ORL,Orlando Miracle,1020000109,2000-06-30,ORL @ MIA,W,38,6,12,0.5,1,1,1.0,4,5,0.8,1,8,9,2,1,0,1,3,17,,32.8,0
22000,100415,Nykesha Sales,1611661323,ORL,Orlando Miracle,1020000109,2000-06-30,ORL @ MIA,W,32,5,11,0.455,0,2,0.0,1,1,1.0,2,2,4,2,3,1,2,2,11,,28.8,0
22000,100514,Cintia dos Santos,1611661323,ORL,Orlando Miracle,1020000109,2000-06-30,ORL @ MIA,W,28,1,5,0.2,0,0,,2,2,1.0,0,1,1,1,1,2,1,6,4,,14.7,0
22000,100517,Romana Hamzova,1611661323,ORL,Orlando Miracle,1020000109,2000-06-30,ORL @ MIA,W,3,1,1,1.0,0,0,,0,0,,0,0,0,0,0,0,0,1,2,,2.0,0
22000,100521,Tiffany McCain,1611661323,ORL,Orlando Miracle,1020000109,2000-06-30,ORL @ MIA,W,14,1,2,0.5,0,1,0.0,0,0,,0,0,0,0,0,0,1,1,2,,1.0,0
22000,100009,Katrina Colleton,1611661326,MIA,Miami Sol,1020000109,2000-06-30,MIA vs. ORL,L,29,6,14,0.429,0,1,0.0,2,2,1.0,1,2,3,1,0,0,2,3,14,,17.1,0
22000,100037,Marlies Askamp,1611661326,MIA,Miami Sol,1020000109,2000-06-30,MIA vs. ORL,L,28,1,7,0.143,0,0,,6,8,0.75,5,3,8,1,0,0,1,1,8,,18.1,0
22000,100063,Sharon Manning,1611661326,MIA,Miami Sol,1020000109,2000-06-30,MIA vs. ORL,L,12,0,2,0.0,0,0,,2,4,0.5,3,1,4,1,0,0,1,3,2,,7.3,0
22000,100107,Kisha Ford,1611661326,MIA,Miami Sol,1020000109,2000-06-30,MIA vs. ORL,L,11,0,3,0.0,0,0,,0,0,,1,0,1,1,0,0,0,0,0,,2.7,0
22000,100359,Debbie Black,1611661326,MIA,Miami Sol,1020000109,2000-06-30,MIA vs. ORL,L,28,3,4,0.75,0,1,0.0,2,2,1.0,0,4,4,4,3,0,1,4,8,,26.8,0
22000,100416,Sheri Sam,1611661326,MIA,Miami Sol,1020000109,2000-06-30,MIA vs. ORL,L,29,4,11,0.364,1,6,0.167,1,2,0.5,3,2,5,7,1,2,1,4,10,,34.5,0
22000,100552,Kristen Rasmussen,1611661326,MIA,Miami Sol,1020000109,2000-06-30,MIA vs. ORL,L,25,3,11,0.273,0,1,0.0,1,2,0.5,6,3,9,0,1,2,2,4,7,,24.8,0
22000,100558,Jameka Jones,1611661326,MIA,Miami Sol,1020000109,2000-06-30,MIA vs. ORL,L,11,2,4,0.5,0,1,0.0,0,0,,1,0,1,0,1,0,0,1,4,,8.2,0
22000,100559,Milena Flores,1611661326,MIA,Miami Sol,1020000109,2000-06-30,MIA vs. ORL,L,12,2,4,0.5,0,2,0.0,2,2,1.0,0,0,0,0,1,0,1,1,6,,8.0,0
22000,100560,Shantia Owens,1611661326,MIA,Miami Sol,1020000109,2000-06-30,MIA vs. ORL,L,15,1,2,0.5,0,0,,2,2,1.0,0,2,2,1,0,2,4,2,4,,9.9,0
22000,100072,Sheryl Swoopes,1611661316,HOU,Houston Comets,1020000110,2000-06-30,HOU vs. POR,W,30,4,12,0.333,0,2,0.0,1,2,0.5,2,0,2,6,7,1,3,0,9,,41.4,0
22000,100073,Cynthia Cooper,1611661316,HOU,Houston Comets,1020000110,2000-06-30,HOU vs. POR,W,30,7,13,0.538,2,4,0.5,0,0,,1,4,5,4,1,0,3,2,16,,28.0,0
22000,100075,Janeth Arcain,1611661316,HOU,Houston Comets,1020000110,2000-06-30,HOU vs. POR,W,28,7,10,0.7,1,2,0.5,3,3,1.0,1,5,6,2,0,0,1,0,18,,27.2,0
22000,100076,Tina Thompson,1611661316,HOU,Houston Comets,1020000110,2000-06-30,HOU vs. POR,W,29,8,14,0.571,0,4,0.0,0,0,,5,2,7,2,1,1,1,0,16,,32.4,0
22000,100077,Tammy Jackson,1611661316,HOU,Houston Comets,1020000110,2000-06-30,HOU vs. POR,W,16,4,7,0.571,0,0,,0,0,,1,1,2,0,0,1,0,3,8,,13.4,0
22000,100211,Amaya Valdemoro,1611661316,HOU,Houston Comets,1020000110,2000-06-30,HOU vs. POR,W,8,0,5,0.0,0,1,0.0,0,0,,0,1,1,2,0,0,1,0,0,,3.2,0
22000,100217,Coquese Washington,1611661316,HOU,Houston Comets,1020000110,2000-06-30,HOU vs. POR,W,8,2,2,1.0,0,0,,0,0,,0,0,0,0,1,0,1,1,4,,6.0,0
22000,100233,Tiffani Johnson,1611661316,HOU,Houston Comets,1020000110,2000-06-30,HOU vs. POR,W,12,0,0,,0,0,,1,2,0.5,2,0,2,0,0,1,0,1,1,,6.4,0
22000,100338,Jennifer Rizzotti,1611661316,HOU,Houston Comets,1020000110,2000-06-30,HOU vs. POR,W,15,0,2,0.0,0,0,,0,0,,0,2,2,1,0,0,0,2,0,,3.9,0
22000,100500,Elena Shakirova,1611661316,HOU,Houston Comets,1020000110,2000-06-30,HOU vs. POR,W,16,2,3,0.667,1,1,1.0,0,0,,1,1,2,0,2,0,0,0,5,,13.4,0
22000,100504,Kelley Gibson,1611661316,HOU,Houston Comets,1020000110,2000-06-30,HOU vs. POR,W,8,0,0,,0,0,,2,2,1.0,0,0,0,1,0,0,1,1,2,,2.5,0
22000,100007,Jamila Wideman,1611661327,POR,Portland Fire,1020000110,2000-06-30,POR @ HOU,L,14,0,2,0.0,0,0,,0,0,,1,0,1,1,1,0,1,0,0,,4.7,0
22000,100105,Sophia Witherspoon,1611661327,POR,Portland Fire,1020000110,2000-06-30,POR @ HOU,L,27,2,10,0.2,2,3,0.667,0,0,,1,2,3,1,0,0,1,1,6,,10.1,0
22000,100215,Vanessa Nygaard,1611661327,POR,Portland Fire,1020000110,2000-06-30,POR @ HOU,L,18,1,4,0.25,0,1,0.0,0,0,,2,3,5,2,0,0,0,2,2,,11.0,0
22000,100284,Tully Bevilaqua,1611661327,POR,Portland Fire,1020000110,2000-06-30,POR @ HOU,L,21,0,2,0.0,0,2,0.0,0,0,,0,1,1,2,0,0,2,2,0,,2.2,0
22000,100346,Michele Van Gorp,1611661327,POR,Portland Fire,1020000110,2000-06-30,POR @ HOU,L,10,0,1,0.0,0,0,,0,0,,0,0,0,0,0,0,2,4,0,,-2.0,0
22000,100429,Alisa Burras,1611661327,POR,Portland Fire,1020000110,2000-06-30,POR @ HOU,L,20,3,6,0.5,0,0,,3,4,0.75,1,2,3,0,0,0,2,2,9,,10.6,0
22000,100529,Sylvia Crawley,1611661327,POR,Portland Fire,1020000110,2000-06-30,POR @ HOU,L,19,3,7,0.429,0,0,,0,0,,1,2,3,2,0,0,3,0,6,,9.6,0
22000,100530,Lynn Pride,1611661327,POR,Portland Fire,1020000110,2000-06-30,POR @ HOU,L,21,3,5,0.6,0,1,0.0,1,1,1.0,0,1,1,0,0,2,3,2,7,,11.2,0
22000,100532,Stacey Thomas,1611661327,POR,Portland Fire,1020000110,2000-06-30,POR @ HOU,L,23,2,5,0.4,0,1,0.0,0,0,,0,2,2,2,3,0,2,0,4,,16.4,0
22000,100533,DeMya Walker,1611661327,POR,Portland Fire,1020000110,2000-06-30,POR @ HOU,L,14,0,1,0.0,0,0,,0,0,,2,1,3,1,0,0,4,1,0,,1.1,0
22000,100570,Michelle Marciniak,1611661327,POR,Portland Fire,1020000110,2000-06-30,POR @ HOU,L,13,2,6,0.333,1,5,0.2,0,0,,0,0,0,2,1,0,2,2,5,,9.0,0
22000,100016,Ruthie Bolton,1611661318,SAC,Sacramento Monarchs,1020000111,2000-06-30,SAC vs. UTA,W,26,6,11,0.545,1,3,0.333,6,6,1.0,2,2,4,2,1,0,1,3,19,,28.8,0
22000,100027,Latasha Byears,1611661318,SAC,Sacramento Monarchs,1020000111,2000-06-30,SAC vs. UTA,W,24,3,6,0.5,0,0,,1,2,0.5,3,5,8,0,4,1,2,4,7,,29.6,0
22000,100044,Lady Grooms,1611661318,SAC,Sacramento Monarchs,1020000111,2000-06-30,SAC vs. UTA,W,8,3,5,0.6,0,0,,1,3,0.333,1,2,3,0,0,0,0,0,7,,10.6,0
22000,100183,Cindy Blodgett,1611661318,SAC,Sacramento Monarchs,1020000111,2000-06-30,SAC vs. UTA,W,3,1,2,0.5,1,2,0.5,0,0,,0,1,1,0,0,0,0,0,3,,4.2,0
22000,100234,Ticha Penicheiro,1611661318,SAC,Sacramento Monarchs,1020000111,2000-06-30,SAC vs. UTA,W,30,3,6,0.5,0,1,0.0,1,2,0.5,0,0,0,9,4,0,1,1,7,,31.5,0
22000,100236,Tangela Smith,1611661318,SAC,Sacramento Monarchs,1020000111,2000-06-30,SAC vs. UTA,W,32,5,13,0.385,0,0,,4,4,1.0,0,3,3,0,2,3,1,2,14,,31.6,0
22000,100419,Yolanda Griffith,1611661318,SAC,Sacramento Monarchs,1020000111,2000-06-30,SAC vs. UTA,W,22,4,13,0.308,0,0,,3,5,0.6,4,4,8,3,1,1,1,5,11,,30.1,0
22000,100421,Kedra Holland-Corn,1611661318,SAC,Sacramento Monarchs,1020000111,2000-06-30,SAC vs. UTA,W,37,4,8,0.5,2,4,0.5,3,5,0.6,2,1,3,0,2,0,2,0,13,,20.6,0
22000,100534,Stacy Clinesmith,1611661318,SAC,Sacramento Monarchs,1020000111,2000-06-30,SAC vs. UTA,W,10,0,0,,0,0,,2,2,1.0,0,0,0,2,0,0,0,0,2,,5.0,0
22000,100535,Rhonda Banchero,1611661318,SAC,Sacramento Monarchs,1020000111,2000-06-30,SAC vs. UTA,W,2,1,1,1.0,0,0,,0,0,,0,0,0,0,0,0,0,0,2,,2.0,0
22000,100536,Katy Steding,1611661318,SAC,Sacramento Monarchs,1020000111,2000-06-30,SAC vs. UTA,W,6,0,3,0.0,0,2,0.0,0,0,,0,0,0,0,0,0,0,0,0,,0.0,0
22000,100239,Margo Dydek,1611661319,UTA,Utah Starzz,1020000111,2000-06-30,UTA @ SAC,L,19,2,5,0.4,0,0,,0,0,,0,9,9,1,0,5,5,4,4,,26.3,0
22000,100250,Korie Hlede,1611661319,UTA,Utah Starzz,1020000111,2000-06-30,UTA @ SAC,L,31,4,10,0.4,2,3,0.667,0,0,,1,2,3,1,0,0,3,4,10,,12.1,0
22000,100363,Adrienne Goodson,1611661319,UTA,Utah Starzz,1020000111,2000-06-30,UTA @ SAC,L,36,8,16,0.5,0,0,,0,0,,3,3,6,2,0,2,3,2,16,,29.2,0
22000,100364,Dalma Ivanyi,1611661319,UTA,Utah Starzz,1020000111,2000-06-30,UTA @ SAC,L,34,1,6,0.167,1,3,0.333,0,0,,1,3,4,3,2,1,3,5,3,,18.3,0
22000,100366,Natalie Williams,1611661319,UTA,Utah Starzz,1020000111,2000-06-30,UTA @ SAC,L,37,6,15,0.4,0,0,,7,8,0.875,7,1,8,3,1,1,2,4,19,,37.1,0
22000,100422,Kate Starbird,1611661319,UTA,Utah Starzz,1020000111,2000-06-30,UTA @ SAC,L,17,1,5,0.2,0,2,0.0,0,0,,1,1,2,1,0,0,2,0,2,,3.9,0
22000,100547,Stacy Frese,1611661319,UTA,Utah Starzz,1020000111,2000-06-30,UTA @ SAC,L,6,0,2,0.0,0,1,0.0,0,0,,1,0,1,0,0,0,0,0,0,,1.2,0
22000,100548,Katryna Gaither,1611661319,UTA,Utah Starzz,1020000111,2000-06-30,UTA @ SAC,L,3,1,2,0.5,0,0,,0,0,,1,3,4,0,0,0,0,1,2,,6.8,0
22000,100549,Amy Herrig,1611661319,UTA,Utah Starzz,1020000111,2000-06-30,UTA @ SAC,L,6,1,2,0.5,0,0,,0,0,,0,0,0,1,0,0,1,0,2,,2.5,0
22000,100551,Naomi Mulitauaopele,1611661319,UTA,Utah Starzz,1020000111,2000-06-30,UTA @ SAC,L,11,2,4,0.5,0,0,,0,0,,0,1,1,2,0,0,1,4,4,,7.2,0
22000,100400,Kristin Folkl,1611661324,MIN,Minnesota Lynx,1020000112,2000-06-30,MIN @ SEA,W,30,1,3,0.333,0,1,0.0,2,4,0.5,0,3,3,4,0,1,3,4,4,,13.6,0
22000,100402,Andrea Lloyd-Curry,1611661324,MIN,Minnesota Lynx,1020000112,2000-06-30,MIN @ SEA,W,32,3,6,0.5,1,4,0.25,0,0,,0,0,0,4,2,1,2,2,7,,20.0,0
22000,100404,Katie Smith,1611661324,MIN,Minnesota Lynx,1020000112,2000-06-30,MIN @ SEA,W,36,5,10,0.5,2,4,0.5,7,7,1.0,0,5,5,3,1,0,1,2,19,,31.5,0
22000,100481,Marla Brumfield,1611661324,MIN,Minnesota Lynx,1020000112,2000-06-30,MIN @ SEA,W,10,1,1,1.0,0,0,,0,0,,0,0,0,0,0,0,0,2,2,,2.0,0
22000,100482,Grace Daley,1611661324,MIN,Minnesota Lynx,1020000112,2000-06-30,MIN @ SEA,W,33,5,10,0.5,1,3,0.333,2,2,1.0,4,4,8,2,0,0,3,4,13,,22.6,0
22000,100483,Keitha Dickerson,1611661324,MIN,Minnesota Lynx,1020000112,2000-06-30,MIN @ SEA,W,9,0,1,0.0,0,0,,0,0,,0,0,0,0,0,0,2,2,0,,-2.0,0
22000,100484,Betty Lennox,1611661324,MIN,Minnesota Lynx,1020000112,2000-06-30,MIN @ SEA,W,35,7,14,0.5,4,7,0.571,0,0,,1,5,6,3,3,2,2,3,18,,42.7,0
22000,100485,Maylana Martin,1611661324,MIN,Minnesota Lynx,1020000112,2000-06-30,MIN @ SEA,W,13,1,1,1.0,0,0,,0,0,,0,1,1,1,1,0,4,3,2,,3.7,0
22000,100487,Kate Paye,1611661324,MIN,Minnesota Lynx,1020000112,2000-06-30,MIN @ SEA,W,2,0,1,0.0,0,1,0.0,0,0,,0,0,0,0,0,0,0,0,0,,0.0,0
22000,100088,Michelle Edwards,1611661328,SEA,Seattle Storm,1020000112,2000-06-30,SEA vs. MIN,L,31,1,8,0.125,0,3,0.0,3,5,0.6,1,1,2,2,0,2,2,2,5,,14.4,0
22000,100179,Charmin Smith,1611661328,SEA,Seattle Storm,1020000112,2000-06-30,SEA vs. MIN,L,18,3,3,1.0,3,3,1.0,0,0,,0,2,2,0,0,0,2,3,9,,9.4,0
22000,100230,Quacy Barnes,1611661328,SEA,Seattle Storm,1020000112,2000-06-30,SEA vs. MIN,L,16,0,0,,0,0,,3,4,0.75,1,3,4,0,0,0,2,3,3,,5.8,0
22000,100336,Sonja Henning,1611661328,SEA,Seattle Storm,1020000112,2000-06-30,SEA vs. MIN,L,24,1,3,0.333,0,0,,2,2,1.0,1,1,2,2,3,0,2,4,4,,16.4,0
22000,100470,Stacey Lovelace,1611661328,SEA,Seattle Storm,1020000112,2000-06-30,SEA vs. MIN,L,7,0,1,0.0,0,0,,0,0,,0,0,0,0,0,0,2,2,0,,-2.0,0
22000,100503,Andrea Garner,1611661328,SEA,Seattle Storm,1020000112,2000-06-30,SEA vs. MIN,L,29,2,6,0.333,0,0,,3,4,0.75,4,1,5,2,2,1,2,1,7,,23.0,0
22000,100538,Katrina Hibbert,1611661328,SEA,Seattle Storm,1020000112,2000-06-30,SEA vs. MIN,L,23,1,4,0.25,1,3,0.333,1,2,0.5,1,2,3,1,0,0,3,2,4,,6.1,0
22000,100541,Jamie Redd,1611661328,SEA,Seattle Storm,1020000112,2000-06-30,SEA vs. MIN,L,13,2,5,0.4,0,2,0.0,0,0,,1,1,2,0,1,0,0,3,4,,9.4,0
22000,100543,Robin Threatt-Elliott,1611661328,SEA,Seattle Storm,1020000112,2000-06-30,SEA vs. MIN,L,11,1,7,0.143,0,1,0.0,0,2,0.0,2,0,2,0,0,0,2,0,2,,2.4,0
22000,100544,Kamila Vodichkova,1611661328,SEA,Seattle Storm,1020000112,2000-06-30,SEA vs. MIN,L,28,4,7,0.571,0,0,,7,9,0.778,2,1,3,1,1,0,2,3,15,,21.1,0
22000,100059,Andrea Stinson,1611661314,CHA,Charlotte Sting,1020000113,2000-07-01,CHA vs. WAS,L,34,8,17,0.471,2,5,0.4,0,0,,1,6,7,4,2,0,0,3,18,,38.4,0
22000,100060,Rhonda Mapp,1611661314,CHA,Charlotte Sting,1020000113,2000-07-01,CHA vs. WAS,L,24,1,8,0.125,0,3,0.0,4,6,0.667,0,3,3,4,0,0,3,5,6,,12.6,0
22000,100182,Tracy Reid,1611661314,CHA,Charlotte Sting,1020000113,2000-07-01,CHA vs. WAS,L,15,2,5,0.4,0,0,,3,5,0.6,2,2,4,0,0,0,3,0,7,,8.8,0
22000,100294,Cass Bauer-Bilodeau,1611661314,CHA,Charlotte Sting,1020000113,2000-07-01,CHA vs. WAS,L,13,2,3,0.667,0,0,,0,0,,0,0,0,0,0,0,0,1,4,,4.0,0
22000,100350,Shalonda Enis,1611661314,CHA,Charlotte Sting,1020000113,2000-07-01,CHA vs. WAS,L,31,4,10,0.4,1,3,0.333,3,3,1.0,3,2,5,1,1,0,2,4,12,,20.5,0
22000,100371,Charlotte Smith,1611661314,CHA,Charlotte Sting,1020000113,2000-07-01,CHA vs. WAS,L,12,0,0,,0,0,,0,0,,0,0,0,0,1,0,3,1,0,,0.0,0
22000,100372,Dawn Staley,1611661314,CHA,Charlotte Sting,1020000113,2000-07-01,CHA vs. WAS,L,36,6,11,0.545,2,5,0.4,5,6,0.833,1,3,4,5,0,0,2,4,19,,29.3,0
22000,100446,Summer Erb,1611661314,CHA,Charlotte Sting,1020000113,2000-07-01,CHA vs. WAS,L,8,0,1,0.0,0,0,,0,0,,0,1,1,1,0,0,0,3,0,,2.7,0
22000,100447,Tiffany Travis,1611661314,CHA,Charlotte Sting,1020000113,2000-07-01,CHA vs. WAS,L,15,1,2,0.5,0,0,,0,0,,0,0,0,0,0,0,1,3,2,,1.0,0
22000,100452,E.C. Hill,1611661314,CHA,Charlotte Sting,1020000113,2000-07-01,CHA vs. WAS,L,12,2,4,0.5,2,2,1.0,0,0,,2,1,3,1,0,0,2,1,6,,9.1,0
22000,100058,Vicky Bullett,1611661322,WAS,Washington Mystics,1020000113,2000-07-01,WAS @ CHA,W,37,7,12,0.583,0,1,0.0,2,2,1.0,3,0,3,1,2,5,0,3,16,,42.1,0
22000,100198,Nikki McCray,1611661322,WAS,Washington Mystics,1020000113,2000-07-01,WAS @ CHA,W,31,5,11,0.455,0,4,0.0,8,11,0.727,0,1,1,3,3,0,4,4,18,,28.7,0
22000,100199,Murriel Page,1611661322,WAS,Washington Mystics,1020000113,2000-07-01,WAS @ CHA,W,32,5,8,0.625,0,0,,2,2,1.0,1,3,4,2,1,1,3,1,12,,22.8,0
22000,100348,Markita Aldridge,1611661322,WAS,Washington Mystics,1020000113,2000-07-01,WAS @ CHA,W,6,2,2,1.0,0,0,,0,0,,0,1,1,1,0,0,0,0,4,,6.7,0
22000,100353,Andrea Nagy,1611661322,WAS,Washington Mystics,1020000113,2000-07-01,WAS @ CHA,W,16,1,1,1.0,0,0,,0,0,,0,2,2,3,0,0,1,3,2,,7.9,0
22000,100354,Heather Owen,1611661322,WAS,Washington Mystics,1020000113,2000-07-01,WAS @ CHA,W,5,0,0,,0,0,,0,0,,0,1,1,0,0,0,0,1,0,,1.2,0
22000,100356,Chamique Holdsclaw,1611661322,WAS,Washington Mystics,1020000113,2000-07-01,WAS @ CHA,W,39,5,11,0.455,0,1,0.0,7,10,0.7,2,9,11,4,3,0,2,3,17,,43.2,0
22000,100553,Keisha Anderson,1611661322,WAS,Washington Mystics,1020000113,2000-07-01,WAS @ CHA,W,24,2,3,0.667,0,0,,3,6,0.5,1,4,5,4,1,0,1,4,7,,21.0,0
22000,100554,Beth Cunningham,1611661322,WAS,Washington Mystics,1020000113,2000-07-01,WAS @ CHA,W,1,0,0,,0,0,,0,0,,0,0,0,0,0,0,0,0,0,,0.0,0
22000,100555,Tausha Mills,1611661322,WAS,Washington Mystics,1020000113,2000-07-01,WAS @ CHA,W,5,1,2,0.5,0,0,,0,0,,0,1,1,0,0,0,2,2,2,,1.2,0
22000,100557,Tonya Massaline,1611661322,WAS,Washington Mystics,1020000113,2000-07-01,WAS @ CHA,W,4,0,1,0.0,0,0,,0,0,,0,0,0,0,0,0,0,0,0,,0.0,0
22000,100101,Teresa Weatherspoon,1611661313,NYL,New York Liberty,1020000114,2000-07-01,NYL @ ORL,L,32,0,3,0.0,0,3,0.0,2,2,1.0,0,3,3,10,0,0,3,4,2,,17.6,0
22000,100103,Vickie Johnson,1611661313,NYL,New York Liberty,1020000114,2000-07-01,NYL @ ORL,L,25,1,5,0.2,0,0,,0,0,,0,2,2,2,1,0,3,1,2,,7.4,0
22000,100104,Sue Wicks,1611661313,NYL,New York Liberty,1020000114,2000-07-01,NYL @ ORL,L,19,1,1,1.0,0,0,,2,2,1.0,1,3,4,1,0,0,0,4,4,,10.3,0
22000,100342,Becky Hammon,1611661313,NYL,New York Liberty,1020000114,2000-07-01,NYL @ ORL,L,28,4,11,0.364,1,6,0.167,1,2,0.5,0,0,0,1,3,0,2,1,10,,18.5,0
22000,100345,Crystal Robinson,1611661313,NYL,New York Liberty,1020000114,2000-07-01,NYL @ ORL,L,35,4,9,0.444,4,7,0.571,0,0,,2,1,3,2,1,0,1,2,12,,20.6,0
22000,100347,Tamika Whitmore,1611661313,NYL,New York Liberty,1020000114,2000-07-01,NYL @ ORL,L,16,1,9,0.111,0,0,,0,0,,1,2,3,0,0,0,0,1,2,,5.6,0
22000,100413,Tari Phillips,1611661313,NYL,New York Liberty,1020000114,2000-07-01,NYL @ ORL,L,34,10,15,0.667,0,2,0.0,1,3,0.333,1,5,6,0,2,0,1,4,21,,33.2,0
22000,100509,Marina Ferragut,1611661313,NYL,New York Liberty,1020000114,2000-07-01,NYL @ ORL,L,11,2,6,0.333,0,0,,0,0,,1,2,3,0,0,0,0,2,4,,7.6,0
22000,100048,Jessie Hicks,1611661323,ORL,Orlando Miracle,1020000114,2000-07-01,ORL vs. NYL,W,3,0,0,,0,0,,0,0,,0,1,1,0,0,1,0,0,0,,4.2,0
22000,100100,Adrienne Johnson,1611661323,ORL,Orlando Miracle,1020000114,2000-07-01,ORL vs. NYL,W,36,3,11,0.273,2,6,0.333,0,0,,0,2,2,3,0,0,0,2,8,,14.9,0
22000,100410,Shannon Johnson,1611661323,ORL,Orlando Miracle,1020000114,2000-07-01,ORL vs. NYL,W,40,7,13,0.538,2,7,0.286,7,8,0.875,5,6,11,2,3,0,1,1,23,,47.2,0
22000,100411,Carla McGhee,1611661323,ORL,Orlando Miracle,1020000114,2000-07-01,ORL vs. NYL,W,19,1,3,0.333,0,0,,0,0,,1,0,1,1,1,0,3,2,2,,4.7,0
22000,100412,Taj McWilliams-Franklin,1611661323,ORL,Orlando Miracle,1020000114,2000-07-01,ORL vs. NYL,W,34,7,9,0.778,0,1,0.0,2,4,0.5,1,5,6,2,0,0,5,3,16,,21.2,0
22000,100415,Nykesha Sales,1611661323,ORL,Orlando Miracle,1020000114,2000-07-01,ORL vs. NYL,W,31,4,11,0.364,1,3,0.333,0,0,,3,5,8,1,1,0,2,3,9,,21.1,0
22000,100514,Cintia dos Santos,1611661323,ORL,Orlando Miracle,1020000114,2000-07-01,ORL vs. NYL,W,24,1,3,0.333,0,0,,2,2,1.0,0,1,1,0,0,3,3,2,4,,11.2,0
22000,100517,Romana Hamzova,1611661323,ORL,Orlando Miracle,1020000114,2000-07-01,ORL vs. NYL,W,3,0,0,,0,0,,0,0,,0,1,1,1,1,0,0,0,0,,5.7,0
22000,100521,Tiffany McCain,1611661323,ORL,Orlando Miracle,1020000114,2000-07-01,ORL vs. NYL,W,10,2,4,0.5,1,2,0.5,2,2,1.0,0,1,1,1,1,1,0,0,7,,15.7,0
22000,100022,Chantel Tremitiere,1611661325,IND,Indiana Fever,1020000115,2000-07-01,IND vs. MIA,L,12,0,2,0.0,0,0,,2,2,1.0,0,0,0,2,2,0,1,2,2,,10.0,0
22000,100204,Rita Williams,1611661325,IND,Indiana Fever,1020000115,2000-07-01,IND vs. MIA,L,29,2,4,0.5,1,2,0.5,3,4,0.75,1,0,1,0,3,0,2,4,8,,16.2,0
22000,100216,Alicia Thompson,1611661325,IND,Indiana Fever,1020000115,2000-07-01,IND vs. MIA,L,22,5,7,0.714,1,1,1.0,0,0,,2,1,3,1,0,0,0,0,11,,16.1,0
22000,100357,Monica Maxwell,1611661325,IND,Indiana Fever,1020000115,2000-07-01,IND vs. MIA,L,32,3,7,0.429,1,4,0.25,2,2,1.0,0,4,4,1,2,1,2,0,9,,22.3,0
22000,100370,Stephanie White,1611661325,IND,Indiana Fever,1020000115,2000-07-01,IND vs. MIA,L,21,1,4,0.25,1,2,0.5,0,0,,1,0,1,1,1,2,2,4,3,,12.7,0
22000,100394,Gordana Grubin,1611661325,IND,Indiana Fever,1020000115,2000-07-01,IND vs. MIA,L,22,0,4,0.0,0,2,0.0,0,0,,0,4,4,0,1,0,2,1,0,,5.8,0
22000,100471,Danielle McCulley,1611661325,IND,Indiana Fever,1020000115,2000-07-01,IND vs. MIA,L,34,6,12,0.5,0,1,0.0,5,5,1.0,4,2,6,0,1,1,5,3,17,,25.2,0
22000,100472,Texlin Quinney,1611661325,IND,Indiana Fever,1020000115,2000-07-01,IND vs. MIA,L,5,0,0,,0,0,,0,0,,0,0,0,1,0,0,0,0,0,,1.5,0
22000,101006,Jurgita Streimikyte,1611661325,IND,Indiana Fever,1020000115,2000-07-01,IND vs. MIA,L,23,1,7,0.143,0,2,0.0,0,0,,1,4,5,4,2,3,3,3,2,,26.0,0
22000,100009,Katrina Colleton,1611661326,MIA,Miami Sol,1020000115,2000-07-01,MIA @ IND,W,28,3,8,0.375,0,0,,0,2,0.0,1,1,2,2,2,0,3,5,6,,14.4,0
22000,100037,Marlies Askamp,1611661326,MIA,Miami Sol,1020000115,2000-07-01,MIA @ IND,W,25,2,5,0.4,0,0,,0,0,,1,8,9,1,0,0,2,4,4,,14.3,0
22000,100063,Sharon Manning,1611661326,MIA,Miami Sol,1020000115,2000-07-01,MIA @ IND,W,17,4,5,0.8,0,0,,1,2,0.5,2,0,2,0,2,0,3,0,9,,14.4,0
22000,100107,Kisha Ford,1611661326,MIA,Miami Sol,1020000115,2000-07-01,MIA @ IND,W,13,2,3,0.667,0,0,,0,0,,0,2,2,3,0,0,0,1,4,,10.9,0
22000,100359,Debbie Black,1611661326,MIA,Miami Sol,1020000115,2000-07-01,MIA @ IND,W,31,2,5,0.4,0,0,,1,2,0.5,0,6,6,2,4,0,1,1,5,,26.2,0
22000,100416,Sheri Sam,1611661326,MIA,Miami Sol,1020000115,2000-07-01,MIA @ IND,W,33,8,15,0.533,2,3,0.667,4,6,0.667,3,2,5,4,1,0,2,0,22,,35.0,0
22000,100552,Kristen Rasmussen,1611661326,MIA,Miami Sol,1020000115,2000-07-01,MIA @ IND,W,13,0,3,0.0,0,0,,0,0,,1,0,1,2,0,0,2,1,0,,2.2,0
22000,100558,Jameka Jones,1611661326,MIA,Miami Sol,1020000115,2000-07-01,MIA @ IND,W,6,0,3,0.0,0,1,0.0,0,0,,0,0,0,0,0,0,1,1,0,,-1.0,0
22000,100559,Milena Flores,1611661326,MIA,Miami Sol,1020000115,2000-07-01,MIA @ IND,W,9,0,1,0.0,0,0,,0,0,,0,0,0,0,1,0,3,2,0,,0.0,0
22000,100560,Shantia Owens,1611661326,MIA,Miami Sol,1020000115,2000-07-01,MIA @ IND,W,25,2,4,0.5,0,0,,0,0,,3,0,3,2,2,1,1,6,4,,18.6,0
22000,100091,Eva Nemcova,1611661315,CLE,Cleveland Rockers,1020000116,2000-07-01,CLE @ LAS,L,14,1,4,0.25,0,1,0.0,2,2,1.0,0,0,0,1,0,1,2,0,4,,6.5,0
22000,100092,Merlakia Jones,1611661315,CLE,Cleveland Rockers,1020000116,2000-07-01,CLE @ LAS,L,33,6,11,0.545,0,1,0.0,2,2,1.0,1,1,2,1,2,1,1,3,14,,25.9,0
22000,100097,Rushia Brown,1611661315,CLE,Cleveland Rockers,1020000116,2000-07-01,CLE @ LAS,L,20,2,6,0.333,0,0,,2,2,1.0,1,2,3,0,1,0,3,4,6,,9.6,0
22000,100187,Suzie McConnell Serio,1611661315,CLE,Cleveland Rockers,1020000116,2000-07-01,CLE @ LAS,L,24,2,5,0.4,1,3,0.333,2,2,1.0,0,5,5,6,0,0,0,2,7,,22.0,0
22000,100428,Mery Andrade,1611661315,CLE,Cleveland Rockers,1020000116,2000-07-01,CLE @ LAS,L,29,3,9,0.333,0,2,0.0,5,6,0.833,1,2,3,0,2,0,1,6,11,,19.6,0
22000,100433,Chasity Melvin,1611661315,CLE,Cleveland Rockers,1020000116,2000-07-01,CLE @ LAS,L,34,6,9,0.667,0,0,,6,9,0.667,1,3,4,2,1,1,1,4,18,,30.8,0
22000,100445,Ann Wauters,1611661315,CLE,Cleveland Rockers,1020000116,2000-07-01,CLE @ LAS,L,18,2,4,0.5,0,0,,0,1,0.0,1,2,3,2,0,2,2,1,4,,14.6,0
22000,100457,Helen Darling,1611661315,CLE,Cleveland Rockers,1020000116,2000-07-01,CLE @ LAS,L,16,0,1,0.0,0,1,0.0,3,4,0.75,0,2,2,0,0,0,4,0,3,,1.4,0
22000,100458,Vicki Hall,1611661315,CLE,Cleveland Rockers,1020000116,2000-07-01,CLE @ LAS,L,12,0,3,0.0,0,0,,0,0,,0,1,1,0,1,1,1,0,0,,6.2,0
22000,100003,Lisa Leslie,1611661320,LAS,Los Angeles Sparks,1020000116,2000-07-01,LAS vs. CLE,W,36,9,16,0.563,0,0,,4,7,0.571,3,4,7,0,2,4,2,6,22,,46.4,0
22000,100008,Tamecka Dixon,1611661320,LAS,Los Angeles Sparks,1020000116,2000-07-01,LAS vs. CLE,W,35,5,12,0.417,0,1,0.0,2,2,1.0,3,4,7,4,3,0,3,3,12,,32.4,0
22000,100012,Mwadi Mabika,1611661320,LAS,Los Angeles Sparks,1020000116,2000-07-01,LAS vs. CLE,W,27,4,10,0.4,1,5,0.2,0,0,,2,4,6,6,4,0,2,5,9,,35.2,0
22000,100170,Allison Feaster,1611661320,LAS,Los Angeles Sparks,1020000116,2000-07-01,LAS vs. CLE,W,15,3,7,0.429,2,6,0.333,2,2,1.0,2,0,2,1,0,0,1,1,10,,12.9,0
22000,100392,Ukari Figgs,1611661320,LAS,Los Angeles Sparks,1020000116,2000-07-01,LAS vs. CLE,W,26,0,2,0.0,0,1,0.0,4,4,1.0,0,3,3,5,0,0,1,2,4,,14.1,0
22000,100393,La'Keshia Frett,1611661320,LAS,Los Angeles Sparks,1020000116,2000-07-01,LAS vs. CLE,W,3,0,3,0.0,0,1,0.0,0,0,,0,0,0,0,0,0,0,1,0,,0.0,0
22000,100395,Clarisse Machanguana,1611661320,LAS,Los Angeles Sparks,1020000116,2000-07-01,LAS vs. CLE,W,6,0,2,0.0,0,0,,1,2,0.5,0,1,1,1,0,0,0,3,1,,3.7,0
22000,100396,DeLisha Milton-Jones,1611661320,LAS,Los Angeles Sparks,1020000116,2000-07-01,LAS vs. CLE,W,38,7,15,0.467,0,0,,0,0,,5,7,12,2,1,1,3,4,14,,34.4,0
22000,100478,Nicky McCrimmon,1611661320,LAS,Los Angeles Sparks,1020000116,2000-07-01,LAS vs. CLE,W,14,1,1,1.0,0,0,,1,2,0.5,0,0,0,4,1,0,2,0,3,,10.0,0
22000,100016,Ruthie Bolton,1611661318,SAC,Sacramento Monarchs,1020000117,2000-07-01,SAC vs. DET,W,28,4,10,0.4,1,4,0.25,7,8,0.875,0,3,3,1,0,0,0,1,16,,21.1,0
22000,100027,Latasha Byears,1611661318,SAC,Sacramento Monarchs,1020000117,2000-07-01,SAC vs. DET,W,19,2,4,0.5,0,0,,1,2,0.5,0,3,3,1,2,0,0,3,5,,16.1,0
22000,100044,Lady Grooms,1611661318,SAC,Sacramento Monarchs,1020000117,2000-07-01,SAC vs. DET,W,14,3,3,1.0,0,0,,5,6,0.833,1,0,1,0,0,1,1,1,11,,14.2,0
22000,100234,Ticha Penicheiro,1611661318,SAC,Sacramento Monarchs,1020000117,2000-07-01,SAC vs. DET,W,34,4,7,0.571,0,0,,9,15,0.6,0,3,3,14,1,0,4,3,17,,40.6,0
22000,100236,Tangela Smith,1611661318,SAC,Sacramento Monarchs,1020000117,2000-07-01,SAC vs. DET,W,35,9,13,0.692,0,0,,1,2,0.5,3,2,5,2,1,4,0,4,19,,43.0,0
22000,100419,Yolanda Griffith,1611661318,SAC,Sacramento Monarchs,1020000117,2000-07-01,SAC vs. DET,W,26,6,12,0.5,0,0,,6,7,0.857,6,5,11,1,4,2,2,4,18,,48.7,0
22000,100421,Kedra Holland-Corn,1611661318,SAC,Sacramento Monarchs,1020000117,2000-07-01,SAC vs. DET,W,32,7,13,0.538,0,2,0.0,5,6,0.833,0,3,3,2,1,0,2,2,19,,26.6,0
22000,100534,Stacy Clinesmith,1611661318,SAC,Sacramento Monarchs,1020000117,2000-07-01,SAC vs. DET,W,6,1,1,1.0,1,1,1.0,0,0,,1,0,1,1,0,0,2,0,3,,3.7,0
22000,100536,Katy Steding,1611661318,SAC,Sacramento Monarchs,1020000117,2000-07-01,SAC vs. DET,W,6,0,0,,0,0,,0,0,,0,0,0,1,0,0,0,1,0,,1.5,0
22000,100046,Wendy Palmer,1611661321,DET,Detroit Shock,1020000117,2000-07-01,DET @ SAC,L,28,6,14,0.429,0,1,0.0,8,8,1.0,3,6,9,1,0,0,1,6,20,,31.3,0
22000,100243,Olympia Scott,1611661321,DET,Detroit Shock,1020000117,2000-07-01,DET @ SAC,L,17,2,5,0.4,0,0,,0,0,,2,1,3,0,1,0,3,2,4,,7.6,0
22000,100351,Joy Holmes,1611661321,DET,Detroit Shock,1020000117,2000-07-01,DET @ SAC,L,6,0,0,,0,0,,0,0,,0,2,2,2,0,1,0,1,0,,8.4,0
22000,100384,Dominique Canty,1611661321,DET,Detroit Shock,1020000117,2000-07-01,DET @ SAC,L,16,4,4,1.0,0,0,,0,0,,0,2,2,0,0,0,3,3,8,,7.4,0
22000,100386,Claudia Neves,1611661321,DET,Detroit Shock,1020000117,2000-07-01,DET @ SAC,L,17,0,4,0.0,0,2,0.0,2,2,1.0,0,0,0,2,1,0,0,3,2,,8.0,0
22000,100387,Astou Ndiaye-Diatta,1611661321,DET,Detroit Shock,1020000117,2000-07-01,DET @ SAC,L,15,4,9,0.444,0,0,,2,2,1.0,3,3,6,3,0,0,0,4,10,,21.7,0
22000,100388,Elena Tornikidou,1611661321,DET,Detroit Shock,1020000117,2000-07-01,DET @ SAC,L,32,6,10,0.6,0,1,0.0,4,4,1.0,1,2,3,6,0,0,2,1,16,,26.6,0
22000,100390,Oksana Zakaluzhnaya,1611661321,DET,Detroit Shock,1020000117,2000-07-01,DET @ SAC,L,18,5,10,0.5,1,1,1.0,2,2,1.0,2,2,4,1,0,0,2,2,13,,17.3,0
22000,100492,Edwina Brown,1611661321,DET,Detroit Shock,1020000117,2000-07-01,DET @ SAC,L,17,0,3,0.0,0,0,,1,2,0.5,1,1,2,2,0,0,3,1,1,,3.4,0
22000,100493,Anna DeForge,1611661321,DET,Detroit Shock,1020000117,2000-07-01,DET @ SAC,L,9,1,5,0.2,0,3,0.0,6,6,1.0,1,0,1,2,2,0,1,2,8,,17.2,0
22000,100496,Tamicha Jackson,1611661321,DET,Detroit Shock,1020000117,2000-07-01,DET @ SAC,L,25,5,10,0.5,2,4,0.5,2,3,0.667,2,0,2,4,1,0,1,4,14,,24.4,0
22000,100239,Margo Dydek,1611661319,UTA,Utah Starzz,1020000118,2000-07-01,UTA @ SEA,W,32,5,8,0.625,0,0,,7,8,0.875,1,9,10,5,0,5,3,3,17,,48.5,0
22000,100250,Korie Hlede,1611661319,UTA,Utah Starzz,1020000118,2000-07-01,UTA @ SEA,W,35,8,11,0.727,0,2,0.0,0,0,,2,2,4,5,1,0,0,2,16,,31.3,0
22000,100363,Adrienne Goodson,1611661319,UTA,Utah Starzz,1020000118,2000-07-01,UTA @ SEA,W,35,7,15,0.467,0,0,,1,4,0.25,2,0,2,2,0,0,1,0,15,,19.4,0
22000,100364,Dalma Ivanyi,1611661319,UTA,Utah Starzz,1020000118,2000-07-01,UTA @ SEA,W,38,3,5,0.6,0,2,0.0,2,2,1.0,0,4,4,7,4,0,3,2,8,,32.3,0
22000,100366,Natalie Williams,1611661319,UTA,Utah Starzz,1020000118,2000-07-01,UTA @ SEA,W,36,8,16,0.5,0,0,,2,2,1.0,5,5,10,6,2,1,4,3,18,,44.0,0
22000,100422,Kate Starbird,1611661319,UTA,Utah Starzz,1020000118,2000-07-01,UTA @ SEA,W,9,2,3,0.667,0,0,,1,1,1.0,0,2,2,1,1,0,0,0,5,,11.9,0
22000,100547,Stacy Frese,1611661319,UTA,Utah Starzz,1020000118,2000-07-01,UTA @ SEA,W,2,0,0,,0,0,,0,0,,0,0,0,0,0,0,0,0,0,,0.0,0
22000,100548,Katryna Gaither,1611661319,UTA,Utah Starzz,1020000118,2000-07-01,UTA @ SEA,W,2,0,0,,0,0,,0,0,,0,0,0,0,0,0,0,1,0,,0.0,0
22000,100549,Amy Herrig,1611661319,UTA,Utah Starzz,1020000118,2000-07-01,UTA @ SEA,W,3,0,1,0.0,0,0,,0,0,,1,0,1,0,0,0,0,1,0,,1.2,0
22000,100551,Naomi Mulitauaopele,1611661319,UTA,Utah Starzz,1020000118,2000-07-01,UTA @ SEA,W,8,1,3,0.333,0,0,,0,0,,1,1,2,0,1,0,0,1,2,,7.4,0
22000,100088,Michelle Edwards,1611661328,SEA,Seattle Storm,1020000118,2000-07-01,SEA vs. UTA,L,17,2,6,0.333,0,1,0.0,0,0,,0,1,1,0,1,0,0,1,4,,8.2,0
22000,100179,Charmin Smith,1611661328,SEA,Seattle Storm,1020000118,2000-07-01,SEA vs. UTA,L,29,1,2,0.5,0,0,,0,0,,0,0,0,6,2,0,5,4,2,,12.0,0
22000,100230,Quacy Barnes,1611661328,SEA,Seattle Storm,1020000118,2000-07-01,SEA vs. UTA,L,25,3,6,0.5,0,0,,2,2,1.0,0,2,2,0,1,0,1,4,8,,12.4,0
22000,100336,Sonja Henning,1611661328,SEA,Seattle Storm,1020000118,2000-07-01,SEA vs. UTA,L,7,0,1,0.0,0,1,0.0,0,0,,0,0,0,0,1,0,1,0,0,,2.0,0
22000,100470,Stacey Lovelace,1611661328,SEA,Seattle Storm,1020000118,2000-07-01,SEA vs. UTA,L,8,1,3,0.333,0,1,0.0,0,1,0.0,0,1,1,0,0,0,0,1,2,,3.2,0
22000,100503,Andrea Garner,1611661328,SEA,Seattle Storm,1020000118,2000-07-01,SEA vs. UTA,L,31,3,8,0.375,0,0,,3,5,0.6,3,1,4,0,2,0,2,3,9,,17.8,0
22000,100538,Katrina Hibbert,1611661328,SEA,Seattle Storm,1020000118,2000-07-01,SEA vs. UTA,L,5,0,2,0.0,0,1,0.0,0,0,,0,0,0,0,0,0,0,0,0,,0.0,0
22000,100541,Jamie Redd,1611661328,SEA,Seattle Storm,1020000118,2000-07-01,SEA vs. UTA,L,25,4,8,0.5,1,2,0.5,0,0,,2,2,4,1,1,0,0,3,9,,18.3,0
22000,100543,Robin Threatt-Elliott,1611661328,SEA,Seattle Storm,1020000118,2000-07-01,SEA vs. UTA,L,37,10,13,0.769,2,3,0.667,0,0,,1,3,4,2,0,0,1,0,22,,28.8,0
22000,100544,Kamila Vodichkova,1611661328,SEA,Seattle Storm,1020000118,2000-07-01,SEA vs. UTA,L,16,2,9,0.222,0,0,,0,0,,2,1,3,2,0,0,2,2,4,,8.6,0
22000,100400,Kristin Folkl,1611661324,MIN,Minnesota Lynx,1020000119,2000-07-02,MIN vs. POR,W,33,1,5,0.2,0,0,,2,4,0.5,2,5,7,1,2,0,4,4,4,,15.9,0
22000,100404,Katie Smith,1611661324,MIN,Minnesota Lynx,1020000119,2000-07-02,MIN vs. POR,W,40,7,20,0.35,5,10,0.5,13,16,0.813,2,4,6,4,4,2,2,4,32,,61.2,0
22000,100481,Marla Brumfield,1611661324,MIN,Minnesota Lynx,1020000119,2000-07-02,MIN vs. POR,W,22,3,3,1.0,0,0,,0,0,,1,0,1,3,0,0,0,4,6,,11.7,0
22000,100482,Grace Daley,1611661324,MIN,Minnesota Lynx,1020000119,2000-07-02,MIN vs. POR,W,17,0,2,0.0,0,1,0.0,2,2,1.0,0,0,0,1,0,0,2,0,2,,1.5,0
22000,100483,Keitha Dickerson,1611661324,MIN,Minnesota Lynx,1020000119,2000-07-02,MIN vs. POR,W,24,1,3,0.333,0,0,,0,0,,1,1,2,0,2,0,2,4,2,,8.4,0
22000,100484,Betty Lennox,1611661324,MIN,Minnesota Lynx,1020000119,2000-07-02,MIN vs. POR,W,37,11,20,0.55,1,4,0.25,6,8,0.75,2,1,3,6,1,0,2,5,29,,42.6,0
22000,100485,Maylana Martin,1611661324,MIN,Minnesota Lynx,1020000119,2000-07-02,MIN vs. POR,W,21,1,2,0.5,0,1,0.0,4,6,0.667,1,2,3,1,4,0,1,4,6,,22.1,0
22000,100487,Kate Paye,1611661324,MIN,Minnesota Lynx,1020000119,2000-07-02,MIN vs. POR,W,4,0,0,,0,0,,0,0,,0,0,0,0,0,0,0,0,0,,0.0,0
22000,100490,Shanele Stires,1611661324,MIN,Minnesota Lynx,1020000119,2000-07-02,MIN vs. POR,W,2,0,0,,0,0,,0,0,,0,1,1,0,0,0,1,1,0,,0.2,0
22000,100007,Jamila Wideman,1611661327,POR,Portland Fire,1020000119,2000-07-02,POR @ MIN,L,1,0,0,,0,0,,0,0,,0,0,0,0,0,0,0,0,0,,0.0,0
22000,100105,Sophia Witherspoon,1611661327,POR,Portland Fire,1020000119,2000-07-02,POR @ MIN,L,35,9,16,0.563,2,7,0.286,11,11,1.0,0,3,3,4,2,0,2,6,31,,44.6,0
22000,100215,Vanessa Nygaard,1611661327,POR,Portland Fire,1020000119,2000-07-02,POR @ MIN,L,23,4,6,0.667,2,4,0.5,2,2,1.0,2,1,3,0,1,0,4,3,12,,14.6,0
22000,100284,Tully Bevilaqua,1611661327,POR,Portland Fire,1020000119,2000-07-02,POR @ MIN,L,29,4,6,0.667,2,3,0.667,1,2,0.5,1,4,5,0,1,1,2,4,11,,21.0,0
22000,100346,Michele Van Gorp,1611661327,POR,Portland Fire,1020000119,2000-07-02,POR @ MIN,L,2,0,0,,0,0,,1,2,0.5,0,1,1,1,0,0,2,0,1,,1.7,0
22000,100429,Alisa Burras,1611661327,POR,Portland Fire,1020000119,2000-07-02,POR @ MIN,L,17,1,3,0.333,0,0,,2,2,1.0,0,1,1,0,0,0,6,3,4,,-0.8,0
22000,100529,Sylvia Crawley,1611661327,POR,Portland Fire,1020000119,2000-07-02,POR @ MIN,L,32,3,7,0.429,0,0,,2,6,0.333,5,2,7,2,1,0,6,4,8,,16.4,0
22000,100530,Lynn Pride,1611661327,POR,Portland Fire,1020000119,2000-07-02,POR @ MIN,L,14,0,1,0.0,0,0,,0,0,,0,1,1,4,0,0,1,6,0,,6.2,0
22000,100532,Stacey Thomas,1611661327,POR,Portland Fire,1020000119,2000-07-02,POR @ MIN,L,28,1,6,0.167,0,0,,2,2,1.0,2,6,8,4,0,0,2,4,4,,17.6,0
22000,100533,DeMya Walker,1611661327,POR,Portland Fire,1020000119,2000-07-02,POR @ MIN,L,5,0,0,,0,0,,0,0,,0,1,1,0,1,0,1,1,0,,3.2,0
22000,100570,Michelle Marciniak,1611661327,POR,Portland Fire,1020000119,2000-07-02,POR @ MIN,L,14,2,5,0.4,0,2,0.0,0,0,,0,0,0,1,1,0,2,4,4,,6.5,0
22000,100072,Sheryl Swoopes,1611661316,HOU,Houston Comets,1020000120,2000-07-02,HOU vs. PHO,W,38,3,11,0.273,1,3,0.333,13,15,0.867,0,4,4,1,2,3,2,3,20,,39.3,0
22000,100073,Cynthia Cooper,1611661316,HOU,Houston Comets,1020000120,2000-07-02,HOU vs. PHO,W,39,8,13,0.615,1,5,0.2,3,3,1.0,1,4,5,1,3,0,6,1,20,,30.5,0
22000,100075,Janeth Arcain,1611661316,HOU,Houston Comets,1020000120,2000-07-02,HOU vs. PHO,W,33,2,10,0.2,0,3,0.0,4,4,1.0,3,6,9,1,1,0,2,4,8,,21.3,0
22000,100076,Tina Thompson,1611661316,HOU,Houston Comets,1020000120,2000-07-02,HOU vs. PHO,W,34,2,10,0.2,1,4,0.25,4,4,1.0,3,8,11,4,0,0,3,3,9,,25.2,0
22000,100077,Tammy Jackson,1611661316,HOU,Houston Comets,1020000120,2000-07-02,HOU vs. PHO,W,8,1,3,0.333,0,0,,0,0,,0,1,1,0,0,0,1,1,2,,2.2,0
22000,100233,Tiffani Johnson,1611661316,HOU,Houston Comets,1020000120,2000-07-02,HOU vs. PHO,W,29,3,7,0.429,0,0,,4,4,1.0,5,4,9,0,0,0,1,4,10,,19.8,0
22000,100338,Jennifer Rizzotti,1611661316,HOU,Houston Comets,1020000120,2000-07-02,HOU vs. PHO,W,11,0,1,0.0,0,1,0.0,0,0,,0,0,0,0,0,0,1,2,0,,-1.0,0
22000,100500,Elena Shakirova,1611661316,HOU,Houston Comets,1020000120,2000-07-02,HOU vs. PHO,W,8,0,0,,0,0,,0,0,,0,1,1,0,0,0,0,1,0,,1.2,0
22000,100030,Jennifer Gillom,1611661317,PHO,Phoenix Mercury,1020000120,2000-07-02,PHO @ HOU,L,31,6,13,0.462,0,2,0.0,0,2,0.0,0,1,1,1,0,1,1,3,12,,16.7,0
22000,100031,Bridget Pettis,1611661317,PHO,Phoenix Mercury,1020000120,2000-07-02,PHO @ HOU,L,11,1,3,0.333,0,1,0.0,0,0,,0,1,1,0,1,0,1,1,2,,5.2,0
22000,100221,Michelle Brogan,1611661317,PHO,Phoenix Mercury,1020000120,2000-07-02,PHO @ HOU,L,31,4,8,0.5,0,1,0.0,1,2,0.5,2,2,4,1,4,0,0,5,9,,27.3,0
22000,100225,Brandy Reed,1611661317,PHO,Phoenix Mercury,1020000120,2000-07-02,PHO @ HOU,L,36,2,11,0.182,0,1,0.0,2,2,1.0,0,3,3,3,2,1,2,3,6,,21.1,0
22000,100227,Maria Stepanova,1611661317,PHO,Phoenix Mercury,1020000120,2000-07-02,PHO @ HOU,L,14,1,3,0.333,0,0,,2,4,0.5,2,3,5,0,1,1,1,4,4,,15.0,0
22000,100378,Lisa Harrison,1611661317,PHO,Phoenix Mercury,1020000120,2000-07-02,PHO @ HOU,L,31,5,10,0.5,0,0,,1,1,1.0,2,3,5,1,1,0,1,4,11,,20.5,0
22000,100398,Tonya Edwards,1611661317,PHO,Phoenix Mercury,1020000120,2000-07-02,PHO @ HOU,L,30,6,13,0.462,1,4,0.25,1,1,1.0,1,1,2,1,0,0,4,5,14,,13.9,0
22000,100526,Adrian Williams-Strong,1611661317,PHO,Phoenix Mercury,1020000120,2000-07-02,PHO @ HOU,L,4,0,1,0.0,0,0,,0,0,,0,1,1,0,0,0,0,1,0,,1.2,0
22000,100594,Michelle Cleary,1611661317,PHO,Phoenix Mercury,1020000120,2000-07-02,PHO @ HOU,L,12,0,1,0.0,0,0,,0,0,,0,1,1,1,0,0,0,0,0,,2.7,0
22000,100003,Lisa Leslie,1611661320,LAS,Los Angeles Sparks,1020000121,2000-07-02,LAS vs. DET,W,23,6,11,0.545,0,0,,6,8,0.75,3,9,12,1,2,1,2,6,18,,40.9,0
22000,100008,Tamecka Dixon,1611661320,LAS,Los Angeles Sparks,1020000121,2000-07-02,LAS vs. DET,W,29,2,6,0.333,0,0,,5,5,1.0,1,1,2,8,1,0,4,3,9,,22.4,0
22000,100012,Mwadi Mabika,1611661320,LAS,Los Angeles Sparks,1020000121,2000-07-02,LAS vs. DET,W,29,8,15,0.533,4,5,0.8,1,2,0.5,1,3,4,3,2,2,2,3,21,,40.3,0
22000,100170,Allison Feaster,1611661320,LAS,Los Angeles Sparks,1020000121,2000-07-02,LAS vs. DET,W,16,3,9,0.333,1,4,0.25,3,5,0.6,2,2,4,0,0,0,0,0,10,,14.8,0
22000,100392,Ukari Figgs,1611661320,LAS,Los Angeles Sparks,1020000121,2000-07-02,LAS vs. DET,W,24,1,4,0.25,0,2,0.0,4,4,1.0,0,3,3,3,1,0,2,0,6,,15.1,0
22000,100393,La'Keshia Frett,1611661320,LAS,Los Angeles Sparks,1020000121,2000-07-02,LAS vs. DET,W,3,0,1,0.0,0,0,,0,0,,0,0,0,0,0,0,0,0,0,,0.0,0
22000,100395,Clarisse Machanguana,1611661320,LAS,Los Angeles Sparks,1020000121,2000-07-02,LAS vs. DET,W,16,1,2,0.5,0,0,,0,0,,2,3,5,0,1,0,0,2,2,,11.0,0
22000,100396,DeLisha Milton-Jones,1611661320,LAS,Los Angeles Sparks,1020000121,2000-07-02,LAS vs. DET,W,33,5,13,0.385,0,1,0.0,2,4,0.5,1,4,5,4,2,1,1,4,12,,32.0,0
22000,100476,Vedrana Grgin Fonseca,1611661320,LAS,Los Angeles Sparks,1020000121,2000-07-02,LAS vs. DET,W,9,2,4,0.5,0,1,0.0,1,2,0.5,0,0,0,0,0,0,0,1,5,,5.0,0
22000,100478,Nicky McCrimmon,1611661320,LAS,Los Angeles Sparks,1020000121,2000-07-02,LAS vs. DET,W,14,0,2,0.0,0,0,,0,0,,1,0,1,2,2,0,1,0,0,,9.2,0
22000,100479,Paige Sauer,1611661320,LAS,Los Angeles Sparks,1020000121,2000-07-02,LAS vs. DET,W,4,1,2,0.5,0,0,,0,0,,0,0,0,0,0,0,0,0,2,,2.0,0
22000,100046,Wendy Palmer,1611661321,DET,Detroit Shock,1020000121,2000-07-02,DET @ LAS,L,30,5,11,0.455,0,1,0.0,2,6,0.333,3,6,9,0,1,0,3,3,12,,22.8,0
22000,100243,Olympia Scott,1611661321,DET,Detroit Shock,1020000121,2000-07-02,DET @ LAS,L,15,3,4,0.75,0,0,,2,2,1.0,2,3,5,0,0,0,2,6,8,,12.0,0
22000,100351,Joy Holmes,1611661321,DET,Detroit Shock,1020000121,2000-07-02,DET @ LAS,L,14,3,7,0.429,0,0,,1,2,0.5,3,1,4,0,1,0,1,1,7,,13.8,0
22000,100386,Claudia Neves,1611661321,DET,Detroit Shock,1020000121,2000-07-02,DET @ LAS,L,20,2,6,0.333,1,4,0.25,0,0,,0,0,0,2,3,0,4,3,5,,13.0,0
22000,100387,Astou Ndiaye-Diatta,1611661321,DET,Detroit Shock,1020000121,2000-07-02,DET @ LAS,L,18,4,11,0.364,0,0,,0,0,,3,3,6,1,0,0,4,4,8,,12.7,0
22000,100388,Elena Tornikidou,1611661321,DET,Detroit Shock,1020000121,2000-07-02,DET @ LAS,L,23,2,5,0.4,0,0,,1,2,0.5,0,0,0,2,0,0,1,3,5,,7.0,0
22000,100390,Oksana Zakaluzhnaya,1611661321,DET,Detroit Shock,1020000121,2000-07-02,DET @ LAS,L,16,2,9,0.222,0,2,0.0,0,0,,1,6,7,0,0,3,0,3,4,,21.4,0
22000,100492,Edwina Brown,1611661321,DET,Detroit Shock,1020000121,2000-07-02,DET @ LAS,L,29,2,9,0.222,0,0,,4,5,0.8,3,5,8,3,1,0,2,4,8,,23.1,0
22000,100493,Anna DeForge,1611661321,DET,Detroit Shock,1020000121,2000-07-02,DET @ LAS,L,11,2,3,0.667,0,0,,0,0,,0,1,1,1,0,0,1,1,4,,5.7,0
22000,100496,Tamicha Jackson,1611661321,DET,Detroit Shock,1020000121,2000-07-02,DET @ LAS,L,21,1,7,0.143,0,2,0.0,0,0,,0,2,2,3,2,0,3,2,2,,11.9,0
22000,100101,Teresa Weatherspoon,1611661313,NYL,New York Liberty,1020000122,2000-07-03,NYL @ CLE,L,39,3,5,0.6,0,1,0.0,2,2,1.0,2,3,5,5,2,0,4,4,8,,23.5,0
22000,100103,Vickie Johnson,1611661313,NYL,New York Liberty,1020000122,2000-07-03,NYL @ CLE,L,40,5,10,0.5,2,3,0.667,0,0,,1,4,5,6,1,0,4,3,12,,26.0,0
22000,100104,Sue Wicks,1611661313,NYL,New York Liberty,1020000122,2000-07-03,NYL @ CLE,L,12,0,1,0.0,0,0,,2,2,1.0,1,0,1,2,0,2,1,4,2,,11.2,0
22000,100342,Becky Hammon,1611661313,NYL,New York Liberty,1020000122,2000-07-03,NYL @ CLE,L,23,1,1,1.0,0,0,,6,6,1.0,0,1,1,1,0,0,0,4,8,,10.7,0
22000,100345,Crystal Robinson,1611661313,NYL,New York Liberty,1020000122,2000-07-03,NYL @ CLE,L,32,2,5,0.4,2,5,0.4,2,2,1.0,1,2,3,1,0,0,1,2,8,,12.1,0
22000,100347,Tamika Whitmore,1611661313,NYL,New York Liberty,1020000122,2000-07-03,NYL @ CLE,L,33,8,14,0.571,0,1,0.0,1,3,0.333,1,3,4,1,1,0,2,5,17,,24.3,0
22000,100413,Tari Phillips,1611661313,NYL,New York Liberty,1020000122,2000-07-03,NYL @ CLE,L,35,4,10,0.4,0,1,0.0,2,2,1.0,2,6,8,1,0,2,6,5,10,,21.1,0
22000,100508,Jessica Bibby,1611661313,NYL,New York Liberty,1020000122,2000-07-03,NYL @ CLE,L,2,0,0,,0,0,,0,0,,0,0,0,0,0,0,0,0,0,,0.0,0
22000,100509,Marina Ferragut,1611661313,NYL,New York Liberty,1020000122,2000-07-03,NYL @ CLE,L,9,0,5,0.0,0,0,,0,0,,0,1,1,0,0,1,1,2,0,,3.2,0
22000,100092,Merlakia Jones,1611661315,CLE,Cleveland Rockers,1020000122,2000-07-03,CLE vs. NYL,W,40,5,16,0.313,0,3,0.0,1,2,0.5,4,3,7,2,0,0,1,1,11,,21.4,0
22000,100097,Rushia Brown,1611661315,CLE,Cleveland Rockers,1020000122,2000-07-03,CLE vs. NYL,W,28,2,6,0.333,0,0,,4,6,0.667,4,1,5,0,4,1,4,2,8,,25.0,0
22000,100187,Suzie McConnell Serio,1611661315,CLE,Cleveland Rockers,1020000122,2000-07-03,CLE vs. NYL,W,30,2,5,0.4,2,4,0.5,2,2,1.0,2,1,3,4,1,0,0,0,8,,20.6,0
22000,100237,Tricia Bader Binford,1611661315,CLE,Cleveland Rockers,1020000122,2000-07-03,CLE vs. NYL,W,9,1,2,0.5,0,1,0.0,0,0,,0,0,0,1,1,0,0,2,2,,6.5,0
22000,100428,Mery Andrade,1611661315,CLE,Cleveland Rockers,1020000122,2000-07-03,CLE vs. NYL,W,40,4,11,0.364,1,5,0.2,3,4,0.75,2,5,7,2,0,0,3,4,12,,20.4,0
22000,100433,Chasity Melvin,1611661315,CLE,Cleveland Rockers,1020000122,2000-07-03,CLE vs. NYL,W,24,2,10,0.2,0,1,0.0,1,2,0.5,2,3,5,4,1,0,3,6,5,,17.0,0
22000,100445,Ann Wauters,1611661315,CLE,Cleveland Rockers,1020000122,2000-07-03,CLE vs. NYL,W,10,1,1,1.0,0,0,,1,1,1.0,0,0,0,0,0,0,2,5,3,,1.0,0
22000,100457,Helen Darling,1611661315,CLE,Cleveland Rockers,1020000122,2000-07-03,CLE vs. NYL,W,15,0,3,0.0,0,0,,0,0,,1,0,1,4,1,0,1,1,0,,9.2,0
22000,100458,Vicki Hall,1611661315,CLE,Cleveland Rockers,1020000122,2000-07-03,CLE vs. NYL,W,29,7,12,0.583,2,4,0.5,1,3,0.333,4,3,7,1,1,0,0,4,17,,29.9,0
22000,100022,Chantel Tremitiere,1611661325,IND,Indiana Fever,1020000123,2000-07-03,IND vs. POR,L,8,0,1,0.0,0,0,,0,0,,0,1,1,0,0,0,2,1,0,,-0.8,0
22000,100204,Rita Williams,1611661325,IND,Indiana Fever,1020000123,2000-07-03,IND vs. POR,L,33,5,9,0.556,2,4,0.5,3,5,0.6,2,5,7,6,2,0,3,3,15,,35.4,0
22000,100216,Alicia Thompson,1611661325,IND,Indiana Fever,1020000123,2000-07-03,IND vs. POR,L,32,4,8,0.5,0,1,0.0,0,0,,2,2,4,1,0,0,1,2,8,,13.3,0
22000,100340,Kara Wolters,1611661325,IND,Indiana Fever,1020000123,2000-07-03,IND vs. POR,L,14,2,3,0.667,0,0,,0,0,,0,4,4,0,0,5,4,3,4,,19.8,0
22000,100357,Monica Maxwell,1611661325,IND,Indiana Fever,1020000123,2000-07-03,IND vs. POR,L,34,6,12,0.5,4,10,0.4,4,4,1.0,1,5,6,2,3,0,1,3,20,,38.2,0
22000,100370,Stephanie White,1611661325,IND,Indiana Fever,1020000123,2000-07-03,IND vs. POR,L,24,2,10,0.2,1,6,0.167,2,2,1.0,0,0,0,0,1,0,2,0,7,,8.0,0
22000,100394,Gordana Grubin,1611661325,IND,Indiana Fever,1020000123,2000-07-03,IND vs. POR,L,13,2,6,0.333,0,0,,0,0,,0,1,1,1,1,0,2,3,4,,7.7,0
22000,100471,Danielle McCulley,1611661325,IND,Indiana Fever,1020000123,2000-07-03,IND vs. POR,L,26,2,10,0.2,0,1,0.0,0,0,,3,1,4,1,1,0,1,2,4,,12.3,0
22000,100472,Texlin Quinney,1611661325,IND,Indiana Fever,1020000123,2000-07-03,IND vs. POR,L,7,1,3,0.333,0,0,,0,0,,2,0,2,0,1,0,1,2,2,,6.4,0
22000,101006,Jurgita Streimikyte,1611661325,IND,Indiana Fever,1020000123,2000-07-03,IND vs. POR,L,9,0,3,0.0,0,0,,0,0,,1,2,3,1,0,0,0,2,0,,5.1,0
22000,100105,Sophia Witherspoon,1611661327,POR,Portland Fire,1020000123,2000-07-03,POR @ IND,W,37,9,15,0.6,2,4,0.5,0,0,,0,7,7,2,3,0,4,2,20,,36.4,0
22000,100215,Vanessa Nygaard,1611661327,POR,Portland Fire,1020000123,2000-07-03,POR @ IND,W,18,0,5,0.0,0,1,0.0,0,0,,1,3,4,0,0,0,2,2,0,,2.8,0
22000,100284,Tully Bevilaqua,1611661327,POR,Portland Fire,1020000123,2000-07-03,POR @ IND,W,29,1,4,0.25,1,3,0.333,6,8,0.75,1,2,3,1,0,0,3,2,9,,11.1,0
22000,100346,Michele Van Gorp,1611661327,POR,Portland Fire,1020000123,2000-07-03,POR @ IND,W,4,0,0,,0,0,,0,0,,0,1,1,0,0,0,0,0,0,,1.2,0
22000,100429,Alisa Burras,1611661327,POR,Portland Fire,1020000123,2000-07-03,POR @ IND,W,20,2,4,0.5,0,0,,2,2,1.0,2,5,7,0,0,0,1,1,6,,13.4,0
22000,100529,Sylvia Crawley,1611661327,POR,Portland Fire,1020000123,2000-07-03,POR @ IND,W,38,6,13,0.462,0,0,,4,5,0.8,5,4,9,1,0,2,1,1,16,,33.3,0
22000,100530,Lynn Pride,1611661327,POR,Portland Fire,1020000123,2000-07-03,POR @ IND,W,15,2,7,0.286,0,1,0.0,0,0,,2,0,2,2,0,0,1,0,4,,8.4,0
22000,100532,Stacey Thomas,1611661327,POR,Portland Fire,1020000123,2000-07-03,POR @ IND,W,28,6,10,0.6,0,2,0.0,1,3,0.333,3,2,5,2,6,0,4,2,13,,36.0,0
22000,100570,Michelle Marciniak,1611661327,POR,Portland Fire,1020000123,2000-07-03,POR @ IND,W,11,0,3,0.0,0,1,0.0,0,2,0.0,0,1,1,3,0,0,1,2,0,,4.7,0
22000,100058,Vicky Bullett,1611661322,WAS,Washington Mystics,1020000124,2000-07-03,WAS @ SEA,W,35,6,11,0.545,0,0,,0,0,,2,1,3,2,3,2,1,2,12,,32.6,0
22000,100198,Nikki McCray,1611661322,WAS,Washington Mystics,1020000124,2000-07-03,WAS @ SEA,W,34,5,13,0.385,1,4,0.25,4,4,1.0,0,1,1,3,3,0,3,1,15,,26.7,0
22000,100199,Murriel Page,1611661322,WAS,Washington Mystics,1020000124,2000-07-03,WAS @ SEA,W,37,5,10,0.5,0,0,,0,0,,3,6,9,7,2,0,6,4,10,,31.3,0
22000,100348,Markita Aldridge,1611661322,WAS,Washington Mystics,1020000124,2000-07-03,WAS @ SEA,W,8,0,1,0.0,0,0,,0,0,,0,0,0,1,0,0,1,0,0,,0.5,0
22000,100353,Andrea Nagy,1611661322,WAS,Washington Mystics,1020000124,2000-07-03,WAS @ SEA,W,39,0,3,0.0,0,2,0.0,0,0,,0,5,5,4,1,1,1,3,0,,17.0,0
22000,100356,Chamique Holdsclaw,1611661322,WAS,Washington Mystics,1020000124,2000-07-03,WAS @ SEA,W,37,8,15,0.533,0,0,,5,8,0.625,2,8,10,1,3,1,1,2,21,,45.5,0
22000,100553,Keisha Anderson,1611661322,WAS,Washington Mystics,1020000124,2000-07-03,WAS @ SEA,W,1,0,1,0.0,0,0,,0,0,,0,0,0,0,0,0,0,0,0,,0.0,0
22000,100555,Tausha Mills,1611661322,WAS,Washington Mystics,1020000124,2000-07-03,WAS @ SEA,W,9,1,3,0.333,0,0,,0,0,,2,0,2,0,0,0,1,1,2,,3.4,0
22000,100088,Michelle Edwards,1611661328,SEA,Seattle Storm,1020000124,2000-07-03,SEA vs. WAS,L,31,4,15,0.267,0,4,0.0,0,1,0.0,0,1,1,5,1,0,2,0,8,,17.7,0
22000,100111,Simone Edwards,1611661328,SEA,Seattle Storm,1020000124,2000-07-03,SEA vs. WAS,L,29,4,7,0.571,0,0,,6,6,1.0,3,1,4,2,0,0,2,3,14,,19.8,0
22000,100179,Charmin Smith,1611661328,SEA,Seattle Storm,1020000124,2000-07-03,SEA vs. WAS,L,8,0,1,0.0,0,1,0.0,1,2,0.5,0,3,3,1,0,0,0,1,1,,6.1,0
22000,100230,Quacy Barnes,1611661328,SEA,Seattle Storm,1020000124,2000-07-03,SEA vs. WAS,L,15,1,3,0.333,0,0,,0,0,,0,2,2,0,0,1,4,1,2,,3.4,0
22000,100336,Sonja Henning,1611661328,SEA,Seattle Storm,1020000124,2000-07-03,SEA vs. WAS,L,34,2,8,0.25,0,2,0.0,0,0,,1,2,3,2,2,0,1,2,4,,15.6,0
22000,100470,Stacey Lovelace,1611661328,SEA,Seattle Storm,1020000124,2000-07-03,SEA vs. WAS,L,15,1,1,1.0,0,0,,0,0,,0,2,2,0,1,0,1,1,2,,6.4,0
22000,100503,Andrea Garner,1611661328,SEA,Seattle Storm,1020000124,2000-07-03,SEA vs. WAS,L,25,3,4,0.75,0,0,,0,0,,3,1,4,2,1,0,4,1,6,,12.8,0
22000,100541,Jamie Redd,1611661328,SEA,Seattle Storm,1020000124,2000-07-03,SEA vs. WAS,L,12,2,5,0.4,1,2,0.5,0,0,,1,0,1,0,1,0,0,1,5,,9.2,0
22000,100542,Charisse Sampson,1611661328,SEA,Seattle Storm,1020000124,2000-07-03,SEA vs. WAS,L,3,1,1,1.0,1,1,1.0,0,0,,0,0,0,0,0,0,0,0,3,,3.0,0
22000,100543,Robin Threatt-Elliott,1611661328,SEA,Seattle Storm,1020000124,2000-07-03,SEA vs. WAS,L,28,4,11,0.364,2,7,0.286,0,0,,0,4,4,3,1,0,1,2,10,,21.3,0
22000,100101,Teresa Weatherspoon,1611661313,NYL,New York Liberty,1020000125,2000-07-05,NYL vs. POR,W,31,1,7,0.143,1,3,0.333,3,4,0.75,1,4,5,7,2,0,3,4,6,,25.5,0
22000,100103,Vickie Johnson,1611661313,NYL,New York Liberty,1020000125,2000-07-05,NYL vs. POR,W,38,6,12,0.5,1,2,0.5,2,2,1.0,1,5,6,2,1,0,0,1,15,,28.2,0
22000,100104,Sue Wicks,1611661313,NYL,New York Liberty,1020000125,2000-07-05,NYL vs. POR,W,18,1,1,1.0,0,0,,1,1,1.0,0,4,4,0,3,0,2,2,3,,14.8,0
22000,100342,Becky Hammon,1611661313,NYL,New York Liberty,1020000125,2000-07-05,NYL vs. POR,W,22,6,9,0.667,1,3,0.333,2,2,1.0,0,1,1,0,1,0,6,2,15,,13.2,0
22000,100345,Crystal Robinson,1611661313,NYL,New York Liberty,1020000125,2000-07-05,NYL vs. POR,W,24,2,4,0.5,1,2,0.5,0,0,,0,1,1,0,2,1,3,5,5,,12.2,0
22000,100347,Tamika Whitmore,1611661313,NYL,New York Liberty,1020000125,2000-07-05,NYL vs. POR,W,24,0,5,0.0,0,0,,2,2,1.0,0,3,3,1,0,0,2,3,2,,5.1,0
22000,100413,Tari Phillips,1611661313,NYL,New York Liberty,1020000125,2000-07-05,NYL vs. POR,W,32,4,8,0.5,0,1,0.0,4,4,1.0,2,8,10,2,5,0,5,3,12,,37.0,0
22000,100508,Jessica Bibby,1611661313,NYL,New York Liberty,1020000125,2000-07-05,NYL vs. POR,W,4,0,2,0.0,0,0,,0,0,,0,0,0,2,0,0,2,0,0,,1.0,0
22000,100509,Marina Ferragut,1611661313,NYL,New York Liberty,1020000125,2000-07-05,NYL vs. POR,W,2,1,1,1.0,0,0,,0,0,,0,0,0,0,0,0,0,0,2,,2.0,0
22000,100510,Olga Firsova,1611661313,NYL,New York Liberty,1020000125,2000-07-05,NYL vs. POR,W,2,1,1,1.0,0,0,,0,0,,0,0,0,0,0,0,0,2,2,,2.0,0
22000,100512,Shea Mahoney,1611661313,NYL,New York Liberty,1020000125,2000-07-05,NYL vs. POR,W,3,0,0,,0,0,,0,2,0.0,0,0,0,0,0,0,0,0,0,,0.0,0
22000,100038,Tara Williams,1611661327,POR,Portland Fire,1020000125,2000-07-05,POR @ NYL,L,4,0,2,0.0,0,2,0.0,0,0,,0,0,0,0,0,0,0,1,0,,0.0,0
22000,100105,Sophia Witherspoon,1611661327,POR,Portland Fire,1020000125,2000-07-05,POR @ NYL,L,28,2,10,0.2,0,2,0.0,5,6,0.833,1,1,2,1,3,0,4,3,9,,17.9,0
22000,100215,Vanessa Nygaard,1611661327,POR,Portland Fire,1020000125,2000-07-05,POR @ NYL,L,22,3,6,0.5,2,4,0.5,0,0,,0,1,1,0,1,0,1,2,8,,11.2,0
22000,100284,Tully Bevilaqua,1611661327,POR,Portland Fire,1020000125,2000-07-05,POR @ NYL,L,25,0,2,0.0,0,1,0.0,0,0,,1,0,1,2,3,0,1,3,0,,12.2,0
22000,100346,Michele Van Gorp,1611661327,POR,Portland Fire,1020000125,2000-07-05,POR @ NYL,L,9,1,5,0.2,0,0,,5,6,0.833,0,1,1,0,0,0,1,1,7,,7.2,0
22000,100429,Alisa Burras,1611661327,POR,Portland Fire,1020000125,2000-07-05,POR @ NYL,L,16,0,2,0.0,0,0,,2,2,1.0,0,5,5,0,0,0,1,1,2,,7.0,0
22000,100529,Sylvia Crawley,1611661327,POR,Portland Fire,1020000125,2000-07-05,POR @ NYL,L,28,3,7,0.429,0,0,,2,2,1.0,3,6,9,0,0,0,8,4,8,,10.8,0
22000,100530,Lynn Pride,1611661327,POR,Portland Fire,1020000125,2000-07-05,POR @ NYL,L,17,3,6,0.5,0,1,0.0,1,1,1.0,0,3,3,1,0,0,0,2,7,,12.1,0
22000,100532,Stacey Thomas,1611661327,POR,Portland Fire,1020000125,2000-07-05,POR @ NYL,L,28,0,5,0.0,0,1,0.0,3,4,0.75,0,1,1,1,2,0,2,1,3,,9.7,0
22000,100533,DeMya Walker,1611661327,POR,Portland Fire,1020000125,2000-07-05,POR @ NYL,L,5,0,0,,0,0,,0,2,0.0,0,0,0,0,1,0,0,2,0,,3.0,0
22000,100570,Michelle Marciniak,1611661327,POR,Portland Fire,1020000125,2000-07-05,POR @ NYL,L,18,0,4,0.0,0,2,0.0,1,2,0.5,1,1,2,2,0,0,3,3,1,,3.4,0
22000,100059,Andrea Stinson,1611661314,CHA,Charlotte Sting,1020000126,2000-07-05,CHA vs. MIA,W,33,4,8,0.5,2,2,1.0,3,4,0.75,0,2,2,2,0,0,2,3,13,,16.4,0
22000,100060,Rhonda Mapp,1611661314,CHA,Charlotte Sting,1020000126,2000-07-05,CHA vs. MIA,W,34,9,11,0.818,0,0,,2,2,1.0,3,6,9,3,1,1,0,2,20,,41.3,0
22000,100182,Tracy Reid,1611661314,CHA,Charlotte Sting,1020000126,2000-07-05,CHA vs. MIA,W,26,4,8,0.5,0,0,,0,0,,3,2,5,3,0,0,3,4,8,,15.5,0
22000,100294,Cass Bauer-Bilodeau,1611661314,CHA,Charlotte Sting,1020000126,2000-07-05,CHA vs. MIA,W,12,1,2,0.5,0,0,,0,0,,0,1,1,0,0,0,0,2,2,,3.2,0
22000,100350,Shalonda Enis,1611661314,CHA,Charlotte Sting,1020000126,2000-07-05,CHA vs. MIA,W,28,5,10,0.5,2,3,0.667,4,5,0.8,2,4,6,3,0,1,1,0,16,,29.7,0
22000,100371,Charlotte Smith,1611661314,CHA,Charlotte Sting,1020000126,2000-07-05,CHA vs. MIA,W,4,0,1,0.0,0,1,0.0,0,0,,0,0,0,0,0,0,2,3,0,,-2.0,0
22000,100372,Dawn Staley,1611661314,CHA,Charlotte Sting,1020000126,2000-07-05,CHA vs. MIA,W,34,4,11,0.364,0,1,0.0,0,0,,0,3,3,6,1,0,4,3,8,,19.6,0
22000,100446,Summer Erb,1611661314,CHA,Charlotte Sting,1020000126,2000-07-05,CHA vs. MIA,W,2,0,0,,0,0,,0,0,,0,0,0,0,0,0,0,1,0,,0.0,0
22000,100447,Tiffany Travis,1611661314,CHA,Charlotte Sting,1020000126,2000-07-05,CHA vs. MIA,W,17,3,5,0.6,0,0,,0,0,,1,3,4,2,1,0,1,0,6,,15.8,0
22000,100452,E.C. Hill,1611661314,CHA,Charlotte Sting,1020000126,2000-07-05,CHA vs. MIA,W,10,1,2,0.5,0,0,,1,1,1.0,0,1,1,1,0,0,1,1,3,,4.7,0
22000,100009,Katrina Colleton,1611661326,MIA,Miami Sol,1020000126,2000-07-05,MIA @ CHA,L,33,7,14,0.5,0,0,,0,0,,0,0,0,3,1,0,1,2,14,,20.5,0
22000,100037,Marlies Askamp,1611661326,MIA,Miami Sol,1020000126,2000-07-05,MIA @ CHA,L,31,5,9,0.556,0,0,,2,2,1.0,1,5,6,3,1,0,0,1,12,,26.7,0
22000,100063,Sharon Manning,1611661326,MIA,Miami Sol,1020000126,2000-07-05,MIA @ CHA,L,22,4,8,0.5,0,0,,1,3,0.333,1,3,4,0,2,0,1,5,9,,18.8,0
22000,100107,Kisha Ford,1611661326,MIA,Miami Sol,1020000126,2000-07-05,MIA @ CHA,L,7,0,0,,0,0,,2,2,1.0,0,0,0,1,1,0,0,2,2,,6.5,0
22000,100359,Debbie Black,1611661326,MIA,Miami Sol,1020000126,2000-07-05,MIA @ CHA,L,27,0,5,0.0,0,3,0.0,2,2,1.0,1,2,3,5,0,0,1,2,2,,12.1,0
22000,100416,Sheri Sam,1611661326,MIA,Miami Sol,1020000126,2000-07-05,MIA @ CHA,L,33,10,17,0.588,4,6,0.667,2,3,0.667,1,3,4,5,0,0,1,1,26,,37.3,0
22000,100552,Kristen Rasmussen,1611661326,MIA,Miami Sol,1020000126,2000-07-05,MIA @ CHA,L,11,1,2,0.5,0,0,,0,0,,0,1,1,2,2,0,3,2,2,,9.2,0
22000,100558,Jameka Jones,1611661326,MIA,Miami Sol,1020000126,2000-07-05,MIA @ CHA,L,7,0,2,0.0,0,1,0.0,0,0,,1,0,1,2,0,0,0,2,0,,4.2,0
22000,100559,Milena Flores,1611661326,MIA,Miami Sol,1020000126,2000-07-05,MIA @ CHA,L,13,1,2,0.5,1,1,1.0,0,0,,0,0,0,1,0,0,1,0,3,,3.5,0
22000,100560,Shantia Owens,1611661326,MIA,Miami Sol,1020000126,2000-07-05,MIA @ CHA,L,16,0,5,0.0,0,0,,0,0,,1,0,1,3,1,0,0,3,0,,8.7,0
22000,100400,Kristin Folkl,1611661324,MIN,Minnesota Lynx,1020000127,2000-07-05,MIN vs. SEA,L,36,4,11,0.364,0,0,,7,8,0.875,1,2,3,4,0,2,3,0,15,,27.6,0
22000,100404,Katie Smith,1611661324,MIN,Minnesota Lynx,1020000127,2000-07-05,MIN vs. SEA,L,35,2,11,0.182,1,4,0.25,0,0,,0,0,0,2,1,0,4,2,5,,7.0,0
22000,100481,Marla Brumfield,1611661324,MIN,Minnesota Lynx,1020000127,2000-07-05,MIN vs. SEA,L,20,2,3,0.667,0,0,,0,0,,1,1,2,2,1,0,0,4,4,,12.4,0
22000,100482,Grace Daley,1611661324,MIN,Minnesota Lynx,1020000127,2000-07-05,MIN vs. SEA,L,26,2,6,0.333,1,3,0.333,4,6,0.667,1,1,2,2,0,0,6,2,9,,8.4,0
22000,100483,Keitha Dickerson,1611661324,MIN,Minnesota Lynx,1020000127,2000-07-05,MIN vs. SEA,L,31,7,12,0.583,0,0,,1,2,0.5,1,6,7,1,1,1,0,6,15,,30.9,0
22000,100484,Betty Lennox,1611661324,MIN,Minnesota Lynx,1020000127,2000-07-05,MIN vs. SEA,L,32,4,10,0.4,1,1,1.0,1,2,0.5,2,3,5,3,4,0,2,4,10,,30.5,0
22000,100485,Maylana Martin,1611661324,MIN,Minnesota Lynx,1020000127,2000-07-05,MIN vs. SEA,L,13,1,3,0.333,0,1,0.0,0,2,0.0,0,3,3,1,0,0,0,3,2,,7.1,0
22000,100487,Kate Paye,1611661324,MIN,Minnesota Lynx,1020000127,2000-07-05,MIN vs. SEA,L,6,0,0,,0,0,,0,0,,0,1,1,1,0,0,0,1,0,,2.7,0
22000,100490,Shanele Stires,1611661324,MIN,Minnesota Lynx,1020000127,2000-07-05,MIN vs. SEA,L,1,0,0,,0,0,,0,0,,0,0,0,0,0,0,0,0,0,,0.0,0
22000,100111,Simone Edwards,1611661328,SEA,Seattle Storm,1020000127,2000-07-05,SEA @ MIN,W,24,1,2,0.5,0,0,,4,4,1.0,1,3,4,1,0,0,1,2,6,,11.3,0
22000,100179,Charmin Smith,1611661328,SEA,Seattle Storm,1020000127,2000-07-05,SEA @ MIN,W,9,0,1,0.0,0,0,,0,0,,0,0,0,0,0,0,1,2,0,,-1.0,0
22000,100230,Quacy Barnes,1611661328,SEA,Seattle Storm,1020000127,2000-07-05,SEA @ MIN,W,19,4,6,0.667,0,0,,1,1,1.0,1,0,1,1,1,1,2,4,9,,15.7,0
22000,100336,Sonja Henning,1611661328,SEA,Seattle Storm,1020000127,2000-07-05,SEA @ MIN,W,31,1,5,0.2,0,2,0.0,2,4,0.5,1,2,3,4,2,0,1,2,4,,18.6,0
22000,100470,Stacey Lovelace,1611661328,SEA,Seattle Storm,1020000127,2000-07-05,SEA @ MIN,W,12,1,2,0.5,0,0,,0,0,,0,3,3,1,0,0,2,2,2,,5.1,0
22000,100503,Andrea Garner,1611661328,SEA,Seattle Storm,1020000127,2000-07-05,SEA @ MIN,W,25,1,3,0.333,0,0,,3,4,0.75,1,6,7,3,2,2,4,5,5,,25.9,0
22000,100538,Katrina Hibbert,1611661328,SEA,Seattle Storm,1020000127,2000-07-05,SEA @ MIN,W,4,0,1,0.0,0,0,,0,0,,1,2,3,0,0,0,0,0,0,,3.6,0
22000,100541,Jamie Redd,1611661328,SEA,Seattle Storm,1020000127,2000-07-05,SEA @ MIN,W,18,2,7,0.286,0,3,0.0,0,0,,0,1,1,1,1,0,1,3,4,,8.7,0
22000,100542,Charisse Sampson,1611661328,SEA,Seattle Storm,1020000127,2000-07-05,SEA @ MIN,W,23,4,6,0.667,1,2,0.5,4,6,0.667,2,3,5,3,2,2,1,1,13,,34.5,0
22000,100543,Robin Threatt-Elliott,1611661328,SEA,Seattle Storm,1020000127,2000-07-05,SEA @ MIN,W,35,10,21,0.476,1,3,0.333,3,7,0.429,1,5,6,0,0,1,4,3,24,,30.2,0
22000,100016,Ruthie Bolton,1611661318,SAC,Sacramento Monarchs,1020000128,2000-07-05,SAC vs. LAS,L,32,3,11,0.273,1,3,0.333,2,4,0.5,3,4,7,1,0,0,2,2,9,,16.9,0
22000,100027,Latasha Byears,1611661318,SAC,Sacramento Monarchs,1020000128,2000-07-05,SAC vs. LAS,L,12,1,3,0.333,0,0,,0,0,,1,0,1,1,0,0,0,0,2,,4.7,0
22000,100044,Lady Grooms,1611661318,SAC,Sacramento Monarchs,1020000128,2000-07-05,SAC vs. LAS,L,15,1,4,0.25,0,0,,4,4,1.0,2,1,3,0,2,0,1,2,6,,14.6,0
22000,100234,Ticha Penicheiro,1611661318,SAC,Sacramento Monarchs,1020000128,2000-07-05,SAC vs. LAS,L,40,4,11,0.364,0,1,0.0,3,4,0.75,0,1,1,5,0,1,2,2,11,,20.7,0
22000,100236,Tangela Smith,1611661318,SAC,Sacramento Monarchs,1020000128,2000-07-05,SAC vs. LAS,L,35,4,15,0.267,0,0,,1,1,1.0,3,5,8,3,0,0,2,3,9,,21.1,0
22000,100419,Yolanda Griffith,1611661318,SAC,Sacramento Monarchs,1020000128,2000-07-05,SAC vs. LAS,L,33,8,17,0.471,0,0,,3,5,0.6,4,5,9,0,1,2,2,4,19,,36.8,0
22000,100421,Kedra Holland-Corn,1611661318,SAC,Sacramento Monarchs,1020000128,2000-07-05,SAC vs. LAS,L,29,2,6,0.333,0,2,0.0,1,3,0.333,2,1,3,2,1,0,5,2,5,,9.6,0
22000,100536,Katy Steding,1611661318,SAC,Sacramento Monarchs,1020000128,2000-07-05,SAC vs. LAS,L,4,0,0,,0,0,,0,0,,0,0,0,0,0,0,1,0,0,,-1.0,0
22000,100003,Lisa Leslie,1611661320,LAS,Los Angeles Sparks,1020000128,2000-07-05,LAS @ SAC,W,29,4,14,0.286,0,0,,2,2,1.0,3,6,9,0,0,3,3,4,10,,26.8,0
22000,100008,Tamecka Dixon,1611661320,LAS,Los Angeles Sparks,1020000128,2000-07-05,LAS @ SAC,W,33,3,9,0.333,0,1,0.0,2,2,1.0,0,5,5,4,2,1,3,3,8,,26.0,0
22000,100012,Mwadi Mabika,1611661320,LAS,Los Angeles Sparks,1020000128,2000-07-05,LAS @ SAC,W,37,9,18,0.5,4,7,0.571,1,1,1.0,2,6,8,5,3,0,2,2,23,,47.1,0
22000,100170,Allison Feaster,1611661320,LAS,Los Angeles Sparks,1020000128,2000-07-05,LAS @ SAC,W,10,0,0,,0,0,,2,2,1.0,0,4,4,1,0,0,2,1,2,,6.3,0
22000,100392,Ukari Figgs,1611661320,LAS,Los Angeles Sparks,1020000128,2000-07-05,LAS @ SAC,W,32,3,5,0.6,1,2,0.5,2,3,0.667,0,2,2,5,1,0,2,2,9,,19.9,0
22000,100395,Clarisse Machanguana,1611661320,LAS,Los Angeles Sparks,1020000128,2000-07-05,LAS @ SAC,W,12,1,1,1.0,0,0,,0,0,,0,1,1,0,0,2,1,1,2,,8.2,0
22000,100396,DeLisha Milton-Jones,1611661320,LAS,Los Angeles Sparks,1020000128,2000-07-05,LAS @ SAC,W,39,10,15,0.667,0,0,,0,0,,2,5,7,2,1,0,2,2,20,,32.4,0
22000,100478,Nicky McCrimmon,1611661320,LAS,Los Angeles Sparks,1020000128,2000-07-05,LAS @ SAC,W,8,1,1,1.0,0,0,,0,0,,0,0,0,0,0,2,2,0,2,,6.0,0
22000,100048,Jessie Hicks,1611661323,ORL,Orlando Miracle,1020000129,2000-07-06,ORL vs. IND,W,2,0,1,0.0,0,0,,0,0,,0,0,0,0,0,0,0,0,0,,0.0,0
22000,100100,Adrienne Johnson,1611661323,ORL,Orlando Miracle,1020000129,2000-07-06,ORL vs. IND,W,34,7,13,0.538,1,2,0.5,0,0,,1,1,2,0,3,0,2,0,15,,24.4,0
22000,100410,Shannon Johnson,1611661323,ORL,Orlando Miracle,1020000129,2000-07-06,ORL vs. IND,W,32,5,12,0.417,1,5,0.2,4,6,0.667,4,3,7,4,0,0,5,1,15,,24.4,0
22000,100411,Carla McGhee,1611661323,ORL,Orlando Miracle,1020000129,2000-07-06,ORL vs. IND,W,18,4,7,0.571,0,0,,1,1,1.0,1,2,3,1,1,0,0,5,9,,17.1,0
22000,100412,Taj McWilliams-Franklin,1611661323,ORL,Orlando Miracle,1020000129,2000-07-06,ORL vs. IND,W,36,6,10,0.6,0,1,0.0,10,12,0.833,1,5,6,1,1,0,2,3,22,,31.7,0
22000,100414,Elaine Powell,1611661323,ORL,Orlando Miracle,1020000129,2000-07-06,ORL vs. IND,W,19,1,4,0.25,0,0,,0,0,,0,2,2,3,0,0,0,0,2,,8.9,0
22000,100415,Nykesha Sales,1611661323,ORL,Orlando Miracle,1020000129,2000-07-06,ORL vs. IND,W,22,1,8,0.125,0,0,,0,0,,1,3,4,3,1,0,0,4,2,,14.3,0
22000,100514,Cintia dos Santos,1611661323,ORL,Orlando Miracle,1020000129,2000-07-06,ORL vs. IND,W,24,1,6,0.167,0,0,,0,0,,3,3,6,1,1,0,1,5,2,,12.7,0
22000,100517,Romana Hamzova,1611661323,ORL,Orlando Miracle,1020000129,2000-07-06,ORL vs. IND,W,3,0,0,,0,0,,2,2,1.0,0,0,0,0,0,0,0,1,2,,2.0,0
22000,100519,Jannon Roland,1611661323,ORL,Orlando Miracle,1020000129,2000-07-06,ORL vs. IND,W,2,0,0,,0,0,,0,0,,0,0,0,1,0,0,0,0,0,,1.5,0
22000,100521,Tiffany McCain,1611661323,ORL,Orlando Miracle,1020000129,2000-07-06,ORL vs. IND,W,8,0,1,0.0,0,1,0.0,3,4,0.75,0,0,0,0,0,0,0,0,3,,3.0,0
22000,100022,Chantel Tremitiere,1611661325,IND,Indiana Fever,1020000129,2000-07-06,IND @ ORL,L,7,0,1,0.0,0,1,0.0,0,0,,0,0,0,1,0,0,0,1,0,,1.5,0
22000,100096,Donna Harrington,1611661325,IND,Indiana Fever,1020000129,2000-07-06,IND @ ORL,L,5,0,0,,0,0,,0,0,,0,1,1,0,1,0,2,3,0,,2.2,0
22000,100204,Rita Williams,1611661325,IND,Indiana Fever,1020000129,2000-07-06,IND @ ORL,L,38,3,8,0.375,0,4,0.0,4,4,1.0,2,2,4,3,3,0,3,0,10,,25.3,0
22000,100216,Alicia Thompson,1611661325,IND,Indiana Fever,1020000129,2000-07-06,IND @ ORL,L,12,3,6,0.5,0,1,0.0,0,0,,0,1,1,0,0,0,0,1,6,,7.2,0
22000,100340,Kara Wolters,1611661325,IND,Indiana Fever,1020000129,2000-07-06,IND @ ORL,L,35,6,14,0.429,0,0,,4,6,0.667,3,7,10,1,1,1,5,4,16,,30.5,0
22000,100357,Monica Maxwell,1611661325,IND,Indiana Fever,1020000129,2000-07-06,IND @ ORL,L,35,3,8,0.375,2,6,0.333,2,2,1.0,3,3,6,1,0,0,2,4,10,,16.7,0
22000,100370,Stephanie White,1611661325,IND,Indiana Fever,1020000129,2000-07-06,IND @ ORL,L,21,3,5,0.6,2,3,0.667,5,6,0.833,0,2,2,2,2,1,1,1,13,,26.4,0
22000,100394,Gordana Grubin,1611661325,IND,Indiana Fever,1020000129,2000-07-06,IND @ ORL,L,19,1,8,0.125,1,3,0.333,0,0,,0,2,2,2,0,0,2,2,3,,6.4,0
22000,100471,Danielle McCulley,1611661325,IND,Indiana Fever,1020000129,2000-07-06,IND @ ORL,L,13,1,5,0.2,0,1,0.0,0,0,,2,3,5,0,0,0,0,3,2,,8.0,0
22000,101006,Jurgita Streimikyte,1611661325,IND,Indiana Fever,1020000129,2000-07-06,IND @ ORL,L,15,0,1,0.0,0,0,,0,0,,1,3,4,3,0,1,2,3,0,,10.3,0
22000,100072,Sheryl Swoopes,1611661316,HOU,Houston Comets,1020000130,2000-07-06,HOU vs. SEA,W,30,7,11,0.636,1,2,0.5,2,3,0.667,1,3,4,9,3,1,1,0,17,,46.3,0
22000,100073,Cynthia Cooper,1611661316,HOU,Houston Comets,1020000130,2000-07-06,HOU vs. SEA,W,31,4,10,0.4,2,2,1.0,3,4,0.75,0,5,5,3,0,0,3,1,13,,20.5,0
22000,100075,Janeth Arcain,1611661316,HOU,Houston Comets,1020000130,2000-07-06,HOU vs. SEA,W,25,3,5,0.6,1,2,0.5,0,0,,0,2,2,0,2,0,3,0,7,,12.4,0
22000,100076,Tina Thompson,1611661316,HOU,Houston Comets,1020000130,2000-07-06,HOU vs. SEA,W,29,10,14,0.714,0,1,0.0,3,5,0.6,4,2,6,1,0,2,1,0,23,,36.7,0
22000,100077,Tammy Jackson,1611661316,HOU,Houston Comets,1020000130,2000-07-06,HOU vs. SEA,W,19,2,6,0.333,0,0,,0,0,,2,3,5,0,0,0,1,1,4,,9.0,0
22000,100207,Monica Lamb,1611661316,HOU,Houston Comets,1020000130,2000-07-06,HOU vs. SEA,W,12,1,2,0.5,0,0,,3,4,0.75,1,4,5,1,0,1,0,1,5,,15.5,0
22000,100217,Coquese Washington,1611661316,HOU,Houston Comets,1020000130,2000-07-06,HOU vs. SEA,W,9,0,3,0.0,0,2,0.0,0,0,,0,0,0,0,1,0,0,0,0,,3.0,0
22000,100233,Tiffani Johnson,1611661316,HOU,Houston Comets,1020000130,2000-07-06,HOU vs. SEA,W,19,2,2,1.0,0,0,,0,0,,0,5,5,1,0,0,0,3,4,,11.5,0
22000,100338,Jennifer Rizzotti,1611661316,HOU,Houston Comets,1020000130,2000-07-06,HOU vs. SEA,W,18,2,4,0.5,0,2,0.0,1,1,1.0,0,2,2,1,0,0,1,0,5,,7.9,0
22000,100504,Kelley Gibson,1611661316,HOU,Houston Comets,1020000130,2000-07-06,HOU vs. SEA,W,8,0,0,,0,0,,2,2,1.0,0,1,1,0,0,0,0,3,2,,3.2,0
22000,100111,Simone Edwards,1611661328,SEA,Seattle Storm,1020000130,2000-07-06,SEA @ HOU,L,20,2,3,0.667,0,0,,0,0,,2,3,5,0,1,1,3,0,4,,13.0,0
22000,100179,Charmin Smith,1611661328,SEA,Seattle Storm,1020000130,2000-07-06,SEA @ HOU,L,12,0,2,0.0,0,2,0.0,0,0,,0,0,0,1,0,0,1,1,0,,0.5,0
22000,100230,Quacy Barnes,1611661328,SEA,Seattle Storm,1020000130,2000-07-06,SEA @ HOU,L,20,3,8,0.375,0,1,0.0,0,0,,2,1,3,0,0,0,1,1,6,,8.6,0
22000,100336,Sonja Henning,1611661328,SEA,Seattle Storm,1020000130,2000-07-06,SEA @ HOU,L,30,2,6,0.333,0,0,,2,2,1.0,0,1,1,2,3,0,1,2,6,,18.2,0
22000,100470,Stacey Lovelace,1611661328,SEA,Seattle Storm,1020000130,2000-07-06,SEA @ HOU,L,17,4,8,0.5,0,1,0.0,0,2,0.0,1,3,4,2,0,1,2,1,8,,16.8,0
22000,100503,Andrea Garner,1611661328,SEA,Seattle Storm,1020000130,2000-07-06,SEA @ HOU,L,23,0,4,0.0,0,0,,0,0,,1,4,5,1,0,0,0,1,0,,7.5,0
22000,100538,Katrina Hibbert,1611661328,SEA,Seattle Storm,1020000130,2000-07-06,SEA @ HOU,L,10,0,2,0.0,0,1,0.0,0,0,,1,0,1,3,0,0,0,1,0,,5.7,0
22000,100541,Jamie Redd,1611661328,SEA,Seattle Storm,1020000130,2000-07-06,SEA @ HOU,L,20,3,7,0.429,0,2,0.0,0,0,,1,1,2,1,0,0,5,5,6,,4.9,0
22000,100542,Charisse Sampson,1611661328,SEA,Seattle Storm,1020000130,2000-07-06,SEA @ HOU,L,22,4,6,0.667,4,5,0.8,0,0,,0,0,0,0,0,0,1,2,12,,11.0,0
22000,100543,Robin Threatt-Elliott,1611661328,SEA,Seattle Storm,1020000130,2000-07-06,SEA @ HOU,L,26,2,11,0.182,1,2,0.5,3,4,0.75,0,2,2,0,0,0,0,3,8,,10.4,0
22000,100031,Bridget Pettis,1611661317,PHO,Phoenix Mercury,1020000131,2000-07-06,PHO vs. DET,W,17,3,4,0.75,0,1,0.0,3,3,1.0,1,1,2,1,1,0,1,2,9,,14.9,0
22000,100221,Michelle Brogan,1611661317,PHO,Phoenix Mercury,1020000131,2000-07-06,PHO vs. DET,W,38,5,9,0.556,1,1,1.0,6,6,1.0,2,3,5,1,4,0,4,3,17,,32.5,0
22000,100225,Brandy Reed,1611661317,PHO,Phoenix Mercury,1020000131,2000-07-06,PHO vs. DET,W,40,8,16,0.5,2,2,1.0,4,4,1.0,2,8,10,8,1,2,4,1,22,,51.0,0
22000,100378,Lisa Harrison,1611661317,PHO,Phoenix Mercury,1020000131,2000-07-06,PHO vs. DET,W,30,5,9,0.556,0,0,,2,2,1.0,1,3,4,1,3,0,1,3,12,,26.3,0
22000,100398,Tonya Edwards,1611661317,PHO,Phoenix Mercury,1020000131,2000-07-06,PHO vs. DET,W,30,5,11,0.455,1,4,0.25,4,5,0.8,0,2,2,5,2,0,3,0,15,,27.9,0
22000,100525,Rankica Sarenac,1611661317,PHO,Phoenix Mercury,1020000131,2000-07-06,PHO vs. DET,W,5,0,2,0.0,0,0,,0,0,,0,0,0,0,0,0,0,1,0,,0.0,0
22000,100526,Adrian Williams-Strong,1611661317,PHO,Phoenix Mercury,1020000131,2000-07-06,PHO vs. DET,W,26,2,6,0.333,0,0,,1,2,0.5,2,3,5,0,1,0,1,1,5,,13.0,0
22000,100594,Michelle Cleary,1611661317,PHO,Phoenix Mercury,1020000131,2000-07-06,PHO vs. DET,W,14,1,1,1.0,0,0,,1,1,1.0,0,3,3,2,0,0,0,1,3,,9.6,0
22000,100046,Wendy Palmer,1611661321,DET,Detroit Shock,1020000131,2000-07-06,DET @ PHO,L,24,5,13,0.385,0,0,,0,0,,0,5,5,1,0,0,1,5,10,,16.5,0
22000,100243,Olympia Scott,1611661321,DET,Detroit Shock,1020000131,2000-07-06,DET @ PHO,L,15,1,3,0.333,0,0,,0,0,,0,1,1,1,0,0,2,3,2,,2.7,0
22000,100351,Joy Holmes,1611661321,DET,Detroit Shock,1020000131,2000-07-06,DET @ PHO,L,25,4,8,0.5,0,1,0.0,1,2,0.5,3,4,7,2,1,0,1,2,9,,22.4,0
22000,100386,Claudia Neves,1611661321,DET,Detroit Shock,1020000131,2000-07-06,DET @ PHO,L,24,5,9,0.556,2,4,0.5,0,0,,0,2,2,4,0,0,3,0,12,,17.4,0
22000,100387,Astou Ndiaye-Diatta,1611661321,DET,Detroit Shock,1020000131,2000-07-06,DET @ PHO,L,20,3,6,0.5,0,0,,0,0,,0,2,2,0,1,1,2,2,6,,12.4,0
22000,100388,Elena Tornikidou,1611661321,DET,Detroit Shock,1020000131,2000-07-06,DET @ PHO,L,29,4,11,0.364,0,0,,1,1,1.0,3,0,3,3,1,0,3,3,9,,17.1,0
22000,100390,Oksana Zakaluzhnaya,1611661321,DET,Detroit Shock,1020000131,2000-07-06,DET @ PHO,L,12,2,2,1.0,0,0,,0,0,,2,1,3,0,0,0,0,1,4,,7.6,0
22000,100492,Edwina Brown,1611661321,DET,Detroit Shock,1020000131,2000-07-06,DET @ PHO,L,30,4,9,0.444,0,0,,0,0,,1,3,4,4,3,0,6,3,8,,21.8,0
22000,100493,Anna DeForge,1611661321,DET,Detroit Shock,1020000131,2000-07-06,DET @ PHO,L,21,3,6,0.5,2,4,0.5,1,2,0.5,0,0,0,2,2,0,2,1,9,,16.0,0
22000,100003,Lisa Leslie,1611661320,LAS,Los Angeles Sparks,1020000132,2000-07-06,LAS vs. WAS,W,38,9,17,0.529,1,2,0.5,2,3,0.667,2,11,13,2,1,2,2,4,21,,46.6,0
22000,100008,Tamecka Dixon,1611661320,LAS,Los Angeles Sparks,1020000132,2000-07-06,LAS vs. WAS,W,32,5,9,0.556,1,2,0.5,1,2,0.5,0,2,2,1,0,0,1,1,12,,14.9,0
22000,100012,Mwadi Mabika,1611661320,LAS,Los Angeles Sparks,1020000132,2000-07-06,LAS vs. WAS,W,25,4,11,0.364,3,7,0.429,2,2,1.0,1,3,4,5,3,1,1,3,13,,36.3,0
22000,100170,Allison Feaster,1611661320,LAS,Los Angeles Sparks,1020000132,2000-07-06,LAS vs. WAS,W,17,3,8,0.375,1,4,0.25,7,8,0.875,0,0,0,2,0,0,1,1,14,,16.0,0
22000,100392,Ukari Figgs,1611661320,LAS,Los Angeles Sparks,1020000132,2000-07-06,LAS vs. WAS,W,28,1,5,0.2,0,2,0.0,0,0,,0,5,5,2,1,0,1,1,2,,13.0,0
22000,100393,La'Keshia Frett,1611661320,LAS,Los Angeles Sparks,1020000132,2000-07-06,LAS vs. WAS,W,6,1,3,0.333,0,0,,0,0,,0,0,0,0,0,1,0,0,2,,5.0,0
22000,100395,Clarisse Machanguana,1611661320,LAS,Los Angeles Sparks,1020000132,2000-07-06,LAS vs. WAS,W,12,1,1,1.0,0,0,,0,0,,0,0,0,0,0,0,0,3,2,,2.0,0
22000,100396,DeLisha Milton-Jones,1611661320,LAS,Los Angeles Sparks,1020000132,2000-07-06,LAS vs. WAS,W,30,5,9,0.556,0,0,,3,3,1.0,1,6,7,2,1,0,3,4,13,,24.4,0
22000,100478,Nicky McCrimmon,1611661320,LAS,Los Angeles Sparks,1020000132,2000-07-06,LAS vs. WAS,W,12,0,0,,0,0,,0,0,,0,2,2,6,1,0,1,2,0,,13.4,0
22000,100058,Vicky Bullett,1611661322,WAS,Washington Mystics,1020000132,2000-07-06,WAS @ LAS,L,37,5,10,0.5,0,1,0.0,3,4,0.75,0,5,5,2,0,2,2,4,13,,26.0,0
22000,100198,Nikki McCray,1611661322,WAS,Washington Mystics,1020000132,2000-07-06,WAS @ LAS,L,29,5,11,0.455,2,3,0.667,8,10,0.8,1,0,1,1,1,0,3,2,20,,22.7,0
22000,100199,Murriel Page,1611661322,WAS,Washington Mystics,1020000132,2000-07-06,WAS @ LAS,L,35,3,6,0.5,0,0,,0,1,0.0,2,7,9,4,1,2,2,4,6,,29.8,0
22000,100348,Markita Aldridge,1611661322,WAS,Washington Mystics,1020000132,2000-07-06,WAS @ LAS,L,7,1,1,1.0,1,1,1.0,0,0,,0,1,1,1,0,0,1,4,3,,4.7,0
22000,100353,Andrea Nagy,1611661322,WAS,Washington Mystics,1020000132,2000-07-06,WAS @ LAS,L,37,2,10,0.2,1,6,0.167,1,2,0.5,0,2,2,7,1,0,0,1,6,,21.9,0
22000,100356,Chamique Holdsclaw,1611661322,WAS,Washington Mystics,1020000132,2000-07-06,WAS @ LAS,L,40,7,19,0.368,1,3,0.333,1,1,1.0,2,6,8,3,2,0,4,2,16,,32.1,0
22000,100554,Beth Cunningham,1611661322,WAS,Washington Mystics,1020000132,2000-07-06,WAS @ LAS,L,7,1,3,0.333,0,1,0.0,0,0,,0,1,1,0,0,0,0,0,2,,3.2,0
22000,100555,Tausha Mills,1611661322,WAS,Washington Mystics,1020000132,2000-07-06,WAS @ LAS,L,8,1,2,0.5,0,0,,2,4,0.5,1,1,2,1,0,0,0,3,4,,7.9,0
22000,100092,Merlakia Jones,1611661315,CLE,Cleveland Rockers,1020000133,2000-07-07,CLE @ MIA,L,33,3,9,0.333,2,3,0.667,1,2,0.5,2,2,4,0,2,0,0,3,9,,19.8,0
22000,100097,Rushia Brown,1611661315,CLE,Cleveland Rockers,1020000133,2000-07-07,CLE @ MIA,L,30,4,8,0.5,0,0,,0,0,,1,5,6,3,1,0,3,3,8,,19.7,0
22000,100187,Suzie McConnell Serio,1611661315,CLE,Cleveland Rockers,1020000133,2000-07-07,CLE @ MIA,L,25,0,3,0.0,0,1,0.0,0,0,,1,2,3,5,1,0,2,0,0,,12.1,0
22000,100237,Tricia Bader Binford,1611661315,CLE,Cleveland Rockers,1020000133,2000-07-07,CLE @ MIA,L,5,0,0,,0,0,,0,0,,0,0,0,0,0,0,1,0,0,,-1.0,0
22000,100428,Mery Andrade,1611661315,CLE,Cleveland Rockers,1020000133,2000-07-07,CLE @ MIA,L,23,4,6,0.667,2,2,1.0,0,0,,0,0,0,1,0,1,2,3,10,,12.5,0
22000,100433,Chasity Melvin,1611661315,CLE,Cleveland Rockers,1020000133,2000-07-07,CLE @ MIA,L,30,4,11,0.364,0,0,,1,2,0.5,0,3,3,2,0,0,3,4,9,,12.6,0
22000,100445,Ann Wauters,1611661315,CLE,Cleveland Rockers,1020000133,2000-07-07,CLE @ MIA,L,17,2,6,0.333,0,1,0.0,0,0,,1,5,6,1,1,0,3,1,4,,12.7,0
22000,100457,Helen Darling,1611661315,CLE,Cleveland Rockers,1020000133,2000-07-07,CLE @ MIA,L,17,1,1,1.0,0,0,,2,2,1.0,1,1,2,0,2,0,2,2,4,,10.4,0
22000,100458,Vicki Hall,1611661315,CLE,Cleveland Rockers,1020000133,2000-07-07,CLE @ MIA,L,20,1,4,0.25,0,1,0.0,0,0,,0,3,3,1,0,0,1,3,2,,6.1,0
22000,100009,Katrina Colleton,1611661326,MIA,Miami Sol,1020000133,2000-07-07,MIA vs. CLE,W,28,2,6,0.333,0,0,,5,6,0.833,0,4,4,1,0,0,1,0,9,,14.3,0
22000,100037,Marlies Askamp,1611661326,MIA,Miami Sol,1020000133,2000-07-07,MIA vs. CLE,W,30,4,8,0.5,0,0,,1,1,1.0,1,7,8,0,0,0,3,4,9,,15.6,0
22000,100063,Sharon Manning,1611661326,MIA,Miami Sol,1020000133,2000-07-07,MIA vs. CLE,W,33,6,9,0.667,0,0,,1,1,1.0,1,3,4,1,3,0,1,3,13,,27.3,0
22000,100107,Kisha Ford,1611661326,MIA,Miami Sol,1020000133,2000-07-07,MIA vs. CLE,W,18,1,2,0.5,0,0,,1,2,0.5,2,1,3,0,4,0,1,2,3,,17.6,0
22000,100359,Debbie Black,1611661326,MIA,Miami Sol,1020000133,2000-07-07,MIA vs. CLE,W,23,2,5,0.4,0,0,,0,0,,1,3,4,4,3,0,3,3,4,,20.8,0
22000,100416,Sheri Sam,1611661326,MIA,Miami Sol,1020000133,2000-07-07,MIA vs. CLE,W,30,3,9,0.333,1,3,0.333,1,1,1.0,2,2,4,3,1,0,4,3,8,,16.3,0
22000,100552,Kristen Rasmussen,1611661326,MIA,Miami Sol,1020000133,2000-07-07,MIA vs. CLE,W,13,0,3,0.0,0,1,0.0,2,2,1.0,1,2,3,1,0,1,1,0,2,,9.1,0
22000,100558,Jameka Jones,1611661326,MIA,Miami Sol,1020000133,2000-07-07,MIA vs. CLE,W,4,0,3,0.0,0,2,0.0,0,0,,0,0,0,0,0,0,1,1,0,,-1.0,0
22000,100559,Milena Flores,1611661326,MIA,Miami Sol,1020000133,2000-07-07,MIA vs. CLE,W,17,0,3,0.0,0,1,0.0,1,2,0.5,0,0,0,1,1,0,2,0,1,,3.5,0
22000,100560,Shantia Owens,1611661326,MIA,Miami Sol,1020000133,2000-07-07,MIA vs. CLE,W,4,0,0,,0,0,,0,0,,1,0,1,0,0,0,0,2,0,,1.2,0
22000,100101,Teresa Weatherspoon,1611661313,NYL,New York Liberty,1020000134,2000-07-07,NYL @ MIN,W,38,2,5,0.4,2,4,0.5,5,6,0.833,0,3,3,8,2,1,1,2,11,,34.6,0
22000,100103,Vickie Johnson,1611661313,NYL,New York Liberty,1020000134,2000-07-07,NYL @ MIN,W,38,3,12,0.25,1,2,0.5,1,1,1.0,1,1,2,3,1,0,3,3,8,,14.9,0
22000,100104,Sue Wicks,1611661313,NYL,New York Liberty,1020000134,2000-07-07,NYL @ MIN,W,26,3,7,0.429,0,0,,3,4,0.75,2,8,10,2,2,1,2,3,9,,31.0,0
22000,100342,Becky Hammon,1611661313,NYL,New York Liberty,1020000134,2000-07-07,NYL @ MIN,W,34,4,9,0.444,3,7,0.429,2,2,1.0,0,0,0,2,3,0,0,1,13,,25.0,0
22000,100347,Tamika Whitmore,1611661313,NYL,New York Liberty,1020000134,2000-07-07,NYL @ MIN,W,12,4,7,0.571,0,0,,0,0,,1,2,3,0,0,0,2,4,8,,9.6,0
22000,100413,Tari Phillips,1611661313,NYL,New York Liberty,1020000134,2000-07-07,NYL @ MIN,W,39,10,18,0.556,0,0,,6,8,0.75,4,8,12,4,3,1,4,3,26,,54.4,0
22000,100508,Jessica Bibby,1611661313,NYL,New York Liberty,1020000134,2000-07-07,NYL @ MIN,W,10,0,1,0.0,0,0,,1,1,1.0,0,0,0,0,0,0,0,2,1,,1.0,0
22000,100512,Shea Mahoney,1611661313,NYL,New York Liberty,1020000134,2000-07-07,NYL @ MIN,W,3,0,0,,0,0,,0,0,,0,0,0,0,0,0,0,0,0,,0.0,0
22000,100400,Kristin Folkl,1611661324,MIN,Minnesota Lynx,1020000134,2000-07-07,MIN vs. NYL,L,25,5,7,0.714,0,0,,2,4,0.5,1,2,3,2,0,0,3,4,12,,15.6,0
22000,100404,Katie Smith,1611661324,MIN,Minnesota Lynx,1020000134,2000-07-07,MIN vs. NYL,L,37,6,15,0.4,2,6,0.333,2,3,0.667,1,4,5,5,2,0,2,1,16,,33.5,0
22000,100481,Marla Brumfield,1611661324,MIN,Minnesota Lynx,1020000134,2000-07-07,MIN vs. NYL,L,31,2,3,0.667,0,0,,2,2,1.0,1,2,3,2,1,1,2,2,6,,16.6,0
22000,100482,Grace Daley,1611661324,MIN,Minnesota Lynx,1020000134,2000-07-07,MIN vs. NYL,L,21,2,8,0.25,1,5,0.2,0,0,,1,2,3,2,1,0,1,2,5,,13.6,0
22000,100483,Keitha Dickerson,1611661324,MIN,Minnesota Lynx,1020000134,2000-07-07,MIN vs. NYL,L,30,2,5,0.4,0,0,,0,0,,0,4,4,5,1,0,0,5,4,,19.3,0
22000,100484,Betty Lennox,1611661324,MIN,Minnesota Lynx,1020000134,2000-07-07,MIN vs. NYL,L,34,7,19,0.368,2,7,0.286,4,6,0.667,5,7,12,3,0,0,5,4,20,,33.9,0
22000,100485,Maylana Martin,1611661324,MIN,Minnesota Lynx,1020000134,2000-07-07,MIN vs. NYL,L,6,0,0,,0,0,,0,0,,0,1,1,0,0,0,1,0,0,,0.2,0
22000,100487,Kate Paye,1611661324,MIN,Minnesota Lynx,1020000134,2000-07-07,MIN vs. NYL,L,3,0,0,,0,0,,0,0,,0,1,1,0,0,0,0,1,0,,1.2,0
22000,100490,Shanele Stires,1611661324,MIN,Minnesota Lynx,1020000134,2000-07-07,MIN vs. NYL,L,13,3,5,0.6,1,2,0.5,0,0,,1,1,2,0,0,0,2,1,7,,7.4,0
22000,100059,Andrea Stinson,1611661314,CHA,Charlotte Sting,1020000135,2000-07-07,CHA @ HOU,L,35,8,14,0.571,1,3,0.333,2,3,0.667,0,3,3,6,0,0,6,2,19,,25.6,0
22000,100060,Rhonda Mapp,1611661314,CHA,Charlotte Sting,1020000135,2000-07-07,CHA @ HOU,L,27,6,8,0.75,0,1,0.0,0,0,,1,7,8,6,0,0,1,2,12,,29.6,0
22000,100182,Tracy Reid,1611661314,CHA,Charlotte Sting,1020000135,2000-07-07,CHA @ HOU,L,30,4,8,0.5,0,0,,0,0,,1,1,2,1,1,0,1,2,8,,13.9,0
22000,100294,Cass Bauer-Bilodeau,1611661314,CHA,Charlotte Sting,1020000135,2000-07-07,CHA @ HOU,L,10,0,2,0.0,0,0,,0,0,,0,1,1,0,0,0,0,3,0,,1.2,0
22000,100350,Shalonda Enis,1611661314,CHA,Charlotte Sting,1020000135,2000-07-07,CHA @ HOU,L,24,4,6,0.667,1,2,0.5,2,2,1.0,0,1,1,0,1,0,1,4,11,,14.2,0
22000,100368,Angie Braziel,1611661314,CHA,Charlotte Sting,1020000135,2000-07-07,CHA @ HOU,L,6,1,2,0.5,0,0,,0,0,,0,1,1,0,1,0,0,0,2,,6.2,0
22000,100371,Charlotte Smith,1611661314,CHA,Charlotte Sting,1020000135,2000-07-07,CHA @ HOU,L,9,0,1,0.0,0,1,0.0,0,0,,0,1,1,0,0,0,0,2,0,,1.2,0
22000,100372,Dawn Staley,1611661314,CHA,Charlotte Sting,1020000135,2000-07-07,CHA @ HOU,L,32,3,8,0.375,2,5,0.4,4,4,1.0,1,2,3,7,0,0,2,2,12,,24.1,0
22000,100446,Summer Erb,1611661314,CHA,Charlotte Sting,1020000135,2000-07-07,CHA @ HOU,L,6,0,1,0.0,0,0,,2,2,1.0,0,0,0,0,0,0,0,1,2,,2.0,0
22000,100447,Tiffany Travis,1611661314,CHA,Charlotte Sting,1020000135,2000-07-07,CHA @ HOU,L,12,2,4,0.5,0,0,,1,2,0.5,0,1,1,0,0,0,1,2,5,,5.2,0
22000,100452,E.C. Hill,1611661314,CHA,Charlotte Sting,1020000135,2000-07-07,CHA @ HOU,L,9,0,1,0.0,0,1,0.0,0,0,,0,1,1,1,0,0,1,1,0,,1.7,0
22000,100072,Sheryl Swoopes,1611661316,HOU,Houston Comets,1020000135,2000-07-07,HOU vs. CHA,W,37,13,22,0.591,2,6,0.333,2,2,1.0,3,5,8,5,2,0,1,1,30,,52.1,0
22000,100073,Cynthia Cooper,1611661316,HOU,Houston Comets,1020000135,2000-07-07,HOU vs. CHA,W,34,7,13,0.538,1,4,0.25,6,8,0.75,0,2,2,7,2,0,0,0,21,,39.9,0
22000,100075,Janeth Arcain,1611661316,HOU,Houston Comets,1020000135,2000-07-07,HOU vs. CHA,W,35,1,6,0.167,0,1,0.0,0,0,,2,3,5,6,2,0,0,3,2,,23.0,0
22000,100076,Tina Thompson,1611661316,HOU,Houston Comets,1020000135,2000-07-07,HOU vs. CHA,W,33,8,14,0.571,2,4,0.5,0,0,,1,4,5,1,4,0,4,3,18,,33.5,0
22000,100077,Tammy Jackson,1611661316,HOU,Houston Comets,1020000135,2000-07-07,HOU vs. CHA,W,8,1,2,0.5,0,0,,0,0,,0,0,0,0,0,0,1,3,2,,1.0,0
22000,100207,Monica Lamb,1611661316,HOU,Houston Comets,1020000135,2000-07-07,HOU vs. CHA,W,6,1,1,1.0,0,0,,1,1,1.0,0,1,1,0,0,0,0,0,3,,4.2,0
22000,100217,Coquese Washington,1611661316,HOU,Houston Comets,1020000135,2000-07-07,HOU vs. CHA,W,4,0,2,0.0,0,1,0.0,0,0,,0,0,0,0,0,0,0,0,0,,0.0,0
22000,100233,Tiffani Johnson,1611661316,HOU,Houston Comets,1020000135,2000-07-07,HOU vs. CHA,W,24,3,5,0.6,0,0,,1,2,0.5,2,2,4,1,0,1,1,1,7,,15.3,0
22000,100338,Jennifer Rizzotti,1611661316,HOU,Houston Comets,1020000135,2000-07-07,HOU vs. CHA,W,15,1,3,0.333,1,3,0.333,0,0,,0,1,1,2,0,0,1,2,3,,6.2,0
22000,100504,Kelley Gibson,1611661316,HOU,Houston Comets,1020000135,2000-07-07,HOU vs. CHA,W,4,0,0,,0,0,,0,0,,0,1,1,0,0,0,0,0,0,,1.2,0
22000,100239,Margo Dydek,1611661319,UTA,Utah Starzz,1020000136,2000-07-07,UTA vs. DET,L,29,2,5,0.4,0,0,,2,2,1.0,1,2,3,1,3,2,1,4,6,,25.1,0
22000,100242,LaTonya Johnson,1611661319,UTA,Utah Starzz,1020000136,2000-07-07,UTA vs. DET,L,15,1,5,0.2,0,1,0.0,0,2,0.0,1,0,1,0,0,0,0,3,2,,3.2,0
22000,100250,Korie Hlede,1611661319,UTA,Utah Starzz,1020000136,2000-07-07,UTA vs. DET,L,29,4,9,0.444,0,1,0.0,0,0,,0,2,2,5,1,0,4,4,8,,16.9,0
22000,100363,Adrienne Goodson,1611661319,UTA,Utah Starzz,1020000136,2000-07-07,UTA vs. DET,L,34,9,17,0.529,0,0,,3,4,0.75,3,3,6,1,3,0,2,3,21,,36.7,0
22000,100364,Dalma Ivanyi,1611661319,UTA,Utah Starzz,1020000136,2000-07-07,UTA vs. DET,L,9,0,2,0.0,0,1,0.0,2,2,1.0,0,0,0,0,1,1,0,1,2,,8.0,0
22000,100366,Natalie Williams,1611661319,UTA,Utah Starzz,1020000136,2000-07-07,UTA vs. DET,L,40,5,12,0.417,0,1,0.0,12,14,0.857,4,7,11,2,4,0,2,3,22,,48.2,0
22000,100382,Jennifer Azzi,1611661319,UTA,Utah Starzz,1020000136,2000-07-07,UTA vs. DET,L,31,1,5,0.2,0,1,0.0,2,3,0.667,0,1,1,5,2,0,3,4,4,,15.7,0
22000,100422,Kate Starbird,1611661319,UTA,Utah Starzz,1020000136,2000-07-07,UTA vs. DET,L,2,0,0,,0,0,,0,0,,0,0,0,0,0,0,0,0,0,,0.0,0
22000,100551,Naomi Mulitauaopele,1611661319,UTA,Utah Starzz,1020000136,2000-07-07,UTA vs. DET,L,11,1,3,0.333,0,0,,2,2,1.0,0,0,0,0,0,0,2,3,4,,2.0,0
22000,100046,Wendy Palmer,1611661321,DET,Detroit Shock,1020000136,2000-07-07,DET @ UTA,W,27,1,6,0.167,0,1,0.0,1,2,0.5,2,10,12,0,1,0,4,5,3,,16.4,0
22000,100243,Olympia Scott,1611661321,DET,Detroit Shock,1020000136,2000-07-07,DET @ UTA,W,10,2,2,1.0,0,0,,0,2,0.0,0,1,1,1,1,1,2,3,4,,10.7,0
22000,100351,Joy Holmes,1611661321,DET,Detroit Shock,1020000136,2000-07-07,DET @ UTA,W,17,2,3,0.667,1,1,1.0,1,1,1.0,0,3,3,2,0,0,1,2,6,,11.6,0
22000,100387,Astou Ndiaye-Diatta,1611661321,DET,Detroit Shock,1020000136,2000-07-07,DET @ UTA,W,23,7,12,0.583,0,1,0.0,4,4,1.0,2,2,4,0,1,1,5,3,18,,23.8,0
22000,100388,Elena Tornikidou,1611661321,DET,Detroit Shock,1020000136,2000-07-07,DET @ UTA,W,40,3,6,0.5,0,0,,6,7,0.857,1,1,2,3,0,0,3,4,12,,15.9,0
22000,100390,Oksana Zakaluzhnaya,1611661321,DET,Detroit Shock,1020000136,2000-07-07,DET @ UTA,W,20,6,9,0.667,2,2,1.0,1,1,1.0,0,1,1,0,0,0,4,2,15,,12.2,0
22000,100492,Edwina Brown,1611661321,DET,Detroit Shock,1020000136,2000-07-07,DET @ UTA,W,25,1,4,0.25,0,0,,4,4,1.0,2,4,6,3,2,0,4,4,6,,19.7,0
22000,100493,Anna DeForge,1611661321,DET,Detroit Shock,1020000136,2000-07-07,DET @ UTA,W,38,3,7,0.429,1,3,0.333,2,4,0.5,1,5,6,7,3,0,3,3,9,,32.7,0
22000,100016,Ruthie Bolton,1611661318,SAC,Sacramento Monarchs,1020000137,2000-07-07,SAC @ POR,W,33,10,20,0.5,2,7,0.286,6,8,0.75,1,2,3,2,0,0,1,4,28,,33.6,0
22000,100027,Latasha Byears,1611661318,SAC,Sacramento Monarchs,1020000137,2000-07-07,SAC @ POR,W,17,5,8,0.625,0,0,,1,1,1.0,0,3,3,0,0,1,1,3,11,,16.6,0
22000,100044,Lady Grooms,1611661318,SAC,Sacramento Monarchs,1020000137,2000-07-07,SAC @ POR,W,13,1,3,0.333,0,0,,2,4,0.5,1,0,1,0,0,0,0,0,4,,5.2,0
22000,100234,Ticha Penicheiro,1611661318,SAC,Sacramento Monarchs,1020000137,2000-07-07,SAC @ POR,W,35,0,5,0.0,0,1,0.0,0,2,0.0,0,5,5,6,3,0,3,2,0,,21.0,0
22000,100236,Tangela Smith,1611661318,SAC,Sacramento Monarchs,1020000137,2000-07-07,SAC @ POR,W,26,2,5,0.4,0,0,,1,2,0.5,0,4,4,0,3,2,3,4,5,,21.8,0
22000,100419,Yolanda Griffith,1611661318,SAC,Sacramento Monarchs,1020000137,2000-07-07,SAC @ POR,W,36,2,4,0.5,0,0,,4,4,1.0,1,6,7,0,1,3,4,1,8,,24.4,0
22000,100421,Kedra Holland-Corn,1611661318,SAC,Sacramento Monarchs,1020000137,2000-07-07,SAC @ POR,W,28,3,6,0.5,1,4,0.25,0,0,,1,0,1,3,3,0,0,1,7,,21.7,0
22000,100534,Stacy Clinesmith,1611661318,SAC,Sacramento Monarchs,1020000137,2000-07-07,SAC @ POR,W,5,0,1,0.0,0,0,,0,0,,0,0,0,0,0,0,0,1,0,,0.0,0
22000,100536,Katy Steding,1611661318,SAC,Sacramento Monarchs,1020000137,2000-07-07,SAC @ POR,W,7,0,2,0.0,0,0,,0,0,,0,1,1,0,1,0,1,1,0,,3.2,0
22000,100038,Tara Williams,1611661327,POR,Portland Fire,1020000137,2000-07-07,POR vs. SAC,L,4,0,0,,0,0,,0,0,,0,0,0,1,0,0,0,0,0,,1.5,0
22000,100105,Sophia Witherspoon,1611661327,POR,Portland Fire,1020000137,2000-07-07,POR vs. SAC,L,31,6,12,0.5,1,2,0.5,1,2,0.5,0,2,2,0,2,0,4,2,14,,18.4,0
22000,100215,Vanessa Nygaard,1611661327,POR,Portland Fire,1020000137,2000-07-07,POR vs. SAC,L,31,3,8,0.375,1,3,0.333,1,2,0.5,1,2,3,1,0,0,0,3,8,,13.1,0
22000,100284,Tully Bevilaqua,1611661327,POR,Portland Fire,1020000137,2000-07-07,POR vs. SAC,L,18,0,2,0.0,0,2,0.0,0,0,,1,4,5,2,2,0,4,5,0,,11.0,0
22000,100429,Alisa Burras,1611661327,POR,Portland Fire,1020000137,2000-07-07,POR vs. SAC,L,14,5,7,0.714,0,0,,0,0,,1,3,4,1,0,0,0,1,10,,16.3,0
22000,100529,Sylvia Crawley,1611661327,POR,Portland Fire,1020000137,2000-07-07,POR vs. SAC,L,35,8,16,0.5,0,0,,0,0,,4,4,8,1,0,0,4,4,16,,23.1,0
22000,100530,Lynn Pride,1611661327,POR,Portland Fire,1020000137,2000-07-07,POR vs. SAC,L,16,3,3,1.0,0,0,,1,1,1.0,0,2,2,1,1,1,2,1,7,,14.9,0
22000,100532,Stacey Thomas,1611661327,POR,Portland Fire,1020000137,2000-07-07,POR vs. SAC,L,29,1,7,0.143,0,0,,1,2,0.5,0,1,1,6,0,0,2,4,3,,11.2,0
22000,100570,Michelle Marciniak,1611661327,POR,Portland Fire,1020000137,2000-07-07,POR vs. SAC,L,22,1,5,0.2,0,1,0.0,0,1,0.0,0,2,2,5,0,1,0,2,2,,14.9,0
22000,100101,Teresa Weatherspoon,1611661313,NYL,New York Liberty,1020000138,2000-07-08,NYL vs. MIA,W,33,1,1,1.0,0,0,,2,4,0.5,0,4,4,6,3,0,1,1,4,,25.8,0
22000,100103,Vickie Johnson,1611661313,NYL,New York Liberty,1020000138,2000-07-08,NYL vs. MIA,W,36,6,7,0.857,1,2,0.5,1,2,0.5,0,2,2,2,1,0,3,1,14,,19.4,0
22000,100104,Sue Wicks,1611661313,NYL,New York Liberty,1020000138,2000-07-08,NYL vs. MIA,W,22,2,6,0.333,0,0,,1,2,0.5,4,4,8,1,1,1,2,2,5,,20.1,0
22000,100342,Becky Hammon,1611661313,NYL,New York Liberty,1020000138,2000-07-08,NYL vs. MIA,W,24,2,4,0.5,1,3,0.333,6,6,1.0,1,2,3,2,1,0,2,2,11,,18.6,0
22000,100345,Crystal Robinson,1611661313,NYL,New York Liberty,1020000138,2000-07-08,NYL vs. MIA,W,24,1,4,0.25,0,2,0.0,0,0,,0,1,1,5,1,0,1,1,2,,12.7,0
22000,100347,Tamika Whitmore,1611661313,NYL,New York Liberty,1020000138,2000-07-08,NYL vs. MIA,W,23,7,8,0.875,0,0,,3,4,0.75,0,1,1,0,0,1,3,2,17,,18.2,0
22000,100413,Tari Phillips,1611661313,NYL,New York Liberty,1020000138,2000-07-08,NYL vs. MIA,W,34,5,13,0.385,0,0,,0,3,0.0,2,5,7,2,3,0,4,2,10,,26.4,0
22000,100508,Jessica Bibby,1611661313,NYL,New York Liberty,1020000138,2000-07-08,NYL vs. MIA,W,3,0,2,0.0,0,1,0.0,0,0,,0,0,0,0,1,0,1,1,0,,2.0,0
22000,100510,Olga Firsova,1611661313,NYL,New York Liberty,1020000138,2000-07-08,NYL vs. MIA,W,1,0,0,,0,0,,0,0,,0,0,0,0,0,0,0,1,0,,0.0,0
22000,100009,Katrina Colleton,1611661326,MIA,Miami Sol,1020000138,2000-07-08,MIA @ NYL,L,23,3,12,0.25,0,0,,1,2,0.5,0,0,0,1,1,0,3,2,7,,8.5,0
22000,100037,Marlies Askamp,1611661326,MIA,Miami Sol,1020000138,2000-07-08,MIA @ NYL,L,33,4,9,0.444,0,0,,0,0,,2,6,8,3,0,0,3,3,8,,19.1,0
22000,100063,Sharon Manning,1611661326,MIA,Miami Sol,1020000138,2000-07-08,MIA @ NYL,L,26,4,7,0.571,0,0,,0,0,,3,2,5,3,1,0,1,5,8,,20.5,0
22000,100107,Kisha Ford,1611661326,MIA,Miami Sol,1020000138,2000-07-08,MIA @ NYL,L,18,1,3,0.333,0,0,,2,4,0.5,1,0,1,3,4,0,2,5,4,,19.7,0
22000,100359,Debbie Black,1611661326,MIA,Miami Sol,1020000138,2000-07-08,MIA @ NYL,L,28,3,5,0.6,1,2,0.5,0,0,,1,5,6,3,1,0,0,1,7,,21.7,0
22000,100416,Sheri Sam,1611661326,MIA,Miami Sol,1020000138,2000-07-08,MIA @ NYL,L,35,3,9,0.333,0,3,0.0,1,2,0.5,1,0,1,3,0,0,2,3,7,,10.7,0
22000,100451,Jamie Cassidy,1611661326,MIA,Miami Sol,1020000138,2000-07-08,MIA @ NYL,L,1,0,0,,0,0,,0,0,,0,0,0,1,0,0,0,0,0,,1.5,0
22000,100552,Kristen Rasmussen,1611661326,MIA,Miami Sol,1020000138,2000-07-08,MIA @ NYL,L,4,1,2,0.5,0,1,0.0,0,0,,0,1,1,0,0,0,0,0,2,,3.2,0
22000,100558,Jameka Jones,1611661326,MIA,Miami Sol,1020000138,2000-07-08,MIA @ NYL,L,5,0,0,,0,0,,0,0,,0,1,1,0,1,0,1,0,0,,3.2,0
22000,100559,Milena Flores,1611661326,MIA,Miami Sol,1020000138,2000-07-08,MIA @ NYL,L,12,1,2,0.5,1,2,0.5,1,2,0.5,0,0,0,2,0,0,1,1,4,,6.0,0
22000,100560,Shantia Owens,1611661326,MIA,Miami Sol,1020000138,2000-07-08,MIA @ NYL,L,15,2,5,0.4,0,0,,0,0,,1,1,2,0,0,0,2,1,4,,4.4,0
22000,100059,Andrea Stinson,1611661314,CHA,Charlotte Sting,1020000139,2000-07-08,CHA vs. CLE,L,36,6,16,0.375,0,2,0.0,6,6,1.0,1,1,2,3,3,1,2,4,18,,34.9,0
22000,100060,Rhonda Mapp,1611661314,CHA,Charlotte Sting,1020000139,2000-07-08,CHA vs. CLE,L,33,5,13,0.385,0,1,0.0,4,4,1.0,4,4,8,3,2,0,3,4,14,,31.1,0
22000,100182,Tracy Reid,1611661314,CHA,Charlotte Sting,1020000139,2000-07-08,CHA vs. CLE,L,20,3,6,0.5,0,0,,2,2,1.0,2,3,5,1,0,0,2,2,8,,13.5,0
22000,100294,Cass Bauer-Bilodeau,1611661314,CHA,Charlotte Sting,1020000139,2000-07-08,CHA vs. CLE,L,4,0,0,,0,0,,0,0,,0,0,0,0,0,0,0,1,0,,0.0,0
22000,100350,Shalonda Enis,1611661314,CHA,Charlotte Sting,1020000139,2000-07-08,CHA vs. CLE,L,25,1,6,0.167,0,2,0.0,3,4,0.75,0,0,0,1,1,0,2,5,5,,7.5,0
22000,100368,Angie Braziel,1611661314,CHA,Charlotte Sting,1020000139,2000-07-08,CHA vs. CLE,L,2,0,0,,0,0,,0,0,,0,0,0,0,0,0,1,0,0,,-1.0,0
22000,100371,Charlotte Smith,1611661314,CHA,Charlotte Sting,1020000139,2000-07-08,CHA vs. CLE,L,7,0,0,,0,0,,1,2,0.5,0,1,1,0,0,0,0,0,1,,2.2,0
22000,100372,Dawn Staley,1611661314,CHA,Charlotte Sting,1020000139,2000-07-08,CHA vs. CLE,L,35,2,9,0.222,1,6,0.167,0,0,,0,1,1,5,0,0,0,1,5,,13.7,0
22000,100446,Summer Erb,1611661314,CHA,Charlotte Sting,1020000139,2000-07-08,CHA vs. CLE,L,5,0,1,0.0,0,0,,0,0,,0,0,0,0,0,0,0,3,0,,0.0,0
22000,100447,Tiffany Travis,1611661314,CHA,Charlotte Sting,1020000139,2000-07-08,CHA vs. CLE,L,15,3,5,0.6,0,0,,0,0,,0,1,1,0,0,0,1,3,6,,6.2,0
22000,100452,E.C. Hill,1611661314,CHA,Charlotte Sting,1020000139,2000-07-08,CHA vs. CLE,L,18,1,6,0.167,0,3,0.0,0,0,,1,0,1,1,2,0,0,3,2,,10.7,0
22000,100092,Merlakia Jones,1611661315,CLE,Cleveland Rockers,1020000139,2000-07-08,CLE @ CHA,W,16,2,4,0.5,0,1,0.0,1,1,1.0,1,5,6,3,0,0,3,5,5,,13.7,0
22000,100097,Rushia Brown,1611661315,CLE,Cleveland Rockers,1020000139,2000-07-08,CLE @ CHA,W,34,9,11,0.818,0,0,,6,8,0.75,1,2,3,0,0,3,4,3,24,,32.6,0
22000,100180,Pollyanna Johns Kimbrough,1611661315,CLE,Cleveland Rockers,1020000139,2000-07-08,CLE @ CHA,W,2,1,1,1.0,0,0,,0,0,,0,1,1,0,0,0,0,0,2,,3.2,0
22000,100187,Suzie McConnell Serio,1611661315,CLE,Cleveland Rockers,1020000139,2000-07-08,CLE @ CHA,W,19,2,4,0.5,1,3,0.333,0,0,,0,2,2,5,1,0,0,1,5,,17.9,0
22000,100231,Adia Barnes,1611661315,CLE,Cleveland Rockers,1020000139,2000-07-08,CLE @ CHA,W,2,0,0,,0,0,,0,0,,0,0,0,0,0,0,0,0,0,,0.0,0
22000,100237,Tricia Bader Binford,1611661315,CLE,Cleveland Rockers,1020000139,2000-07-08,CLE @ CHA,W,14,1,4,0.25,0,0,,0,0,,0,0,0,3,0,0,0,2,2,,6.5,0
22000,100428,Mery Andrade,1611661315,CLE,Cleveland Rockers,1020000139,2000-07-08,CLE @ CHA,W,31,8,10,0.8,1,3,0.333,0,0,,0,1,1,2,2,1,3,4,17,,27.2,0
22000,100433,Chasity Melvin,1611661315,CLE,Cleveland Rockers,1020000139,2000-07-08,CLE @ CHA,W,29,5,7,0.714,0,0,,6,6,1.0,1,4,5,1,2,0,1,3,16,,28.5,0
22000,100445,Ann Wauters,1611661315,CLE,Cleveland Rockers,1020000139,2000-07-08,CLE @ CHA,W,12,0,1,0.0,0,0,,3,4,0.75,0,4,4,1,0,0,4,1,3,,5.3,0
22000,100457,Helen Darling,1611661315,CLE,Cleveland Rockers,1020000139,2000-07-08,CLE @ CHA,W,21,0,3,0.0,0,2,0.0,2,4,0.5,1,1,2,7,1,1,1,1,2,,19.9,0
22000,100458,Vicki Hall,1611661315,CLE,Cleveland Rockers,1020000139,2000-07-08,CLE @ CHA,W,20,1,3,0.333,0,2,0.0,2,2,1.0,1,3,4,1,0,1,1,2,4,,12.3,0
22000,100048,Jessie Hicks,1611661323,ORL,Orlando Miracle,1020000140,2000-07-08,ORL vs. SEA,W,3,1,1,1.0,0,0,,2,2,1.0,1,0,1,0,0,0,1,0,4,,4.2,0
22000,100100,Adrienne Johnson,1611661323,ORL,Orlando Miracle,1020000140,2000-07-08,ORL vs. SEA,W,37,8,13,0.615,2,3,0.667,0,0,,0,1,1,2,1,0,2,0,18,,23.2,0
22000,100410,Shannon Johnson,1611661323,ORL,Orlando Miracle,1020000140,2000-07-08,ORL vs. SEA,W,30,1,6,0.167,1,3,0.333,2,4,0.5,0,1,1,2,1,0,3,2,5,,9.2,0
22000,100411,Carla McGhee,1611661323,ORL,Orlando Miracle,1020000140,2000-07-08,ORL vs. SEA,W,18,0,2,0.0,0,1,0.0,0,0,,1,1,2,0,0,0,2,3,0,,0.4,0
22000,100412,Taj McWilliams-Franklin,1611661323,ORL,Orlando Miracle,1020000140,2000-07-08,ORL vs. SEA,W,35,3,8,0.375,0,0,,3,4,0.75,3,6,9,2,3,1,4,1,9,,30.8,0
22000,100414,Elaine Powell,1611661323,ORL,Orlando Miracle,1020000140,2000-07-08,ORL vs. SEA,W,22,1,2,0.5,0,0,,0,0,,1,2,3,5,0,0,1,0,2,,12.1,0
22000,100415,Nykesha Sales,1611661323,ORL,Orlando Miracle,1020000140,2000-07-08,ORL vs. SEA,W,27,6,8,0.75,2,2,1.0,2,2,1.0,0,0,0,3,3,0,0,1,16,,29.5,0
22000,100514,Cintia dos Santos,1611661323,ORL,Orlando Miracle,1020000140,2000-07-08,ORL vs. SEA,W,24,3,5,0.6,0,0,,4,4,1.0,0,1,1,1,0,2,1,5,10,,17.7,0
22000,100517,Romana Hamzova,1611661323,ORL,Orlando Miracle,1020000140,2000-07-08,ORL vs. SEA,W,1,0,0,,0,0,,0,0,,0,0,0,0,0,0,0,0,0,,0.0,0
22000,100521,Tiffany McCain,1611661323,ORL,Orlando Miracle,1020000140,2000-07-08,ORL vs. SEA,W,3,0,1,0.0,0,0,,0,0,,0,0,0,0,0,0,0,1,0,,0.0,0
22000,100111,Simone Edwards,1611661328,SEA,Seattle Storm,1020000140,2000-07-08,SEA @ ORL,L,25,8,12,0.667,0,0,,2,2,1.0,1,2,3,2,0,0,4,0,18,,20.6,0
22000,100179,Charmin Smith,1611661328,SEA,Seattle Storm,1020000140,2000-07-08,SEA @ ORL,L,17,1,3,0.333,1,1,1.0,0,0,,1,0,1,5,0,0,1,4,3,,10.7,0
22000,100230,Quacy Barnes,1611661328,SEA,Seattle Storm,1020000140,2000-07-08,SEA @ ORL,L,23,3,7,0.429,0,1,0.0,0,0,,0,3,3,1,0,2,1,4,6,,16.1,0
22000,100336,Sonja Henning,1611661328,SEA,Seattle Storm,1020000140,2000-07-08,SEA @ ORL,L,38,4,9,0.444,3,4,0.75,0,0,,1,1,2,2,2,1,7,2,11,,18.4,0
22000,100470,Stacey Lovelace,1611661328,SEA,Seattle Storm,1020000140,2000-07-08,SEA @ ORL,L,6,0,3,0.0,0,0,,0,0,,0,0,0,1,0,0,1,1,0,,0.5,0
22000,100503,Andrea Garner,1611661328,SEA,Seattle Storm,1020000140,2000-07-08,SEA @ ORL,L,26,2,4,0.5,0,0,,0,0,,1,4,5,0,1,0,2,1,4,,11.0,0
22000,100538,Katrina Hibbert,1611661328,SEA,Seattle Storm,1020000140,2000-07-08,SEA @ ORL,L,4,1,3,0.333,0,1,0.0,0,0,,0,0,0,1,0,0,0,0,2,,3.5,0
22000,100541,Jamie Redd,1611661328,SEA,Seattle Storm,1020000140,2000-07-08,SEA @ ORL,L,7,0,1,0.0,0,0,,0,0,,1,2,3,0,0,0,0,1,0,,3.6,0
22000,100542,Charisse Sampson,1611661328,SEA,Seattle Storm,1020000140,2000-07-08,SEA @ ORL,L,33,1,5,0.2,0,1,0.0,4,4,1.0,5,2,7,0,3,1,1,2,6,,25.4,0
22000,100543,Robin Threatt-Elliott,1611661328,SEA,Seattle Storm,1020000140,2000-07-08,SEA @ ORL,L,21,1,6,0.167,0,0,,1,2,0.5,2,1,3,3,1,0,0,3,3,,14.1,0
22000,100031,Bridget Pettis,1611661317,PHO,Phoenix Mercury,1020000141,2000-07-08,PHO @ IND,W,22,3,8,0.375,1,2,0.5,1,1,1.0,1,1,2,1,0,1,1,2,8,,13.9,0
22000,100221,Michelle Brogan,1611661317,PHO,Phoenix Mercury,1020000141,2000-07-08,PHO @ IND,W,19,3,4,0.75,0,0,,3,4,0.75,0,2,2,2,0,0,0,2,9,,14.4,0
22000,100225,Brandy Reed,1611661317,PHO,Phoenix Mercury,1020000141,2000-07-08,PHO @ IND,W,32,6,15,0.4,0,0,,2,3,0.667,2,6,8,1,1,0,2,0,14,,26.1,0
22000,100378,Lisa Harrison,1611661317,PHO,Phoenix Mercury,1020000141,2000-07-08,PHO @ IND,W,32,4,7,0.571,0,0,,0,0,,1,1,2,1,1,0,0,3,8,,14.9,0
22000,100398,Tonya Edwards,1611661317,PHO,Phoenix Mercury,1020000141,2000-07-08,PHO @ IND,W,34,1,8,0.125,0,3,0.0,4,6,0.667,0,1,1,3,0,0,3,3,6,,8.7,0
22000,100525,Rankica Sarenac,1611661317,PHO,Phoenix Mercury,1020000141,2000-07-08,PHO @ IND,W,22,4,6,0.667,0,0,,7,8,0.875,3,2,5,1,0,0,4,4,15,,18.5,0
22000,100526,Adrian Williams-Strong,1611661317,PHO,Phoenix Mercury,1020000141,2000-07-08,PHO @ IND,W,15,0,4,0.0,0,0,,0,0,,2,1,3,2,0,0,1,0,0,,5.6,0
22000,100594,Michelle Cleary,1611661317,PHO,Phoenix Mercury,1020000141,2000-07-08,PHO @ IND,W,24,2,3,0.667,2,3,0.667,0,0,,3,0,3,2,1,0,0,2,6,,15.6,0
22000,100022,Chantel Tremitiere,1611661325,IND,Indiana Fever,1020000141,2000-07-08,IND vs. PHO,L,11,0,1,0.0,0,0,,0,0,,0,1,1,4,0,0,1,2,0,,6.2,0
22000,100204,Rita Williams,1611661325,IND,Indiana Fever,1020000141,2000-07-08,IND vs. PHO,L,30,1,8,0.125,0,2,0.0,0,2,0.0,1,1,2,5,1,0,0,3,2,,14.9,0
22000,100216,Alicia Thompson,1611661325,IND,Indiana Fever,1020000141,2000-07-08,IND vs. PHO,L,34,4,9,0.444,1,1,1.0,3,4,0.75,1,2,3,1,0,0,3,4,12,,14.1,0
22000,100340,Kara Wolters,1611661325,IND,Indiana Fever,1020000141,2000-07-08,IND vs. PHO,L,37,6,11,0.545,0,0,,1,3,0.333,2,4,6,4,0,2,3,6,13,,29.2,0
22000,100357,Monica Maxwell,1611661325,IND,Indiana Fever,1020000141,2000-07-08,IND vs. PHO,L,39,7,13,0.538,4,7,0.571,0,0,,4,4,8,2,4,1,5,5,18,,40.6,0
22000,100370,Stephanie White,1611661325,IND,Indiana Fever,1020000141,2000-07-08,IND vs. PHO,L,8,1,2,0.5,0,1,0.0,0,0,,0,0,0,0,0,0,1,2,2,,1.0,0
22000,100394,Gordana Grubin,1611661325,IND,Indiana Fever,1020000141,2000-07-08,IND vs. PHO,L,32,6,9,0.667,2,3,0.667,4,4,1.0,3,2,5,2,0,0,1,4,18,,26.0,0
22000,100471,Danielle McCulley,1611661325,IND,Indiana Fever,1020000141,2000-07-08,IND vs. PHO,L,3,0,0,,0,0,,0,0,,0,0,0,0,0,0,0,1,0,,0.0,0
22000,101006,Jurgita Streimikyte,1611661325,IND,Indiana Fever,1020000141,2000-07-08,IND vs. PHO,L,6,0,0,,0,0,,0,0,,1,1,2,0,0,0,1,1,0,,1.4,0
22000,100016,Ruthie Bolton,1611661318,SAC,Sacramento Monarchs,1020000142,2000-07-08,SAC vs. WAS,W,27,5,10,0.5,2,3,0.667,2,2,1.0,1,1,2,1,1,0,1,2,14,,19.9,0
22000,100027,Latasha Byears,1611661318,SAC,Sacramento Monarchs,1020000142,2000-07-08,SAC vs. WAS,W,23,4,7,0.571,0,0,,1,2,0.5,1,6,7,1,1,1,1,3,9,,23.9,0
22000,100044,Lady Grooms,1611661318,SAC,Sacramento Monarchs,1020000142,2000-07-08,SAC vs. WAS,W,13,2,3,0.667,0,0,,1,2,0.5,1,0,1,0,0,0,0,2,5,,6.2,0
22000,100183,Cindy Blodgett,1611661318,SAC,Sacramento Monarchs,1020000142,2000-07-08,SAC vs. WAS,W,5,1,3,0.333,0,1,0.0,0,0,,0,0,0,0,0,1,0,1,2,,5.0,0
22000,100234,Ticha Penicheiro,1611661318,SAC,Sacramento Monarchs,1020000142,2000-07-08,SAC vs. WAS,W,29,3,6,0.5,2,3,0.667,0,0,,0,1,1,8,2,0,3,1,8,,24.2,0
22000,100236,Tangela Smith,1611661318,SAC,Sacramento Monarchs,1020000142,2000-07-08,SAC vs. WAS,W,25,4,8,0.5,0,0,,0,0,,2,3,5,0,0,2,3,4,8,,17.0,0
22000,100419,Yolanda Griffith,1611661318,SAC,Sacramento Monarchs,1020000142,2000-07-08,SAC vs. WAS,W,29,7,14,0.5,0,0,,0,0,,5,8,13,1,3,4,1,2,14,,51.1,0
22000,100421,Kedra Holland-Corn,1611661318,SAC,Sacramento Monarchs,1020000142,2000-07-08,SAC vs. WAS,W,23,5,7,0.714,2,3,0.667,0,0,,0,1,1,2,1,0,2,1,12,,17.2,0
22000,100534,Stacy Clinesmith,1611661318,SAC,Sacramento Monarchs,1020000142,2000-07-08,SAC vs. WAS,W,11,1,2,0.5,1,1,1.0,0,0,,1,1,2,1,1,0,1,0,3,,8.9,0
22000,100535,Rhonda Banchero,1611661318,SAC,Sacramento Monarchs,1020000142,2000-07-08,SAC vs. WAS,W,3,1,1,1.0,0,0,,0,0,,0,0,0,0,0,0,0,0,2,,2.0,0
22000,100536,Katy Steding,1611661318,SAC,Sacramento Monarchs,1020000142,2000-07-08,SAC vs. WAS,W,12,0,2,0.0,0,0,,1,2,0.5,1,2,3,1,0,0,0,1,1,,6.1,0
22000,100058,Vicky Bullett,1611661322,WAS,Washington Mystics,1020000142,2000-07-08,WAS @ SAC,L,30,1,8,0.125,0,1,0.0,0,0,,5,5,10,2,2,1,1,2,2,,25.0,0
22000,100198,Nikki McCray,1611661322,WAS,Washington Mystics,1020000142,2000-07-08,WAS @ SAC,L,27,1,4,0.25,0,1,0.0,5,7,0.714,0,1,1,3,0,0,3,0,7,,9.7,0
22000,100199,Murriel Page,1611661322,WAS,Washington Mystics,1020000142,2000-07-08,WAS @ SAC,L,21,4,10,0.4,0,0,,0,0,,1,1,2,0,0,0,1,1,8,,9.4,0
22000,100348,Markita Aldridge,1611661322,WAS,Washington Mystics,1020000142,2000-07-08,WAS @ SAC,L,16,2,5,0.4,0,1,0.0,1,4,0.25,1,1,2,2,0,0,2,2,5,,8.4,0
22000,100353,Andrea Nagy,1611661322,WAS,Washington Mystics,1020000142,2000-07-08,WAS @ SAC,L,31,1,4,0.25,1,2,0.5,0,0,,0,0,0,2,0,0,2,1,3,,4.0,0
22000,100354,Heather Owen,1611661322,WAS,Washington Mystics,1020000142,2000-07-08,WAS @ SAC,L,13,0,2,0.0,0,0,,0,0,,0,1,1,0,0,0,1,2,0,,0.2,0
22000,100356,Chamique Holdsclaw,1611661322,WAS,Washington Mystics,1020000142,2000-07-08,WAS @ SAC,L,34,7,16,0.438,0,0,,2,2,1.0,2,3,5,2,0,0,2,0,16,,23.0,0
22000,100553,Keisha Anderson,1611661322,WAS,Washington Mystics,1020000142,2000-07-08,WAS @ SAC,L,9,0,1,0.0,0,0,,0,0,,0,1,1,0,0,0,1,0,0,,0.2,0
22000,100555,Tausha Mills,1611661322,WAS,Washington Mystics,1020000142,2000-07-08,WAS @ SAC,L,16,6,13,0.462,0,0,,3,3,1.0,9,3,12,0,0,1,3,3,15,,29.4,0
22000,100557,Tonya Massaline,1611661322,WAS,Washington Mystics,1020000142,2000-07-08,WAS @ SAC,L,3,0,2,0.0,0,1,0.0,0,0,,0,0,0,0,0,0,0,0,0,,0.0,0
22000,100046,Wendy Palmer,1611661321,DET,Detroit Shock,1020000143,2000-07-09,DET vs. ORL,L,36,9,19,0.474,1,4,0.25,0,0,,3,6,9,0,0,1,4,4,19,,28.8,0
22000,100243,Olympia Scott,1611661321,DET,Detroit Shock,1020000143,2000-07-09,DET vs. ORL,L,12,3,5,0.6,0,0,,0,0,,1,1,2,1,2,0,2,2,6,,13.9,0
22000,100351,Joy Holmes,1611661321,DET,Detroit Shock,1020000143,2000-07-09,DET vs. ORL,L,9,1,2,0.5,0,1,0.0,0,0,,0,2,2,0,1,1,0,1,2,,10.4,0
22000,100387,Astou Ndiaye-Diatta,1611661321,DET,Detroit Shock,1020000143,2000-07-09,DET vs. ORL,L,21,3,8,0.375,0,1,0.0,2,4,0.5,2,1,3,0,0,1,3,5,8,,11.6,0
22000,100388,Elena Tornikidou,1611661321,DET,Detroit Shock,1020000143,2000-07-09,DET vs. ORL,L,37,6,9,0.667,0,0,,1,2,0.5,0,3,3,4,0,0,2,1,13,,20.6,0
22000,100390,Oksana Zakaluzhnaya,1611661321,DET,Detroit Shock,1020000143,2000-07-09,DET vs. ORL,L,11,1,1,1.0,0,0,,0,0,,0,0,0,0,1,1,2,3,2,,6.0,0
22000,100492,Edwina Brown,1611661321,DET,Detroit Shock,1020000143,2000-07-09,DET vs. ORL,L,32,3,7,0.429,0,0,,0,2,0.0,3,3,6,4,1,2,1,4,6,,27.2,0
22000,100493,Anna DeForge,1611661321,DET,Detroit Shock,1020000143,2000-07-09,DET vs. ORL,L,40,2,9,0.222,1,5,0.2,1,2,0.5,0,3,3,6,0,1,1,3,6,,20.6,0
22000,100497,Madinah Slaise,1611661321,DET,Detroit Shock,1020000143,2000-07-09,DET vs. ORL,L,2,0,1,0.0,0,1,0.0,0,0,,0,1,1,0,0,0,0,0,0,,1.2,0
22000,100048,Jessie Hicks,1611661323,ORL,Orlando Miracle,1020000143,2000-07-09,ORL @ DET,W,2,0,0,,0,0,,0,0,,0,0,0,0,0,0,1,1,0,,-1.0,0
22000,100100,Adrienne Johnson,1611661323,ORL,Orlando Miracle,1020000143,2000-07-09,ORL @ DET,W,37,6,12,0.5,4,7,0.571,1,2,0.5,0,1,1,1,1,1,5,2,17,,20.7,0
22000,100410,Shannon Johnson,1611661323,ORL,Orlando Miracle,1020000143,2000-07-09,ORL @ DET,W,29,6,13,0.462,1,2,0.5,1,2,0.5,2,1,3,5,0,0,1,0,14,,24.1,0
22000,100411,Carla McGhee,1611661323,ORL,Orlando Miracle,1020000143,2000-07-09,ORL @ DET,W,18,0,4,0.0,0,0,,3,4,0.75,1,2,3,2,1,0,1,3,3,,11.6,0
22000,100412,Taj McWilliams-Franklin,1611661323,ORL,Orlando Miracle,1020000143,2000-07-09,ORL @ DET,W,33,4,11,0.364,0,0,,3,5,0.6,5,6,11,4,1,1,2,1,11,,34.2,0
22000,100414,Elaine Powell,1611661323,ORL,Orlando Miracle,1020000143,2000-07-09,ORL @ DET,W,26,3,6,0.5,1,2,0.5,2,2,1.0,0,2,2,1,0,0,1,2,9,,11.9,0
22000,100415,Nykesha Sales,1611661323,ORL,Orlando Miracle,1020000143,2000-07-09,ORL @ DET,W,14,2,4,0.5,1,1,1.0,0,0,,1,1,2,0,0,0,0,3,5,,7.4,0
22000,100514,Cintia dos Santos,1611661323,ORL,Orlando Miracle,1020000143,2000-07-09,ORL @ DET,W,25,3,8,0.375,0,0,,1,2,0.5,2,1,3,0,0,1,2,5,7,,11.6,0
22000,100519,Jannon Roland,1611661323,ORL,Orlando Miracle,1020000143,2000-07-09,ORL @ DET,W,2,0,0,,0,0,,0,0,,0,0,0,0,0,0,0,0,0,,0.0,0
22000,100521,Tiffany McCain,1611661323,ORL,Orlando Miracle,1020000143,2000-07-09,ORL @ DET,W,14,1,2,0.5,0,0,,0,0,,0,0,0,0,0,0,0,1,2,,2.0,0
22000,100072,Sheryl Swoopes,1611661316,HOU,Houston Comets,1020000144,2000-07-09,HOU @ MIN,W,34,7,16,0.438,1,4,0.25,4,4,1.0,0,5,5,1,2,0,2,3,19,,30.5,0
22000,100073,Cynthia Cooper,1611661316,HOU,Houston Comets,1020000144,2000-07-09,HOU @ MIN,W,39,5,10,0.5,2,5,0.4,5,5,1.0,1,2,3,7,2,1,5,3,17,,35.1,0
22000,100075,Janeth Arcain,1611661316,HOU,Houston Comets,1020000144,2000-07-09,HOU @ MIN,W,32,3,7,0.429,0,2,0.0,6,6,1.0,1,5,6,2,1,1,2,3,12,,26.2,0
22000,100076,Tina Thompson,1611661316,HOU,Houston Comets,1020000144,2000-07-09,HOU @ MIN,W,37,5,10,0.5,1,3,0.333,0,0,,2,8,10,2,0,1,5,4,11,,24.0,0
22000,100207,Monica Lamb,1611661316,HOU,Houston Comets,1020000144,2000-07-09,HOU @ MIN,W,4,0,0,,0,0,,0,0,,0,0,0,0,0,0,0,2,0,,0.0,0
22000,100217,Coquese Washington,1611661316,HOU,Houston Comets,1020000144,2000-07-09,HOU @ MIN,W,1,0,0,,0,0,,0,0,,0,0,0,0,0,0,0,0,0,,0.0,0
22000,100233,Tiffani Johnson,1611661316,HOU,Houston Comets,1020000144,2000-07-09,HOU @ MIN,W,29,4,5,0.8,0,0,,0,0,,1,3,4,1,1,1,2,3,8,,18.3,0
22000,100338,Jennifer Rizzotti,1611661316,HOU,Houston Comets,1020000144,2000-07-09,HOU @ MIN,W,22,1,2,0.5,1,2,0.5,0,0,,0,0,0,0,1,0,0,1,3,,6.0,0
22000,100504,Kelley Gibson,1611661316,HOU,Houston Comets,1020000144,2000-07-09,HOU @ MIN,W,2,0,0,,0,0,,0,0,,0,0,0,0,0,0,0,0,0,,0.0,0
22000,100400,Kristin Folkl,1611661324,MIN,Minnesota Lynx,1020000144,2000-07-09,MIN vs. HOU,L,35,5,9,0.556,0,0,,1,1,1.0,4,5,9,6,2,0,3,2,11,,33.8,0
22000,100404,Katie Smith,1611661324,MIN,Minnesota Lynx,1020000144,2000-07-09,MIN vs. HOU,L,39,4,14,0.286,3,9,0.333,7,10,0.7,1,1,2,1,0,0,2,1,18,,19.9,0
22000,100441,Angela Aycock,1611661324,MIN,Minnesota Lynx,1020000144,2000-07-09,MIN vs. HOU,L,1,0,0,,0,0,,0,0,,0,0,0,2,0,0,0,0,0,,3.0,0
22000,100481,Marla Brumfield,1611661324,MIN,Minnesota Lynx,1020000144,2000-07-09,MIN vs. HOU,L,36,1,3,0.333,0,0,,2,2,1.0,1,3,4,0,1,0,3,0,4,,8.8,0
22000,100482,Grace Daley,1611661324,MIN,Minnesota Lynx,1020000144,2000-07-09,MIN vs. HOU,L,27,2,8,0.25,1,4,0.25,1,4,0.25,2,5,7,3,3,0,1,4,6,,26.9,0
22000,100483,Keitha Dickerson,1611661324,MIN,Minnesota Lynx,1020000144,2000-07-09,MIN vs. HOU,L,22,1,3,0.333,0,0,,0,0,,0,3,3,1,0,0,1,3,2,,6.1,0
22000,100484,Betty Lennox,1611661324,MIN,Minnesota Lynx,1020000144,2000-07-09,MIN vs. HOU,L,22,6,14,0.429,2,4,0.5,0,0,,1,1,2,1,1,0,3,2,14,,17.9,0
22000,100485,Maylana Martin,1611661324,MIN,Minnesota Lynx,1020000144,2000-07-09,MIN vs. HOU,L,10,2,3,0.667,1,1,1.0,0,0,,0,0,0,0,0,0,1,2,5,,4.0,0
22000,100487,Kate Paye,1611661324,MIN,Minnesota Lynx,1020000144,2000-07-09,MIN vs. HOU,L,8,0,1,0.0,0,1,0.0,0,0,,0,0,0,2,0,0,0,0,0,,3.0,0
22000,100239,Margo Dydek,1611661319,UTA,Utah Starzz,1020000145,2000-07-09,UTA @ LAS,L,12,4,8,0.5,0,0,,0,2,0.0,0,0,0,0,2,0,1,4,8,,13.0,0
22000,100242,LaTonya Johnson,1611661319,UTA,Utah Starzz,1020000145,2000-07-09,UTA @ LAS,L,11,1,3,0.333,0,0,,0,0,,0,0,0,1,0,0,1,1,2,,2.5,0
22000,100250,Korie Hlede,1611661319,UTA,Utah Starzz,1020000145,2000-07-09,UTA @ LAS,L,19,4,6,0.667,1,1,1.0,2,2,1.0,1,2,3,1,1,0,0,4,11,,19.1,0
22000,100363,Adrienne Goodson,1611661319,UTA,Utah Starzz,1020000145,2000-07-09,UTA @ LAS,L,29,5,9,0.556,2,3,0.667,1,2,0.5,2,2,4,4,0,0,3,2,13,,20.8,0
22000,100364,Dalma Ivanyi,1611661319,UTA,Utah Starzz,1020000145,2000-07-09,UTA @ LAS,L,4,0,2,0.0,0,0,,0,0,,0,0,0,0,0,0,2,1,0,,-2.0,0
22000,100366,Natalie Williams,1611661319,UTA,Utah Starzz,1020000145,2000-07-09,UTA @ LAS,L,29,4,10,0.4,0,0,,0,2,0.0,1,7,8,2,1,1,3,4,8,,23.6,0
22000,100382,Jennifer Azzi,1611661319,UTA,Utah Starzz,1020000145,2000-07-09,UTA @ LAS,L,36,4,11,0.364,0,2,0.0,0,0,,1,2,3,4,2,0,0,2,8,,23.6,0
22000,100422,Kate Starbird,1611661319,UTA,Utah Starzz,1020000145,2000-07-09,UTA @ LAS,L,24,4,8,0.5,0,1,0.0,2,3,0.667,2,0,2,1,0,0,3,2,10,,10.9,0
22000,100547,Stacy Frese,1611661319,UTA,Utah Starzz,1020000145,2000-07-09,UTA @ LAS,L,2,0,0,,0,0,,0,0,,0,0,0,0,0,0,0,0,0,,0.0,0
22000,100549,Amy Herrig,1611661319,UTA,Utah Starzz,1020000145,2000-07-09,UTA @ LAS,L,17,1,1,1.0,0,0,,2,4,0.5,1,4,5,2,0,0,1,2,4,,12.0,0
22000,100551,Naomi Mulitauaopele,1611661319,UTA,Utah Starzz,1020000145,2000-07-09,UTA @ LAS,L,17,2,4,0.5,0,0,,4,4,1.0,1,1,2,0,1,1,3,4,8,,13.4,0
22000,100003,Lisa Leslie,1611661320,LAS,Los Angeles Sparks,1020000145,2000-07-09,LAS vs. UTA,W,23,8,11,0.727,0,1,0.0,6,7,0.857,0,5,5,2,0,1,4,3,22,,30.0,0
22000,100008,Tamecka Dixon,1611661320,LAS,Los Angeles Sparks,1020000145,2000-07-09,LAS vs. UTA,W,22,3,4,0.75,0,0,,2,4,0.5,0,3,3,5,1,0,0,1,8,,22.1,0
22000,100012,Mwadi Mabika,1611661320,LAS,Los Angeles Sparks,1020000145,2000-07-09,LAS vs. UTA,W,13,1,2,0.5,1,2,0.5,0,0,,1,3,4,2,1,0,0,3,3,,13.8,0
22000,100170,Allison Feaster,1611661320,LAS,Los Angeles Sparks,1020000145,2000-07-09,LAS vs. UTA,W,23,2,7,0.286,1,3,0.333,4,4,1.0,3,1,4,4,2,0,1,4,9,,24.8,0
22000,100392,Ukari Figgs,1611661320,LAS,Los Angeles Sparks,1020000145,2000-07-09,LAS vs. UTA,W,21,2,3,0.667,1,2,0.5,0,0,,0,0,0,7,1,0,1,0,5,,17.5,0
22000,100393,La'Keshia Frett,1611661320,LAS,Los Angeles Sparks,1020000145,2000-07-09,LAS vs. UTA,W,11,2,5,0.4,0,0,,2,2,1.0,0,1,1,0,0,0,2,0,6,,5.2,0
22000,100395,Clarisse Machanguana,1611661320,LAS,Los Angeles Sparks,1020000145,2000-07-09,LAS vs. UTA,W,18,2,2,1.0,0,0,,3,4,0.75,3,2,5,1,1,0,2,3,7,,15.5,0
22000,100396,DeLisha Milton-Jones,1611661320,LAS,Los Angeles Sparks,1020000145,2000-07-09,LAS vs. UTA,W,29,6,10,0.6,0,0,,3,5,0.6,0,3,3,0,1,0,0,4,15,,21.6,0
22000,100476,Vedrana Grgin Fonseca,1611661320,LAS,Los Angeles Sparks,1020000145,2000-07-09,LAS vs. UTA,W,12,2,7,0.286,0,2,0.0,4,8,0.5,3,0,3,1,1,0,0,0,8,,16.1,0
22000,100478,Nicky McCrimmon,1611661320,LAS,Los Angeles Sparks,1020000145,2000-07-09,LAS vs. UTA,W,19,1,5,0.2,0,2,0.0,0,0,,1,1,2,4,1,2,1,1,2,,18.4,0
22000,100479,Paige Sauer,1611661320,LAS,Los Angeles Sparks,1020000145,2000-07-09,LAS vs. UTA,W,9,3,4,0.75,0,0,,1,1,1.0,2,1,3,1,0,0,0,1,7,,12.1,0
22000,100058,Vicky Bullett,1611661322,WAS,Washington Mystics,1020000146,2000-07-09,WAS @ POR,L,34,1,4,0.25,0,0,,3,4,0.75,1,4,5,0,3,2,1,2,5,,25.0,0
22000,100198,Nikki McCray,1611661322,WAS,Washington Mystics,1020000146,2000-07-09,WAS @ POR,L,35,5,10,0.5,1,3,0.333,3,6,0.5,0,1,1,3,2,0,5,3,14,,20.7,0
22000,100199,Murriel Page,1611661322,WAS,Washington Mystics,1020000146,2000-07-09,WAS @ POR,L,26,2,4,0.5,0,0,,3,4,0.75,0,2,2,0,1,0,0,3,7,,12.4,0
22000,100348,Markita Aldridge,1611661322,WAS,Washington Mystics,1020000146,2000-07-09,WAS @ POR,L,14,3,4,0.75,1,1,1.0,2,4,0.5,0,0,0,0,0,0,4,3,9,,5.0,0
22000,100353,Andrea Nagy,1611661322,WAS,Washington Mystics,1020000146,2000-07-09,WAS @ POR,L,35,1,2,0.5,0,1,0.0,0,0,,1,2,3,4,0,2,5,2,2,,12.6,0
22000,100354,Heather Owen,1611661322,WAS,Washington Mystics,1020000146,2000-07-09,WAS @ POR,L,3,0,0,,0,0,,0,0,,0,0,0,0,0,0,0,2,0,,0.0,0
22000,100356,Chamique Holdsclaw,1611661322,WAS,Washington Mystics,1020000146,2000-07-09,WAS @ POR,L,38,4,15,0.267,1,2,0.5,6,10,0.6,3,9,12,1,1,2,4,2,15,,35.9,0
22000,100553,Keisha Anderson,1611661322,WAS,Washington Mystics,1020000146,2000-07-09,WAS @ POR,L,5,0,0,,0,0,,0,0,,0,0,0,1,0,0,0,0,0,,1.5,0
22000,100555,Tausha Mills,1611661322,WAS,Washington Mystics,1020000146,2000-07-09,WAS @ POR,L,10,3,5,0.6,0,0,,0,0,,3,0,3,0,0,0,0,3,6,,9.6,0
22000,100038,Tara Williams,1611661327,POR,Portland Fire,1020000146,2000-07-09,POR vs. WAS,W,1,0,0,,0,0,,0,0,,0,0,0,0,0,0,0,0,0,,0.0,0
22000,100105,Sophia Witherspoon,1611661327,POR,Portland Fire,1020000146,2000-07-09,POR vs. WAS,W,34,9,18,0.5,4,7,0.571,4,5,0.8,1,1,2,3,1,0,4,2,26,,31.9,0
22000,100215,Vanessa Nygaard,1611661327,POR,Portland Fire,1020000146,2000-07-09,POR vs. WAS,W,31,2,3,0.667,1,2,0.5,0,0,,0,3,3,0,0,0,0,4,5,,8.6,0
22000,100284,Tully Bevilaqua,1611661327,POR,Portland Fire,1020000146,2000-07-09,POR vs. WAS,W,29,3,6,0.5,1,3,0.333,0,0,,2,2,4,4,2,0,4,3,7,,19.8,0
22000,100346,Michele Van Gorp,1611661327,POR,Portland Fire,1020000146,2000-07-09,POR vs. WAS,W,2,0,0,,0,0,,0,4,0.0,1,1,2,0,0,0,0,0,0,,2.4,0
22000,100429,Alisa Burras,1611661327,POR,Portland Fire,1020000146,2000-07-09,POR vs. WAS,W,6,0,1,0.0,0,0,,0,0,,0,0,0,0,1,0,1,0,0,,2.0,0
22000,100529,Sylvia Crawley,1611661327,POR,Portland Fire,1020000146,2000-07-09,POR vs. WAS,W,22,7,13,0.538,0,0,,3,4,0.75,1,4,5,0,1,1,2,4,17,,27.0,0
22000,100530,Lynn Pride,1611661327,POR,Portland Fire,1020000146,2000-07-09,POR vs. WAS,W,14,1,4,0.25,0,1,0.0,1,2,0.5,1,1,2,2,1,0,0,2,3,,11.4,0
22000,100532,Stacey Thomas,1611661327,POR,Portland Fire,1020000146,2000-07-09,POR vs. WAS,W,31,2,7,0.286,0,0,,2,4,0.5,2,2,4,3,2,1,0,1,6,,24.3,0
22000,100533,DeMya Walker,1611661327,POR,Portland Fire,1020000146,2000-07-09,POR vs. WAS,W,19,3,6,0.5,0,0,,1,2,0.5,2,1,3,5,1,0,2,4,7,,19.1,0
22000,100570,Michelle Marciniak,1611661327,POR,Portland Fire,1020000146,2000-07-09,POR vs. WAS,W,11,2,4,0.5,0,0,,0,0,,1,2,3,2,3,0,2,0,4,,17.6,0
22000,100009,Katrina Colleton,1611661326,MIA,Miami Sol,1020000147,2000-07-10,MIA vs. SEA,W,13,0,5,0.0,0,0,,4,4,1.0,0,0,0,0,0,0,1,4,4,,3.0,0
22000,100037,Marlies Askamp,1611661326,MIA,Miami Sol,1020000147,2000-07-10,MIA vs. SEA,W,32,4,6,0.667,0,0,,13,18,0.722,10,3,13,0,1,0,1,2,21,,38.6,0
22000,100063,Sharon Manning,1611661326,MIA,Miami Sol,1020000147,2000-07-10,MIA vs. SEA,W,21,0,1,0.0,0,0,,0,0,,0,4,4,1,3,1,3,1,0,,15.3,0
22000,100107,Kisha Ford,1611661326,MIA,Miami Sol,1020000147,2000-07-10,MIA vs. SEA,W,24,1,5,0.2,0,0,,3,4,0.75,2,0,2,0,1,0,2,4,5,,8.4,0
22000,100359,Debbie Black,1611661326,MIA,Miami Sol,1020000147,2000-07-10,MIA vs. SEA,W,23,0,4,0.0,0,2,0.0,1,4,0.25,0,2,2,1,1,0,1,2,1,,6.9,0
22000,100416,Sheri Sam,1611661326,MIA,Miami Sol,1020000147,2000-07-10,MIA vs. SEA,W,32,2,8,0.25,0,2,0.0,4,5,0.8,1,1,2,0,1,0,2,2,8,,11.4,0
22000,100451,Jamie Cassidy,1611661326,MIA,Miami Sol,1020000147,2000-07-10,MIA vs. SEA,W,1,0,0,,0,0,,3,4,0.75,0,2,2,0,0,0,0,0,3,,5.4,0
22000,100552,Kristen Rasmussen,1611661326,MIA,Miami Sol,1020000147,2000-07-10,MIA vs. SEA,W,14,0,2,0.0,0,0,,5,6,0.833,1,4,5,1,1,1,2,3,5,,16.5,0
22000,100558,Jameka Jones,1611661326,MIA,Miami Sol,1020000147,2000-07-10,MIA vs. SEA,W,10,1,2,0.5,0,0,,0,0,,0,0,0,2,1,0,0,0,2,,8.0,0
22000,100559,Milena Flores,1611661326,MIA,Miami Sol,1020000147,2000-07-10,MIA vs. SEA,W,17,1,5,0.2,1,2,0.5,2,4,0.5,0,0,0,1,1,0,1,3,5,,8.5,0
22000,100560,Shantia Owens,1611661326,MIA,Miami Sol,1020000147,2000-07-10,MIA vs. SEA,W,13,1,3,0.333,0,0,,3,6,0.5,0,0,0,0,0,0,0,2,5,,5.0,0
22000,100111,Simone Edwards,1611661328,SEA,Seattle Storm,1020000147,2000-07-10,SEA @ MIA,L,31,2,7,0.286,0,0,,3,4,0.75,1,4,5,0,1,1,3,4,7,,16.0,0
22000,100179,Charmin Smith,1611661328,SEA,Seattle Storm,1020000147,2000-07-10,SEA @ MIA,L,10,0,1,0.0,0,0,,0,0,,0,1,1,2,1,0,2,2,0,,5.2,0
22000,100230,Quacy Barnes,1611661328,SEA,Seattle Storm,1020000147,2000-07-10,SEA @ MIA,L,18,4,8,0.5,0,0,,0,0,,0,0,0,1,1,0,2,2,8,,10.5,0
22000,100336,Sonja Henning,1611661328,SEA,Seattle Storm,1020000147,2000-07-10,SEA @ MIA,L,35,0,1,0.0,0,1,0.0,2,2,1.0,0,2,2,1,0,0,5,5,2,,0.9,0
22000,100470,Stacey Lovelace,1611661328,SEA,Seattle Storm,1020000147,2000-07-10,SEA @ MIA,L,14,3,6,0.5,0,0,,5,6,0.833,1,3,4,0,0,1,2,3,11,,16.8,0
22000,100503,Andrea Garner,1611661328,SEA,Seattle Storm,1020000147,2000-07-10,SEA @ MIA,L,8,0,0,,0,0,,0,0,,0,0,0,0,0,1,0,2,0,,3.0,0
22000,100538,Katrina Hibbert,1611661328,SEA,Seattle Storm,1020000147,2000-07-10,SEA @ MIA,L,11,0,2,0.0,0,0,,0,0,,0,0,0,1,0,0,0,1,0,,1.5,0
22000,100541,Jamie Redd,1611661328,SEA,Seattle Storm,1020000147,2000-07-10,SEA @ MIA,L,18,1,3,0.333,1,2,0.5,3,4,0.75,0,1,1,0,1,0,1,4,6,,9.2,0
22000,100542,Charisse Sampson,1611661328,SEA,Seattle Storm,1020000147,2000-07-10,SEA @ MIA,L,21,0,1,0.0,0,1,0.0,0,0,,0,1,1,0,2,0,0,5,0,,7.2,0
22000,100543,Robin Threatt-Elliott,1611661328,SEA,Seattle Storm,1020000147,2000-07-10,SEA @ MIA,L,25,2,11,0.182,0,4,0.0,2,2,1.0,0,2,2,0,1,0,2,6,6,,9.4,0
22000,100544,Kamila Vodichkova,1611661328,SEA,Seattle Storm,1020000147,2000-07-10,SEA @ MIA,L,9,1,3,0.333,0,0,,0,0,,1,0,1,0,0,0,3,1,2,,0.2,0
22000,100059,Andrea Stinson,1611661314,CHA,Charlotte Sting,1020000148,2000-07-10,CHA @ CLE,L,34,2,7,0.286,0,0,,0,0,,1,1,2,6,1,0,4,4,4,,14.4,0
22000,100060,Rhonda Mapp,1611661314,CHA,Charlotte Sting,1020000148,2000-07-10,CHA @ CLE,L,32,7,12,0.583,0,1,0.0,3,4,0.75,3,9,12,4,0,1,3,5,17,,37.4,0
22000,100182,Tracy Reid,1611661314,CHA,Charlotte Sting,1020000148,2000-07-10,CHA @ CLE,L,30,4,6,0.667,0,0,,1,2,0.5,0,4,4,4,0,0,2,3,9,,17.8,0
22000,100294,Cass Bauer-Bilodeau,1611661314,CHA,Charlotte Sting,1020000148,2000-07-10,CHA @ CLE,L,11,1,2,0.5,0,0,,0,0,,0,0,0,0,0,0,2,2,2,,0.0,0
22000,100368,Angie Braziel,1611661314,CHA,Charlotte Sting,1020000148,2000-07-10,CHA @ CLE,L,3,1,1,1.0,0,0,,0,0,,0,0,0,0,0,0,0,1,2,,2.0,0
22000,100371,Charlotte Smith,1611661314,CHA,Charlotte Sting,1020000148,2000-07-10,CHA @ CLE,L,29,7,11,0.636,2,5,0.4,0,0,,0,2,2,0,1,0,1,6,16,,20.4,0
22000,100372,Dawn Staley,1611661314,CHA,Charlotte Sting,1020000148,2000-07-10,CHA @ CLE,L,34,4,9,0.444,1,3,0.333,0,0,,2,2,4,8,0,0,4,5,9,,21.8,0
22000,100446,Summer Erb,1611661314,CHA,Charlotte Sting,1020000148,2000-07-10,CHA @ CLE,L,5,1,1,1.0,0,0,,0,0,,0,1,1,0,1,0,0,1,2,,6.2,0
22000,100447,Tiffany Travis,1611661314,CHA,Charlotte Sting,1020000148,2000-07-10,CHA @ CLE,L,14,2,4,0.5,0,1,0.0,0,0,,1,0,1,1,2,0,1,0,4,,11.7,0
22000,100452,E.C. Hill,1611661314,CHA,Charlotte Sting,1020000148,2000-07-10,CHA @ CLE,L,8,0,1,0.0,0,1,0.0,0,0,,0,0,0,0,0,0,2,3,0,,-2.0,0
22000,100092,Merlakia Jones,1611661315,CLE,Cleveland Rockers,1020000148,2000-07-10,CLE vs. CHA,W,29,2,9,0.222,0,2,0.0,0,0,,0,2,2,2,1,0,3,1,4,,9.4,0
22000,100097,Rushia Brown,1611661315,CLE,Cleveland Rockers,1020000148,2000-07-10,CLE vs. CHA,W,26,3,4,0.75,0,0,,2,2,1.0,0,3,3,3,1,0,1,2,8,,18.1,0
22000,100187,Suzie McConnell Serio,1611661315,CLE,Cleveland Rockers,1020000148,2000-07-10,CLE vs. CHA,W,21,4,8,0.5,3,6,0.5,0,0,,2,0,2,0,0,0,0,0,11,,13.4,0
22000,100237,Tricia Bader Binford,1611661315,CLE,Cleveland Rockers,1020000148,2000-07-10,CLE vs. CHA,W,13,1,2,0.5,0,1,0.0,2,2,1.0,0,0,0,0,1,0,1,0,4,,6.0,0
22000,100428,Mery Andrade,1611661315,CLE,Cleveland Rockers,1020000148,2000-07-10,CLE vs. CHA,W,34,3,8,0.375,3,5,0.6,2,3,0.667,0,3,3,6,1,1,3,4,11,,26.6,0
22000,100433,Chasity Melvin,1611661315,CLE,Cleveland Rockers,1020000148,2000-07-10,CLE vs. CHA,W,25,6,8,0.75,0,0,,9,12,0.75,4,2,6,1,1,0,1,3,21,,31.7,0
22000,100445,Ann Wauters,1611661315,CLE,Cleveland Rockers,1020000148,2000-07-10,CLE vs. CHA,W,17,1,4,0.25,0,0,,0,0,,1,0,1,1,0,0,0,1,2,,4.7,0
22000,100457,Helen Darling,1611661315,CLE,Cleveland Rockers,1020000148,2000-07-10,CLE vs. CHA,W,19,1,5,0.2,1,2,0.5,2,2,1.0,2,0,2,0,2,0,2,2,5,,11.4,0
22000,100458,Vicki Hall,1611661315,CLE,Cleveland Rockers,1020000148,2000-07-10,CLE vs. CHA,W,16,1,3,0.333,0,2,0.0,4,6,0.667,1,4,5,2,0,0,0,1,6,,15.0,0
22000,100030,Jennifer Gillom,1611661317,PHO,Phoenix Mercury,1020000149,2000-07-11,PHO vs. MIN,W,31,3,11,0.273,0,3,0.0,3,8,0.375,0,4,4,2,0,3,3,5,9,,22.8,0
22000,100031,Bridget Pettis,1611661317,PHO,Phoenix Mercury,1020000149,2000-07-11,PHO vs. MIN,W,11,0,2,0.0,0,1,0.0,2,2,1.0,0,0,0,1,1,0,2,4,2,,4.5,0
22000,100045,Dena Head,1611661317,PHO,Phoenix Mercury,1020000149,2000-07-11,PHO vs. MIN,W,2,0,0,,0,0,,0,0,,0,0,0,0,0,0,1,1,0,,-1.0,0
22000,100225,Brandy Reed,1611661317,PHO,Phoenix Mercury,1020000149,2000-07-11,PHO vs. MIN,W,40,6,11,0.545,0,1,0.0,0,0,,2,3,5,4,6,1,6,3,12,,39.0,0
22000,100378,Lisa Harrison,1611661317,PHO,Phoenix Mercury,1020000149,2000-07-11,PHO vs. MIN,W,38,5,7,0.714,0,0,,12,13,0.923,3,5,8,1,1,0,2,4,22,,34.1,0
22000,100398,Tonya Edwards,1611661317,PHO,Phoenix Mercury,1020000149,2000-07-11,PHO vs. MIN,W,32,2,9,0.222,1,3,0.333,4,4,1.0,0,5,5,0,1,1,3,5,9,,18.0,0
22000,100525,Rankica Sarenac,1611661317,PHO,Phoenix Mercury,1020000149,2000-07-11,PHO vs. MIN,W,7,2,2,1.0,0,0,,2,2,1.0,0,0,0,0,0,0,0,0,6,,6.0,0
22000,100526,Adrian Williams-Strong,1611661317,PHO,Phoenix Mercury,1020000149,2000-07-11,PHO vs. MIN,W,2,0,1,0.0,0,0,,0,0,,0,0,0,0,0,0,1,1,0,,-1.0,0
22000,100594,Michelle Cleary,1611661317,PHO,Phoenix Mercury,1020000149,2000-07-11,PHO vs. MIN,W,37,1,3,0.333,1,2,0.5,1,2,0.5,2,4,6,4,2,0,0,2,4,,23.2,0
22000,100400,Kristin Folkl,1611661324,MIN,Minnesota Lynx,1020000149,2000-07-11,MIN @ PHO,L,24,2,4,0.5,0,0,,2,2,1.0,1,4,5,0,0,0,1,4,6,,11.0,0
22000,100404,Katie Smith,1611661324,MIN,Minnesota Lynx,1020000149,2000-07-11,MIN @ PHO,L,40,8,19,0.421,3,9,0.333,5,5,1.0,0,3,3,0,0,1,3,1,24,,27.6,0
22000,100441,Angela Aycock,1611661324,MIN,Minnesota Lynx,1020000149,2000-07-11,MIN @ PHO,L,2,0,0,,0,0,,0,0,,0,0,0,0,0,0,0,1,0,,0.0,0
22000,100481,Marla Brumfield,1611661324,MIN,Minnesota Lynx,1020000149,2000-07-11,MIN @ PHO,L,17,1,2,0.5,0,0,,1,2,0.5,0,0,0,0,0,0,1,2,3,,2.0,0
22000,100482,Grace Daley,1611661324,MIN,Minnesota Lynx,1020000149,2000-07-11,MIN @ PHO,L,37,1,8,0.125,0,1,0.0,1,2,0.5,2,3,5,6,2,0,2,4,3,,22.0,0
22000,100483,Keitha Dickerson,1611661324,MIN,Minnesota Lynx,1020000149,2000-07-11,MIN @ PHO,L,25,2,6,0.333,0,0,,0,0,,1,4,5,2,3,0,3,5,4,,19.0,0
22000,100484,Betty Lennox,1611661324,MIN,Minnesota Lynx,1020000149,2000-07-11,MIN @ PHO,L,17,2,7,0.286,0,4,0.0,2,2,1.0,1,3,4,0,0,0,2,3,6,,8.8,0
22000,100485,Maylana Martin,1611661324,MIN,Minnesota Lynx,1020000149,2000-07-11,MIN @ PHO,L,14,2,4,0.5,0,0,,0,2,0.0,0,1,1,1,0,0,1,3,4,,5.7,0
22000,100487,Kate Paye,1611661324,MIN,Minnesota Lynx,1020000149,2000-07-11,MIN @ PHO,L,18,1,4,0.25,1,4,0.25,0,0,,0,1,1,2,0,0,1,4,3,,6.2,0
22000,100490,Shanele Stires,1611661324,MIN,Minnesota Lynx,1020000149,2000-07-11,MIN @ PHO,L,6,0,2,0.0,0,0,,1,2,0.5,0,0,0,0,0,0,1,1,1,,0.0,0
22000,100003,Lisa Leslie,1611661320,LAS,Los Angeles Sparks,1020000150,2000-07-11,LAS vs. POR,L,24,3,12,0.25,0,0,,4,4,1.0,2,5,7,3,0,1,0,5,10,,25.9,0
22000,100008,Tamecka Dixon,1611661320,LAS,Los Angeles Sparks,1020000150,2000-07-11,LAS vs. POR,L,31,4,12,0.333,0,2,0.0,4,4,1.0,3,2,5,3,2,1,0,2,12,,31.5,0
22000,100012,Mwadi Mabika,1611661320,LAS,Los Angeles Sparks,1020000150,2000-07-11,LAS vs. POR,L,31,7,13,0.538,2,7,0.286,6,8,0.75,4,0,4,2,2,0,2,3,22,,33.8,0
22000,100170,Allison Feaster,1611661320,LAS,Los Angeles Sparks,1020000150,2000-07-11,LAS vs. POR,L,18,4,8,0.5,1,3,0.333,0,0,,1,3,4,1,2,1,0,2,9,,24.3,0
22000,100392,Ukari Figgs,1611661320,LAS,Los Angeles Sparks,1020000150,2000-07-11,LAS vs. POR,L,28,1,3,0.333,1,2,0.5,4,4,1.0,0,1,1,5,0,0,1,3,7,,14.7,0
22000,100393,La'Keshia Frett,1611661320,LAS,Los Angeles Sparks,1020000150,2000-07-11,LAS vs. POR,L,3,0,0,,0,0,,0,0,,1,0,1,0,0,0,0,0,0,,1.2,0
22000,100395,Clarisse Machanguana,1611661320,LAS,Los Angeles Sparks,1020000150,2000-07-11,LAS vs. POR,L,14,1,1,1.0,0,0,,0,0,,0,3,3,0,0,2,1,1,2,,10.6,0
22000,100396,DeLisha Milton-Jones,1611661320,LAS,Los Angeles Sparks,1020000150,2000-07-11,LAS vs. POR,L,39,6,11,0.545,1,1,1.0,2,2,1.0,1,5,6,5,1,0,4,5,15,,28.7,0
22000,100478,Nicky McCrimmon,1611661320,LAS,Los Angeles Sparks,1020000150,2000-07-11,LAS vs. POR,L,12,0,2,0.0,0,1,0.0,0,0,,0,0,0,1,0,0,0,0,0,,1.5,0
22000,100038,Tara Williams,1611661327,POR,Portland Fire,1020000150,2000-07-11,POR @ LAS,W,10,3,3,1.0,2,2,1.0,1,2,0.5,1,1,2,0,0,0,0,1,9,,11.4,0
22000,100105,Sophia Witherspoon,1611661327,POR,Portland Fire,1020000150,2000-07-11,POR @ LAS,W,37,10,17,0.588,4,5,0.8,5,6,0.833,0,2,2,3,0,0,2,3,29,,33.9,0
22000,100215,Vanessa Nygaard,1611661327,POR,Portland Fire,1020000150,2000-07-11,POR @ LAS,W,32,5,9,0.556,1,4,0.25,2,2,1.0,1,3,4,1,1,0,1,3,13,,21.3,0
22000,100284,Tully Bevilaqua,1611661327,POR,Portland Fire,1020000150,2000-07-11,POR @ LAS,W,28,3,7,0.429,1,3,0.333,0,2,0.0,0,3,3,2,0,0,2,0,7,,11.6,0
22000,100346,Michele Van Gorp,1611661327,POR,Portland Fire,1020000150,2000-07-11,POR @ LAS,W,18,3,4,0.75,0,0,,2,3,0.667,2,3,5,1,1,3,3,2,8,,24.5,0
22000,100530,Lynn Pride,1611661327,POR,Portland Fire,1020000150,2000-07-11,POR @ LAS,W,22,0,2,0.0,0,0,,1,2,0.5,1,1,2,2,0,0,1,2,1,,5.4,0
22000,100532,Stacey Thomas,1611661327,POR,Portland Fire,1020000150,2000-07-11,POR @ LAS,W,33,2,5,0.4,0,0,,1,4,0.25,3,2,5,3,1,1,2,4,5,,19.5,0
22000,100533,DeMya Walker,1611661327,POR,Portland Fire,1020000150,2000-07-11,POR @ LAS,W,7,1,4,0.25,0,0,,1,3,0.333,1,0,1,1,0,0,1,4,3,,4.7,0
22000,100570,Michelle Marciniak,1611661327,POR,Portland Fire,1020000150,2000-07-11,POR @ LAS,W,13,2,3,0.667,1,1,1.0,0,0,,0,5,5,1,1,0,1,1,5,,14.5,0
22000,100101,Teresa Weatherspoon,1611661313,NYL,New York Liberty,1020000151,2000-07-12,NYL vs. CHA,W,24,3,5,0.6,1,1,1.0,3,6,0.5,0,3,3,7,4,0,2,3,10,,34.1,0
22000,100103,Vickie Johnson,1611661313,NYL,New York Liberty,1020000151,2000-07-12,NYL vs. CHA,W,30,7,14,0.5,3,5,0.6,2,2,1.0,2,3,5,4,0,1,2,3,19,,32.0,0
22000,100104,Sue Wicks,1611661313,NYL,New York Liberty,1020000151,2000-07-12,NYL vs. CHA,W,22,1,3,0.333,0,0,,6,7,0.857,0,5,5,0,0,0,5,6,8,,9.0,0
22000,100342,Becky Hammon,1611661313,NYL,New York Liberty,1020000151,2000-07-12,NYL vs. CHA,W,28,5,11,0.455,4,8,0.5,2,2,1.0,0,4,4,1,0,0,1,1,16,,21.3,0
22000,100345,Crystal Robinson,1611661313,NYL,New York Liberty,1020000151,2000-07-12,NYL vs. CHA,W,26,2,3,0.667,0,1,0.0,0,0,,1,2,3,5,1,1,1,3,4,,20.1,0
22000,100347,Tamika Whitmore,1611661313,NYL,New York Liberty,1020000151,2000-07-12,NYL vs. CHA,W,17,2,4,0.5,0,0,,2,3,0.667,0,5,5,2,0,1,2,4,6,,16.0,0
22000,100413,Tari Phillips,1611661313,NYL,New York Liberty,1020000151,2000-07-12,NYL vs. CHA,W,26,3,8,0.375,0,0,,3,5,0.6,2,5,7,1,2,0,1,3,9,,23.9,0
22000,100508,Jessica Bibby,1611661313,NYL,New York Liberty,1020000151,2000-07-12,NYL vs. CHA,W,6,1,3,0.333,1,1,1.0,2,2,1.0,1,0,1,0,0,0,0,3,5,,6.2,0
22000,100509,Marina Ferragut,1611661313,NYL,New York Liberty,1020000151,2000-07-12,NYL vs. CHA,W,12,2,6,0.333,0,0,,0,0,,0,3,3,1,0,0,0,1,4,,9.1,0
22000,100510,Olga Firsova,1611661313,NYL,New York Liberty,1020000151,2000-07-12,NYL vs. CHA,W,2,1,2,0.5,0,0,,1,2,0.5,0,2,2,0,0,0,1,0,3,,4.4,0
22000,100512,Shea Mahoney,1611661313,NYL,New York Liberty,1020000151,2000-07-12,NYL vs. CHA,W,7,0,0,,0,0,,0,0,,1,1,2,0,0,0,0,1,0,,2.4,0
22000,100059,Andrea Stinson,1611661314,CHA,Charlotte Sting,1020000151,2000-07-12,CHA @ NYL,L,34,5,15,0.333,1,5,0.2,10,14,0.714,0,5,5,1,1,0,4,4,21,,27.5,0
22000,100060,Rhonda Mapp,1611661314,CHA,Charlotte Sting,1020000151,2000-07-12,CHA @ NYL,L,28,2,10,0.2,0,0,,3,4,0.75,2,4,6,1,0,0,1,4,7,,14.7,0
22000,100182,Tracy Reid,1611661314,CHA,Charlotte Sting,1020000151,2000-07-12,CHA @ NYL,L,28,4,6,0.667,0,0,,5,7,0.714,2,4,6,1,0,0,3,2,13,,18.7,0
22000,100294,Cass Bauer-Bilodeau,1611661314,CHA,Charlotte Sting,1020000151,2000-07-12,CHA @ NYL,L,17,0,2,0.0,0,0,,2,2,1.0,1,1,2,1,0,0,1,4,2,,4.9,0
22000,100368,Angie Braziel,1611661314,CHA,Charlotte Sting,1020000151,2000-07-12,CHA @ NYL,L,6,0,0,,0,0,,0,0,,0,1,1,1,0,0,0,1,0,,2.7,0
22000,100371,Charlotte Smith,1611661314,CHA,Charlotte Sting,1020000151,2000-07-12,CHA @ NYL,L,21,2,10,0.2,2,5,0.4,0,0,,3,2,5,4,0,1,1,3,6,,20.0,0
22000,100372,Dawn Staley,1611661314,CHA,Charlotte Sting,1020000151,2000-07-12,CHA @ NYL,L,34,5,11,0.455,2,4,0.5,1,2,0.5,0,2,2,3,4,0,1,3,13,,30.9,0
22000,100446,Summer Erb,1611661314,CHA,Charlotte Sting,1020000151,2000-07-12,CHA @ NYL,L,6,0,0,,0,0,,0,0,,0,2,2,0,0,0,0,2,0,,2.4,0
22000,100447,Tiffany Travis,1611661314,CHA,Charlotte Sting,1020000151,2000-07-12,CHA @ NYL,L,15,2,4,0.5,0,0,,0,0,,0,0,0,0,0,0,0,0,4,,4.0,0
22000,100452,E.C. Hill,1611661314,CHA,Charlotte Sting,1020000151,2000-07-12,CHA @ NYL,L,8,1,3,0.333,0,1,0.0,0,0,,0,0,0,1,0,0,0,4,2,,3.5,0
22000,100454,Larecha Jones,1611661314,CHA,Charlotte Sting,1020000151,2000-07-12,CHA @ NYL,L,3,1,1,1.0,0,0,,0,0,,0,1,1,0,0,0,0,0,2,,3.2,0
22000,100058,Vicky Bullett,1611661322,WAS,Washington Mystics,1020000152,2000-07-12,WAS vs. IND,L,35,6,9,0.667,0,0,,3,4,0.75,3,5,8,0,4,1,4,4,15,,35.6,0
22000,100198,Nikki McCray,1611661322,WAS,Washington Mystics,1020000152,2000-07-12,WAS vs. IND,L,38,4,17,0.235,1,6,0.167,5,6,0.833,1,0,1,4,3,0,4,5,14,,26.2,0
22000,100199,Murriel Page,1611661322,WAS,Washington Mystics,1020000152,2000-07-12,WAS vs. IND,L,37,4,8,0.5,0,0,,1,2,0.5,4,8,12,2,0,0,5,2,9,,21.4,0
22000,100348,Markita Aldridge,1611661322,WAS,Washington Mystics,1020000152,2000-07-12,WAS vs. IND,L,2,0,0,,0,0,,0,0,,0,0,0,0,0,0,0,1,0,,0.0,0
22000,100353,Andrea Nagy,1611661322,WAS,Washington Mystics,1020000152,2000-07-12,WAS vs. IND,L,29,2,2,1.0,1,1,1.0,0,0,,1,0,1,2,0,0,2,1,5,,7.2,0
22000,100354,Heather Owen,1611661322,WAS,Washington Mystics,1020000152,2000-07-12,WAS vs. IND,L,4,0,0,,0,0,,0,0,,1,1,2,0,0,0,1,2,0,,1.4,0
22000,100356,Chamique Holdsclaw,1611661322,WAS,Washington Mystics,1020000152,2000-07-12,WAS vs. IND,L,35,6,16,0.375,0,2,0.0,1,2,0.5,1,4,5,3,1,0,2,2,13,,24.5,0
22000,100553,Keisha Anderson,1611661322,WAS,Washington Mystics,1020000152,2000-07-12,WAS vs. IND,L,11,0,1,0.0,0,0,,0,0,,0,0,0,0,2,1,3,2,0,,6.0,0
22000,100554,Beth Cunningham,1611661322,WAS,Washington Mystics,1020000152,2000-07-12,WAS vs. IND,L,3,0,0,,0,0,,0,0,,0,0,0,0,0,0,0,1,0,,0.0,0
22000,100555,Tausha Mills,1611661322,WAS,Washington Mystics,1020000152,2000-07-12,WAS vs. IND,L,4,0,0,,0,0,,0,0,,1,0,1,1,0,0,1,0,0,,1.7,0
22000,100557,Tonya Massaline,1611661322,WAS,Washington Mystics,1020000152,2000-07-12,WAS vs. IND,L,2,1,2,0.5,0,0,,0,0,,1,0,1,0,0,0,0,0,2,,3.2,0
22000,100022,Chantel Tremitiere,1611661325,IND,Indiana Fever,1020000152,2000-07-12,IND @ WAS,W,23,1,2,0.5,0,0,,2,2,1.0,1,0,1,5,1,0,1,0,4,,14.7,0
22000,100204,Rita Williams,1611661325,IND,Indiana Fever,1020000152,2000-07-12,IND @ WAS,W,32,5,9,0.556,2,4,0.5,5,8,0.625,0,2,2,2,4,0,2,3,17,,32.4,0
22000,100216,Alicia Thompson,1611661325,IND,Indiana Fever,1020000152,2000-07-12,IND @ WAS,W,20,5,7,0.714,1,1,1.0,0,0,,2,4,6,0,1,0,0,2,11,,21.2,0
22000,100340,Kara Wolters,1611661325,IND,Indiana Fever,1020000152,2000-07-12,IND @ WAS,W,33,6,10,0.6,0,0,,0,0,,0,5,5,2,0,3,1,2,12,,29.0,0
22000,100357,Monica Maxwell,1611661325,IND,Indiana Fever,1020000152,2000-07-12,IND @ WAS,W,26,4,8,0.5,3,4,0.75,2,2,1.0,0,1,1,3,3,0,3,1,13,,24.7,0
22000,100370,Stephanie White,1611661325,IND,Indiana Fever,1020000152,2000-07-12,IND @ WAS,W,20,2,4,0.5,2,3,0.667,7,8,0.875,0,1,1,2,4,0,1,1,13,,28.2,0
22000,100394,Gordana Grubin,1611661325,IND,Indiana Fever,1020000152,2000-07-12,IND @ WAS,W,18,2,5,0.4,1,2,0.5,0,0,,1,0,1,2,0,0,3,1,5,,6.2,0
22000,100471,Danielle McCulley,1611661325,IND,Indiana Fever,1020000152,2000-07-12,IND @ WAS,W,7,1,3,0.333,0,1,0.0,0,0,,1,1,2,0,0,1,1,0,2,,6.4,0
22000,100472,Texlin Quinney,1611661325,IND,Indiana Fever,1020000152,2000-07-12,IND @ WAS,W,1,1,1,1.0,0,0,,0,1,0.0,2,0,2,1,0,0,1,1,2,,4.9,0
22000,101006,Jurgita Streimikyte,1611661325,IND,Indiana Fever,1020000152,2000-07-12,IND @ WAS,W,20,1,4,0.25,0,0,,0,2,0.0,0,5,5,1,0,1,1,3,2,,11.5,0
22000,100046,Wendy Palmer,1611661321,DET,Detroit Shock,1020000153,2000-07-12,DET vs. SEA,W,27,4,6,0.667,1,3,0.333,3,4,0.75,0,4,4,0,1,1,3,5,12,,19.8,0
22000,100351,Joy Holmes,1611661321,DET,Detroit Shock,1020000153,2000-07-12,DET vs. SEA,W,5,0,0,,0,0,,0,0,,0,1,1,0,0,0,2,1,0,,-0.8,0
22000,100384,Dominique Canty,1611661321,DET,Detroit Shock,1020000153,2000-07-12,DET vs. SEA,W,25,6,7,0.857,0,0,,3,4,0.75,3,0,3,0,5,0,1,1,15,,32.6,0
22000,100386,Claudia Neves,1611661321,DET,Detroit Shock,1020000153,2000-07-12,DET vs. SEA,W,17,0,5,0.0,0,3,0.0,0,0,,1,0,1,1,0,0,2,0,0,,0.7,0
22000,100387,Astou Ndiaye-Diatta,1611661321,DET,Detroit Shock,1020000153,2000-07-12,DET vs. SEA,W,33,5,11,0.455,0,0,,0,0,,0,3,3,1,3,0,2,2,10,,22.1,0
22000,100388,Elena Tornikidou,1611661321,DET,Detroit Shock,1020000153,2000-07-12,DET vs. SEA,W,33,5,12,0.417,0,0,,1,1,1.0,2,5,7,4,0,1,1,2,11,,27.4,0
22000,100390,Oksana Zakaluzhnaya,1611661321,DET,Detroit Shock,1020000153,2000-07-12,DET vs. SEA,W,17,0,1,0.0,0,0,,0,0,,0,2,2,0,1,2,1,2,0,,10.4,0
22000,100492,Edwina Brown,1611661321,DET,Detroit Shock,1020000153,2000-07-12,DET vs. SEA,W,26,1,3,0.333,0,0,,5,6,0.833,2,4,6,2,0,0,4,3,7,,13.2,0
22000,100493,Anna DeForge,1611661321,DET,Detroit Shock,1020000153,2000-07-12,DET vs. SEA,W,14,2,2,1.0,0,0,,1,1,1.0,1,2,3,1,0,0,2,0,5,,8.1,0
22000,100494,Barbara Farris,1611661321,DET,Detroit Shock,1020000153,2000-07-12,DET vs. SEA,W,3,0,0,,0,0,,1,2,0.5,0,0,0,0,0,0,2,3,1,,-1.0,0
22000,100111,Simone Edwards,1611661328,SEA,Seattle Storm,1020000153,2000-07-12,SEA @ DET,L,10,1,5,0.2,0,0,,0,0,,0,0,0,0,0,0,1,1,2,,1.0,0
22000,100179,Charmin Smith,1611661328,SEA,Seattle Storm,1020000153,2000-07-12,SEA @ DET,L,23,1,2,0.5,0,1,0.0,0,0,,0,2,2,1,0,0,1,5,2,,4.9,0
22000,100230,Quacy Barnes,1611661328,SEA,Seattle Storm,1020000153,2000-07-12,SEA @ DET,L,27,3,8,0.375,0,0,,0,2,0.0,1,3,4,1,1,1,5,3,6,,13.3,0
22000,100336,Sonja Henning,1611661328,SEA,Seattle Storm,1020000153,2000-07-12,SEA @ DET,L,39,4,7,0.571,4,5,0.8,0,0,,0,0,0,2,3,0,3,1,12,,21.0,0
22000,100470,Stacey Lovelace,1611661328,SEA,Seattle Storm,1020000153,2000-07-12,SEA @ DET,L,5,0,1,0.0,0,0,,0,0,,0,0,0,1,0,0,1,0,0,,0.5,0
22000,100503,Andrea Garner,1611661328,SEA,Seattle Storm,1020000153,2000-07-12,SEA @ DET,L,18,1,4,0.25,1,2,0.5,2,2,1.0,3,4,7,2,0,0,0,0,5,,16.4,0
22000,100541,Jamie Redd,1611661328,SEA,Seattle Storm,1020000153,2000-07-12,SEA @ DET,L,24,6,13,0.462,4,7,0.571,1,2,0.5,3,1,4,0,1,0,1,2,17,,23.8,0
22000,100542,Charisse Sampson,1611661328,SEA,Seattle Storm,1020000153,2000-07-12,SEA @ DET,L,16,0,0,,0,0,,3,4,0.75,1,1,2,1,1,0,1,3,3,,8.9,0
22000,100543,Robin Threatt-Elliott,1611661328,SEA,Seattle Storm,1020000153,2000-07-12,SEA @ DET,L,18,2,8,0.25,1,1,1.0,2,2,1.0,0,0,0,3,2,0,1,3,7,,16.5,0
22000,100544,Kamila Vodichkova,1611661328,SEA,Seattle Storm,1020000153,2000-07-12,SEA @ DET,L,20,1,5,0.2,0,0,,0,0,,0,1,1,1,1,2,2,4,2,,11.7,0
22000,100092,Merlakia Jones,1611661315,CLE,Cleveland Rockers,1020000154,2000-07-12,CLE vs. ORL,W,21,0,1,0.0,0,0,,0,0,,1,0,1,1,1,0,0,2,0,,5.7,0
22000,100097,Rushia Brown,1611661315,CLE,Cleveland Rockers,1020000154,2000-07-12,CLE vs. ORL,W,21,3,3,1.0,0,0,,0,0,,1,2,3,0,1,0,0,2,6,,12.6,0
22000,100187,Suzie McConnell Serio,1611661315,CLE,Cleveland Rockers,1020000154,2000-07-12,CLE vs. ORL,W,21,1,1,1.0,1,1,1.0,0,0,,0,0,0,1,0,0,0,0,3,,4.5,0
22000,100428,Mery Andrade,1611661315,CLE,Cleveland Rockers,1020000154,2000-07-12,CLE vs. ORL,W,21,0,2,0.0,0,0,,0,0,,0,1,1,1,0,0,0,0,0,,2.7,0
22000,100433,Chasity Melvin,1611661315,CLE,Cleveland Rockers,1020000154,2000-07-12,CLE vs. ORL,W,21,2,5,0.4,0,0,,1,1,1.0,3,2,5,0,0,0,0,0,5,,11.0,0
22000,100100,Adrienne Johnson,1611661323,ORL,Orlando Miracle,1020000154,2000-07-12,ORL @ CLE,L,21,0,1,0.0,0,0,,0,0,,0,0,0,0,0,0,0,0,0,,0.0,0
22000,100410,Shannon Johnson,1611661323,ORL,Orlando Miracle,1020000154,2000-07-12,ORL @ CLE,L,21,0,0,,0,0,,0,0,,0,1,1,0,0,0,1,0,0,,0.2,0
22000,100412,Taj McWilliams-Franklin,1611661323,ORL,Orlando Miracle,1020000154,2000-07-12,ORL @ CLE,L,21,0,1,0.0,0,0,,1,2,0.5,0,0,0,0,0,0,1,0,1,,0.0,0
22000,100415,Nykesha Sales,1611661323,ORL,Orlando Miracle,1020000154,2000-07-12,ORL @ CLE,L,21,0,1,0.0,0,0,,0,0,,0,0,0,0,0,0,0,0,0,,0.0,0
22000,100514,Cintia dos Santos,1611661323,ORL,Orlando Miracle,1020000154,2000-07-12,ORL @ CLE,L,21,0,1,0.0,0,0,,0,0,,0,0,0,0,0,1,0,1,0,,3.0,0
22000,100072,Sheryl Swoopes,1611661316,HOU,Houston Comets,1020000155,2000-07-12,HOU vs. SAC,W,40,11,20,0.55,1,3,0.333,2,2,1.0,2,7,9,5,3,1,5,1,25,,50.3,0
22000,100073,Cynthia Cooper,1611661316,HOU,Houston Comets,1020000155,2000-07-12,HOU vs. SAC,W,38,6,16,0.375,1,4,0.25,4,4,1.0,1,2,3,7,1,1,1,2,17,,36.1,0
22000,100075,Janeth Arcain,1611661316,HOU,Houston Comets,1020000155,2000-07-12,HOU vs. SAC,W,34,4,11,0.364,0,2,0.0,0,0,,2,0,2,2,1,0,2,0,8,,14.4,0
22000,100076,Tina Thompson,1611661316,HOU,Houston Comets,1020000155,2000-07-12,HOU vs. SAC,W,36,6,12,0.5,1,3,0.333,2,2,1.0,4,5,9,1,2,1,2,2,15,,34.3,0
22000,100077,Tammy Jackson,1611661316,HOU,Houston Comets,1020000155,2000-07-12,HOU vs. SAC,W,8,1,1,1.0,0,0,,0,0,,0,1,1,0,1,0,0,0,2,,6.2,0
22000,100207,Monica Lamb,1611661316,HOU,Houston Comets,1020000155,2000-07-12,HOU vs. SAC,W,4,0,0,,0,0,,0,0,,0,0,0,0,0,0,0,0,0,,0.0,0
22000,100233,Tiffani Johnson,1611661316,HOU,Houston Comets,1020000155,2000-07-12,HOU vs. SAC,W,32,4,6,0.667,0,0,,2,3,0.667,1,4,5,0,2,0,0,2,10,,22.0,0
22000,100338,Jennifer Rizzotti,1611661316,HOU,Houston Comets,1020000155,2000-07-12,HOU vs. SAC,W,8,0,1,0.0,0,1,0.0,0,0,,0,2,2,2,0,1,0,1,0,,8.4,0
22000,100016,Ruthie Bolton,1611661318,SAC,Sacramento Monarchs,1020000155,2000-07-12,SAC @ HOU,L,35,5,17,0.294,1,7,0.143,1,2,0.5,1,2,3,3,4,0,3,2,12,,29.1,0
22000,100027,Latasha Byears,1611661318,SAC,Sacramento Monarchs,1020000155,2000-07-12,SAC @ HOU,L,14,0,2,0.0,0,0,,0,0,,0,2,2,0,0,0,1,1,0,,1.4,0
22000,100044,Lady Grooms,1611661318,SAC,Sacramento Monarchs,1020000155,2000-07-12,SAC @ HOU,L,17,4,6,0.667,0,0,,0,0,,2,0,2,1,0,1,2,2,8,,12.9,0
22000,100234,Ticha Penicheiro,1611661318,SAC,Sacramento Monarchs,1020000155,2000-07-12,SAC @ HOU,L,40,4,12,0.333,1,4,0.25,0,0,,2,5,7,8,3,0,2,2,9,,36.4,0
22000,100236,Tangela Smith,1611661318,SAC,Sacramento Monarchs,1020000155,2000-07-12,SAC @ HOU,L,30,5,15,0.333,0,0,,1,2,0.5,5,3,8,1,0,1,3,5,11,,22.1,0
22000,100419,Yolanda Griffith,1611661318,SAC,Sacramento Monarchs,1020000155,2000-07-12,SAC @ HOU,L,35,9,12,0.75,0,0,,4,4,1.0,5,4,9,3,2,1,3,3,22,,43.3,0
22000,100421,Kedra Holland-Corn,1611661318,SAC,Sacramento Monarchs,1020000155,2000-07-12,SAC @ HOU,L,29,0,4,0.0,0,2,0.0,0,0,,1,2,3,2,0,0,1,0,0,,5.6,0
22000,100239,Margo Dydek,1611661319,UTA,Utah Starzz,1020000156,2000-07-12,UTA vs. POR,W,24,3,7,0.429,0,2,0.0,2,2,1.0,2,5,7,3,0,2,4,7,8,,22.9,0
22000,100242,LaTonya Johnson,1611661319,UTA,Utah Starzz,1020000156,2000-07-12,UTA vs. POR,W,13,0,3,0.0,0,2,0.0,3,4,0.75,0,1,1,1,1,0,0,1,3,,8.7,0
22000,100250,Korie Hlede,1611661319,UTA,Utah Starzz,1020000156,2000-07-12,UTA vs. POR,W,31,5,10,0.5,0,3,0.0,3,5,0.6,0,4,4,2,2,0,1,5,13,,25.8,0
22000,100363,Adrienne Goodson,1611661319,UTA,Utah Starzz,1020000156,2000-07-12,UTA vs. POR,W,36,7,19,0.368,0,3,0.0,2,2,1.0,2,7,9,3,2,2,3,3,16,,40.3,0
22000,100364,Dalma Ivanyi,1611661319,UTA,Utah Starzz,1020000156,2000-07-12,UTA vs. POR,W,7,1,3,0.333,0,0,,0,0,,1,0,1,0,0,0,0,0,2,,3.2,0
22000,100366,Natalie Williams,1611661319,UTA,Utah Starzz,1020000156,2000-07-12,UTA vs. POR,W,37,6,12,0.5,0,0,,10,13,0.769,9,5,14,1,2,1,0,6,22,,49.3,0
22000,100382,Jennifer Azzi,1611661319,UTA,Utah Starzz,1020000156,2000-07-12,UTA vs. POR,W,33,2,7,0.286,0,1,0.0,0,0,,1,3,4,4,1,1,5,2,4,,15.8,0
22000,100549,Amy Herrig,1611661319,UTA,Utah Starzz,1020000156,2000-07-12,UTA vs. POR,W,1,0,0,,0,0,,0,0,,0,0,0,0,0,0,0,0,0,,0.0,0
22000,100551,Naomi Mulitauaopele,1611661319,UTA,Utah Starzz,1020000156,2000-07-12,UTA vs. POR,W,18,2,4,0.5,0,1,0.0,4,4,1.0,0,0,0,0,0,1,1,3,8,,10.0,0
22000,100038,Tara Williams,1611661327,POR,Portland Fire,1020000156,2000-07-12,POR @ UTA,L,8,1,3,0.333,0,1,0.0,0,0,,0,1,1,0,1,0,0,2,2,,6.2,0
22000,100105,Sophia Witherspoon,1611661327,POR,Portland Fire,1020000156,2000-07-12,POR @ UTA,L,31,4,13,0.308,1,5,0.2,10,10,1.0,0,1,1,1,3,0,2,5,19,,28.7,0
22000,100215,Vanessa Nygaard,1611661327,POR,Portland Fire,1020000156,2000-07-12,POR @ UTA,L,34,3,9,0.333,1,5,0.2,2,2,1.0,2,1,3,1,1,0,2,5,9,,15.1,0
22000,100284,Tully Bevilaqua,1611661327,POR,Portland Fire,1020000156,2000-07-12,POR @ UTA,L,22,1,3,0.333,0,2,0.0,0,0,,0,4,4,1,1,0,0,2,2,,11.3,0
22000,100346,Michele Van Gorp,1611661327,POR,Portland Fire,1020000156,2000-07-12,POR @ UTA,L,15,1,3,0.333,0,0,,2,4,0.5,3,2,5,0,0,0,1,2,4,,9.0,0
22000,100529,Sylvia Crawley,1611661327,POR,Portland Fire,1020000156,2000-07-12,POR @ UTA,L,30,3,9,0.333,0,0,,2,2,1.0,1,6,7,1,1,0,5,5,8,,15.9,0
22000,100530,Lynn Pride,1611661327,POR,Portland Fire,1020000156,2000-07-12,POR @ UTA,L,21,2,5,0.4,0,0,,4,4,1.0,1,2,3,1,0,2,2,2,8,,17.1,0
22000,100532,Stacey Thomas,1611661327,POR,Portland Fire,1020000156,2000-07-12,POR @ UTA,L,20,1,2,0.5,0,0,,2,2,1.0,1,1,2,2,1,1,1,3,4,,14.4,0
22000,100533,DeMya Walker,1611661327,POR,Portland Fire,1020000156,2000-07-12,POR @ UTA,L,1,0,0,,0,0,,0,0,,0,0,0,0,0,0,0,1,0,,0.0,0
22000,100570,Michelle Marciniak,1611661327,POR,Portland Fire,1020000156,2000-07-12,POR @ UTA,L,18,3,7,0.429,1,1,1.0,4,8,0.5,1,2,3,2,3,0,0,2,11,,26.6,0
22000,100058,Vicky Bullett,1611661322,WAS,Washington Mystics,1020000157,2000-07-13,WAS @ MIA,W,33,4,7,0.571,0,0,,3,4,0.75,3,9,12,2,0,2,3,2,11,,31.4,0
22000,100198,Nikki McCray,1611661322,WAS,Washington Mystics,1020000157,2000-07-13,WAS @ MIA,W,38,5,15,0.333,1,5,0.2,5,7,0.714,1,0,1,3,0,0,2,2,16,,19.7,0
22000,100199,Murriel Page,1611661322,WAS,Washington Mystics,1020000157,2000-07-13,WAS @ MIA,W,31,5,5,1.0,0,0,,3,8,0.375,3,6,9,1,0,1,2,3,13,,26.3,0
22000,100348,Markita Aldridge,1611661322,WAS,Washington Mystics,1020000157,2000-07-13,WAS @ MIA,W,7,1,1,1.0,1,1,1.0,0,0,,0,0,0,0,0,0,1,1,3,,2.0,0
22000,100353,Andrea Nagy,1611661322,WAS,Washington Mystics,1020000157,2000-07-13,WAS @ MIA,W,28,2,5,0.4,1,2,0.5,2,2,1.0,0,3,3,3,0,0,3,1,7,,12.1,0
22000,100354,Heather Owen,1611661322,WAS,Washington Mystics,1020000157,2000-07-13,WAS @ MIA,W,7,0,0,,0,0,,0,0,,1,0,1,0,0,0,0,0,0,,1.2,0
22000,100356,Chamique Holdsclaw,1611661322,WAS,Washington Mystics,1020000157,2000-07-13,WAS @ MIA,W,35,3,9,0.333,0,0,,0,0,,1,8,9,1,0,0,1,2,6,,17.3,0
22000,100553,Keisha Anderson,1611661322,WAS,Washington Mystics,1020000157,2000-07-13,WAS @ MIA,W,12,1,1,1.0,0,0,,0,0,,0,0,0,2,1,0,3,3,2,,5.0,0
22000,100555,Tausha Mills,1611661322,WAS,Washington Mystics,1020000157,2000-07-13,WAS @ MIA,W,9,1,4,0.25,0,0,,0,0,,0,2,2,0,0,2,0,4,2,,10.4,0
22000,100009,Katrina Colleton,1611661326,MIA,Miami Sol,1020000157,2000-07-13,MIA vs. WAS,L,33,6,15,0.4,1,1,1.0,0,0,,0,1,1,2,1,0,0,1,13,,20.2,0
22000,100037,Marlies Askamp,1611661326,MIA,Miami Sol,1020000157,2000-07-13,MIA vs. WAS,L,29,1,8,0.125,0,0,,3,6,0.5,4,4,8,2,2,0,2,3,5,,21.6,0
22000,100063,Sharon Manning,1611661326,MIA,Miami Sol,1020000157,2000-07-13,MIA vs. WAS,L,27,3,7,0.429,0,1,0.0,2,3,0.667,4,2,6,1,1,0,0,2,8,,19.7,0
22000,100107,Kisha Ford,1611661326,MIA,Miami Sol,1020000157,2000-07-13,MIA vs. WAS,L,15,1,5,0.2,0,0,,0,0,,1,1,2,0,1,0,1,3,2,,6.4,0
22000,100359,Debbie Black,1611661326,MIA,Miami Sol,1020000157,2000-07-13,MIA vs. WAS,L,24,1,2,0.5,0,0,,0,0,,2,1,3,4,1,0,1,2,2,,13.6,0
22000,100416,Sheri Sam,1611661326,MIA,Miami Sol,1020000157,2000-07-13,MIA vs. WAS,L,28,4,13,0.308,1,4,0.25,4,7,0.571,0,1,1,0,3,0,3,3,13,,20.2,0
22000,100451,Jamie Cassidy,1611661326,MIA,Miami Sol,1020000157,2000-07-13,MIA vs. WAS,L,3,0,4,0.0,0,0,,1,2,0.5,1,1,2,0,0,0,0,0,1,,3.4,0
22000,100552,Kristen Rasmussen,1611661326,MIA,Miami Sol,1020000157,2000-07-13,MIA vs. WAS,L,10,0,2,0.0,0,0,,2,2,1.0,3,2,5,1,0,0,0,2,2,,9.5,0
22000,100558,Jameka Jones,1611661326,MIA,Miami Sol,1020000157,2000-07-13,MIA vs. WAS,L,4,0,2,0.0,0,0,,0,0,,1,0,1,0,0,0,0,0,0,,1.2,0
22000,100559,Milena Flores,1611661326,MIA,Miami Sol,1020000157,2000-07-13,MIA vs. WAS,L,17,1,4,0.25,0,1,0.0,0,0,,1,1,2,1,1,0,0,2,2,,8.9,0
22000,100560,Shantia Owens,1611661326,MIA,Miami Sol,1020000157,2000-07-13,MIA vs. WAS,L,10,0,0,,0,0,,0,0,,0,2,2,0,0,1,2,3,0,,3.4,0
22000,100030,Jennifer Gillom,1611661317,PHO,Phoenix Mercury,1020000158,2000-07-13,PHO vs. SAC,W,32,3,9,0.333,0,3,0.0,3,3,1.0,0,4,4,1,0,0,3,4,9,,12.3,0
22000,100031,Bridget Pettis,1611661317,PHO,Phoenix Mercury,1020000158,2000-07-13,PHO vs. SAC,W,10,1,1,1.0,1,1,1.0,2,2,1.0,0,0,0,0,1,0,0,0,5,,8.0,0
22000,100225,Brandy Reed,1611661317,PHO,Phoenix Mercury,1020000158,2000-07-13,PHO vs. SAC,W,39,10,18,0.556,1,3,0.333,4,4,1.0,3,7,10,5,1,2,4,2,25,,49.5,0
22000,100378,Lisa Harrison,1611661317,PHO,Phoenix Mercury,1020000158,2000-07-13,PHO vs. SAC,W,34,3,5,0.6,2,3,0.667,0,0,,1,5,6,4,1,0,1,3,8,,23.2,0
22000,100398,Tonya Edwards,1611661317,PHO,Phoenix Mercury,1020000158,2000-07-13,PHO vs. SAC,W,36,6,11,0.545,2,5,0.4,3,4,0.75,1,4,5,1,1,1,0,3,17,,30.5,0
22000,100525,Rankica Sarenac,1611661317,PHO,Phoenix Mercury,1020000158,2000-07-13,PHO vs. SAC,W,5,0,1,0.0,0,0,,0,0,,0,2,2,0,0,1,1,2,0,,4.4,0
22000,100526,Adrian Williams-Strong,1611661317,PHO,Phoenix Mercury,1020000158,2000-07-13,PHO vs. SAC,W,9,1,3,0.333,0,0,,1,6,0.167,0,1,1,1,0,1,1,2,3,,7.7,0
22000,100594,Michelle Cleary,1611661317,PHO,Phoenix Mercury,1020000158,2000-07-13,PHO vs. SAC,W,35,1,4,0.25,1,3,0.333,2,2,1.0,2,3,5,3,1,0,3,3,5,,15.5,0
22000,100016,Ruthie Bolton,1611661318,SAC,Sacramento Monarchs,1020000158,2000-07-13,SAC @ PHO,L,31,4,11,0.364,1,5,0.2,1,2,0.5,0,0,0,0,0,0,0,5,10,,10.0,0
22000,100027,Latasha Byears,1611661318,SAC,Sacramento Monarchs,1020000158,2000-07-13,SAC @ PHO,L,18,2,6,0.333,0,0,,5,6,0.833,1,2,3,3,0,0,1,2,9,,16.1,0
22000,100044,Lady Grooms,1611661318,SAC,Sacramento Monarchs,1020000158,2000-07-13,SAC @ PHO,L,8,0,0,,0,0,,0,0,,0,0,0,0,0,0,2,1,0,,-2.0,0
22000,100183,Cindy Blodgett,1611661318,SAC,Sacramento Monarchs,1020000158,2000-07-13,SAC @ PHO,L,15,1,5,0.2,1,5,0.2,0,0,,0,0,0,0,1,0,1,0,3,,5.0,0
22000,100234,Ticha Penicheiro,1611661318,SAC,Sacramento Monarchs,1020000158,2000-07-13,SAC @ PHO,L,18,0,3,0.0,0,0,,1,2,0.5,1,0,1,2,2,0,2,3,1,,9.2,0
22000,100236,Tangela Smith,1611661318,SAC,Sacramento Monarchs,1020000158,2000-07-13,SAC @ PHO,L,28,3,11,0.273,0,0,,2,2,1.0,0,4,4,0,0,2,2,4,8,,16.8,0
22000,100419,Yolanda Griffith,1611661318,SAC,Sacramento Monarchs,1020000158,2000-07-13,SAC @ PHO,L,33,4,11,0.364,0,0,,3,4,0.75,5,11,16,3,4,0,1,3,11,,45.7,0
22000,100421,Kedra Holland-Corn,1611661318,SAC,Sacramento Monarchs,1020000158,2000-07-13,SAC @ PHO,L,32,7,8,0.875,4,4,1.0,1,1,1.0,1,2,3,3,1,1,2,2,19,,31.1,0
22000,100534,Stacy Clinesmith,1611661318,SAC,Sacramento Monarchs,1020000158,2000-07-13,SAC @ PHO,L,7,0,0,,0,0,,0,0,,0,1,1,1,0,0,1,0,0,,1.7,0
22000,100536,Katy Steding,1611661318,SAC,Sacramento Monarchs,1020000158,2000-07-13,SAC @ PHO,L,10,1,4,0.25,1,4,0.25,0,0,,0,2,2,1,0,0,0,1,3,,6.9,0
22000,100101,Teresa Weatherspoon,1611661313,NYL,New York Liberty,1020000159,2000-07-14,NYL @ ORL,W,36,0,2,0.0,0,1,0.0,0,2,0.0,0,5,5,7,1,0,4,1,0,,15.5,0
22000,100103,Vickie Johnson,1611661313,NYL,New York Liberty,1020000159,2000-07-14,NYL @ ORL,W,34,7,11,0.636,0,2,0.0,1,1,1.0,1,2,3,1,1,0,2,3,15,,21.1,0
22000,100104,Sue Wicks,1611661313,NYL,New York Liberty,1020000159,2000-07-14,NYL @ ORL,W,15,1,2,0.5,0,0,,0,0,,0,4,4,0,0,2,1,1,2,,11.8,0
22000,100342,Becky Hammon,1611661313,NYL,New York Liberty,1020000159,2000-07-14,NYL @ ORL,W,23,3,6,0.5,1,2,0.5,1,2,0.5,0,3,3,3,2,0,1,0,8,,21.1,0
22000,100345,Crystal Robinson,1611661313,NYL,New York Liberty,1020000159,2000-07-14,NYL @ ORL,W,27,3,7,0.429,1,4,0.25,4,4,1.0,2,0,2,0,1,2,2,4,11,,20.4,0
22000,100347,Tamika Whitmore,1611661313,NYL,New York Liberty,1020000159,2000-07-14,NYL @ ORL,W,32,4,10,0.4,0,0,,0,0,,1,4,5,1,1,1,1,2,8,,20.5,0
22000,100413,Tari Phillips,1611661313,NYL,New York Liberty,1020000159,2000-07-14,NYL @ ORL,W,33,4,10,0.4,0,0,,3,4,0.75,1,6,7,0,2,0,4,3,11,,21.4,0
22000,100048,Jessie Hicks,1611661323,ORL,Orlando Miracle,1020000159,2000-07-14,ORL vs. NYL,L,5,1,2,0.5,0,0,,0,0,,0,0,0,0,0,0,0,1,2,,2.0,0
22000,100100,Adrienne Johnson,1611661323,ORL,Orlando Miracle,1020000159,2000-07-14,ORL vs. NYL,L,36,8,19,0.421,2,9,0.222,4,4,1.0,3,7,10,1,0,0,0,1,22,,35.5,0
22000,100410,Shannon Johnson,1611661323,ORL,Orlando Miracle,1020000159,2000-07-14,ORL vs. NYL,L,37,4,7,0.571,1,3,0.333,1,1,1.0,2,5,7,3,2,1,4,3,10,,27.9,0
22000,100411,Carla McGhee,1611661323,ORL,Orlando Miracle,1020000159,2000-07-14,ORL vs. NYL,L,20,0,2,0.0,0,0,,2,4,0.5,0,0,0,2,1,0,1,1,2,,7.0,0
22000,100412,Taj McWilliams-Franklin,1611661323,ORL,Orlando Miracle,1020000159,2000-07-14,ORL vs. NYL,L,39,3,9,0.333,0,0,,3,3,1.0,1,3,4,1,2,2,3,1,9,,24.3,0
22000,100414,Elaine Powell,1611661323,ORL,Orlando Miracle,1020000159,2000-07-14,ORL vs. NYL,L,11,0,2,0.0,0,2,0.0,0,0,,0,0,0,1,0,0,1,3,0,,0.5,0
22000,100415,Nykesha Sales,1611661323,ORL,Orlando Miracle,1020000159,2000-07-14,ORL vs. NYL,L,32,1,8,0.125,0,4,0.0,1,2,0.5,1,1,2,1,2,0,1,4,3,,11.9,0
22000,100514,Cintia dos Santos,1611661323,ORL,Orlando Miracle,1020000159,2000-07-14,ORL vs. NYL,L,16,1,5,0.2,0,0,,1,2,0.5,2,1,3,0,0,1,3,2,3,,6.6,0
22000,100521,Tiffany McCain,1611661323,ORL,Orlando Miracle,1020000159,2000-07-14,ORL vs. NYL,L,4,0,0,,0,0,,0,0,,0,0,0,0,0,0,0,0,0,,0.0,0
22000,100046,Wendy Palmer,1611661321,DET,Detroit Shock,1020000160,2000-07-14,DET vs. MIA,W,33,6,12,0.5,0,1,0.0,3,3,1.0,2,7,9,4,0,0,1,0,15,,30.8,0
22000,100351,Joy Holmes,1611661321,DET,Detroit Shock,1020000160,2000-07-14,DET vs. MIA,W,10,1,3,0.333,0,0,,0,0,,0,1,1,1,0,0,1,3,2,,3.7,0
22000,100384,Dominique Canty,1611661321,DET,Detroit Shock,1020000160,2000-07-14,DET vs. MIA,W,26,4,9,0.444,0,0,,2,3,0.667,0,1,1,4,4,0,2,2,10,,27.2,0
22000,100386,Claudia Neves,1611661321,DET,Detroit Shock,1020000160,2000-07-14,DET vs. MIA,W,17,2,3,0.667,0,1,0.0,0,0,,1,0,1,2,1,0,1,1,4,,10.2,0
22000,100387,Astou Ndiaye-Diatta,1611661321,DET,Detroit Shock,1020000160,2000-07-14,DET vs. MIA,W,15,0,9,0.0,0,0,,1,2,0.5,4,0,4,1,0,0,3,3,1,,4.3,0
22000,100388,Elena Tornikidou,1611661321,DET,Detroit Shock,1020000160,2000-07-14,DET vs. MIA,W,27,1,4,0.25,0,0,,2,2,1.0,0,2,2,4,0,0,0,2,4,,12.4,0
22000,100390,Oksana Zakaluzhnaya,1611661321,DET,Detroit Shock,1020000160,2000-07-14,DET vs. MIA,W,10,5,6,0.833,0,0,,0,0,,0,0,0,0,0,1,0,3,10,,13.0,0
22000,100492,Edwina Brown,1611661321,DET,Detroit Shock,1020000160,2000-07-14,DET vs. MIA,W,19,2,5,0.4,0,0,,4,5,0.8,1,2,3,3,1,0,3,3,8,,16.1,0
22000,100493,Anna DeForge,1611661321,DET,Detroit Shock,1020000160,2000-07-14,DET vs. MIA,W,18,5,6,0.833,1,1,1.0,2,2,1.0,1,2,3,1,2,0,1,2,13,,23.1,0
22000,100494,Barbara Farris,1611661321,DET,Detroit Shock,1020000160,2000-07-14,DET vs. MIA,W,22,3,4,0.75,0,1,0.0,3,3,1.0,0,6,6,0,2,0,1,3,9,,21.2,0
22000,100497,Madinah Slaise,1611661321,DET,Detroit Shock,1020000160,2000-07-14,DET vs. MIA,W,3,0,1,0.0,0,0,,4,4,1.0,0,0,0,0,0,0,0,0,4,,4.0,0
22000,100009,Katrina Colleton,1611661326,MIA,Miami Sol,1020000160,2000-07-14,MIA @ DET,L,25,4,7,0.571,0,1,0.0,3,4,0.75,1,1,2,1,0,1,2,1,11,,15.9,0
22000,100037,Marlies Askamp,1611661326,MIA,Miami Sol,1020000160,2000-07-14,MIA @ DET,L,22,3,5,0.6,0,0,,1,2,0.5,2,5,7,0,0,1,1,4,7,,17.4,0
22000,100063,Sharon Manning,1611661326,MIA,Miami Sol,1020000160,2000-07-14,MIA @ DET,L,22,0,5,0.0,0,0,,0,0,,2,7,9,1,2,0,2,3,0,,16.3,0
22000,100107,Kisha Ford,1611661326,MIA,Miami Sol,1020000160,2000-07-14,MIA @ DET,L,19,2,6,0.333,0,0,,2,3,0.667,2,2,4,0,0,0,4,3,6,,6.8,0
22000,100359,Debbie Black,1611661326,MIA,Miami Sol,1020000160,2000-07-14,MIA @ DET,L,22,1,3,0.333,0,1,0.0,0,0,,0,1,1,2,1,0,3,2,2,,6.2,0
22000,100416,Sheri Sam,1611661326,MIA,Miami Sol,1020000160,2000-07-14,MIA @ DET,L,26,2,8,0.25,1,4,0.25,3,4,0.75,0,2,2,2,0,1,3,2,8,,13.4,0
22000,100451,Jamie Cassidy,1611661326,MIA,Miami Sol,1020000160,2000-07-14,MIA @ DET,L,7,0,1,0.0,0,0,,2,4,0.5,1,0,1,0,0,0,0,0,2,,3.2,0
22000,100552,Kristen Rasmussen,1611661326,MIA,Miami Sol,1020000160,2000-07-14,MIA @ DET,L,14,2,2,1.0,0,0,,0,0,,1,1,2,1,0,0,2,2,4,,5.9,0
22000,100558,Jameka Jones,1611661326,MIA,Miami Sol,1020000160,2000-07-14,MIA @ DET,L,10,1,5,0.2,0,2,0.0,2,2,1.0,0,0,0,0,1,0,3,4,4,,4.0,0
22000,100559,Milena Flores,1611661326,MIA,Miami Sol,1020000160,2000-07-14,MIA @ DET,L,18,0,2,0.0,0,2,0.0,0,0,,0,0,0,1,1,0,3,2,0,,1.5,0
22000,100560,Shantia Owens,1611661326,MIA,Miami Sol,1020000160,2000-07-14,MIA @ DET,L,15,2,5,0.4,0,0,,2,4,0.5,1,0,1,0,1,1,1,2,6,,12.2,0
22000,100022,Chantel Tremitiere,1611661325,IND,Indiana Fever,1020000161,2000-07-14,IND vs. SEA,W,17,1,2,0.5,0,1,0.0,0,0,,0,2,2,4,0,0,4,1,2,,6.4,0
22000,100204,Rita Williams,1611661325,IND,Indiana Fever,1020000161,2000-07-14,IND vs. SEA,W,24,3,10,0.3,2,7,0.286,0,0,,0,1,1,2,2,0,4,1,8,,14.2,0
22000,100216,Alicia Thompson,1611661325,IND,Indiana Fever,1020000161,2000-07-14,IND vs. SEA,W,30,3,9,0.333,0,1,0.0,0,0,,1,3,4,2,3,0,1,2,6,,21.8,0
22000,100340,Kara Wolters,1611661325,IND,Indiana Fever,1020000161,2000-07-14,IND vs. SEA,W,14,3,3,1.0,0,0,,0,0,,0,0,0,1,0,0,2,3,6,,5.5,0
22000,100357,Monica Maxwell,1611661325,IND,Indiana Fever,1020000161,2000-07-14,IND vs. SEA,W,30,1,5,0.2,1,2,0.5,1,2,0.5,3,6,9,0,2,0,2,2,4,,18.8,0
22000,100370,Stephanie White,1611661325,IND,Indiana Fever,1020000161,2000-07-14,IND vs. SEA,W,23,4,6,0.667,3,4,0.75,5,7,0.714,0,3,3,2,2,0,1,3,16,,27.6,0
22000,100394,Gordana Grubin,1611661325,IND,Indiana Fever,1020000161,2000-07-14,IND vs. SEA,W,24,1,5,0.2,1,2,0.5,2,2,1.0,0,4,4,3,0,0,1,0,5,,13.3,0
22000,100471,Danielle McCulley,1611661325,IND,Indiana Fever,1020000161,2000-07-14,IND vs. SEA,W,12,2,3,0.667,0,0,,0,0,,0,1,1,0,0,2,0,1,4,,11.2,0
22000,100472,Texlin Quinney,1611661325,IND,Indiana Fever,1020000161,2000-07-14,IND vs. SEA,W,3,0,0,,0,0,,0,0,,0,1,1,2,0,0,0,0,0,,4.2,0
22000,101006,Jurgita Streimikyte,1611661325,IND,Indiana Fever,1020000161,2000-07-14,IND vs. SEA,W,23,5,8,0.625,0,1,0.0,3,3,1.0,2,2,4,1,1,2,0,3,13,,28.3,0
22000,100111,Simone Edwards,1611661328,SEA,Seattle Storm,1020000161,2000-07-14,SEA @ IND,L,3,0,1,0.0,0,0,,0,0,,0,1,1,0,0,0,1,0,0,,0.2,0
22000,100179,Charmin Smith,1611661328,SEA,Seattle Storm,1020000161,2000-07-14,SEA @ IND,L,7,0,0,,0,0,,0,0,,1,1,2,0,1,0,0,0,0,,5.4,0
22000,100230,Quacy Barnes,1611661328,SEA,Seattle Storm,1020000161,2000-07-14,SEA @ IND,L,27,5,10,0.5,0,0,,2,5,0.4,0,4,4,1,1,0,1,6,12,,20.3,0
22000,100336,Sonja Henning,1611661328,SEA,Seattle Storm,1020000161,2000-07-14,SEA @ IND,L,35,0,4,0.0,0,2,0.0,2,4,0.5,0,5,5,2,3,0,3,1,2,,17.0,0
22000,100470,Stacey Lovelace,1611661328,SEA,Seattle Storm,1020000161,2000-07-14,SEA @ IND,L,14,1,3,0.333,0,0,,0,0,,0,3,3,0,0,0,2,2,2,,3.6,0
22000,100503,Andrea Garner,1611661328,SEA,Seattle Storm,1020000161,2000-07-14,SEA @ IND,L,20,1,3,0.333,0,0,,0,0,,3,0,3,0,0,0,4,3,2,,1.6,0
22000,100538,Katrina Hibbert,1611661328,SEA,Seattle Storm,1020000161,2000-07-14,SEA @ IND,L,4,0,0,,0,0,,0,0,,0,1,1,0,0,0,2,0,0,,-0.8,0
22000,100541,Jamie Redd,1611661328,SEA,Seattle Storm,1020000161,2000-07-14,SEA @ IND,L,13,1,3,0.333,0,1,0.0,0,0,,1,2,3,0,1,0,3,0,2,,5.6,0
22000,100542,Charisse Sampson,1611661328,SEA,Seattle Storm,1020000161,2000-07-14,SEA @ IND,L,27,3,5,0.6,0,1,0.0,2,2,1.0,0,2,2,2,0,0,1,2,8,,12.4,0
22000,100543,Robin Threatt-Elliott,1611661328,SEA,Seattle Storm,1020000161,2000-07-14,SEA @ IND,L,33,4,14,0.286,0,2,0.0,5,5,1.0,0,0,0,1,1,0,1,1,13,,16.5,0
22000,100544,Kamila Vodichkova,1611661328,SEA,Seattle Storm,1020000161,2000-07-14,SEA @ IND,L,17,1,3,0.333,0,0,,2,2,1.0,1,2,3,1,0,0,1,2,4,,8.1,0
22000,100030,Jennifer Gillom,1611661317,PHO,Phoenix Mercury,1020000162,2000-07-14,PHO @ UTA,L,27,8,17,0.471,1,3,0.333,3,3,1.0,2,2,4,3,1,1,4,4,20,,31.3,0
22000,100031,Bridget Pettis,1611661317,PHO,Phoenix Mercury,1020000162,2000-07-14,PHO @ UTA,L,18,2,7,0.286,0,2,0.0,1,1,1.0,1,0,1,1,1,0,0,0,5,,10.7,0
22000,100045,Dena Head,1611661317,PHO,Phoenix Mercury,1020000162,2000-07-14,PHO @ UTA,L,16,1,2,0.5,1,2,0.5,3,4,0.75,1,1,2,1,0,0,1,3,6,,8.9,0
22000,100225,Brandy Reed,1611661317,PHO,Phoenix Mercury,1020000162,2000-07-14,PHO @ UTA,L,40,10,17,0.588,1,1,1.0,4,6,0.667,3,1,4,2,2,2,4,0,25,,40.8,0
22000,100378,Lisa Harrison,1611661317,PHO,Phoenix Mercury,1020000162,2000-07-14,PHO @ UTA,L,39,4,6,0.667,0,0,,1,2,0.5,2,4,6,1,1,0,0,2,9,,20.7,0
22000,100398,Tonya Edwards,1611661317,PHO,Phoenix Mercury,1020000162,2000-07-14,PHO @ UTA,L,15,0,3,0.0,0,0,,1,2,0.5,1,0,1,0,0,0,0,1,1,,2.2,0
22000,100525,Rankica Sarenac,1611661317,PHO,Phoenix Mercury,1020000162,2000-07-14,PHO @ UTA,L,19,2,7,0.286,0,0,,2,2,1.0,4,4,8,3,0,0,1,5,6,,19.1,0
22000,100526,Adrian Williams-Strong,1611661317,PHO,Phoenix Mercury,1020000162,2000-07-14,PHO @ UTA,L,1,0,0,,0,0,,0,0,,0,0,0,0,0,0,0,0,0,,0.0,0
22000,100594,Michelle Cleary,1611661317,PHO,Phoenix Mercury,1020000162,2000-07-14,PHO @ UTA,L,25,4,6,0.667,1,2,0.5,3,4,0.75,1,0,1,4,2,0,0,1,12,,25.2,0
22000,100239,Margo Dydek,1611661319,UTA,Utah Starzz,1020000162,2000-07-14,UTA vs. PHO,W,19,2,5,0.4,0,0,,2,2,1.0,0,2,2,1,0,3,0,4,6,,18.9,0
22000,100242,LaTonya Johnson,1611661319,UTA,Utah Starzz,1020000162,2000-07-14,UTA vs. PHO,W,3,0,0,,0,0,,0,0,,0,1,1,0,0,0,2,1,0,,-0.8,0
22000,100250,Korie Hlede,1611661319,UTA,Utah Starzz,1020000162,2000-07-14,UTA vs. PHO,W,35,8,11,0.727,4,5,0.8,0,0,,0,3,3,4,1,0,1,2,20,,31.6,0
22000,100363,Adrienne Goodson,1611661319,UTA,Utah Starzz,1020000162,2000-07-14,UTA vs. PHO,W,37,8,12,0.667,0,0,,3,4,0.75,3,4,7,3,1,0,6,1,19,,28.9,0
22000,100364,Dalma Ivanyi,1611661319,UTA,Utah Starzz,1020000162,2000-07-14,UTA vs. PHO,W,4,1,1,1.0,1,1,1.0,0,0,,0,0,0,1,0,0,0,0,3,,4.5,0
22000,100366,Natalie Williams,1611661319,UTA,Utah Starzz,1020000162,2000-07-14,UTA vs. PHO,W,34,8,9,0.889,1,1,1.0,2,2,1.0,1,4,5,3,1,0,1,5,19,,31.5,0
22000,100382,Jennifer Azzi,1611661319,UTA,Utah Starzz,1020000162,2000-07-14,UTA vs. PHO,W,36,4,13,0.308,0,2,0.0,2,2,1.0,0,1,1,8,0,0,2,5,10,,21.2,0
22000,100422,Kate Starbird,1611661319,UTA,Utah Starzz,1020000162,2000-07-14,UTA vs. PHO,W,5,1,2,0.5,0,0,,0,0,,0,0,0,0,0,0,0,0,2,,2.0,0
22000,100549,Amy Herrig,1611661319,UTA,Utah Starzz,1020000162,2000-07-14,UTA vs. PHO,W,6,1,1,1.0,0,0,,0,0,,1,0,1,1,0,0,0,0,2,,4.7,0
22000,100551,Naomi Mulitauaopele,1611661319,UTA,Utah Starzz,1020000162,2000-07-14,UTA vs. PHO,W,21,2,3,0.667,0,0,,2,2,1.0,1,2,3,1,0,1,1,3,6,,13.1,0
22000,100072,Sheryl Swoopes,1611661316,HOU,Houston Comets,1020000163,2000-07-14,HOU @ LAS,L,39,11,22,0.5,1,3,0.333,3,3,1.0,0,6,6,3,0,3,5,2,26,,41.7,0
22000,100075,Janeth Arcain,1611661316,HOU,Houston Comets,1020000163,2000-07-14,HOU @ LAS,L,35,2,4,0.5,0,0,,0,0,,0,5,5,1,1,0,3,6,4,,11.5,0
22000,100076,Tina Thompson,1611661316,HOU,Houston Comets,1020000163,2000-07-14,HOU @ LAS,L,40,7,14,0.5,0,1,0.0,3,4,0.75,2,5,7,1,4,2,5,3,17,,39.9,0
22000,100077,Tammy Jackson,1611661316,HOU,Houston Comets,1020000163,2000-07-14,HOU @ LAS,L,22,2,3,0.667,0,0,,0,0,,1,2,3,1,1,0,3,4,4,,9.1,0
22000,100211,Amaya Valdemoro,1611661316,HOU,Houston Comets,1020000163,2000-07-14,HOU @ LAS,L,5,0,0,,0,0,,0,0,,0,0,0,0,0,0,0,1,0,,0.0,0
22000,100217,Coquese Washington,1611661316,HOU,Houston Comets,1020000163,2000-07-14,HOU @ LAS,L,24,2,6,0.333,0,3,0.0,3,4,0.75,0,1,1,4,0,0,2,5,7,,12.2,0
22000,100233,Tiffani Johnson,1611661316,HOU,Houston Comets,1020000163,2000-07-14,HOU @ LAS,L,18,0,0,,0,0,,0,0,,0,2,2,0,0,1,1,3,0,,4.4,0
22000,100338,Jennifer Rizzotti,1611661316,HOU,Houston Comets,1020000163,2000-07-14,HOU @ LAS,L,17,0,3,0.0,0,3,0.0,0,0,,0,2,2,3,0,0,1,1,0,,5.9,0
22000,100003,Lisa Leslie,1611661320,LAS,Los Angeles Sparks,1020000163,2000-07-14,LAS vs. HOU,W,30,3,12,0.25,0,0,,6,6,1.0,3,5,8,1,0,2,3,4,12,,26.1,0
22000,100008,Tamecka Dixon,1611661320,LAS,Los Angeles Sparks,1020000163,2000-07-14,LAS vs. HOU,W,28,5,8,0.625,0,2,0.0,4,4,1.0,1,2,3,0,2,0,0,3,14,,23.6,0
22000,100012,Mwadi Mabika,1611661320,LAS,Los Angeles Sparks,1020000163,2000-07-14,LAS vs. HOU,W,30,5,13,0.385,2,5,0.4,3,5,0.6,3,5,8,2,3,0,1,4,15,,35.6,0
22000,100170,Allison Feaster,1611661320,LAS,Los Angeles Sparks,1020000163,2000-07-14,LAS vs. HOU,W,14,0,2,0.0,0,1,0.0,0,0,,0,0,0,0,0,0,1,2,0,,-1.0,0
22000,100392,Ukari Figgs,1611661320,LAS,Los Angeles Sparks,1020000163,2000-07-14,LAS vs. HOU,W,21,1,5,0.2,1,3,0.333,0,0,,0,1,1,5,0,0,1,0,3,,10.7,0
22000,100395,Clarisse Machanguana,1611661320,LAS,Los Angeles Sparks,1020000163,2000-07-14,LAS vs. HOU,W,6,1,2,0.5,0,0,,0,0,,1,1,2,0,0,0,0,0,2,,4.4,0
22000,100396,DeLisha Milton-Jones,1611661320,LAS,Los Angeles Sparks,1020000163,2000-07-14,LAS vs. HOU,W,40,6,11,0.545,0,0,,2,4,0.5,0,5,5,3,2,0,3,4,14,,27.5,0
22000,100476,Vedrana Grgin Fonseca,1611661320,LAS,Los Angeles Sparks,1020000163,2000-07-14,LAS vs. HOU,W,8,1,5,0.2,0,0,,0,0,,1,1,2,0,0,0,0,0,2,,4.4,0
22000,100478,Nicky McCrimmon,1611661320,LAS,Los Angeles Sparks,1020000163,2000-07-14,LAS vs. HOU,W,19,0,1,0.0,0,0,,1,4,0.25,0,0,0,3,3,0,1,1,1,,13.5,0
22000,100479,Paige Sauer,1611661320,LAS,Los Angeles Sparks,1020000163,2000-07-14,LAS vs. HOU,W,4,0,0,,0,0,,0,0,,0,1,1,0,0,0,2,0,0,,-0.8,0
22000,100400,Kristin Folkl,1611661324,MIN,Minnesota Lynx,1020000164,2000-07-14,MIN @ POR,L,21,0,2,0.0,0,1,0.0,0,0,,1,5,6,3,0,2,1,3,0,,16.7,0
22000,100404,Katie Smith,1611661324,MIN,Minnesota Lynx,1020000164,2000-07-14,MIN @ POR,L,38,4,13,0.308,2,8,0.25,0,0,,0,1,1,2,1,0,4,3,10,,13.2,0
22000,100481,Marla Brumfield,1611661324,MIN,Minnesota Lynx,1020000164,2000-07-14,MIN @ POR,L,12,1,4,0.25,0,0,,0,1,0.0,0,0,0,2,1,0,1,1,2,,7.0,0
22000,100482,Grace Daley,1611661324,MIN,Minnesota Lynx,1020000164,2000-07-14,MIN @ POR,L,18,3,3,1.0,1,1,1.0,0,2,0.0,0,0,0,3,0,0,2,2,7,,9.5,0
22000,100483,Keitha Dickerson,1611661324,MIN,Minnesota Lynx,1020000164,2000-07-14,MIN @ POR,L,28,3,5,0.6,0,0,,0,0,,0,5,5,0,0,0,3,3,6,,9.0,0
22000,100484,Betty Lennox,1611661324,MIN,Minnesota Lynx,1020000164,2000-07-14,MIN @ POR,L,38,6,15,0.4,2,2,1.0,1,2,0.5,2,10,12,2,2,0,3,5,15,,35.4,0
22000,100485,Maylana Martin,1611661324,MIN,Minnesota Lynx,1020000164,2000-07-14,MIN @ POR,L,19,3,5,0.6,0,0,,0,0,,0,0,0,1,0,1,0,3,6,,10.5,0
22000,100487,Kate Paye,1611661324,MIN,Minnesota Lynx,1020000164,2000-07-14,MIN @ POR,L,23,2,4,0.5,2,3,0.667,0,0,,0,0,0,4,0,0,1,0,6,,11.0,0
22000,100490,Shanele Stires,1611661324,MIN,Minnesota Lynx,1020000164,2000-07-14,MIN @ POR,L,3,1,1,1.0,0,0,,0,0,,0,0,0,1,0,0,1,1,2,,2.5,0
22000,100038,Tara Williams,1611661327,POR,Portland Fire,1020000164,2000-07-14,POR vs. MIN,W,11,2,5,0.4,1,4,0.25,0,0,,0,0,0,0,0,0,0,0,5,,5.0,0
22000,100105,Sophia Witherspoon,1611661327,POR,Portland Fire,1020000164,2000-07-14,POR vs. MIN,W,29,4,15,0.267,2,7,0.286,2,2,1.0,0,3,3,1,1,0,3,2,12,,17.1,0
22000,100215,Vanessa Nygaard,1611661327,POR,Portland Fire,1020000164,2000-07-14,POR vs. MIN,W,27,2,6,0.333,1,4,0.25,0,0,,1,1,2,2,1,0,0,0,5,,13.4,0
22000,100284,Tully Bevilaqua,1611661327,POR,Portland Fire,1020000164,2000-07-14,POR vs. MIN,W,28,2,2,1.0,2,2,1.0,1,2,0.5,0,2,2,2,1,0,0,2,7,,15.4,0
22000,100346,Michele Van Gorp,1611661327,POR,Portland Fire,1020000164,2000-07-14,POR vs. MIN,W,6,2,3,0.667,0,0,,1,2,0.5,1,2,3,0,0,0,1,1,5,,7.6,0
22000,100429,Alisa Burras,1611661327,POR,Portland Fire,1020000164,2000-07-14,POR vs. MIN,W,4,0,0,,0,0,,0,0,,0,0,0,0,0,0,1,0,0,,-1.0,0
22000,100529,Sylvia Crawley,1611661327,POR,Portland Fire,1020000164,2000-07-14,POR vs. MIN,W,34,5,12,0.417,0,0,,4,8,0.5,3,7,10,2,1,2,0,1,14,,38.0,0
22000,100530,Lynn Pride,1611661327,POR,Portland Fire,1020000164,2000-07-14,POR vs. MIN,W,12,0,1,0.0,0,0,,0,0,,0,0,0,1,0,0,1,1,0,,0.5,0
22000,100532,Stacey Thomas,1611661327,POR,Portland Fire,1020000164,2000-07-14,POR vs. MIN,W,28,4,6,0.667,0,0,,1,4,0.25,2,4,6,8,0,0,2,3,9,,26.2,0
22000,100533,DeMya Walker,1611661327,POR,Portland Fire,1020000164,2000-07-14,POR vs. MIN,W,9,3,5,0.6,0,0,,0,0,,1,0,1,0,0,0,1,2,6,,6.2,0
22000,100570,Michelle Marciniak,1611661327,POR,Portland Fire,1020000164,2000-07-14,POR vs. MIN,W,12,1,2,0.5,0,1,0.0,0,0,,0,2,2,1,2,1,1,2,2,,13.9,0
22000,100059,Andrea Stinson,1611661314,CHA,Charlotte Sting,1020000165,2000-07-15,CHA @ WAS,W,35,10,14,0.714,3,5,0.6,1,2,0.5,1,5,6,5,0,1,3,0,24,,38.7,0
22000,100060,Rhonda Mapp,1611661314,CHA,Charlotte Sting,1020000165,2000-07-15,CHA @ WAS,W,31,5,9,0.556,0,0,,2,4,0.5,2,4,6,2,3,1,2,3,12,,32.2,0
22000,100182,Tracy Reid,1611661314,CHA,Charlotte Sting,1020000165,2000-07-15,CHA @ WAS,W,26,2,6,0.333,0,0,,1,1,1.0,0,1,1,1,0,0,0,3,5,,7.7,0
22000,100294,Cass Bauer-Bilodeau,1611661314,CHA,Charlotte Sting,1020000165,2000-07-15,CHA @ WAS,W,21,1,2,0.5,0,0,,2,2,1.0,0,0,0,1,1,0,0,1,4,,8.5,0
22000,100371,Charlotte Smith,1611661314,CHA,Charlotte Sting,1020000165,2000-07-15,CHA @ WAS,W,20,2,3,0.667,0,0,,0,0,,1,4,5,3,0,1,1,2,4,,16.5,0
22000,100372,Dawn Staley,1611661314,CHA,Charlotte Sting,1020000165,2000-07-15,CHA @ WAS,W,33,4,9,0.444,2,2,1.0,7,8,0.875,0,1,1,7,0,0,3,2,17,,25.7,0
22000,100446,Summer Erb,1611661314,CHA,Charlotte Sting,1020000165,2000-07-15,CHA @ WAS,W,7,1,4,0.25,0,0,,0,1,0.0,2,2,4,0,0,0,1,0,2,,5.8,0
22000,100447,Tiffany Travis,1611661314,CHA,Charlotte Sting,1020000165,2000-07-15,CHA @ WAS,W,16,3,5,0.6,0,1,0.0,0,0,,2,1,3,1,1,0,1,1,6,,13.1,0
22000,100452,E.C. Hill,1611661314,CHA,Charlotte Sting,1020000165,2000-07-15,CHA @ WAS,W,11,1,2,0.5,0,1,0.0,0,0,,0,2,2,0,0,0,1,2,2,,3.4,0
22000,100058,Vicky Bullett,1611661322,WAS,Washington Mystics,1020000165,2000-07-15,WAS vs. CHA,L,34,10,15,0.667,1,3,0.333,1,2,0.5,3,5,8,1,1,3,2,3,22,,43.1,0
22000,100198,Nikki McCray,1611661322,WAS,Washington Mystics,1020000165,2000-07-15,WAS vs. CHA,L,29,6,16,0.375,3,9,0.333,4,4,1.0,1,1,2,3,1,0,2,5,19,,26.9,0
22000,100199,Murriel Page,1611661322,WAS,Washington Mystics,1020000165,2000-07-15,WAS vs. CHA,L,38,3,6,0.5,0,0,,0,0,,2,1,3,4,1,1,3,4,6,,18.6,0
22000,100353,Andrea Nagy,1611661322,WAS,Washington Mystics,1020000165,2000-07-15,WAS vs. CHA,L,18,2,3,0.667,1,1,1.0,0,0,,2,0,2,5,0,0,1,2,5,,13.9,0
22000,100356,Chamique Holdsclaw,1611661322,WAS,Washington Mystics,1020000165,2000-07-15,WAS vs. CHA,L,38,5,14,0.357,0,1,0.0,4,6,0.667,2,6,8,2,0,1,1,1,14,,28.6,0
22000,100553,Keisha Anderson,1611661322,WAS,Washington Mystics,1020000165,2000-07-15,WAS vs. CHA,L,28,0,2,0.0,0,0,,2,2,1.0,0,4,4,5,4,0,2,3,2,,24.3,0
22000,100555,Tausha Mills,1611661322,WAS,Washington Mystics,1020000165,2000-07-15,WAS vs. CHA,L,5,0,0,,0,0,,0,0,,0,0,0,0,0,1,1,0,0,,2.0,0
22000,100557,Tonya Massaline,1611661322,WAS,Washington Mystics,1020000165,2000-07-15,WAS vs. CHA,L,10,1,2,0.5,1,2,0.5,2,2,1.0,1,1,2,0,0,0,0,0,5,,7.4,0
22000,100092,Merlakia Jones,1611661315,CLE,Cleveland Rockers,1020000166,2000-07-15,CLE vs. IND,W,24,6,8,0.75,1,2,0.5,0,0,,4,3,7,3,0,0,3,2,13,,22.9,0
22000,100097,Rushia Brown,1611661315,CLE,Cleveland Rockers,1020000166,2000-07-15,CLE vs. IND,W,23,5,7,0.714,0,0,,1,2,0.5,1,0,1,4,1,0,2,2,11,,19.2,0
22000,100180,Pollyanna Johns Kimbrough,1611661315,CLE,Cleveland Rockers,1020000166,2000-07-15,CLE vs. IND,W,10,2,3,0.667,0,0,,0,0,,1,2,3,0,0,0,1,3,4,,6.6,0
22000,100187,Suzie McConnell Serio,1611661315,CLE,Cleveland Rockers,1020000166,2000-07-15,CLE vs. IND,W,18,3,5,0.6,1,3,0.333,0,0,,0,1,1,3,0,0,3,0,7,,9.7,0
22000,100231,Adia Barnes,1611661315,CLE,Cleveland Rockers,1020000166,2000-07-15,CLE vs. IND,W,8,0,2,0.0,0,1,0.0,1,2,0.5,0,0,0,3,0,0,1,1,1,,4.5,0
22000,100237,Tricia Bader Binford,1611661315,CLE,Cleveland Rockers,1020000166,2000-07-15,CLE vs. IND,W,15,0,3,0.0,0,1,0.0,0,0,,0,1,1,3,0,0,2,0,0,,3.7,0
22000,100428,Mery Andrade,1611661315,CLE,Cleveland Rockers,1020000166,2000-07-15,CLE vs. IND,W,25,4,9,0.444,0,0,,2,2,1.0,0,0,0,4,1,1,0,1,10,,22.0,0
22000,100433,Chasity Melvin,1611661315,CLE,Cleveland Rockers,1020000166,2000-07-15,CLE vs. IND,W,15,3,6,0.5,0,0,,2,2,1.0,1,2,3,4,2,0,2,5,8,,21.6,0
22000,100445,Ann Wauters,1611661315,CLE,Cleveland Rockers,1020000166,2000-07-15,CLE vs. IND,W,20,4,4,1.0,0,0,,3,4,0.75,3,5,8,2,2,3,1,2,11,,37.6,0
22000,100457,Helen Darling,1611661315,CLE,Cleveland Rockers,1020000166,2000-07-15,CLE vs. IND,W,22,2,5,0.4,0,1,0.0,0,0,,0,1,1,0,3,0,4,2,4,,10.2,0
22000,100458,Vicki Hall,1611661315,CLE,Cleveland Rockers,1020000166,2000-07-15,CLE vs. IND,W,20,4,6,0.667,1,1,1.0,1,2,0.5,0,5,5,0,0,0,2,2,10,,14.0,0
22000,100022,Chantel Tremitiere,1611661325,IND,Indiana Fever,1020000166,2000-07-15,IND @ CLE,L,14,1,4,0.25,0,0,,2,2,1.0,0,2,2,2,0,0,0,0,4,,9.4,0
22000,100204,Rita Williams,1611661325,IND,Indiana Fever,1020000166,2000-07-15,IND @ CLE,L,28,3,7,0.429,1,2,0.5,1,1,1.0,1,0,1,4,2,0,2,1,8,,19.2,0
22000,100216,Alicia Thompson,1611661325,IND,Indiana Fever,1020000166,2000-07-15,IND @ CLE,L,17,1,1,1.0,0,0,,1,2,0.5,0,3,3,0,2,0,1,3,3,,11.6,0
22000,100340,Kara Wolters,1611661325,IND,Indiana Fever,1020000166,2000-07-15,IND @ CLE,L,15,2,4,0.5,0,0,,4,4,1.0,0,1,1,1,0,0,4,2,8,,6.7,0
22000,100357,Monica Maxwell,1611661325,IND,Indiana Fever,1020000166,2000-07-15,IND @ CLE,L,24,1,6,0.167,1,3,0.333,2,2,1.0,2,0,2,1,1,0,3,1,5,,8.9,0
22000,100370,Stephanie White,1611661325,IND,Indiana Fever,1020000166,2000-07-15,IND @ CLE,L,21,2,8,0.25,1,3,0.333,0,0,,0,1,1,2,0,0,3,1,5,,6.2,0
22000,100394,Gordana Grubin,1611661325,IND,Indiana Fever,1020000166,2000-07-15,IND @ CLE,L,20,0,4,0.0,0,2,0.0,0,0,,0,1,1,3,0,0,1,0,0,,4.7,0
22000,100471,Danielle McCulley,1611661325,IND,Indiana Fever,1020000166,2000-07-15,IND @ CLE,L,30,7,13,0.538,0,2,0.0,3,4,0.75,1,2,3,3,3,0,2,5,17,,32.1,0
22000,100472,Texlin Quinney,1611661325,IND,Indiana Fever,1020000166,2000-07-15,IND @ CLE,L,13,0,0,,0,0,,1,2,0.5,0,0,0,1,1,0,2,2,1,,3.5,0
22000,100548,Katryna Gaither,1611661325,IND,Indiana Fever,1020000166,2000-07-15,IND @ CLE,L,6,1,2,0.5,0,0,,0,0,,0,1,1,1,0,0,1,1,2,,3.7,0
22000,101006,Jurgita Streimikyte,1611661325,IND,Indiana Fever,1020000166,2000-07-15,IND @ CLE,L,12,1,3,0.333,0,0,,0,0,,2,1,3,0,0,0,1,2,2,,4.6,0
22000,100003,Lisa Leslie,1611661320,LAS,Los Angeles Sparks,1020000167,2000-07-15,LAS vs. MIN,W,36,5,12,0.417,0,0,,14,14,1.0,3,10,13,0,0,5,3,3,24,,51.6,0
22000,100008,Tamecka Dixon,1611661320,LAS,Los Angeles Sparks,1020000167,2000-07-15,LAS vs. MIN,W,31,4,10,0.4,0,0,,2,2,1.0,0,0,0,3,1,0,5,5,10,,12.5,0
22000,100012,Mwadi Mabika,1611661320,LAS,Los Angeles Sparks,1020000167,2000-07-15,LAS vs. MIN,W,27,2,9,0.222,0,4,0.0,0,0,,2,2,4,2,2,2,2,5,4,,21.8,0
22000,100170,Allison Feaster,1611661320,LAS,Los Angeles Sparks,1020000167,2000-07-15,LAS vs. MIN,W,21,4,8,0.5,1,3,0.333,0,0,,3,2,5,2,1,0,2,2,9,,19.0,0
22000,100392,Ukari Figgs,1611661320,LAS,Los Angeles Sparks,1020000167,2000-07-15,LAS vs. MIN,W,18,0,2,0.0,0,1,0.0,0,0,,0,1,1,3,1,1,0,1,0,,11.7,0
22000,100393,La'Keshia Frett,1611661320,LAS,Los Angeles Sparks,1020000167,2000-07-15,LAS vs. MIN,W,8,1,1,1.0,0,0,,0,0,,1,3,4,1,1,1,2,0,2,,12.3,0
22000,100395,Clarisse Machanguana,1611661320,LAS,Los Angeles Sparks,1020000167,2000-07-15,LAS vs. MIN,W,8,0,1,0.0,0,0,,0,0,,1,0,1,0,0,0,0,0,0,,1.2,0
22000,100396,DeLisha Milton-Jones,1611661320,LAS,Los Angeles Sparks,1020000167,2000-07-15,LAS vs. MIN,W,16,1,3,0.333,0,0,,0,0,,2,1,3,1,0,0,2,4,2,,5.1,0
22000,100476,Vedrana Grgin Fonseca,1611661320,LAS,Los Angeles Sparks,1020000167,2000-07-15,LAS vs. MIN,W,13,0,6,0.0,0,1,0.0,0,0,,0,1,1,2,0,0,0,1,0,,4.2,0
22000,100478,Nicky McCrimmon,1611661320,LAS,Los Angeles Sparks,1020000167,2000-07-15,LAS vs. MIN,W,22,3,7,0.429,1,2,0.5,0,0,,2,1,3,1,2,0,1,1,7,,17.1,0
22000,100400,Kristin Folkl,1611661324,MIN,Minnesota Lynx,1020000167,2000-07-15,MIN @ LAS,L,27,0,5,0.0,0,0,,1,2,0.5,0,1,1,3,1,0,1,3,1,,8.7,0
22000,100404,Katie Smith,1611661324,MIN,Minnesota Lynx,1020000167,2000-07-15,MIN @ LAS,L,39,7,14,0.5,2,6,0.333,4,4,1.0,2,2,4,3,0,0,0,1,20,,29.3,0
22000,100481,Marla Brumfield,1611661324,MIN,Minnesota Lynx,1020000167,2000-07-15,MIN @ LAS,L,1,0,2,0.0,0,0,,0,0,,0,0,0,0,0,0,0,0,0,,0.0,0
22000,100482,Grace Daley,1611661324,MIN,Minnesota Lynx,1020000167,2000-07-15,MIN @ LAS,L,16,0,7,0.0,0,3,0.0,0,0,,2,3,5,0,0,0,3,2,0,,3.0,0
22000,100483,Keitha Dickerson,1611661324,MIN,Minnesota Lynx,1020000167,2000-07-15,MIN @ LAS,L,28,1,3,0.333,0,0,,0,2,0.0,1,2,3,1,2,0,3,2,2,,10.1,0
22000,100484,Betty Lennox,1611661324,MIN,Minnesota Lynx,1020000167,2000-07-15,MIN @ LAS,L,30,8,18,0.444,3,6,0.5,2,2,1.0,1,4,5,2,0,1,2,3,21,,31.0,0
22000,100485,Maylana Martin,1611661324,MIN,Minnesota Lynx,1020000167,2000-07-15,MIN @ LAS,L,26,5,7,0.714,1,1,1.0,0,0,,1,2,3,2,1,0,3,6,11,,17.6,0
22000,100487,Kate Paye,1611661324,MIN,Minnesota Lynx,1020000167,2000-07-15,MIN @ LAS,L,33,1,4,0.25,0,3,0.0,0,0,,0,5,5,2,1,4,3,4,2,,23.0,0
22000,100016,Ruthie Bolton,1611661318,SAC,Sacramento Monarchs,1020000168,2000-07-15,SAC vs. UTA,L,35,2,14,0.143,1,8,0.125,0,0,,2,2,4,4,1,0,1,3,5,,17.8,0
22000,100027,Latasha Byears,1611661318,SAC,Sacramento Monarchs,1020000168,2000-07-15,SAC vs. UTA,L,13,1,2,0.5,0,0,,3,4,0.75,1,3,4,0,0,0,1,3,5,,8.8,0
22000,100044,Lady Grooms,1611661318,SAC,Sacramento Monarchs,1020000168,2000-07-15,SAC vs. UTA,L,9,2,2,1.0,0,0,,1,2,0.5,0,0,0,0,0,0,0,0,5,,5.0,0
22000,100183,Cindy Blodgett,1611661318,SAC,Sacramento Monarchs,1020000168,2000-07-15,SAC vs. UTA,L,4,0,1,0.0,0,1,0.0,0,0,,1,0,1,0,0,0,0,1,0,,1.2,0
22000,100234,Ticha Penicheiro,1611661318,SAC,Sacramento Monarchs,1020000168,2000-07-15,SAC vs. UTA,L,39,0,3,0.0,0,1,0.0,3,6,0.5,2,3,5,11,3,1,1,6,3,,36.5,0
22000,100236,Tangela Smith,1611661318,SAC,Sacramento Monarchs,1020000168,2000-07-15,SAC vs. UTA,L,32,8,15,0.533,0,0,,0,0,,2,3,5,3,1,4,4,4,16,,37.5,0
22000,100419,Yolanda Griffith,1611661318,SAC,Sacramento Monarchs,1020000168,2000-07-15,SAC vs. UTA,L,35,13,19,0.684,0,0,,3,5,0.6,8,9,17,2,1,0,5,3,29,,50.4,0
22000,100421,Kedra Holland-Corn,1611661318,SAC,Sacramento Monarchs,1020000168,2000-07-15,SAC vs. UTA,L,25,1,8,0.125,0,6,0.0,0,0,,0,0,0,2,2,0,2,2,2,,9.0,0
22000,100534,Stacy Clinesmith,1611661318,SAC,Sacramento Monarchs,1020000168,2000-07-15,SAC vs. UTA,L,1,0,0,,0,0,,0,0,,0,0,0,0,0,0,1,0,0,,-1.0,0
22000,100536,Katy Steding,1611661318,SAC,Sacramento Monarchs,1020000168,2000-07-15,SAC vs. UTA,L,7,2,4,0.5,0,2,0.0,0,0,,0,0,0,0,1,0,0,0,4,,7.0,0
22000,100239,Margo Dydek,1611661319,UTA,Utah Starzz,1020000168,2000-07-15,UTA @ SAC,W,26,6,15,0.4,0,2,0.0,0,0,,2,8,10,0,1,2,3,3,12,,30.0,0
22000,100242,LaTonya Johnson,1611661319,UTA,Utah Starzz,1020000168,2000-07-15,UTA @ SAC,W,16,1,6,0.167,0,1,0.0,0,0,,0,2,2,0,1,0,0,1,2,,7.4,0
22000,100250,Korie Hlede,1611661319,UTA,Utah Starzz,1020000168,2000-07-15,UTA @ SAC,W,34,2,3,0.667,0,0,,3,4,0.75,0,1,1,3,2,0,4,3,7,,14.7,0
22000,100363,Adrienne Goodson,1611661319,UTA,Utah Starzz,1020000168,2000-07-15,UTA @ SAC,W,24,3,6,0.5,0,0,,3,4,0.75,2,2,4,1,1,0,1,1,9,,17.3,0
22000,100364,Dalma Ivanyi,1611661319,UTA,Utah Starzz,1020000168,2000-07-15,UTA @ SAC,W,1,0,0,,0,0,,0,0,,0,0,0,0,0,0,0,0,0,,0.0,0
22000,100366,Natalie Williams,1611661319,UTA,Utah Starzz,1020000168,2000-07-15,UTA @ SAC,W,40,9,17,0.529,0,0,,11,13,0.846,6,7,13,0,0,0,1,5,29,,43.6,0
22000,100382,Jennifer Azzi,1611661319,UTA,Utah Starzz,1020000168,2000-07-15,UTA @ SAC,W,39,4,7,0.571,1,1,1.0,6,6,1.0,0,2,2,8,1,0,0,4,15,,32.4,0
22000,100422,Kate Starbird,1611661319,UTA,Utah Starzz,1020000168,2000-07-15,UTA @ SAC,W,6,0,2,0.0,0,0,,0,0,,0,0,0,1,0,0,1,1,0,,0.5,0
22000,100549,Amy Herrig,1611661319,UTA,Utah Starzz,1020000168,2000-07-15,UTA @ SAC,W,12,0,2,0.0,0,0,,1,2,0.5,0,0,0,0,0,1,1,1,1,,3.0,0
22000,100551,Naomi Mulitauaopele,1611661319,UTA,Utah Starzz,1020000168,2000-07-15,UTA @ SAC,W,2,0,0,,0,0,,0,0,,0,0,0,0,0,0,0,0,0,,0.0,0
22000,100046,Wendy Palmer,1611661321,DET,Detroit Shock,1020000169,2000-07-19,DET @ ORL,L,30,6,12,0.5,1,3,0.333,2,2,1.0,3,3,6,0,0,0,0,3,15,,22.2,0
22000,100351,Joy Holmes,1611661321,DET,Detroit Shock,1020000169,2000-07-19,DET @ ORL,L,13,2,5,0.4,0,0,,3,4,0.75,2,1,3,1,1,0,2,2,7,,13.1,0
22000,100384,Dominique Canty,1611661321,DET,Detroit Shock,1020000169,2000-07-19,DET @ ORL,L,27,3,9,0.333,0,0,,1,2,0.5,2,2,4,3,1,0,1,1,7,,18.3,0
22000,100386,Claudia Neves,1611661321,DET,Detroit Shock,1020000169,2000-07-19,DET @ ORL,L,33,7,13,0.538,5,9,0.556,0,0,,0,4,4,4,1,0,6,1,19,,26.8,0
22000,100387,Astou Ndiaye-Diatta,1611661321,DET,Detroit Shock,1020000169,2000-07-19,DET @ ORL,L,27,5,12,0.417,0,0,,1,2,0.5,3,3,6,2,0,1,2,3,11,,22.2,0
22000,100388,Elena Tornikidou,1611661321,DET,Detroit Shock,1020000169,2000-07-19,DET @ ORL,L,15,0,3,0.0,0,0,,2,2,1.0,1,1,2,2,0,0,2,0,2,,5.4,0
22000,100390,Oksana Zakaluzhnaya,1611661321,DET,Detroit Shock,1020000169,2000-07-19,DET @ ORL,L,11,0,1,0.0,0,0,,2,2,1.0,0,1,1,0,0,2,2,2,2,,7.2,0
22000,100492,Edwina Brown,1611661321,DET,Detroit Shock,1020000169,2000-07-19,DET @ ORL,L,18,1,4,0.25,0,0,,4,4,1.0,1,1,2,4,2,0,2,1,6,,18.4,0
22000,100493,Anna DeForge,1611661321,DET,Detroit Shock,1020000169,2000-07-19,DET @ ORL,L,12,2,6,0.333,1,2,0.5,0,0,,1,2,3,2,0,0,0,2,5,,11.6,0
22000,100494,Barbara Farris,1611661321,DET,Detroit Shock,1020000169,2000-07-19,DET @ ORL,L,12,1,2,0.5,0,0,,2,4,0.5,4,1,5,0,0,0,0,3,4,,10.0,0
22000,100497,Madinah Slaise,1611661321,DET,Detroit Shock,1020000169,2000-07-19,DET @ ORL,L,2,0,0,,0,0,,0,0,,0,0,0,0,1,0,0,0,0,,3.0,0
22000,100048,Jessie Hicks,1611661323,ORL,Orlando Miracle,1020000169,2000-07-19,ORL vs. DET,W,9,0,0,,0,0,,1,2,0.5,0,1,1,0,0,0,1,3,1,,1.2,0
22000,100100,Adrienne Johnson,1611661323,ORL,Orlando Miracle,1020000169,2000-07-19,ORL vs. DET,W,36,5,9,0.556,2,4,0.5,0,0,,0,2,2,2,2,0,2,1,12,,21.4,0
22000,100410,Shannon Johnson,1611661323,ORL,Orlando Miracle,1020000169,2000-07-19,ORL vs. DET,W,37,6,12,0.5,3,6,0.5,0,0,,0,2,2,5,0,0,2,1,15,,22.9,0
22000,100411,Carla McGhee,1611661323,ORL,Orlando Miracle,1020000169,2000-07-19,ORL vs. DET,W,9,2,3,0.667,0,1,0.0,0,0,,0,0,0,1,0,0,1,2,4,,4.5,0
22000,100412,Taj McWilliams-Franklin,1611661323,ORL,Orlando Miracle,1020000169,2000-07-19,ORL vs. DET,W,36,7,10,0.7,0,1,0.0,5,6,0.833,0,10,10,1,2,4,1,3,19,,49.5,0
22000,100414,Elaine Powell,1611661323,ORL,Orlando Miracle,1020000169,2000-07-19,ORL vs. DET,W,5,0,0,,0,0,,0,0,,0,0,0,2,0,0,2,0,0,,1.0,0
22000,100415,Nykesha Sales,1611661323,ORL,Orlando Miracle,1020000169,2000-07-19,ORL vs. DET,W,36,9,17,0.529,2,4,0.5,0,0,,1,1,2,7,3,1,1,3,20,,43.9,0
22000,100514,Cintia dos Santos,1611661323,ORL,Orlando Miracle,1020000169,2000-07-19,ORL vs. DET,W,26,8,14,0.571,0,0,,1,2,0.5,2,2,4,0,3,5,1,4,17,,44.8,0
22000,100517,Romana Hamzova,1611661323,ORL,Orlando Miracle,1020000169,2000-07-19,ORL vs. DET,W,2,0,0,,0,0,,0,2,0.0,0,0,0,0,1,0,0,1,0,,3.0,0
22000,100519,Jannon Roland,1611661323,ORL,Orlando Miracle,1020000169,2000-07-19,ORL vs. DET,W,2,0,0,,0,0,,0,2,0.0,0,0,0,0,0,0,0,0,0,,0.0,0
22000,100521,Tiffany McCain,1611661323,ORL,Orlando Miracle,1020000169,2000-07-19,ORL vs. DET,W,2,0,0,,0,0,,0,0,,1,0,1,0,0,0,1,0,0,,0.2,0
22000,100009,Katrina Colleton,1611661326,MIA,Miami Sol,1020000170,2000-07-19,MIA vs. POR,W,36,5,12,0.417,0,1,0.0,9,12,0.75,1,3,4,0,1,0,1,1,19,,25.8,0
22000,100037,Marlies Askamp,1611661326,MIA,Miami Sol,1020000170,2000-07-19,MIA vs. POR,W,19,0,5,0.0,0,0,,0,0,,2,2,4,0,0,1,0,3,0,,7.8,0
22000,100063,Sharon Manning,1611661326,MIA,Miami Sol,1020000170,2000-07-19,MIA vs. POR,W,21,3,4,0.75,0,0,,0,0,,2,1,3,1,2,0,2,3,6,,15.1,0
22000,100107,Kisha Ford,1611661326,MIA,Miami Sol,1020000170,2000-07-19,MIA vs. POR,W,15,1,2,0.5,0,0,,3,6,0.5,2,1,3,0,0,0,1,1,5,,7.6,0
22000,100359,Debbie Black,1611661326,MIA,Miami Sol,1020000170,2000-07-19,MIA vs. POR,W,19,1,3,0.333,0,1,0.0,2,2,1.0,2,1,3,0,2,0,2,1,4,,11.6,0
22000,100416,Sheri Sam,1611661326,MIA,Miami Sol,1020000170,2000-07-19,MIA vs. POR,W,30,1,8,0.125,0,3,0.0,1,2,0.5,1,4,5,2,2,0,6,2,3,,12.0,0
22000,100552,Kristen Rasmussen,1611661326,MIA,Miami Sol,1020000170,2000-07-19,MIA vs. POR,W,19,3,5,0.6,0,1,0.0,11,12,0.917,4,0,4,2,2,1,1,3,17,,32.8,0
22000,100559,Milena Flores,1611661326,MIA,Miami Sol,1020000170,2000-07-19,MIA vs. POR,W,21,2,7,0.286,2,6,0.333,3,6,0.5,1,1,2,3,0,0,1,2,9,,14.9,0
22000,100560,Shantia Owens,1611661326,MIA,Miami Sol,1020000170,2000-07-19,MIA vs. POR,W,20,2,3,0.667,0,0,,2,4,0.5,1,3,4,1,0,2,3,6,6,,15.3,0
22000,100038,Tara Williams,1611661327,POR,Portland Fire,1020000170,2000-07-19,POR @ MIA,L,6,1,3,0.333,0,2,0.0,0,0,,0,0,0,2,0,0,0,3,2,,5.0,0
22000,100105,Sophia Witherspoon,1611661327,POR,Portland Fire,1020000170,2000-07-19,POR @ MIA,L,36,3,13,0.231,1,3,0.333,2,2,1.0,0,2,2,3,1,0,2,1,9,,16.9,0
22000,100215,Vanessa Nygaard,1611661327,POR,Portland Fire,1020000170,2000-07-19,POR @ MIA,L,13,0,1,0.0,0,1,0.0,0,0,,0,1,1,1,1,0,0,4,0,,5.7,0
22000,100284,Tully Bevilaqua,1611661327,POR,Portland Fire,1020000170,2000-07-19,POR @ MIA,L,19,1,3,0.333,1,2,0.5,2,2,1.0,0,4,4,0,2,0,2,5,5,,13.8,0
22000,100346,Michele Van Gorp,1611661327,POR,Portland Fire,1020000170,2000-07-19,POR @ MIA,L,4,0,0,,0,0,,0,2,0.0,0,0,0,0,0,0,0,0,0,,0.0,0
22000,100429,Alisa Burras,1611661327,POR,Portland Fire,1020000170,2000-07-19,POR @ MIA,L,17,3,5,0.6,0,0,,4,4,1.0,3,1,4,0,0,0,2,2,10,,12.8,0
22000,100529,Sylvia Crawley,1611661327,POR,Portland Fire,1020000170,2000-07-19,POR @ MIA,L,29,3,9,0.333,0,0,,0,0,,1,1,2,0,0,0,3,3,6,,5.4,0
22000,100530,Lynn Pride,1611661327,POR,Portland Fire,1020000170,2000-07-19,POR @ MIA,L,13,1,3,0.333,0,0,,0,0,,1,3,4,0,0,0,1,1,2,,5.8,0
22000,100532,Stacey Thomas,1611661327,POR,Portland Fire,1020000170,2000-07-19,POR @ MIA,L,26,2,4,0.5,0,0,,1,6,0.167,5,1,6,3,0,1,5,5,5,,14.7,0
22000,100533,DeMya Walker,1611661327,POR,Portland Fire,1020000170,2000-07-19,POR @ MIA,L,16,6,8,0.75,0,0,,0,1,0.0,2,0,2,2,1,0,3,5,12,,17.4,0
22000,100570,Michelle Marciniak,1611661327,POR,Portland Fire,1020000170,2000-07-19,POR @ MIA,L,21,4,8,0.5,1,2,0.5,2,2,1.0,2,2,4,4,2,0,4,6,11,,23.8,0
22000,100030,Jennifer Gillom,1611661317,PHO,Phoenix Mercury,1020000171,2000-07-19,PHO vs. UTA,W,28,5,14,0.357,2,2,1.0,4,6,0.667,2,0,2,2,1,1,4,5,16,,23.4,0
22000,100031,Bridget Pettis,1611661317,PHO,Phoenix Mercury,1020000171,2000-07-19,PHO vs. UTA,W,18,3,8,0.375,2,3,0.667,2,2,1.0,1,0,1,0,1,0,0,1,10,,14.2,0
22000,100045,Dena Head,1611661317,PHO,Phoenix Mercury,1020000171,2000-07-19,PHO vs. UTA,W,3,0,0,,0,0,,0,0,,0,1,1,0,0,0,1,1,0,,0.2,0
22000,100225,Brandy Reed,1611661317,PHO,Phoenix Mercury,1020000171,2000-07-19,PHO vs. UTA,W,37,10,16,0.625,2,3,0.667,9,9,1.0,0,5,5,3,2,0,4,3,31,,43.5,0
22000,100378,Lisa Harrison,1611661317,PHO,Phoenix Mercury,1020000171,2000-07-19,PHO vs. UTA,W,33,4,6,0.667,0,0,,0,0,,3,2,5,2,2,0,2,5,8,,21.0,0
22000,100398,Tonya Edwards,1611661317,PHO,Phoenix Mercury,1020000171,2000-07-19,PHO vs. UTA,W,30,4,8,0.5,1,3,0.333,5,6,0.833,1,0,1,3,1,0,0,1,14,,22.7,0
22000,100525,Rankica Sarenac,1611661317,PHO,Phoenix Mercury,1020000171,2000-07-19,PHO vs. UTA,W,13,1,2,0.5,0,0,,0,2,0.0,0,3,3,0,0,0,3,2,2,,2.6,0
22000,100526,Adrian Williams-Strong,1611661317,PHO,Phoenix Mercury,1020000171,2000-07-19,PHO vs. UTA,W,3,0,0,,0,0,,0,0,,0,0,0,0,0,0,0,0,0,,0.0,0
22000,100594,Michelle Cleary,1611661317,PHO,Phoenix Mercury,1020000171,2000-07-19,PHO vs. UTA,W,35,1,1,1.0,0,0,,3,4,0.75,0,2,2,12,3,0,0,1,5,,34.4,0
22000,100239,Margo Dydek,1611661319,UTA,Utah Starzz,1020000171,2000-07-19,UTA @ PHO,L,18,5,7,0.714,0,0,,3,4,0.75,1,7,8,0,1,3,6,3,13,,28.6,0
22000,100242,LaTonya Johnson,1611661319,UTA,Utah Starzz,1020000171,2000-07-19,UTA @ PHO,L,34,6,11,0.545,1,3,0.333,0,0,,1,2,3,3,2,0,4,5,13,,23.1,0
22000,100250,Korie Hlede,1611661319,UTA,Utah Starzz,1020000171,2000-07-19,UTA @ PHO,L,30,3,9,0.333,1,3,0.333,4,6,0.667,2,0,2,3,2,0,4,4,11,,19.9,0
22000,100364,Dalma Ivanyi,1611661319,UTA,Utah Starzz,1020000171,2000-07-19,UTA @ PHO,L,3,0,2,0.0,0,1,0.0,0,0,,0,0,0,0,1,0,1,1,0,,2.0,0
22000,100366,Natalie Williams,1611661319,UTA,Utah Starzz,1020000171,2000-07-19,UTA @ PHO,L,40,8,15,0.533,0,0,,4,5,0.8,6,8,14,2,1,0,0,3,20,,42.8,0
22000,100382,Jennifer Azzi,1611661319,UTA,Utah Starzz,1020000171,2000-07-19,UTA @ PHO,L,37,3,7,0.429,0,0,,2,2,1.0,0,0,0,7,2,0,4,4,8,,20.5,0
22000,100422,Kate Starbird,1611661319,UTA,Utah Starzz,1020000171,2000-07-19,UTA @ PHO,L,16,0,5,0.0,0,0,,4,4,1.0,1,0,1,0,0,0,0,2,4,,5.2,0
22000,100549,Amy Herrig,1611661319,UTA,Utah Starzz,1020000171,2000-07-19,UTA @ PHO,L,22,3,5,0.6,0,0,,1,2,0.5,2,2,4,4,1,0,0,2,7,,20.8,0
22000,100101,Teresa Weatherspoon,1611661313,NYL,New York Liberty,1020000172,2000-07-19,NYL @ SEA,W,29,2,4,0.5,1,2,0.5,0,0,,1,4,5,5,3,0,3,2,5,,24.5,0
22000,100103,Vickie Johnson,1611661313,NYL,New York Liberty,1020000172,2000-07-19,NYL @ SEA,W,28,6,11,0.545,1,2,0.5,5,5,1.0,1,1,2,2,0,0,3,1,18,,20.4,0
22000,100104,Sue Wicks,1611661313,NYL,New York Liberty,1020000172,2000-07-19,NYL @ SEA,W,21,2,3,0.667,0,0,,3,3,1.0,1,6,7,1,1,1,0,1,7,,22.9,0
22000,100342,Becky Hammon,1611661313,NYL,New York Liberty,1020000172,2000-07-19,NYL @ SEA,W,32,6,9,0.667,3,5,0.6,1,1,1.0,1,4,5,4,1,0,2,1,16,,29.0,0
22000,100345,Crystal Robinson,1611661313,NYL,New York Liberty,1020000172,2000-07-19,NYL @ SEA,W,22,1,2,0.5,1,2,0.5,4,4,1.0,2,1,3,0,1,1,2,4,7,,14.6,0
22000,100347,Tamika Whitmore,1611661313,NYL,New York Liberty,1020000172,2000-07-19,NYL @ SEA,W,19,1,3,0.333,0,0,,1,2,0.5,0,2,2,1,2,0,3,4,3,,9.9,0
22000,100413,Tari Phillips,1611661313,NYL,New York Liberty,1020000172,2000-07-19,NYL @ SEA,W,26,7,13,0.538,0,1,0.0,3,6,0.5,3,6,9,1,1,1,4,3,17,,31.3,0
22000,100508,Jessica Bibby,1611661313,NYL,New York Liberty,1020000172,2000-07-19,NYL @ SEA,W,4,0,0,,0,0,,0,0,,0,0,0,1,0,0,1,0,0,,0.5,0
22000,100509,Marina Ferragut,1611661313,NYL,New York Liberty,1020000172,2000-07-19,NYL @ SEA,W,11,1,2,0.5,0,0,,0,0,,0,0,0,0,0,0,0,2,2,,2.0,0
22000,100510,Olga Firsova,1611661313,NYL,New York Liberty,1020000172,2000-07-19,NYL @ SEA,W,4,1,3,0.333,0,0,,1,1,1.0,0,2,2,1,0,1,1,2,3,,8.9,0
22000,100512,Shea Mahoney,1611661313,NYL,New York Liberty,1020000172,2000-07-19,NYL @ SEA,W,4,0,0,,0,0,,0,0,,0,1,1,0,0,0,0,0,0,,1.2,0
22000,100088,Michelle Edwards,1611661328,SEA,Seattle Storm,1020000172,2000-07-19,SEA vs. NYL,L,19,0,2,0.0,0,0,,0,0,,1,3,4,1,1,0,2,0,0,,7.3,0
22000,100111,Simone Edwards,1611661328,SEA,Seattle Storm,1020000172,2000-07-19,SEA vs. NYL,L,20,4,10,0.4,0,0,,1,2,0.5,1,2,3,1,0,0,2,4,9,,12.1,0
22000,100179,Charmin Smith,1611661328,SEA,Seattle Storm,1020000172,2000-07-19,SEA vs. NYL,L,22,2,6,0.333,1,3,0.333,1,2,0.5,2,0,2,3,1,0,0,4,6,,15.9,0
22000,100230,Quacy Barnes,1611661328,SEA,Seattle Storm,1020000172,2000-07-19,SEA vs. NYL,L,19,6,8,0.75,0,0,,0,0,,1,1,2,2,0,0,1,2,12,,16.4,0
22000,100336,Sonja Henning,1611661328,SEA,Seattle Storm,1020000172,2000-07-19,SEA vs. NYL,L,28,2,4,0.5,2,4,0.5,3,4,0.75,1,2,3,0,2,0,0,2,9,,18.6,0
22000,100375,Edna Campbell,1611661328,SEA,Seattle Storm,1020000172,2000-07-19,SEA vs. NYL,L,26,1,9,0.111,0,4,0.0,0,0,,0,1,1,3,1,1,3,2,2,,10.7,0
22000,100503,Andrea Garner,1611661328,SEA,Seattle Storm,1020000172,2000-07-19,SEA vs. NYL,L,13,0,2,0.0,0,0,,0,0,,1,1,2,2,0,0,1,2,0,,4.4,0
22000,100538,Katrina Hibbert,1611661328,SEA,Seattle Storm,1020000172,2000-07-19,SEA vs. NYL,L,5,0,3,0.0,0,2,0.0,0,0,,1,0,1,1,0,0,0,0,0,,2.7,0
22000,100541,Jamie Redd,1611661328,SEA,Seattle Storm,1020000172,2000-07-19,SEA vs. NYL,L,8,2,7,0.286,0,1,0.0,0,0,,1,0,1,0,2,0,0,0,4,,11.2,0
22000,100542,Charisse Sampson,1611661328,SEA,Seattle Storm,1020000172,2000-07-19,SEA vs. NYL,L,13,0,4,0.0,0,2,0.0,1,1,1.0,1,2,3,1,2,0,0,2,1,,12.1,0
22000,100544,Kamila Vodichkova,1611661328,SEA,Seattle Storm,1020000172,2000-07-19,SEA vs. NYL,L,27,4,8,0.5,0,0,,4,5,0.8,1,1,2,2,0,2,2,3,12,,21.4,0
22000,100058,Vicky Bullett,1611661322,WAS,Washington Mystics,1020000173,2000-07-20,WAS vs. IND,W,30,4,7,0.571,1,1,1.0,1,2,0.5,1,3,4,2,2,0,2,5,10,,21.8,0
22000,100198,Nikki McCray,1611661322,WAS,Washington Mystics,1020000173,2000-07-20,WAS vs. IND,W,33,7,16,0.438,0,2,0.0,3,4,0.75,1,2,3,2,1,0,2,1,17,,24.6,0
22000,100199,Murriel Page,1611661322,WAS,Washington Mystics,1020000173,2000-07-20,WAS vs. IND,W,31,4,7,0.571,0,0,,3,6,0.5,0,4,4,4,1,1,0,4,11,,27.8,0
22000,100348,Markita Aldridge,1611661322,WAS,Washington Mystics,1020000173,2000-07-20,WAS vs. IND,W,3,0,1,0.0,0,0,,0,0,,1,0,1,0,0,0,0,0,0,,1.2,0
22000,100353,Andrea Nagy,1611661322,WAS,Washington Mystics,1020000173,2000-07-20,WAS vs. IND,W,18,0,1,0.0,0,1,0.0,0,0,,0,2,2,4,1,0,1,1,0,,10.4,0
22000,100356,Chamique Holdsclaw,1611661322,WAS,Washington Mystics,1020000173,2000-07-20,WAS vs. IND,W,35,12,18,0.667,0,0,,6,8,0.75,2,7,9,2,8,0,3,1,30,,64.8,0
22000,100553,Keisha Anderson,1611661322,WAS,Washington Mystics,1020000173,2000-07-20,WAS vs. IND,W,22,1,2,0.5,0,0,,0,0,,1,2,3,4,3,1,3,2,2,,20.6,0
22000,100554,Beth Cunningham,1611661322,WAS,Washington Mystics,1020000173,2000-07-20,WAS vs. IND,W,12,2,4,0.5,1,2,0.5,3,3,1.0,1,0,1,2,0,0,0,0,8,,12.2,0
22000,100555,Tausha Mills,1611661322,WAS,Washington Mystics,1020000173,2000-07-20,WAS vs. IND,W,14,1,2,0.5,0,0,,5,8,0.625,0,0,0,0,0,0,0,3,7,,7.0,0
22000,100557,Tonya Massaline,1611661322,WAS,Washington Mystics,1020000173,2000-07-20,WAS vs. IND,W,2,0,3,0.0,0,1,0.0,0,0,,0,0,0,0,0,0,0,0,0,,0.0,0
22000,100022,Chantel Tremitiere,1611661325,IND,Indiana Fever,1020000173,2000-07-20,IND @ WAS,L,13,2,2,1.0,1,1,1.0,0,0,,0,1,1,1,0,0,2,2,5,,5.7,0
22000,100204,Rita Williams,1611661325,IND,Indiana Fever,1020000173,2000-07-20,IND @ WAS,L,31,3,10,0.3,1,7,0.143,0,0,,2,4,6,4,1,0,3,3,7,,20.2,0
22000,100216,Alicia Thompson,1611661325,IND,Indiana Fever,1020000173,2000-07-20,IND @ WAS,L,29,6,12,0.5,2,2,1.0,4,4,1.0,2,7,9,1,1,0,3,2,18,,30.3,0
22000,100340,Kara Wolters,1611661325,IND,Indiana Fever,1020000173,2000-07-20,IND @ WAS,L,15,1,3,0.333,0,0,,2,2,1.0,0,1,1,1,0,0,2,0,4,,4.7,0
22000,100357,Monica Maxwell,1611661325,IND,Indiana Fever,1020000173,2000-07-20,IND @ WAS,L,34,3,9,0.333,1,5,0.2,2,2,1.0,3,3,6,2,2,0,2,2,9,,23.2,0
22000,100370,Stephanie White,1611661325,IND,Indiana Fever,1020000173,2000-07-20,IND @ WAS,L,21,2,4,0.5,2,4,0.5,0,0,,0,1,1,3,1,0,3,3,6,,11.7,0
22000,100394,Gordana Grubin,1611661325,IND,Indiana Fever,1020000173,2000-07-20,IND @ WAS,L,22,1,5,0.2,1,3,0.333,2,2,1.0,0,1,1,2,0,0,1,1,5,,8.2,0
22000,100471,Danielle McCulley,1611661325,IND,Indiana Fever,1020000173,2000-07-20,IND @ WAS,L,24,6,10,0.6,0,1,0.0,2,2,1.0,3,4,7,1,1,3,3,3,14,,32.9,0
22000,101006,Jurgita Streimikyte,1611661325,IND,Indiana Fever,1020000173,2000-07-20,IND @ WAS,L,11,2,4,0.5,0,0,,2,2,1.0,0,0,0,1,1,0,2,2,6,,8.5,0
22000,100092,Merlakia Jones,1611661315,CLE,Cleveland Rockers,1020000174,2000-07-20,CLE vs. HOU,L,26,3,15,0.2,0,2,0.0,0,0,,0,5,5,0,0,0,3,5,6,,9.0,0
22000,100097,Rushia Brown,1611661315,CLE,Cleveland Rockers,1020000174,2000-07-20,CLE vs. HOU,L,20,0,5,0.0,0,0,,0,0,,3,3,6,4,2,1,0,4,0,,22.2,0
22000,100187,Suzie McConnell Serio,1611661315,CLE,Cleveland Rockers,1020000174,2000-07-20,CLE vs. HOU,L,19,1,4,0.25,1,2,0.5,0,0,,0,1,1,2,1,0,1,2,3,,9.2,0
22000,100237,Tricia Bader Binford,1611661315,CLE,Cleveland Rockers,1020000174,2000-07-20,CLE vs. HOU,L,7,0,0,,0,0,,0,0,,0,1,1,0,0,0,0,4,0,,1.2,0
22000,100428,Mery Andrade,1611661315,CLE,Cleveland Rockers,1020000174,2000-07-20,CLE vs. HOU,L,37,5,9,0.556,0,3,0.0,2,2,1.0,2,1,3,1,1,0,3,4,12,,17.1,0
22000,100433,Chasity Melvin,1611661315,CLE,Cleveland Rockers,1020000174,2000-07-20,CLE vs. HOU,L,35,5,11,0.455,0,1,0.0,5,9,0.556,3,6,9,3,1,3,2,1,15,,40.3,0
22000,100445,Ann Wauters,1611661315,CLE,Cleveland Rockers,1020000174,2000-07-20,CLE vs. HOU,L,22,4,8,0.5,0,1,0.0,1,1,1.0,3,3,6,2,0,0,2,1,9,,17.2,0
22000,100457,Helen Darling,1611661315,CLE,Cleveland Rockers,1020000174,2000-07-20,CLE vs. HOU,L,19,2,7,0.286,1,3,0.333,3,4,0.75,3,0,3,1,1,0,2,0,8,,14.1,0
22000,100458,Vicki Hall,1611661315,CLE,Cleveland Rockers,1020000174,2000-07-20,CLE vs. HOU,L,15,1,3,0.333,1,1,1.0,0,0,,0,1,1,1,2,0,1,1,3,,10.7,0
22000,100072,Sheryl Swoopes,1611661316,HOU,Houston Comets,1020000174,2000-07-20,HOU @ CLE,W,37,5,17,0.294,1,3,0.333,8,11,0.727,2,8,10,4,3,2,0,3,19,,52.0,0
22000,100073,Cynthia Cooper,1611661316,HOU,Houston Comets,1020000174,2000-07-20,HOU @ CLE,W,35,4,10,0.4,2,4,0.5,1,2,0.5,1,2,3,5,1,0,3,1,11,,22.1,0
22000,100075,Janeth Arcain,1611661316,HOU,Houston Comets,1020000174,2000-07-20,HOU @ CLE,W,30,3,8,0.375,0,0,,2,4,0.5,1,1,2,0,1,0,2,3,8,,11.4,0
22000,100076,Tina Thompson,1611661316,HOU,Houston Comets,1020000174,2000-07-20,HOU @ CLE,W,34,5,11,0.455,2,4,0.5,5,6,0.833,4,8,12,1,4,2,5,2,17,,45.9,0
22000,100077,Tammy Jackson,1611661316,HOU,Houston Comets,1020000174,2000-07-20,HOU @ CLE,W,15,4,5,0.8,0,0,,0,0,,2,2,4,0,2,0,0,2,8,,18.8,0
22000,100207,Monica Lamb,1611661316,HOU,Houston Comets,1020000174,2000-07-20,HOU @ CLE,W,4,0,1,0.0,0,0,,0,0,,0,1,1,0,0,0,1,2,0,,0.2,0
22000,100211,Amaya Valdemoro,1611661316,HOU,Houston Comets,1020000174,2000-07-20,HOU @ CLE,W,3,1,1,1.0,1,1,1.0,0,0,,0,0,0,0,0,0,0,1,3,,3.0,0
22000,100217,Coquese Washington,1611661316,HOU,Houston Comets,1020000174,2000-07-20,HOU @ CLE,W,2,0,0,,0,0,,0,0,,0,0,0,0,0,0,0,0,0,,0.0,0
22000,100233,Tiffani Johnson,1611661316,HOU,Houston Comets,1020000174,2000-07-20,HOU @ CLE,W,25,2,3,0.667,0,0,,2,4,0.5,2,2,4,0,0,0,0,3,6,,10.8,0
22000,100338,Jennifer Rizzotti,1611661316,HOU,Houston Comets,1020000174,2000-07-20,HOU @ CLE,W,13,1,1,1.0,0,0,,0,0,,0,1,1,2,0,0,0,1,2,,6.2,0
22000,100504,Kelley Gibson,1611661316,HOU,Houston Comets,1020000174,2000-07-20,HOU @ CLE,W,2,0,0,,0,0,,0,0,,0,0,0,0,0,0,0,0,0,,0.0,0
22000,100101,Teresa Weatherspoon,1611661313,NYL,New York Liberty,1020000175,2000-07-20,NYL @ LAS,L,36,4,9,0.444,3,6,0.5,3,4,0.75,0,3,3,5,2,0,1,2,14,,30.1,0
22000,100103,Vickie Johnson,1611661313,NYL,New York Liberty,1020000175,2000-07-20,NYL @ LAS,L,33,7,14,0.5,0,1,0.0,3,3,1.0,1,1,2,1,0,0,2,1,17,,18.9,0
22000,100104,Sue Wicks,1611661313,NYL,New York Liberty,1020000175,2000-07-20,NYL @ LAS,L,21,2,7,0.286,0,0,,6,9,0.667,3,3,6,0,1,1,1,0,10,,22.2,0
22000,100342,Becky Hammon,1611661313,NYL,New York Liberty,1020000175,2000-07-20,NYL @ LAS,L,32,2,8,0.25,0,5,0.0,0,0,,1,2,3,2,0,1,1,1,4,,12.6,0
22000,100345,Crystal Robinson,1611661313,NYL,New York Liberty,1020000175,2000-07-20,NYL @ LAS,L,25,3,9,0.333,1,3,0.333,0,0,,2,0,2,3,1,0,1,2,7,,15.9,0
22000,100347,Tamika Whitmore,1611661313,NYL,New York Liberty,1020000175,2000-07-20,NYL @ LAS,L,22,1,8,0.125,0,0,,3,4,0.75,0,2,2,0,1,0,1,4,5,,9.4,0
22000,100413,Tari Phillips,1611661313,NYL,New York Liberty,1020000175,2000-07-20,NYL @ LAS,L,31,4,10,0.4,0,0,,1,2,0.5,2,3,5,2,3,0,2,5,9,,25.0,0
22000,100003,Lisa Leslie,1611661320,LAS,Los Angeles Sparks,1020000175,2000-07-20,LAS vs. NYL,W,32,8,11,0.727,0,0,,5,5,1.0,2,12,14,3,0,3,5,5,21,,46.3,0
22000,100008,Tamecka Dixon,1611661320,LAS,Los Angeles Sparks,1020000175,2000-07-20,LAS vs. NYL,W,30,6,7,0.857,0,0,,0,0,,0,5,5,4,2,0,0,4,12,,30.0,0
22000,100012,Mwadi Mabika,1611661320,LAS,Los Angeles Sparks,1020000175,2000-07-20,LAS vs. NYL,W,36,2,9,0.222,1,5,0.2,3,5,0.6,0,7,7,7,2,1,6,4,8,,29.9,0
22000,100170,Allison Feaster,1611661320,LAS,Los Angeles Sparks,1020000175,2000-07-20,LAS vs. NYL,W,14,2,6,0.333,1,3,0.333,0,0,,3,0,3,0,0,0,2,3,5,,6.6,0
22000,100392,Ukari Figgs,1611661320,LAS,Los Angeles Sparks,1020000175,2000-07-20,LAS vs. NYL,W,25,5,5,1.0,0,0,,0,0,,0,2,2,9,1,0,1,2,10,,27.9,0
22000,100395,Clarisse Machanguana,1611661320,LAS,Los Angeles Sparks,1020000175,2000-07-20,LAS vs. NYL,W,11,4,5,0.8,0,0,,1,2,0.5,0,3,3,0,0,0,0,1,9,,12.6,0
22000,100396,DeLisha Milton-Jones,1611661320,LAS,Los Angeles Sparks,1020000175,2000-07-20,LAS vs. NYL,W,34,7,12,0.583,0,0,,3,6,0.5,0,1,1,3,2,1,1,1,17,,30.7,0
22000,100478,Nicky McCrimmon,1611661320,LAS,Los Angeles Sparks,1020000175,2000-07-20,LAS vs. NYL,W,15,0,1,0.0,0,0,,0,0,,0,3,3,2,0,0,2,2,0,,4.6,0
22000,100479,Paige Sauer,1611661320,LAS,Los Angeles Sparks,1020000175,2000-07-20,LAS vs. NYL,W,3,0,0,,0,0,,0,0,,0,1,1,0,0,0,1,0,0,,0.2,0
22000,100016,Ruthie Bolton,1611661318,SAC,Sacramento Monarchs,1020000176,2000-07-20,SAC vs. MIN,W,35,8,19,0.421,5,11,0.455,2,2,1.0,1,6,7,3,1,0,4,3,23,,34.9,0
22000,100027,Latasha Byears,1611661318,SAC,Sacramento Monarchs,1020000176,2000-07-20,SAC vs. MIN,W,13,0,0,,0,0,,2,4,0.5,4,0,4,1,2,0,3,2,2,,11.3,0
22000,100044,Lady Grooms,1611661318,SAC,Sacramento Monarchs,1020000176,2000-07-20,SAC vs. MIN,W,13,3,4,0.75,0,0,,0,0,,0,0,0,1,0,0,0,3,6,,7.5,0
22000,100183,Cindy Blodgett,1611661318,SAC,Sacramento Monarchs,1020000176,2000-07-20,SAC vs. MIN,W,14,2,5,0.4,0,2,0.0,0,0,,0,1,1,0,2,0,2,0,4,,9.2,0
22000,100236,Tangela Smith,1611661318,SAC,Sacramento Monarchs,1020000176,2000-07-20,SAC vs. MIN,W,35,4,12,0.333,0,0,,3,4,0.75,3,8,11,2,0,2,0,2,11,,33.2,0
22000,100419,Yolanda Griffith,1611661318,SAC,Sacramento Monarchs,1020000176,2000-07-20,SAC vs. MIN,W,32,2,6,0.333,0,0,,8,10,0.8,3,7,10,4,2,6,4,3,12,,50.0,0
22000,100421,Kedra Holland-Corn,1611661318,SAC,Sacramento Monarchs,1020000176,2000-07-20,SAC vs. MIN,W,27,4,11,0.364,0,3,0.0,1,2,0.5,3,0,3,5,5,1,1,0,9,,37.1,0
22000,100534,Stacy Clinesmith,1611661318,SAC,Sacramento Monarchs,1020000176,2000-07-20,SAC vs. MIN,W,26,2,5,0.4,2,5,0.4,0,0,,1,5,6,3,0,0,1,1,6,,16.7,0
22000,100536,Katy Steding,1611661318,SAC,Sacramento Monarchs,1020000176,2000-07-20,SAC vs. MIN,W,5,0,1,0.0,0,0,,0,0,,0,1,1,0,0,0,0,1,0,,1.2,0
22000,100400,Kristin Folkl,1611661324,MIN,Minnesota Lynx,1020000176,2000-07-20,MIN @ SAC,L,22,1,5,0.2,0,0,,2,2,1.0,0,1,1,0,0,0,1,2,4,,4.2,0
22000,100404,Katie Smith,1611661324,MIN,Minnesota Lynx,1020000176,2000-07-20,MIN @ SAC,L,35,9,18,0.5,4,10,0.4,1,2,0.5,0,2,2,3,1,1,2,1,23,,33.9,0
22000,100481,Marla Brumfield,1611661324,MIN,Minnesota Lynx,1020000176,2000-07-20,MIN @ SAC,L,18,0,1,0.0,0,0,,1,2,0.5,0,3,3,3,1,0,2,1,1,,10.1,0
22000,100482,Grace Daley,1611661324,MIN,Minnesota Lynx,1020000176,2000-07-20,MIN @ SAC,L,11,0,1,0.0,0,1,0.0,0,0,,0,1,1,1,0,0,0,2,0,,2.7,0
22000,100483,Keitha Dickerson,1611661324,MIN,Minnesota Lynx,1020000176,2000-07-20,MIN @ SAC,L,29,4,6,0.667,0,0,,0,0,,0,3,3,1,0,0,4,4,8,,9.1,0
22000,100484,Betty Lennox,1611661324,MIN,Minnesota Lynx,1020000176,2000-07-20,MIN @ SAC,L,33,5,18,0.278,0,3,0.0,0,2,0.0,3,6,9,7,4,1,5,1,10,,41.3,0
22000,100485,Maylana Martin,1611661324,MIN,Minnesota Lynx,1020000176,2000-07-20,MIN @ SAC,L,26,4,8,0.5,0,1,0.0,2,3,0.667,2,3,5,0,1,0,3,2,10,,16.0,0
22000,100487,Kate Paye,1611661324,MIN,Minnesota Lynx,1020000176,2000-07-20,MIN @ SAC,L,25,0,1,0.0,0,0,,0,0,,0,2,2,2,0,0,0,2,0,,5.4,0
22000,100490,Shanele Stires,1611661324,MIN,Minnesota Lynx,1020000176,2000-07-20,MIN @ SAC,L,1,0,0,,0,0,,0,0,,0,0,0,0,0,0,0,1,0,,0.0,0
22000,100058,Vicky Bullett,1611661322,WAS,Washington Mystics,1020000177,2000-07-21,WAS vs. ORL,W,37,3,7,0.429,0,2,0.0,0,0,,2,3,5,2,3,2,3,2,6,,27.0,0
22000,100198,Nikki McCray,1611661322,WAS,Washington Mystics,1020000177,2000-07-21,WAS vs. ORL,W,36,3,14,0.214,0,5,0.0,2,2,1.0,0,2,2,3,0,0,1,3,8,,13.9,0
22000,100199,Murriel Page,1611661322,WAS,Washington Mystics,1020000177,2000-07-21,WAS vs. ORL,W,34,4,7,0.571,0,0,,2,3,0.667,3,4,7,2,1,1,4,5,10,,23.4,0
22000,100353,Andrea Nagy,1611661322,WAS,Washington Mystics,1020000177,2000-07-21,WAS vs. ORL,W,11,0,1,0.0,0,1,0.0,2,2,1.0,2,2,4,2,1,0,0,4,2,,12.8,0
22000,100356,Chamique Holdsclaw,1611661322,WAS,Washington Mystics,1020000177,2000-07-21,WAS vs. ORL,W,32,6,14,0.429,0,0,,4,5,0.8,0,5,5,3,1,0,4,1,16,,25.5,0
22000,100553,Keisha Anderson,1611661322,WAS,Washington Mystics,1020000177,2000-07-21,WAS vs. ORL,W,24,6,10,0.6,1,2,0.5,0,0,,2,1,3,3,1,0,1,2,13,,23.1,0
22000,100554,Beth Cunningham,1611661322,WAS,Washington Mystics,1020000177,2000-07-21,WAS vs. ORL,W,15,1,4,0.25,0,2,0.0,2,2,1.0,0,1,1,0,0,0,1,0,4,,4.2,0
22000,100555,Tausha Mills,1611661322,WAS,Washington Mystics,1020000177,2000-07-21,WAS vs. ORL,W,8,1,2,0.5,0,0,,0,0,,1,2,3,1,1,0,1,2,2,,9.1,0
22000,100557,Tonya Massaline,1611661322,WAS,Washington Mystics,1020000177,2000-07-21,WAS vs. ORL,W,3,0,0,,0,0,,0,0,,0,0,0,0,0,0,0,0,0,,0.0,0
22000,100100,Adrienne Johnson,1611661323,ORL,Orlando Miracle,1020000177,2000-07-21,ORL @ WAS,L,38,5,13,0.385,1,6,0.167,0,0,,2,1,3,4,0,0,2,4,11,,18.6,0
22000,100410,Shannon Johnson,1611661323,ORL,Orlando Miracle,1020000177,2000-07-21,ORL @ WAS,L,40,5,10,0.5,0,2,0.0,7,10,0.7,2,6,8,5,2,1,3,2,17,,40.1,0
22000,100411,Carla McGhee,1611661323,ORL,Orlando Miracle,1020000177,2000-07-21,ORL @ WAS,L,12,1,2,0.5,0,0,,0,2,0.0,1,1,2,0,1,0,1,0,2,,6.4,0
22000,100412,Taj McWilliams-Franklin,1611661323,ORL,Orlando Miracle,1020000177,2000-07-21,ORL @ WAS,L,38,7,7,1.0,1,1,1.0,0,0,,1,5,6,2,1,1,5,5,15,,26.2,0
22000,100415,Nykesha Sales,1611661323,ORL,Orlando Miracle,1020000177,2000-07-21,ORL @ WAS,L,30,3,9,0.333,0,2,0.0,0,0,,1,2,3,1,1,0,2,3,6,,12.1,0
22000,100514,Cintia dos Santos,1611661323,ORL,Orlando Miracle,1020000177,2000-07-21,ORL @ WAS,L,30,4,11,0.364,0,0,,0,0,,3,2,5,0,0,1,1,4,8,,16.0,0
22000,100521,Tiffany McCain,1611661323,ORL,Orlando Miracle,1020000177,2000-07-21,ORL @ WAS,L,12,0,2,0.0,0,0,,0,0,,0,0,0,0,0,0,0,0,0,,0.0,0
22000,100059,Andrea Stinson,1611661314,CHA,Charlotte Sting,1020000178,2000-07-21,CHA vs. POR,W,35,5,8,0.625,1,2,0.5,5,7,0.714,0,2,2,8,1,2,3,2,16,,36.4,0
22000,100060,Rhonda Mapp,1611661314,CHA,Charlotte Sting,1020000178,2000-07-21,CHA vs. POR,W,29,5,10,0.5,0,0,,3,3,1.0,2,2,4,2,0,1,1,5,13,,22.8,0
22000,100182,Tracy Reid,1611661314,CHA,Charlotte Sting,1020000178,2000-07-21,CHA vs. POR,W,24,0,6,0.0,0,1,0.0,3,6,0.5,1,4,5,1,0,2,1,0,3,,15.5,0
22000,100294,Cass Bauer-Bilodeau,1611661314,CHA,Charlotte Sting,1020000178,2000-07-21,CHA vs. POR,W,19,2,2,1.0,0,0,,0,0,,1,4,5,1,1,0,3,1,4,,11.5,0
22000,100371,Charlotte Smith,1611661314,CHA,Charlotte Sting,1020000178,2000-07-21,CHA vs. POR,W,25,3,5,0.6,2,2,1.0,4,6,0.667,0,3,3,1,0,0,1,3,12,,16.1,0
22000,100372,Dawn Staley,1611661314,CHA,Charlotte Sting,1020000178,2000-07-21,CHA vs. POR,W,34,6,9,0.667,3,3,1.0,3,5,0.6,0,5,5,3,1,0,5,2,18,,26.5,0
22000,100446,Summer Erb,1611661314,CHA,Charlotte Sting,1020000178,2000-07-21,CHA vs. POR,W,7,0,1,0.0,0,0,,0,0,,1,2,3,0,0,1,3,3,0,,3.6,0
22000,100447,Tiffany Travis,1611661314,CHA,Charlotte Sting,1020000178,2000-07-21,CHA vs. POR,W,16,3,4,0.75,0,0,,1,1,1.0,0,1,1,0,1,0,0,3,7,,11.2,0
22000,100452,E.C. Hill,1611661314,CHA,Charlotte Sting,1020000178,2000-07-21,CHA vs. POR,W,11,0,1,0.0,0,1,0.0,0,0,,0,1,1,1,2,0,1,1,0,,7.7,0
22000,100038,Tara Williams,1611661327,POR,Portland Fire,1020000178,2000-07-21,POR @ CHA,L,6,1,2,0.5,1,2,0.5,0,0,,0,0,0,0,0,0,0,1,3,,3.0,0
22000,100105,Sophia Witherspoon,1611661327,POR,Portland Fire,1020000178,2000-07-21,POR @ CHA,L,34,8,17,0.471,4,9,0.444,5,6,0.833,2,1,3,3,1,1,3,3,25,,36.1,0
22000,100215,Vanessa Nygaard,1611661327,POR,Portland Fire,1020000178,2000-07-21,POR @ CHA,L,33,5,12,0.417,1,5,0.2,1,2,0.5,5,5,10,1,0,0,2,2,12,,23.5,0
22000,100284,Tully Bevilaqua,1611661327,POR,Portland Fire,1020000178,2000-07-21,POR @ CHA,L,27,0,3,0.0,0,1,0.0,0,0,,0,2,2,3,0,0,3,4,0,,3.9,0
22000,100346,Michele Van Gorp,1611661327,POR,Portland Fire,1020000178,2000-07-21,POR @ CHA,L,4,0,1,0.0,0,0,,0,0,,0,0,0,0,0,0,0,0,0,,0.0,0
22000,100429,Alisa Burras,1611661327,POR,Portland Fire,1020000178,2000-07-21,POR @ CHA,L,2,0,1,0.0,0,0,,0,0,,0,0,0,0,0,0,0,0,0,,0.0,0
22000,100529,Sylvia Crawley,1611661327,POR,Portland Fire,1020000178,2000-07-21,POR @ CHA,L,33,3,11,0.273,0,0,,2,4,0.5,1,5,6,4,0,0,0,3,8,,21.2,0
22000,100530,Lynn Pride,1611661327,POR,Portland Fire,1020000178,2000-07-21,POR @ CHA,L,12,2,5,0.4,0,0,,0,2,0.0,1,0,1,0,0,0,1,3,4,,4.2,0
22000,100532,Stacey Thomas,1611661327,POR,Portland Fire,1020000178,2000-07-21,POR @ CHA,L,27,1,4,0.25,0,0,,0,0,,1,2,3,5,3,0,1,3,2,,21.1,0
22000,100533,DeMya Walker,1611661327,POR,Portland Fire,1020000178,2000-07-21,POR @ CHA,L,8,1,3,0.333,0,0,,0,0,,0,0,0,1,0,0,0,0,2,,3.5,0
22000,100570,Michelle Marciniak,1611661327,POR,Portland Fire,1020000178,2000-07-21,POR @ CHA,L,14,3,4,0.75,2,2,1.0,0,0,,0,0,0,3,1,0,2,3,8,,13.5,0
22000,100239,Margo Dydek,1611661319,UTA,Utah Starzz,1020000179,2000-07-21,UTA @ MIA,L,26,4,11,0.364,0,0,,0,2,0.0,1,5,6,0,0,1,2,2,8,,16.2,0
22000,100242,LaTonya Johnson,1611661319,UTA,Utah Starzz,1020000179,2000-07-21,UTA @ MIA,L,21,0,5,0.0,0,1,0.0,0,0,,2,2,4,1,0,1,1,3,0,,8.3,0
22000,100250,Korie Hlede,1611661319,UTA,Utah Starzz,1020000179,2000-07-21,UTA @ MIA,L,37,4,9,0.444,0,1,0.0,7,8,0.875,0,3,3,1,0,0,6,1,15,,14.1,0
22000,100364,Dalma Ivanyi,1611661319,UTA,Utah Starzz,1020000179,2000-07-21,UTA @ MIA,L,5,1,1,1.0,0,0,,0,0,,0,0,0,1,1,0,1,3,2,,5.5,0
22000,100366,Natalie Williams,1611661319,UTA,Utah Starzz,1020000179,2000-07-21,UTA @ MIA,L,34,6,11,0.545,0,0,,6,9,0.667,4,6,10,0,1,0,2,5,18,,31.0,0
22000,100382,Jennifer Azzi,1611661319,UTA,Utah Starzz,1020000179,2000-07-21,UTA @ MIA,L,35,4,7,0.571,0,1,0.0,8,9,0.889,0,3,3,2,2,1,0,4,16,,31.6,0
22000,100422,Kate Starbird,1611661319,UTA,Utah Starzz,1020000179,2000-07-21,UTA @ MIA,L,27,2,8,0.25,0,3,0.0,2,4,0.5,0,2,2,1,2,0,2,5,6,,13.9,0
22000,100549,Amy Herrig,1611661319,UTA,Utah Starzz,1020000179,2000-07-21,UTA @ MIA,L,15,0,1,0.0,0,0,,0,0,,0,0,0,0,0,0,1,2,0,,-1.0,0
22000,100009,Katrina Colleton,1611661326,MIA,Miami Sol,1020000179,2000-07-21,MIA vs. UTA,W,27,3,11,0.273,0,0,,0,0,,0,0,0,0,0,0,4,3,6,,2.0,0
22000,100037,Marlies Askamp,1611661326,MIA,Miami Sol,1020000179,2000-07-21,MIA vs. UTA,W,28,5,7,0.714,1,1,1.0,6,8,0.75,2,4,6,1,1,1,0,3,17,,31.7,0
22000,100063,Sharon Manning,1611661326,MIA,Miami Sol,1020000179,2000-07-21,MIA vs. UTA,W,27,3,5,0.6,0,0,,2,2,1.0,3,4,7,1,0,0,3,4,8,,14.9,0
22000,100107,Kisha Ford,1611661326,MIA,Miami Sol,1020000179,2000-07-21,MIA vs. UTA,W,15,2,4,0.5,0,0,,0,2,0.0,2,0,2,3,3,0,0,3,4,,19.9,0
22000,100359,Debbie Black,1611661326,MIA,Miami Sol,1020000179,2000-07-21,MIA vs. UTA,W,24,0,3,0.0,0,0,,2,2,1.0,0,2,2,7,0,1,1,2,2,,16.9,0
22000,100416,Sheri Sam,1611661326,MIA,Miami Sol,1020000179,2000-07-21,MIA vs. UTA,W,38,10,17,0.588,2,5,0.4,1,2,0.5,0,9,9,3,2,0,1,1,23,,43.3,0
22000,100552,Kristen Rasmussen,1611661326,MIA,Miami Sol,1020000179,2000-07-21,MIA vs. UTA,W,17,3,4,0.75,0,0,,4,4,1.0,1,6,7,1,0,0,1,2,10,,18.9,0
22000,100559,Milena Flores,1611661326,MIA,Miami Sol,1020000179,2000-07-21,MIA vs. UTA,W,16,1,3,0.333,0,2,0.0,4,6,0.667,0,0,0,2,1,0,1,4,6,,11.0,0
22000,100560,Shantia Owens,1611661326,MIA,Miami Sol,1020000179,2000-07-21,MIA vs. UTA,W,8,0,3,0.0,0,0,,0,0,,1,1,2,0,0,0,1,2,0,,1.4,0
22000,100072,Sheryl Swoopes,1611661316,HOU,Houston Comets,1020000180,2000-07-21,HOU @ DET,W,42,9,21,0.429,1,2,0.5,2,2,1.0,1,5,6,2,0,1,6,3,21,,28.2,0
22000,100073,Cynthia Cooper,1611661316,HOU,Houston Comets,1020000180,2000-07-21,HOU @ DET,W,43,10,21,0.476,2,6,0.333,5,6,0.833,1,1,2,4,1,0,5,2,27,,33.4,0
22000,100075,Janeth Arcain,1611661316,HOU,Houston Comets,1020000180,2000-07-21,HOU @ DET,W,39,4,9,0.444,1,2,0.5,0,0,,2,5,7,2,0,0,4,4,9,,16.4,0
22000,100076,Tina Thompson,1611661316,HOU,Houston Comets,1020000180,2000-07-21,HOU @ DET,W,42,5,15,0.333,1,5,0.2,0,0,,1,12,13,2,2,1,2,5,11,,36.6,0
22000,100077,Tammy Jackson,1611661316,HOU,Houston Comets,1020000180,2000-07-21,HOU @ DET,W,13,0,1,0.0,0,0,,0,0,,0,1,1,1,1,0,0,1,0,,5.7,0
22000,100217,Coquese Washington,1611661316,HOU,Houston Comets,1020000180,2000-07-21,HOU @ DET,W,1,0,0,,0,0,,0,0,,0,0,0,1,0,0,0,0,0,,1.5,0
22000,100233,Tiffani Johnson,1611661316,HOU,Houston Comets,1020000180,2000-07-21,HOU @ DET,W,35,3,7,0.429,0,0,,2,2,1.0,9,6,15,2,1,2,1,5,8,,37.0,0
22000,100338,Jennifer Rizzotti,1611661316,HOU,Houston Comets,1020000180,2000-07-21,HOU @ DET,W,10,0,0,,0,0,,0,0,,0,0,0,1,0,0,1,0,0,,0.5,0
22000,100046,Wendy Palmer,1611661321,DET,Detroit Shock,1020000180,2000-07-21,DET vs. HOU,L,42,8,21,0.381,1,3,0.333,5,6,0.833,6,6,12,2,0,1,1,2,22,,41.4,0
22000,100351,Joy Holmes,1611661321,DET,Detroit Shock,1020000180,2000-07-21,DET vs. HOU,L,25,4,5,0.8,1,2,0.5,2,2,1.0,0,3,3,1,2,2,0,4,11,,28.1,0
22000,100384,Dominique Canty,1611661321,DET,Detroit Shock,1020000180,2000-07-21,DET vs. HOU,L,23,1,8,0.125,0,1,0.0,4,4,1.0,0,1,1,1,0,0,2,3,6,,6.7,0
22000,100386,Claudia Neves,1611661321,DET,Detroit Shock,1020000180,2000-07-21,DET vs. HOU,L,25,3,6,0.5,0,2,0.0,2,2,1.0,0,0,0,2,3,0,1,1,8,,19.0,0
22000,100387,Astou Ndiaye-Diatta,1611661321,DET,Detroit Shock,1020000180,2000-07-21,DET vs. HOU,L,40,4,13,0.308,0,0,,0,0,,3,7,10,1,1,0,1,2,8,,23.5,0
22000,100388,Elena Tornikidou,1611661321,DET,Detroit Shock,1020000180,2000-07-21,DET vs. HOU,L,19,1,6,0.167,1,2,0.5,0,0,,0,2,2,2,1,0,3,2,3,,8.4,0
22000,100390,Oksana Zakaluzhnaya,1611661321,DET,Detroit Shock,1020000180,2000-07-21,DET vs. HOU,L,2,0,0,,0,0,,0,0,,0,0,0,0,0,0,0,0,0,,0.0,0
22000,100492,Edwina Brown,1611661321,DET,Detroit Shock,1020000180,2000-07-21,DET vs. HOU,L,24,2,8,0.25,0,0,,2,2,1.0,0,1,1,4,1,0,2,0,6,,14.2,0
22000,100493,Anna DeForge,1611661321,DET,Detroit Shock,1020000180,2000-07-21,DET vs. HOU,L,20,4,5,0.8,2,2,1.0,0,0,,0,3,3,2,1,0,0,0,10,,19.6,0
22000,100494,Barbara Farris,1611661321,DET,Detroit Shock,1020000180,2000-07-21,DET vs. HOU,L,5,0,1,0.0,0,0,,0,0,,0,0,0,0,0,0,1,2,0,,-1.0,0
22000,100030,Jennifer Gillom,1611661317,PHO,Phoenix Mercury,1020000181,2000-07-21,PHO vs. LAS,L,23,4,14,0.286,1,2,0.5,3,4,0.75,2,1,3,1,1,1,3,3,12,,20.1,0
22000,100031,Bridget Pettis,1611661317,PHO,Phoenix Mercury,1020000181,2000-07-21,PHO vs. LAS,L,16,1,5,0.2,0,2,0.0,0,0,,0,0,0,0,0,0,0,0,2,,2.0,0
22000,100221,Michelle Brogan,1611661317,PHO,Phoenix Mercury,1020000181,2000-07-21,PHO vs. LAS,L,6,0,1,0.0,0,1,0.0,0,0,,0,1,1,0,0,0,2,2,0,,-0.8,0
22000,100225,Brandy Reed,1611661317,PHO,Phoenix Mercury,1020000181,2000-07-21,PHO vs. LAS,L,38,8,17,0.471,0,2,0.0,5,6,0.833,4,6,10,4,7,1,3,2,21,,60.0,0
22000,100378,Lisa Harrison,1611661317,PHO,Phoenix Mercury,1020000181,2000-07-21,PHO vs. LAS,L,39,6,10,0.6,1,1,1.0,0,0,,1,8,9,2,0,1,0,3,13,,29.8,0
22000,100398,Tonya Edwards,1611661317,PHO,Phoenix Mercury,1020000181,2000-07-21,PHO vs. LAS,L,32,3,8,0.375,1,4,0.25,1,2,0.5,0,3,3,2,0,0,1,2,8,,13.6,0
22000,100525,Rankica Sarenac,1611661317,PHO,Phoenix Mercury,1020000181,2000-07-21,PHO vs. LAS,L,13,5,8,0.625,1,1,1.0,1,2,0.5,0,0,0,0,0,0,0,1,12,,12.0,0
22000,100594,Michelle Cleary,1611661317,PHO,Phoenix Mercury,1020000181,2000-07-21,PHO vs. LAS,L,33,0,2,0.0,0,0,,0,2,0.0,0,2,2,6,6,0,0,2,0,,29.4,0
22000,100003,Lisa Leslie,1611661320,LAS,Los Angeles Sparks,1020000181,2000-07-21,LAS @ PHO,W,38,11,23,0.478,1,4,0.25,7,7,1.0,5,11,16,1,0,2,6,3,30,,50.7,0
22000,100008,Tamecka Dixon,1611661320,LAS,Los Angeles Sparks,1020000181,2000-07-21,LAS @ PHO,W,32,4,11,0.364,2,2,1.0,2,2,1.0,1,4,5,2,0,0,1,1,12,,20.0,0
22000,100012,Mwadi Mabika,1611661320,LAS,Los Angeles Sparks,1020000181,2000-07-21,LAS @ PHO,W,33,3,8,0.375,3,5,0.6,1,2,0.5,3,6,9,3,2,3,0,3,10,,40.3,0
22000,100170,Allison Feaster,1611661320,LAS,Los Angeles Sparks,1020000181,2000-07-21,LAS @ PHO,W,8,2,4,0.5,0,2,0.0,0,0,,0,1,1,0,1,0,1,0,4,,7.2,0
22000,100392,Ukari Figgs,1611661320,LAS,Los Angeles Sparks,1020000181,2000-07-21,LAS @ PHO,W,23,1,1,1.0,0,0,,0,0,,0,0,0,5,1,0,1,2,2,,11.5,0
22000,100393,La'Keshia Frett,1611661320,LAS,Los Angeles Sparks,1020000181,2000-07-21,LAS @ PHO,W,7,0,3,0.0,0,0,,0,0,,0,0,0,0,0,0,0,0,0,,0.0,0
22000,100396,DeLisha Milton-Jones,1611661320,LAS,Los Angeles Sparks,1020000181,2000-07-21,LAS @ PHO,W,37,7,12,0.583,0,0,,2,2,1.0,3,8,11,4,1,0,6,5,16,,32.2,0
22000,100476,Vedrana Grgin Fonseca,1611661320,LAS,Los Angeles Sparks,1020000181,2000-07-21,LAS @ PHO,W,5,0,0,,0,0,,0,0,,0,0,0,0,0,0,1,0,0,,-1.0,0
22000,100478,Nicky McCrimmon,1611661320,LAS,Los Angeles Sparks,1020000181,2000-07-21,LAS @ PHO,W,17,0,1,0.0,0,1,0.0,0,0,,1,0,1,5,2,1,2,1,0,,15.7,0
22000,100400,Kristin Folkl,1611661324,MIN,Minnesota Lynx,1020000182,2000-07-21,MIN @ SEA,L,26,5,8,0.625,0,1,0.0,1,2,0.5,1,11,12,2,0,1,3,1,11,,28.4,0
22000,100404,Katie Smith,1611661324,MIN,Minnesota Lynx,1020000182,2000-07-21,MIN @ SEA,L,38,7,13,0.538,4,8,0.5,2,2,1.0,0,0,0,5,2,0,3,2,20,,30.5,0
22000,100481,Marla Brumfield,1611661324,MIN,Minnesota Lynx,1020000182,2000-07-21,MIN @ SEA,L,24,2,5,0.4,0,0,,0,0,,1,1,2,1,2,0,1,3,4,,12.9,0
22000,100483,Keitha Dickerson,1611661324,MIN,Minnesota Lynx,1020000182,2000-07-21,MIN @ SEA,L,34,3,6,0.5,0,0,,2,2,1.0,1,5,6,4,1,0,9,6,8,,15.2,0
22000,100484,Betty Lennox,1611661324,MIN,Minnesota Lynx,1020000182,2000-07-21,MIN @ SEA,L,28,2,6,0.333,1,2,0.5,0,0,,0,2,2,4,0,0,4,6,5,,9.4,0
22000,100485,Maylana Martin,1611661324,MIN,Minnesota Lynx,1020000182,2000-07-21,MIN @ SEA,L,21,1,7,0.143,0,0,,5,5,1.0,1,4,5,0,1,0,1,5,7,,15.0,0
22000,100487,Kate Paye,1611661324,MIN,Minnesota Lynx,1020000182,2000-07-21,MIN @ SEA,L,24,1,4,0.25,1,4,0.25,0,0,,0,1,1,2,0,0,2,3,3,,5.2,0
22000,100490,Shanele Stires,1611661324,MIN,Minnesota Lynx,1020000182,2000-07-21,MIN @ SEA,L,5,1,2,0.5,1,2,0.5,0,0,,0,0,0,0,0,0,0,2,3,,3.0,0
22000,100088,Michelle Edwards,1611661328,SEA,Seattle Storm,1020000182,2000-07-21,SEA vs. MIN,W,12,1,4,0.25,0,2,0.0,0,0,,0,0,0,1,0,0,1,0,2,,2.5,0
22000,100111,Simone Edwards,1611661328,SEA,Seattle Storm,1020000182,2000-07-21,SEA vs. MIN,W,31,3,5,0.6,0,0,,1,6,0.167,0,3,3,2,2,0,1,1,7,,18.6,0
22000,100179,Charmin Smith,1611661328,SEA,Seattle Storm,1020000182,2000-07-21,SEA vs. MIN,W,19,1,1,1.0,1,1,1.0,0,4,0.0,1,2,3,0,1,0,2,0,3,,7.6,0
22000,100230,Quacy Barnes,1611661328,SEA,Seattle Storm,1020000182,2000-07-21,SEA vs. MIN,W,13,2,4,0.5,0,0,,2,2,1.0,0,2,2,1,0,0,4,3,6,,5.9,0
22000,100336,Sonja Henning,1611661328,SEA,Seattle Storm,1020000182,2000-07-21,SEA vs. MIN,W,34,5,6,0.833,3,3,1.0,2,6,0.333,1,2,3,4,4,0,1,2,15,,35.6,0
22000,100375,Edna Campbell,1611661328,SEA,Seattle Storm,1020000182,2000-07-21,SEA vs. MIN,W,32,6,12,0.5,3,5,0.6,2,4,0.5,0,1,1,3,0,0,0,0,17,,22.7,0
22000,100503,Andrea Garner,1611661328,SEA,Seattle Storm,1020000182,2000-07-21,SEA vs. MIN,W,14,1,5,0.2,0,0,,1,2,0.5,2,1,3,2,4,1,2,2,3,,22.6,0
22000,100541,Jamie Redd,1611661328,SEA,Seattle Storm,1020000182,2000-07-21,SEA vs. MIN,W,1,0,1,0.0,0,0,,0,0,,0,0,0,0,0,0,0,1,0,,0.0,0
22000,100542,Charisse Sampson,1611661328,SEA,Seattle Storm,1020000182,2000-07-21,SEA vs. MIN,W,22,2,2,1.0,2,2,1.0,4,4,1.0,1,5,6,1,2,0,2,3,10,,22.7,0
22000,100544,Kamila Vodichkova,1611661328,SEA,Seattle Storm,1020000182,2000-07-21,SEA vs. MIN,W,22,1,3,0.333,0,0,,2,6,0.333,0,4,4,2,2,1,1,2,4,,19.8,0
22000,100092,Merlakia Jones,1611661315,CLE,Cleveland Rockers,1020000183,2000-07-22,CLE vs. MIA,W,26,4,7,0.571,0,0,,2,3,0.667,3,5,8,4,3,1,3,1,10,,34.6,0
22000,100097,Rushia Brown,1611661315,CLE,Cleveland Rockers,1020000183,2000-07-22,CLE vs. MIA,W,21,4,5,0.8,1,1,1.0,2,2,1.0,0,1,1,1,0,1,1,0,11,,15.7,0
22000,100180,Pollyanna Johns Kimbrough,1611661315,CLE,Cleveland Rockers,1020000183,2000-07-22,CLE vs. MIA,W,11,0,0,,0,0,,2,6,0.333,1,1,2,1,0,0,0,3,2,,5.9,0
22000,100187,Suzie McConnell Serio,1611661315,CLE,Cleveland Rockers,1020000183,2000-07-22,CLE vs. MIA,W,19,4,7,0.571,2,4,0.5,1,1,1.0,0,1,1,5,1,0,1,0,11,,21.7,0
22000,100231,Adia Barnes,1611661315,CLE,Cleveland Rockers,1020000183,2000-07-22,CLE vs. MIA,W,6,3,3,1.0,0,0,,1,2,0.5,2,0,2,1,0,0,1,1,7,,9.9,0
22000,100237,Tricia Bader Binford,1611661315,CLE,Cleveland Rockers,1020000183,2000-07-22,CLE vs. MIA,W,16,1,4,0.25,0,1,0.0,0,0,,0,3,3,3,2,0,1,1,2,,15.1,0
22000,100428,Mery Andrade,1611661315,CLE,Cleveland Rockers,1020000183,2000-07-22,CLE vs. MIA,W,23,5,7,0.714,1,2,0.5,2,2,1.0,0,2,2,1,1,0,1,0,13,,18.9,0
22000,100433,Chasity Melvin,1611661315,CLE,Cleveland Rockers,1020000183,2000-07-22,CLE vs. MIA,W,22,2,6,0.333,0,0,,3,3,1.0,1,3,4,1,0,1,0,3,7,,16.3,0
22000,100445,Ann Wauters,1611661315,CLE,Cleveland Rockers,1020000183,2000-07-22,CLE vs. MIA,W,19,2,3,0.667,0,0,,1,2,0.5,1,1,2,2,2,3,3,2,5,,22.4,0
22000,100457,Helen Darling,1611661315,CLE,Cleveland Rockers,1020000183,2000-07-22,CLE vs. MIA,W,17,2,4,0.5,1,1,1.0,1,2,0.5,0,1,1,0,0,1,2,3,6,,8.2,0
22000,100458,Vicki Hall,1611661315,CLE,Cleveland Rockers,1020000183,2000-07-22,CLE vs. MIA,W,20,1,5,0.2,0,1,0.0,0,0,,0,2,2,0,1,0,0,3,2,,7.4,0
22000,100009,Katrina Colleton,1611661326,MIA,Miami Sol,1020000183,2000-07-22,MIA @ CLE,L,24,3,12,0.25,0,1,0.0,0,0,,0,1,1,1,0,0,1,0,6,,7.7,0
22000,100035,Umeki Webb,1611661326,MIA,Miami Sol,1020000183,2000-07-22,MIA @ CLE,L,14,0,3,0.0,0,0,,2,2,1.0,0,1,1,2,1,0,4,3,2,,5.2,0
22000,100037,Marlies Askamp,1611661326,MIA,Miami Sol,1020000183,2000-07-22,MIA @ CLE,L,20,1,5,0.2,0,0,,5,6,0.833,3,1,4,1,1,2,1,4,7,,21.3,0
22000,100063,Sharon Manning,1611661326,MIA,Miami Sol,1020000183,2000-07-22,MIA @ CLE,L,19,3,5,0.6,0,0,,0,0,,5,1,6,2,0,0,2,1,6,,14.2,0
22000,100107,Kisha Ford,1611661326,MIA,Miami Sol,1020000183,2000-07-22,MIA @ CLE,L,22,0,3,0.0,0,0,,4,4,1.0,0,1,1,1,1,1,2,1,4,,10.7,0
22000,100359,Debbie Black,1611661326,MIA,Miami Sol,1020000183,2000-07-22,MIA @ CLE,L,20,1,5,0.2,0,1,0.0,0,0,,1,2,3,2,1,0,2,3,2,,9.6,0
22000,100416,Sheri Sam,1611661326,MIA,Miami Sol,1020000183,2000-07-22,MIA @ CLE,L,20,1,7,0.143,1,3,0.333,0,0,,1,2,3,0,0,0,5,4,3,,1.6,0
22000,100451,Jamie Cassidy,1611661326,MIA,Miami Sol,1020000183,2000-07-22,MIA @ CLE,L,10,2,3,0.667,0,0,,3,4,0.75,0,1,1,2,0,0,1,1,7,,10.2,0
22000,100552,Kristen Rasmussen,1611661326,MIA,Miami Sol,1020000183,2000-07-22,MIA @ CLE,L,11,2,2,1.0,0,0,,0,0,,1,1,2,0,1,0,0,5,4,,9.4,0
22000,100559,Milena Flores,1611661326,MIA,Miami Sol,1020000183,2000-07-22,MIA @ CLE,L,20,1,3,0.333,0,2,0.0,0,0,,0,0,0,2,0,0,2,1,2,,3.0,0
22000,100560,Shantia Owens,1611661326,MIA,Miami Sol,1020000183,2000-07-22,MIA @ CLE,L,20,2,6,0.333,0,0,,0,0,,0,1,1,0,0,0,1,2,4,,4.2,0
22000,100059,Andrea Stinson,1611661314,CHA,Charlotte Sting,1020000184,2000-07-22,CHA @ IND,L,34,7,15,0.467,1,6,0.167,1,2,0.5,0,3,3,2,1,1,3,4,16,,25.6,0
22000,100060,Rhonda Mapp,1611661314,CHA,Charlotte Sting,1020000184,2000-07-22,CHA @ IND,L,32,7,15,0.467,1,1,1.0,3,3,1.0,4,2,6,2,1,1,2,2,18,,32.2,0
22000,100182,Tracy Reid,1611661314,CHA,Charlotte Sting,1020000184,2000-07-22,CHA @ IND,L,27,3,5,0.6,0,0,,2,2,1.0,2,5,7,1,1,0,2,0,8,,18.9,0
22000,100294,Cass Bauer-Bilodeau,1611661314,CHA,Charlotte Sting,1020000184,2000-07-22,CHA @ IND,L,21,2,4,0.5,0,1,0.0,2,2,1.0,1,3,4,2,1,0,1,2,6,,15.8,0
22000,100368,Angie Braziel,1611661314,CHA,Charlotte Sting,1020000184,2000-07-22,CHA @ IND,L,5,1,3,0.333,0,0,,0,0,,3,1,4,0,0,0,0,0,2,,6.8,0
22000,100371,Charlotte Smith,1611661314,CHA,Charlotte Sting,1020000184,2000-07-22,CHA @ IND,L,21,0,5,0.0,0,4,0.0,0,0,,2,1,3,1,1,1,0,3,0,,11.1,0
22000,100372,Dawn Staley,1611661314,CHA,Charlotte Sting,1020000184,2000-07-22,CHA @ IND,L,35,2,9,0.222,1,4,0.25,0,0,,0,1,1,2,0,0,2,1,5,,7.2,0
22000,100446,Summer Erb,1611661314,CHA,Charlotte Sting,1020000184,2000-07-22,CHA @ IND,L,3,0,1,0.0,0,0,,0,0,,1,1,2,0,0,0,0,3,0,,2.4,0
22000,100447,Tiffany Travis,1611661314,CHA,Charlotte Sting,1020000184,2000-07-22,CHA @ IND,L,15,1,5,0.2,0,1,0.0,0,0,,1,2,3,1,0,0,3,0,2,,4.1,0
22000,100452,E.C. Hill,1611661314,CHA,Charlotte Sting,1020000184,2000-07-22,CHA @ IND,L,6,1,3,0.333,0,1,0.0,0,0,,0,0,0,1,0,0,1,1,2,,2.5,0
22000,100454,Larecha Jones,1611661314,CHA,Charlotte Sting,1020000184,2000-07-22,CHA @ IND,L,1,0,1,0.0,0,1,0.0,0,0,,0,1,1,1,0,0,0,0,0,,2.7,0
22000,100022,Chantel Tremitiere,1611661325,IND,Indiana Fever,1020000184,2000-07-22,IND vs. CHA,W,6,0,1,0.0,0,0,,0,0,,0,1,1,3,0,0,0,0,0,,5.7,0
22000,100204,Rita Williams,1611661325,IND,Indiana Fever,1020000184,2000-07-22,IND vs. CHA,W,34,2,8,0.25,0,4,0.0,1,1,1.0,0,2,2,4,1,0,1,0,5,,15.4,0
22000,100216,Alicia Thompson,1611661325,IND,Indiana Fever,1020000184,2000-07-22,IND vs. CHA,W,22,5,10,0.5,0,0,,0,0,,3,4,7,5,1,0,1,3,10,,27.9,0
22000,100340,Kara Wolters,1611661325,IND,Indiana Fever,1020000184,2000-07-22,IND vs. CHA,W,24,5,9,0.556,0,0,,1,2,0.5,2,2,4,1,0,0,1,1,11,,16.3,0
22000,100357,Monica Maxwell,1611661325,IND,Indiana Fever,1020000184,2000-07-22,IND vs. CHA,W,39,6,12,0.5,2,6,0.333,4,4,1.0,1,9,10,1,3,1,1,1,18,,42.5,0
22000,100370,Stephanie White,1611661325,IND,Indiana Fever,1020000184,2000-07-22,IND vs. CHA,W,7,1,2,0.5,0,1,0.0,0,0,,0,1,1,1,0,0,1,0,2,,3.7,0
22000,100394,Gordana Grubin,1611661325,IND,Indiana Fever,1020000184,2000-07-22,IND vs. CHA,W,34,7,13,0.538,4,7,0.571,1,2,0.5,0,4,4,2,0,0,2,1,19,,24.8,0
22000,100471,Danielle McCulley,1611661325,IND,Indiana Fever,1020000184,2000-07-22,IND vs. CHA,W,16,2,2,1.0,0,0,,2,2,1.0,0,2,2,0,2,3,1,3,6,,22.4,0
22000,101006,Jurgita Streimikyte,1611661325,IND,Indiana Fever,1020000184,2000-07-22,IND vs. CHA,W,18,3,5,0.6,1,1,1.0,2,2,1.0,1,1,2,0,0,1,2,3,9,,12.4,0
22000,100030,Jennifer Gillom,1611661317,PHO,Phoenix Mercury,1020000185,2000-07-22,PHO @ SAC,L,15,1,7,0.143,0,0,,0,0,,1,2,3,2,1,1,1,4,2,,13.6,0
22000,100031,Bridget Pettis,1611661317,PHO,Phoenix Mercury,1020000185,2000-07-22,PHO @ SAC,L,29,3,6,0.5,2,4,0.5,4,5,0.8,1,1,2,2,2,1,3,5,12,,23.4,0
22000,100221,Michelle Brogan,1611661317,PHO,Phoenix Mercury,1020000185,2000-07-22,PHO @ SAC,L,25,2,4,0.5,0,1,0.0,0,0,,0,1,1,2,0,0,3,3,4,,5.2,0
22000,100225,Brandy Reed,1611661317,PHO,Phoenix Mercury,1020000185,2000-07-22,PHO @ SAC,L,30,9,18,0.5,0,1,0.0,4,4,1.0,1,3,4,2,1,1,1,0,22,,34.8,0
22000,100378,Lisa Harrison,1611661317,PHO,Phoenix Mercury,1020000185,2000-07-22,PHO @ SAC,L,29,5,9,0.556,1,2,0.5,1,1,1.0,1,7,8,1,0,0,2,3,12,,21.1,0
22000,100398,Tonya Edwards,1611661317,PHO,Phoenix Mercury,1020000185,2000-07-22,PHO @ SAC,L,27,2,6,0.333,0,0,,0,0,,0,2,2,4,0,0,4,2,4,,8.4,0
22000,100525,Rankica Sarenac,1611661317,PHO,Phoenix Mercury,1020000185,2000-07-22,PHO @ SAC,L,4,1,2,0.5,0,0,,0,0,,0,1,1,0,0,0,1,2,2,,2.2,0
22000,100526,Adrian Williams-Strong,1611661317,PHO,Phoenix Mercury,1020000185,2000-07-22,PHO @ SAC,L,9,1,1,1.0,0,0,,0,0,,1,1,2,0,0,0,2,0,2,,2.4,0
22000,100594,Michelle Cleary,1611661317,PHO,Phoenix Mercury,1020000185,2000-07-22,PHO @ SAC,L,32,0,1,0.0,0,1,0.0,0,0,,0,3,3,3,2,0,1,1,0,,13.1,0
22000,100016,Ruthie Bolton,1611661318,SAC,Sacramento Monarchs,1020000185,2000-07-22,SAC vs. PHO,W,34,4,17,0.235,2,8,0.25,4,4,1.0,1,3,4,0,0,0,3,2,14,,15.8,0
22000,100027,Latasha Byears,1611661318,SAC,Sacramento Monarchs,1020000185,2000-07-22,SAC vs. PHO,W,20,3,5,0.6,0,0,,0,0,,3,2,5,0,2,0,1,3,6,,17.0,0
22000,100044,Lady Grooms,1611661318,SAC,Sacramento Monarchs,1020000185,2000-07-22,SAC vs. PHO,W,28,1,3,0.333,0,0,,0,2,0.0,2,2,4,1,2,0,1,1,2,,13.3,0
22000,100183,Cindy Blodgett,1611661318,SAC,Sacramento Monarchs,1020000185,2000-07-22,SAC vs. PHO,W,7,1,1,1.0,0,0,,0,0,,0,1,1,2,0,0,1,1,2,,5.2,0
22000,100234,Ticha Penicheiro,1611661318,SAC,Sacramento Monarchs,1020000185,2000-07-22,SAC vs. PHO,W,8,0,1,0.0,0,0,,0,0,,1,1,2,1,3,0,0,0,0,,12.9,0
22000,100236,Tangela Smith,1611661318,SAC,Sacramento Monarchs,1020000185,2000-07-22,SAC vs. PHO,W,24,4,10,0.4,0,0,,0,0,,1,2,3,4,0,2,1,3,8,,22.6,0
22000,100419,Yolanda Griffith,1611661318,SAC,Sacramento Monarchs,1020000185,2000-07-22,SAC vs. PHO,W,36,8,13,0.615,0,0,,5,10,0.5,9,8,17,2,3,2,7,3,21,,52.4,0
22000,100421,Kedra Holland-Corn,1611661318,SAC,Sacramento Monarchs,1020000185,2000-07-22,SAC vs. PHO,W,23,2,8,0.25,1,4,0.25,1,4,0.25,1,2,3,2,3,0,4,3,6,,17.6,0
22000,100534,Stacy Clinesmith,1611661318,SAC,Sacramento Monarchs,1020000185,2000-07-22,SAC vs. PHO,W,20,1,3,0.333,0,1,0.0,0,0,,0,1,1,2,0,0,1,2,2,,5.2,0
22000,100101,Teresa Weatherspoon,1611661313,NYL,New York Liberty,1020000186,2000-07-23,NYL vs. HOU,W,36,1,2,0.5,0,1,0.0,0,0,,0,1,1,3,2,0,3,3,2,,10.7,0
22000,100103,Vickie Johnson,1611661313,NYL,New York Liberty,1020000186,2000-07-23,NYL vs. HOU,W,33,6,13,0.462,0,0,,1,1,1.0,1,3,4,3,0,0,2,1,13,,20.3,0
22000,100104,Sue Wicks,1611661313,NYL,New York Liberty,1020000186,2000-07-23,NYL vs. HOU,W,18,4,4,1.0,0,0,,0,1,0.0,1,3,4,0,2,1,0,3,8,,21.8,0
22000,100342,Becky Hammon,1611661313,NYL,New York Liberty,1020000186,2000-07-23,NYL vs. HOU,W,37,6,14,0.429,4,7,0.571,1,2,0.5,1,1,2,2,1,0,1,3,17,,24.4,0
22000,100345,Crystal Robinson,1611661313,NYL,New York Liberty,1020000186,2000-07-23,NYL vs. HOU,W,14,0,2,0.0,0,2,0.0,6,6,1.0,0,0,0,1,0,1,1,3,6,,9.5,0
22000,100347,Tamika Whitmore,1611661313,NYL,New York Liberty,1020000186,2000-07-23,NYL vs. HOU,W,28,3,10,0.3,0,0,,0,0,,0,6,6,0,0,0,2,2,6,,11.2,0
22000,100413,Tari Phillips,1611661313,NYL,New York Liberty,1020000186,2000-07-23,NYL vs. HOU,W,34,7,15,0.467,0,0,,3,5,0.6,5,6,11,0,2,3,0,1,17,,45.2,0
22000,100072,Sheryl Swoopes,1611661316,HOU,Houston Comets,1020000186,2000-07-23,HOU @ NYL,L,39,6,16,0.375,0,4,0.0,6,7,0.857,3,6,9,5,2,1,3,1,18,,42.3,0
22000,100073,Cynthia Cooper,1611661316,HOU,Houston Comets,1020000186,2000-07-23,HOU @ NYL,L,38,5,12,0.417,1,4,0.25,3,4,0.75,0,5,5,4,0,0,3,4,14,,23.0,0
22000,100075,Janeth Arcain,1611661316,HOU,Houston Comets,1020000186,2000-07-23,HOU @ NYL,L,37,7,12,0.583,0,1,0.0,2,2,1.0,2,2,4,0,2,0,2,3,16,,24.8,0
22000,100076,Tina Thompson,1611661316,HOU,Houston Comets,1020000186,2000-07-23,HOU @ NYL,L,36,4,13,0.308,1,4,0.25,2,2,1.0,3,4,7,1,0,1,1,2,11,,22.9,0
22000,100077,Tammy Jackson,1611661316,HOU,Houston Comets,1020000186,2000-07-23,HOU @ NYL,L,15,1,4,0.25,0,0,,0,0,,2,1,3,0,0,0,2,2,2,,3.6,0
22000,100211,Amaya Valdemoro,1611661316,HOU,Houston Comets,1020000186,2000-07-23,HOU @ NYL,L,1,0,0,,0,0,,0,0,,0,0,0,0,0,0,0,0,0,,0.0,0
22000,100233,Tiffani Johnson,1611661316,HOU,Houston Comets,1020000186,2000-07-23,HOU @ NYL,L,26,1,2,0.5,0,0,,1,2,0.5,2,1,3,0,0,0,1,4,3,,5.6,0
22000,100338,Jennifer Rizzotti,1611661316,HOU,Houston Comets,1020000186,2000-07-23,HOU @ NYL,L,8,0,0,,0,0,,0,0,,0,0,0,1,0,0,0,1,0,,1.5,0
22000,100239,Margo Dydek,1611661319,UTA,Utah Starzz,1020000187,2000-07-23,UTA @ ORL,W,25,5,11,0.455,0,0,,0,0,,0,5,5,1,2,2,2,5,10,,27.5,0
22000,100242,LaTonya Johnson,1611661319,UTA,Utah Starzz,1020000187,2000-07-23,UTA @ ORL,W,9,1,2,0.5,1,2,0.5,0,0,,0,2,2,0,0,0,0,1,3,,5.4,0
22000,100250,Korie Hlede,1611661319,UTA,Utah Starzz,1020000187,2000-07-23,UTA @ ORL,W,35,4,13,0.308,1,3,0.333,0,0,,1,3,4,6,2,1,2,1,9,,29.8,0
22000,100363,Adrienne Goodson,1611661319,UTA,Utah Starzz,1020000187,2000-07-23,UTA @ ORL,W,36,6,15,0.4,0,1,0.0,3,3,1.0,4,5,9,3,1,0,2,0,15,,31.3,0
22000,100364,Dalma Ivanyi,1611661319,UTA,Utah Starzz,1020000187,2000-07-23,UTA @ ORL,W,1,0,0,,0,0,,0,0,,0,0,0,0,0,0,1,0,0,,-1.0,0
22000,100366,Natalie Williams,1611661319,UTA,Utah Starzz,1020000187,2000-07-23,UTA @ ORL,W,40,6,11,0.545,0,0,,11,14,0.786,3,9,12,1,0,2,4,5,23,,40.9,0
22000,100382,Jennifer Azzi,1611661319,UTA,Utah Starzz,1020000187,2000-07-23,UTA @ ORL,W,39,3,4,0.75,0,1,0.0,3,3,1.0,0,2,2,8,1,0,2,6,9,,24.4,0
22000,100549,Amy Herrig,1611661319,UTA,Utah Starzz,1020000187,2000-07-23,UTA @ ORL,W,15,0,0,,0,0,,0,0,,1,0,1,0,0,0,0,3,0,,1.2,0
22000,100100,Adrienne Johnson,1611661323,ORL,Orlando Miracle,1020000187,2000-07-23,ORL vs. UTA,L,40,8,13,0.615,1,4,0.25,1,1,1.0,1,1,2,2,1,0,3,2,18,,23.4,0
22000,100410,Shannon Johnson,1611661323,ORL,Orlando Miracle,1020000187,2000-07-23,ORL vs. UTA,L,40,0,6,0.0,0,1,0.0,7,10,0.7,1,3,4,7,1,0,2,0,7,,23.3,0
22000,100411,Carla McGhee,1611661323,ORL,Orlando Miracle,1020000187,2000-07-23,ORL vs. UTA,L,3,0,0,,0,0,,4,4,1.0,0,1,1,0,0,0,0,1,4,,5.2,0
22000,100412,Taj McWilliams-Franklin,1611661323,ORL,Orlando Miracle,1020000187,2000-07-23,ORL vs. UTA,L,38,8,17,0.471,0,1,0.0,2,4,0.5,3,4,7,3,1,2,2,4,18,,37.9,0
22000,100415,Nykesha Sales,1611661323,ORL,Orlando Miracle,1020000187,2000-07-23,ORL vs. UTA,L,30,3,12,0.25,1,2,0.5,0,0,,3,0,3,0,0,0,1,5,7,,9.6,0
22000,100514,Cintia dos Santos,1611661323,ORL,Orlando Miracle,1020000187,2000-07-23,ORL vs. UTA,L,39,6,13,0.462,0,1,0.0,0,2,0.0,3,8,11,2,0,3,1,4,12,,36.2,0
22000,100521,Tiffany McCain,1611661323,ORL,Orlando Miracle,1020000187,2000-07-23,ORL vs. UTA,L,10,0,3,0.0,0,2,0.0,0,0,,0,0,0,2,0,0,0,1,0,,3.0,0
22000,100400,Kristin Folkl,1611661324,MIN,Minnesota Lynx,1020000188,2000-07-23,MIN vs. POR,W,18,1,3,0.333,0,1,0.0,3,4,0.75,1,1,2,1,0,0,3,0,5,,5.9,0
22000,100404,Katie Smith,1611661324,MIN,Minnesota Lynx,1020000188,2000-07-23,MIN vs. POR,W,39,1,11,0.091,1,8,0.125,8,9,0.889,1,4,5,6,2,0,6,2,11,,26.0,0
22000,100481,Marla Brumfield,1611661324,MIN,Minnesota Lynx,1020000188,2000-07-23,MIN vs. POR,W,23,5,5,1.0,0,0,,4,4,1.0,1,3,4,1,1,0,1,5,14,,22.3,0
22000,100482,Grace Daley,1611661324,MIN,Minnesota Lynx,1020000188,2000-07-23,MIN vs. POR,W,1,0,0,,0,0,,0,0,,0,0,0,0,0,0,1,0,0,,-1.0,0
22000,100483,Keitha Dickerson,1611661324,MIN,Minnesota Lynx,1020000188,2000-07-23,MIN vs. POR,W,21,1,3,0.333,0,0,,0,0,,0,2,2,0,2,0,3,2,2,,7.4,0
22000,100484,Betty Lennox,1611661324,MIN,Minnesota Lynx,1020000188,2000-07-23,MIN vs. POR,W,34,9,14,0.643,1,3,0.333,7,10,0.7,2,4,6,1,2,0,3,5,26,,37.7,0
22000,100485,Maylana Martin,1611661324,MIN,Minnesota Lynx,1020000188,2000-07-23,MIN vs. POR,W,24,2,6,0.333,0,0,,4,4,1.0,2,1,3,1,0,3,0,3,8,,22.1,0
22000,100487,Kate Paye,1611661324,MIN,Minnesota Lynx,1020000188,2000-07-23,MIN vs. POR,W,24,2,3,0.667,1,1,1.0,1,3,0.333,0,3,3,0,0,0,3,1,6,,6.6,0
22000,100490,Shanele Stires,1611661324,MIN,Minnesota Lynx,1020000188,2000-07-23,MIN vs. POR,W,16,2,5,0.4,2,2,1.0,2,2,1.0,1,0,1,1,0,0,1,1,8,,9.7,0
22000,100038,Tara Williams,1611661327,POR,Portland Fire,1020000188,2000-07-23,POR @ MIN,L,3,0,1,0.0,0,1,0.0,0,0,,0,0,0,0,0,0,0,0,0,,0.0,0
22000,100105,Sophia Witherspoon,1611661327,POR,Portland Fire,1020000188,2000-07-23,POR @ MIN,L,29,5,13,0.385,2,7,0.286,0,0,,0,1,1,4,1,1,3,1,12,,22.2,0
22000,100215,Vanessa Nygaard,1611661327,POR,Portland Fire,1020000188,2000-07-23,POR @ MIN,L,28,3,8,0.375,1,3,0.333,0,0,,1,5,6,0,0,0,0,6,7,,14.2,0
22000,100284,Tully Bevilaqua,1611661327,POR,Portland Fire,1020000188,2000-07-23,POR @ MIN,L,27,3,7,0.429,1,4,0.25,3,3,1.0,0,2,2,1,2,0,2,2,10,,17.9,0
22000,100346,Michele Van Gorp,1611661327,POR,Portland Fire,1020000188,2000-07-23,POR @ MIN,L,3,0,0,,0,0,,0,0,,0,0,0,0,0,0,0,1,0,,0.0,0
22000,100529,Sylvia Crawley,1611661327,POR,Portland Fire,1020000188,2000-07-23,POR @ MIN,L,33,2,4,0.5,0,0,,4,4,1.0,4,3,7,1,1,1,4,4,8,,19.9,0
22000,100530,Lynn Pride,1611661327,POR,Portland Fire,1020000188,2000-07-23,POR @ MIN,L,8,0,2,0.0,0,0,,0,0,,0,0,0,0,1,0,0,0,0,,3.0,0
22000,100532,Stacey Thomas,1611661327,POR,Portland Fire,1020000188,2000-07-23,POR @ MIN,L,36,5,11,0.455,1,2,0.5,3,4,0.75,2,5,7,6,7,0,5,6,14,,47.4,0
22000,100533,DeMya Walker,1611661327,POR,Portland Fire,1020000188,2000-07-23,POR @ MIN,L,15,1,2,0.5,0,0,,0,0,,1,0,1,1,1,0,1,4,2,,6.7,0
22000,100570,Michelle Marciniak,1611661327,POR,Portland Fire,1020000188,2000-07-23,POR @ MIN,L,18,4,9,0.444,0,3,0.0,2,4,0.5,1,2,3,1,2,0,4,6,10,,17.1,0
22000,100011,Linda Burgess,1611661318,SAC,Sacramento Monarchs,1020000189,2000-07-23,SAC @ LAS,L,5,0,2,0.0,0,0,,1,2,0.5,0,1,1,0,0,0,1,0,1,,1.2,0
22000,100016,Ruthie Bolton,1611661318,SAC,Sacramento Monarchs,1020000189,2000-07-23,SAC @ LAS,L,29,2,10,0.2,1,4,0.25,2,2,1.0,1,6,7,3,0,0,2,3,7,,17.9,0
22000,100027,Latasha Byears,1611661318,SAC,Sacramento Monarchs,1020000189,2000-07-23,SAC @ LAS,L,7,0,3,0.0,0,0,,0,0,,3,0,3,0,0,0,0,1,0,,3.6,0
22000,100044,Lady Grooms,1611661318,SAC,Sacramento Monarchs,1020000189,2000-07-23,SAC @ LAS,L,24,1,2,0.5,0,0,,5,6,0.833,1,3,4,2,0,0,0,1,7,,14.8,0
22000,100183,Cindy Blodgett,1611661318,SAC,Sacramento Monarchs,1020000189,2000-07-23,SAC @ LAS,L,11,3,4,0.75,2,2,1.0,0,0,,0,2,2,1,1,0,1,1,8,,13.9,0
22000,100236,Tangela Smith,1611661318,SAC,Sacramento Monarchs,1020000189,2000-07-23,SAC @ LAS,L,27,4,11,0.364,0,0,,2,2,1.0,4,0,4,1,1,2,2,4,10,,23.3,0
22000,100419,Yolanda Griffith,1611661318,SAC,Sacramento Monarchs,1020000189,2000-07-23,SAC @ LAS,L,34,8,14,0.571,0,0,,3,4,0.75,2,2,4,1,2,2,2,4,19,,35.3,0
22000,100421,Kedra Holland-Corn,1611661318,SAC,Sacramento Monarchs,1020000189,2000-07-23,SAC @ LAS,L,28,3,9,0.333,2,5,0.4,1,2,0.5,0,3,3,4,1,0,4,1,9,,17.6,0
22000,100534,Stacy Clinesmith,1611661318,SAC,Sacramento Monarchs,1020000189,2000-07-23,SAC @ LAS,L,17,1,5,0.2,0,4,0.0,1,1,1.0,0,5,5,3,2,0,1,0,3,,18.5,0
22000,100536,Katy Steding,1611661318,SAC,Sacramento Monarchs,1020000189,2000-07-23,SAC @ LAS,L,18,2,7,0.286,0,4,0.0,0,2,0.0,2,2,4,1,1,1,1,0,4,,15.3,0
22000,100003,Lisa Leslie,1611661320,LAS,Los Angeles Sparks,1020000189,2000-07-23,LAS vs. SAC,W,38,8,15,0.533,0,1,0.0,4,4,1.0,2,6,8,2,0,0,2,2,20,,30.6,0
22000,100008,Tamecka Dixon,1611661320,LAS,Los Angeles Sparks,1020000189,2000-07-23,LAS vs. SAC,W,26,6,12,0.5,0,1,0.0,2,2,1.0,0,2,2,7,2,0,1,5,14,,31.9,0
22000,100012,Mwadi Mabika,1611661320,LAS,Los Angeles Sparks,1020000189,2000-07-23,LAS vs. SAC,W,25,3,10,0.3,2,4,0.5,0,0,,1,4,5,5,0,0,2,5,8,,19.5,0
22000,100170,Allison Feaster,1611661320,LAS,Los Angeles Sparks,1020000189,2000-07-23,LAS vs. SAC,W,26,6,10,0.6,3,5,0.6,3,4,0.75,3,2,5,3,0,0,3,2,18,,25.5,0
22000,100392,Ukari Figgs,1611661320,LAS,Los Angeles Sparks,1020000189,2000-07-23,LAS vs. SAC,W,18,0,3,0.0,0,3,0.0,0,0,,0,2,2,3,1,1,1,1,0,,11.9,0
22000,100393,La'Keshia Frett,1611661320,LAS,Los Angeles Sparks,1020000189,2000-07-23,LAS vs. SAC,W,3,0,0,,0,0,,0,0,,0,0,0,0,0,0,0,0,0,,0.0,0
22000,100395,Clarisse Machanguana,1611661320,LAS,Los Angeles Sparks,1020000189,2000-07-23,LAS vs. SAC,W,4,0,0,,0,0,,0,0,,1,0,1,0,0,0,2,1,0,,-0.8,0
22000,100396,DeLisha Milton-Jones,1611661320,LAS,Los Angeles Sparks,1020000189,2000-07-23,LAS vs. SAC,W,38,4,12,0.333,0,0,,5,6,0.833,3,8,11,1,3,0,1,4,13,,35.7,0
22000,100478,Nicky McCrimmon,1611661320,LAS,Los Angeles Sparks,1020000189,2000-07-23,LAS vs. SAC,W,22,0,2,0.0,0,1,0.0,0,0,,0,2,2,2,3,0,2,2,0,,12.4,0
22000,100101,Teresa Weatherspoon,1611661313,NYL,New York Liberty,1020000190,2000-07-24,NYL @ WAS,W,36,1,4,0.25,0,1,0.0,2,2,1.0,0,3,3,7,2,0,0,3,4,,24.1,0
22000,100103,Vickie Johnson,1611661313,NYL,New York Liberty,1020000190,2000-07-24,NYL @ WAS,W,36,7,12,0.583,0,1,0.0,8,10,0.8,2,1,3,4,0,0,2,2,22,,29.6,0
22000,100104,Sue Wicks,1611661313,NYL,New York Liberty,1020000190,2000-07-24,NYL @ WAS,W,21,2,4,0.5,0,0,,0,0,,1,2,3,0,0,1,1,2,4,,9.6,0
22000,100342,Becky Hammon,1611661313,NYL,New York Liberty,1020000190,2000-07-24,NYL @ WAS,W,28,3,6,0.5,3,4,0.75,0,0,,2,1,3,2,0,0,2,2,9,,13.6,0
22000,100345,Crystal Robinson,1611661313,NYL,New York Liberty,1020000190,2000-07-24,NYL @ WAS,W,20,3,8,0.375,3,4,0.75,0,0,,2,0,2,1,1,1,1,2,9,,17.9,0
22000,100347,Tamika Whitmore,1611661313,NYL,New York Liberty,1020000190,2000-07-24,NYL @ WAS,W,27,5,8,0.625,0,0,,6,7,0.857,1,2,3,1,1,1,2,2,16,,25.1,0
22000,100413,Tari Phillips,1611661313,NYL,New York Liberty,1020000190,2000-07-24,NYL @ WAS,W,32,5,15,0.333,0,0,,4,6,0.667,4,5,9,0,4,1,2,6,14,,37.8,0
22000,100058,Vicky Bullett,1611661322,WAS,Washington Mystics,1020000190,2000-07-24,WAS vs. NYL,L,33,4,6,0.667,0,0,,2,4,0.5,2,5,7,1,1,2,1,5,10,,27.9,0
22000,100198,Nikki McCray,1611661322,WAS,Washington Mystics,1020000190,2000-07-24,WAS vs. NYL,L,37,6,14,0.429,1,3,0.333,4,5,0.8,0,1,1,2,0,1,2,3,17,,22.2,0
22000,100199,Murriel Page,1611661322,WAS,Washington Mystics,1020000190,2000-07-24,WAS vs. NYL,L,38,8,10,0.8,0,0,,2,3,0.667,7,4,11,2,0,1,1,4,18,,36.2,0
22000,100356,Chamique Holdsclaw,1611661322,WAS,Washington Mystics,1020000190,2000-07-24,WAS vs. NYL,L,36,7,15,0.467,0,0,,1,2,0.5,0,2,2,1,1,0,4,2,15,,17.9,0
22000,100553,Keisha Anderson,1611661322,WAS,Washington Mystics,1020000190,2000-07-24,WAS vs. NYL,L,35,2,5,0.4,0,2,0.0,0,0,,1,5,6,6,2,0,2,4,4,,24.2,0
22000,100554,Beth Cunningham,1611661322,WAS,Washington Mystics,1020000190,2000-07-24,WAS vs. NYL,L,9,0,1,0.0,0,1,0.0,0,0,,0,1,1,1,0,0,1,3,0,,1.7,0
22000,100555,Tausha Mills,1611661322,WAS,Washington Mystics,1020000190,2000-07-24,WAS vs. NYL,L,8,0,1,0.0,0,0,,0,0,,0,1,1,0,1,0,2,2,0,,2.2,0
22000,100557,Tonya Massaline,1611661322,WAS,Washington Mystics,1020000190,2000-07-24,WAS vs. NYL,L,4,0,2,0.0,0,1,0.0,0,0,,0,1,1,0,0,0,0,1,0,,1.2,0
22000,100059,Andrea Stinson,1611661314,CHA,Charlotte Sting,1020000191,2000-07-24,CHA vs. IND,W,41,7,15,0.467,4,9,0.444,6,8,0.75,2,2,4,4,1,0,1,3,24,,36.8,0
22000,100060,Rhonda Mapp,1611661314,CHA,Charlotte Sting,1020000191,2000-07-24,CHA vs. IND,W,38,3,10,0.3,0,1,0.0,2,2,1.0,1,6,7,4,0,1,2,5,8,,23.4,0
22000,100182,Tracy Reid,1611661314,CHA,Charlotte Sting,1020000191,2000-07-24,CHA vs. IND,W,18,4,8,0.5,0,0,,0,0,,2,3,5,1,1,0,0,0,8,,18.5,0
22000,100294,Cass Bauer-Bilodeau,1611661314,CHA,Charlotte Sting,1020000191,2000-07-24,CHA vs. IND,W,20,3,3,1.0,0,0,,2,2,1.0,1,4,5,0,0,0,1,4,8,,13.0,0
22000,100368,Angie Braziel,1611661314,CHA,Charlotte Sting,1020000191,2000-07-24,CHA vs. IND,W,3,0,0,,0,0,,0,0,,0,0,0,0,0,0,0,0,0,,0.0,0
22000,100371,Charlotte Smith,1611661314,CHA,Charlotte Sting,1020000191,2000-07-24,CHA vs. IND,W,30,2,8,0.25,2,5,0.4,0,0,,1,4,5,4,1,1,4,2,6,,20.0,0
22000,100372,Dawn Staley,1611661314,CHA,Charlotte Sting,1020000191,2000-07-24,CHA vs. IND,W,41,4,9,0.444,2,5,0.4,2,2,1.0,1,0,1,8,0,1,6,2,12,,22.2,0
22000,100447,Tiffany Travis,1611661314,CHA,Charlotte Sting,1020000191,2000-07-24,CHA vs. IND,W,27,6,10,0.6,1,1,1.0,3,7,0.429,3,4,7,3,1,0,0,4,16,,31.9,0
22000,100452,E.C. Hill,1611661314,CHA,Charlotte Sting,1020000191,2000-07-24,CHA vs. IND,W,7,0,2,0.0,0,1,0.0,0,0,,0,0,0,0,0,0,1,1,0,,-1.0,0
22000,100022,Chantel Tremitiere,1611661325,IND,Indiana Fever,1020000191,2000-07-24,IND @ CHA,L,16,0,1,0.0,0,0,,0,0,,0,3,3,1,1,0,0,1,0,,8.1,0
22000,100204,Rita Williams,1611661325,IND,Indiana Fever,1020000191,2000-07-24,IND @ CHA,L,36,4,8,0.5,2,4,0.5,11,12,0.917,0,1,1,4,0,0,0,3,21,,28.2,0
22000,100216,Alicia Thompson,1611661325,IND,Indiana Fever,1020000191,2000-07-24,IND @ CHA,L,13,3,6,0.5,0,1,0.0,0,0,,2,2,4,0,0,0,1,3,6,,9.8,0
22000,100340,Kara Wolters,1611661325,IND,Indiana Fever,1020000191,2000-07-24,IND @ CHA,L,14,4,8,0.5,0,0,,1,1,1.0,1,1,2,3,0,1,3,4,9,,15.9,0
22000,100357,Monica Maxwell,1611661325,IND,Indiana Fever,1020000191,2000-07-24,IND @ CHA,L,35,4,7,0.571,2,4,0.5,2,2,1.0,3,6,9,2,4,0,1,3,12,,36.8,0
22000,100370,Stephanie White,1611661325,IND,Indiana Fever,1020000191,2000-07-24,IND @ CHA,L,7,0,0,,0,0,,0,2,0.0,0,0,0,0,0,0,2,0,0,,-2.0,0
22000,100394,Gordana Grubin,1611661325,IND,Indiana Fever,1020000191,2000-07-24,IND @ CHA,L,40,6,14,0.429,0,5,0.0,1,2,0.5,0,3,3,3,0,0,1,1,13,,20.1,0
22000,100471,Danielle McCulley,1611661325,IND,Indiana Fever,1020000191,2000-07-24,IND @ CHA,L,29,3,9,0.333,0,2,0.0,2,2,1.0,1,1,2,3,1,2,3,4,8,,20.9,0
22000,100548,Katryna Gaither,1611661325,IND,Indiana Fever,1020000191,2000-07-24,IND @ CHA,L,4,0,2,0.0,0,0,,0,0,,0,0,0,0,0,0,0,0,0,,0.0,0
22000,101006,Jurgita Streimikyte,1611661325,IND,Indiana Fever,1020000191,2000-07-24,IND @ CHA,L,31,4,10,0.4,0,1,0.0,1,2,0.5,1,2,3,4,2,1,1,4,9,,26.6,0
22000,100046,Wendy Palmer,1611661321,DET,Detroit Shock,1020000192,2000-07-24,DET vs. POR,L,25,2,7,0.286,0,1,0.0,1,2,0.5,2,8,10,2,0,0,1,3,5,,19.0,0
22000,100243,Olympia Scott,1611661321,DET,Detroit Shock,1020000192,2000-07-24,DET vs. POR,L,11,1,2,0.5,0,0,,2,2,1.0,2,1,3,1,0,1,1,1,4,,11.1,0
22000,100351,Joy Holmes,1611661321,DET,Detroit Shock,1020000192,2000-07-24,DET vs. POR,L,8,1,4,0.25,0,2,0.0,2,2,1.0,1,1,2,0,0,0,1,1,4,,5.4,0
22000,100384,Dominique Canty,1611661321,DET,Detroit Shock,1020000192,2000-07-24,DET vs. POR,L,34,4,13,0.308,0,1,0.0,2,2,1.0,3,4,7,2,1,0,2,2,10,,22.4,0
22000,100386,Claudia Neves,1611661321,DET,Detroit Shock,1020000192,2000-07-24,DET vs. POR,L,30,2,7,0.286,2,5,0.4,2,2,1.0,1,0,1,3,1,0,2,2,8,,14.7,0
22000,100387,Astou Ndiaye-Diatta,1611661321,DET,Detroit Shock,1020000192,2000-07-24,DET vs. POR,L,26,4,8,0.5,0,0,,1,2,0.5,0,3,3,0,0,3,3,1,9,,18.6,0
22000,100388,Elena Tornikidou,1611661321,DET,Detroit Shock,1020000192,2000-07-24,DET vs. POR,L,32,4,8,0.5,0,0,,4,4,1.0,0,2,2,2,2,0,2,1,12,,21.4,0
22000,100492,Edwina Brown,1611661321,DET,Detroit Shock,1020000192,2000-07-24,DET vs. POR,L,13,0,3,0.0,0,1,0.0,0,0,,1,1,2,3,1,0,3,3,0,,6.9,0
22000,100493,Anna DeForge,1611661321,DET,Detroit Shock,1020000192,2000-07-24,DET vs. POR,L,11,1,8,0.125,0,4,0.0,1,1,1.0,0,1,1,0,2,1,3,3,3,,10.2,0
22000,100494,Barbara Farris,1611661321,DET,Detroit Shock,1020000192,2000-07-24,DET vs. POR,L,10,0,2,0.0,0,0,,2,4,0.5,2,1,3,0,0,1,1,3,2,,7.6,0
22000,100038,Tara Williams,1611661327,POR,Portland Fire,1020000192,2000-07-24,POR @ DET,W,1,0,1,0.0,0,0,,0,0,,0,0,0,0,1,0,0,0,0,,3.0,0
22000,100105,Sophia Witherspoon,1611661327,POR,Portland Fire,1020000192,2000-07-24,POR @ DET,W,32,6,16,0.375,4,7,0.571,2,2,1.0,0,6,6,1,1,1,3,2,18,,29.7,0
22000,100215,Vanessa Nygaard,1611661327,POR,Portland Fire,1020000192,2000-07-24,POR @ DET,W,31,7,12,0.583,1,4,0.25,1,2,0.5,3,2,5,1,0,0,1,2,16,,22.5,0
22000,100284,Tully Bevilaqua,1611661327,POR,Portland Fire,1020000192,2000-07-24,POR @ DET,W,21,1,6,0.167,0,4,0.0,2,2,1.0,2,0,2,0,3,0,0,1,4,,15.4,0
22000,100346,Michele Van Gorp,1611661327,POR,Portland Fire,1020000192,2000-07-24,POR @ DET,W,9,0,2,0.0,0,0,,0,0,,0,0,0,0,0,0,2,4,0,,-2.0,0
22000,100529,Sylvia Crawley,1611661327,POR,Portland Fire,1020000192,2000-07-24,POR @ DET,W,28,3,9,0.333,0,0,,0,2,0.0,3,6,9,1,0,0,1,3,6,,17.3,0
22000,100530,Lynn Pride,1611661327,POR,Portland Fire,1020000192,2000-07-24,POR @ DET,W,12,3,8,0.375,1,1,1.0,0,0,,2,2,4,2,0,0,2,1,7,,12.8,0
22000,100532,Stacey Thomas,1611661327,POR,Portland Fire,1020000192,2000-07-24,POR @ DET,W,35,2,10,0.2,0,0,,0,0,,4,1,5,4,2,4,4,4,4,,30.0,0
22000,100533,DeMya Walker,1611661327,POR,Portland Fire,1020000192,2000-07-24,POR @ DET,W,11,0,1,0.0,0,0,,0,0,,1,0,1,1,0,3,2,2,0,,9.7,0
22000,100570,Michelle Marciniak,1611661327,POR,Portland Fire,1020000192,2000-07-24,POR @ DET,W,20,2,5,0.4,1,1,1.0,1,2,0.5,1,3,4,1,2,1,0,3,6,,21.3,0
22000,100092,Merlakia Jones,1611661315,CLE,Cleveland Rockers,1020000193,2000-07-24,CLE @ PHO,L,28,3,10,0.3,0,0,,0,0,,1,2,3,1,0,0,0,6,6,,11.1,0
22000,100097,Rushia Brown,1611661315,CLE,Cleveland Rockers,1020000193,2000-07-24,CLE @ PHO,L,20,1,6,0.167,0,0,,4,4,1.0,0,3,3,2,1,0,2,5,6,,13.6,0
22000,100180,Pollyanna Johns Kimbrough,1611661315,CLE,Cleveland Rockers,1020000193,2000-07-24,CLE @ PHO,L,2,0,0,,0,0,,0,0,,0,0,0,0,0,0,1,0,0,,-1.0,0
22000,100187,Suzie McConnell Serio,1611661315,CLE,Cleveland Rockers,1020000193,2000-07-24,CLE @ PHO,L,29,1,5,0.2,1,4,0.25,0,0,,0,1,1,3,1,0,1,1,3,,10.7,0
22000,100237,Tricia Bader Binford,1611661315,CLE,Cleveland Rockers,1020000193,2000-07-24,CLE @ PHO,L,16,2,2,1.0,1,1,1.0,0,0,,1,0,1,0,0,0,1,0,5,,5.2,0
22000,100428,Mery Andrade,1611661315,CLE,Cleveland Rockers,1020000193,2000-07-24,CLE @ PHO,L,34,1,6,0.167,0,3,0.0,6,7,0.857,1,3,4,2,2,0,6,3,8,,15.8,0
22000,100433,Chasity Melvin,1611661315,CLE,Cleveland Rockers,1020000193,2000-07-24,CLE @ PHO,L,26,4,7,0.571,0,1,0.0,3,4,0.75,3,4,7,1,0,0,2,6,11,,18.9,0
22000,100445,Ann Wauters,1611661315,CLE,Cleveland Rockers,1020000193,2000-07-24,CLE @ PHO,L,23,6,9,0.667,0,0,,2,2,1.0,3,5,8,0,1,0,1,3,14,,25.6,0
22000,100457,Helen Darling,1611661315,CLE,Cleveland Rockers,1020000193,2000-07-24,CLE @ PHO,L,12,1,4,0.25,0,0,,0,0,,0,3,3,0,0,0,2,2,2,,3.6,0
22000,100458,Vicki Hall,1611661315,CLE,Cleveland Rockers,1020000193,2000-07-24,CLE @ PHO,L,10,1,4,0.25,0,2,0.0,0,0,,2,2,4,0,0,0,3,1,2,,3.8,0
22000,100030,Jennifer Gillom,1611661317,PHO,Phoenix Mercury,1020000193,2000-07-24,PHO vs. CLE,W,22,3,10,0.3,0,1,0.0,4,4,1.0,0,3,3,0,1,2,1,2,10,,21.6,0
22000,100031,Bridget Pettis,1611661317,PHO,Phoenix Mercury,1020000193,2000-07-24,PHO vs. CLE,W,24,1,5,0.2,1,3,0.333,1,2,0.5,0,6,6,3,1,0,2,2,4,,16.7,0
22000,100045,Dena Head,1611661317,PHO,Phoenix Mercury,1020000193,2000-07-24,PHO vs. CLE,W,20,0,3,0.0,0,2,0.0,0,0,,1,0,1,2,0,0,0,2,0,,4.2,0
22000,100221,Michelle Brogan,1611661317,PHO,Phoenix Mercury,1020000193,2000-07-24,PHO vs. CLE,W,20,0,3,0.0,0,1,0.0,5,6,0.833,0,2,2,1,1,0,2,1,5,,9.9,0
22000,100225,Brandy Reed,1611661317,PHO,Phoenix Mercury,1020000193,2000-07-24,PHO vs. CLE,W,40,10,16,0.625,0,0,,11,12,0.917,5,3,8,2,0,0,2,3,31,,41.6,0
22000,100378,Lisa Harrison,1611661317,PHO,Phoenix Mercury,1020000193,2000-07-24,PHO vs. CLE,W,35,2,7,0.286,0,0,,0,0,,4,4,8,0,4,0,2,2,4,,23.6,0
22000,100398,Tonya Edwards,1611661317,PHO,Phoenix Mercury,1020000193,2000-07-24,PHO vs. CLE,W,28,4,8,0.5,2,5,0.4,2,2,1.0,1,1,2,2,2,0,1,2,12,,22.4,0
22000,100525,Rankica Sarenac,1611661317,PHO,Phoenix Mercury,1020000193,2000-07-24,PHO vs. CLE,W,5,0,1,0.0,0,0,,1,2,0.5,0,0,0,0,0,0,1,3,1,,0.0,0
22000,100594,Michelle Cleary,1611661317,PHO,Phoenix Mercury,1020000193,2000-07-24,PHO vs. CLE,W,6,0,1,0.0,0,1,0.0,0,0,,0,0,0,1,0,0,0,1,0,,1.5,0
22000,100072,Sheryl Swoopes,1611661316,HOU,Houston Comets,1020000194,2000-07-25,HOU vs. SEA,W,28,8,12,0.667,0,0,,3,4,0.75,0,4,4,1,2,0,2,1,19,,29.3,0
22000,100073,Cynthia Cooper,1611661316,HOU,Houston Comets,1020000194,2000-07-25,HOU vs. SEA,W,29,9,14,0.643,4,5,0.8,6,8,0.75,0,3,3,5,4,2,1,1,28,,56.1,0
22000,100075,Janeth Arcain,1611661316,HOU,Houston Comets,1020000194,2000-07-25,HOU vs. SEA,W,32,2,6,0.333,0,1,0.0,2,2,1.0,2,1,3,1,0,0,0,1,6,,11.1,0
22000,100076,Tina Thompson,1611661316,HOU,Houston Comets,1020000194,2000-07-25,HOU vs. SEA,W,33,4,12,0.333,1,3,0.333,2,2,1.0,0,6,6,0,3,0,4,2,11,,23.2,0
22000,100077,Tammy Jackson,1611661316,HOU,Houston Comets,1020000194,2000-07-25,HOU vs. SEA,W,9,0,0,,0,0,,1,2,0.5,1,1,2,0,0,0,0,1,1,,3.4,0
22000,100207,Monica Lamb,1611661316,HOU,Houston Comets,1020000194,2000-07-25,HOU vs. SEA,W,15,1,3,0.333,0,0,,0,0,,1,4,5,2,1,1,1,2,2,,16.0,0
22000,100211,Amaya Valdemoro,1611661316,HOU,Houston Comets,1020000194,2000-07-25,HOU vs. SEA,W,12,2,5,0.4,1,2,0.5,2,2,1.0,1,1,2,1,2,0,0,0,7,,16.9,0
22000,100217,Coquese Washington,1611661316,HOU,Houston Comets,1020000194,2000-07-25,HOU vs. SEA,W,15,0,1,0.0,0,1,0.0,0,0,,0,3,3,2,0,0,1,0,0,,5.6,0
22000,100233,Tiffani Johnson,1611661316,HOU,Houston Comets,1020000194,2000-07-25,HOU vs. SEA,W,11,0,2,0.0,0,0,,0,0,,1,2,3,0,0,0,0,0,0,,3.6,0
22000,100338,Jennifer Rizzotti,1611661316,HOU,Houston Comets,1020000194,2000-07-25,HOU vs. SEA,W,12,1,3,0.333,0,1,0.0,0,0,,0,2,2,4,0,0,2,1,2,,8.4,0
22000,100504,Kelley Gibson,1611661316,HOU,Houston Comets,1020000194,2000-07-25,HOU vs. SEA,W,4,1,2,0.5,1,2,0.5,0,0,,0,2,2,0,0,0,0,1,3,,5.4,0
22000,100088,Michelle Edwards,1611661328,SEA,Seattle Storm,1020000194,2000-07-25,SEA @ HOU,L,18,3,5,0.6,0,1,0.0,0,0,,0,2,2,1,0,0,0,1,6,,9.9,0
22000,100111,Simone Edwards,1611661328,SEA,Seattle Storm,1020000194,2000-07-25,SEA @ HOU,L,29,3,10,0.3,0,0,,0,0,,0,1,1,0,1,0,1,3,6,,9.2,0
22000,100179,Charmin Smith,1611661328,SEA,Seattle Storm,1020000194,2000-07-25,SEA @ HOU,L,12,0,1,0.0,0,1,0.0,0,0,,0,1,1,2,0,0,1,0,0,,3.2,0
22000,100230,Quacy Barnes,1611661328,SEA,Seattle Storm,1020000194,2000-07-25,SEA @ HOU,L,23,3,7,0.429,0,0,,1,1,1.0,0,3,3,2,0,1,1,4,7,,15.6,0
22000,100336,Sonja Henning,1611661328,SEA,Seattle Storm,1020000194,2000-07-25,SEA @ HOU,L,33,4,6,0.667,2,3,0.667,0,0,,0,5,5,1,1,0,1,4,10,,19.5,0
22000,100375,Edna Campbell,1611661328,SEA,Seattle Storm,1020000194,2000-07-25,SEA @ HOU,L,29,4,10,0.4,0,0,,1,2,0.5,0,2,2,3,1,0,6,0,9,,12.9,0
22000,100503,Andrea Garner,1611661328,SEA,Seattle Storm,1020000194,2000-07-25,SEA @ HOU,L,7,0,1,0.0,0,0,,0,0,,0,1,1,1,0,0,0,2,0,,2.7,0
22000,100538,Katrina Hibbert,1611661328,SEA,Seattle Storm,1020000194,2000-07-25,SEA @ HOU,L,5,0,1,0.0,0,0,,0,0,,0,2,2,0,0,0,0,0,0,,2.4,0
22000,100541,Jamie Redd,1611661328,SEA,Seattle Storm,1020000194,2000-07-25,SEA @ HOU,L,7,1,3,0.333,1,3,0.333,1,2,0.5,0,0,0,0,1,0,3,1,4,,4.0,0
22000,100542,Charisse Sampson,1611661328,SEA,Seattle Storm,1020000194,2000-07-25,SEA @ HOU,L,16,1,3,0.333,0,2,0.0,0,0,,1,1,2,0,3,0,0,2,2,,13.4,0
22000,100544,Kamila Vodichkova,1611661328,SEA,Seattle Storm,1020000194,2000-07-25,SEA @ HOU,L,21,3,10,0.3,0,0,,3,4,0.75,1,5,6,1,0,0,3,1,9,,14.7,0
22000,100003,Lisa Leslie,1611661320,LAS,Los Angeles Sparks,1020000195,2000-07-25,LAS vs. ORL,W,30,6,15,0.4,0,0,,5,5,1.0,3,8,11,4,2,4,3,3,17,,51.2,0
22000,100008,Tamecka Dixon,1611661320,LAS,Los Angeles Sparks,1020000195,2000-07-25,LAS vs. ORL,W,31,7,12,0.583,0,1,0.0,0,0,,1,2,3,3,2,0,0,1,14,,28.1,0
22000,100012,Mwadi Mabika,1611661320,LAS,Los Angeles Sparks,1020000195,2000-07-25,LAS vs. ORL,W,30,5,11,0.455,1,3,0.333,0,0,,1,8,9,0,1,0,1,2,11,,23.8,0
22000,100170,Allison Feaster,1611661320,LAS,Los Angeles Sparks,1020000195,2000-07-25,LAS vs. ORL,W,17,2,7,0.286,1,3,0.333,2,2,1.0,1,3,4,2,2,0,1,2,7,,19.8,0
22000,100392,Ukari Figgs,1611661320,LAS,Los Angeles Sparks,1020000195,2000-07-25,LAS vs. ORL,W,19,2,5,0.4,1,4,0.25,0,0,,0,0,0,6,0,1,5,0,5,,12.0,0
22000,100393,La'Keshia Frett,1611661320,LAS,Los Angeles Sparks,1020000195,2000-07-25,LAS vs. ORL,W,7,0,2,0.0,0,0,,0,0,,1,0,1,0,0,0,0,2,0,,1.2,0
22000,100395,Clarisse Machanguana,1611661320,LAS,Los Angeles Sparks,1020000195,2000-07-25,LAS vs. ORL,W,10,0,1,0.0,0,0,,0,0,,0,3,3,0,0,0,0,2,0,,3.6,0
22000,100396,DeLisha Milton-Jones,1611661320,LAS,Los Angeles Sparks,1020000195,2000-07-25,LAS vs. ORL,W,31,4,9,0.444,0,0,,6,6,1.0,3,4,7,1,0,2,0,3,14,,29.9,0
22000,100476,Vedrana Grgin Fonseca,1611661320,LAS,Los Angeles Sparks,1020000195,2000-07-25,LAS vs. ORL,W,2,0,0,,0,0,,0,0,,0,0,0,1,0,0,0,0,0,,1.5,0
22000,100478,Nicky McCrimmon,1611661320,LAS,Los Angeles Sparks,1020000195,2000-07-25,LAS vs. ORL,W,21,3,5,0.6,1,2,0.5,0,0,,0,0,0,3,1,1,2,3,7,,15.5,0
22000,100479,Paige Sauer,1611661320,LAS,Los Angeles Sparks,1020000195,2000-07-25,LAS vs. ORL,W,2,1,1,1.0,0,0,,1,2,0.5,1,0,1,0,0,0,1,0,3,,3.2,0
22000,100048,Jessie Hicks,1611661323,ORL,Orlando Miracle,1020000195,2000-07-25,ORL @ LAS,L,3,0,0,,0,0,,0,0,,0,1,1,0,0,0,0,1,0,,1.2,0
22000,100100,Adrienne Johnson,1611661323,ORL,Orlando Miracle,1020000195,2000-07-25,ORL @ LAS,L,39,5,16,0.313,1,8,0.125,2,2,1.0,0,3,3,3,0,0,3,1,13,,18.1,0
22000,100410,Shannon Johnson,1611661323,ORL,Orlando Miracle,1020000195,2000-07-25,ORL @ LAS,L,39,2,9,0.222,0,2,0.0,7,8,0.875,4,3,7,6,3,0,2,2,11,,35.4,0
22000,100411,Carla McGhee,1611661323,ORL,Orlando Miracle,1020000195,2000-07-25,ORL @ LAS,L,17,1,4,0.25,0,0,,0,0,,2,4,6,0,0,2,1,2,2,,14.2,0
22000,100412,Taj McWilliams-Franklin,1611661323,ORL,Orlando Miracle,1020000195,2000-07-25,ORL @ LAS,L,27,4,8,0.5,0,0,,5,6,0.833,0,5,5,0,4,2,5,4,13,,32.0,0
22000,100415,Nykesha Sales,1611661323,ORL,Orlando Miracle,1020000195,2000-07-25,ORL @ LAS,L,32,4,11,0.364,0,0,,2,4,0.5,1,1,2,0,1,1,2,1,10,,16.4,0
22000,100514,Cintia dos Santos,1611661323,ORL,Orlando Miracle,1020000195,2000-07-25,ORL @ LAS,L,32,6,10,0.6,0,0,,2,2,1.0,0,6,6,2,1,1,2,5,14,,28.2,0
22000,100517,Romana Hamzova,1611661323,ORL,Orlando Miracle,1020000195,2000-07-25,ORL @ LAS,L,1,0,0,,0,0,,0,0,,0,0,0,0,0,0,0,0,0,,0.0,0
22000,100519,Jannon Roland,1611661323,ORL,Orlando Miracle,1020000195,2000-07-25,ORL @ LAS,L,5,0,1,0.0,0,0,,0,0,,0,1,1,0,0,0,0,0,0,,1.2,0
22000,100521,Tiffany McCain,1611661323,ORL,Orlando Miracle,1020000195,2000-07-25,ORL @ LAS,L,5,0,1,0.0,0,0,,0,0,,0,1,1,0,0,0,0,0,0,,1.2,0
22000,100059,Andrea Stinson,1611661314,CHA,Charlotte Sting,1020000196,2000-07-26,CHA vs. WAS,W,37,11,16,0.688,0,3,0.0,11,12,0.917,1,0,1,4,1,0,1,2,33,,42.2,0
22000,100060,Rhonda Mapp,1611661314,CHA,Charlotte Sting,1020000196,2000-07-26,CHA vs. WAS,W,31,6,10,0.6,0,0,,3,3,1.0,2,4,6,1,1,0,2,3,15,,24.7,0
22000,100182,Tracy Reid,1611661314,CHA,Charlotte Sting,1020000196,2000-07-26,CHA vs. WAS,W,19,2,3,0.667,0,0,,0,0,,0,2,2,1,0,0,2,0,4,,5.9,0
22000,100294,Cass Bauer-Bilodeau,1611661314,CHA,Charlotte Sting,1020000196,2000-07-26,CHA vs. WAS,W,11,1,2,0.5,0,0,,1,2,0.5,1,1,2,0,0,0,2,4,3,,3.4,0
22000,100368,Angie Braziel,1611661314,CHA,Charlotte Sting,1020000196,2000-07-26,CHA vs. WAS,W,6,0,1,0.0,0,0,,1,2,0.5,0,0,0,1,1,0,0,2,1,,5.5,0
22000,100371,Charlotte Smith,1611661314,CHA,Charlotte Sting,1020000196,2000-07-26,CHA vs. WAS,W,29,6,11,0.545,2,4,0.5,2,2,1.0,1,8,9,1,0,1,1,3,16,,30.3,0
22000,100372,Dawn Staley,1611661314,CHA,Charlotte Sting,1020000196,2000-07-26,CHA vs. WAS,W,35,0,2,0.0,0,0,,6,7,0.857,0,2,2,13,1,0,4,4,6,,26.9,0
22000,100446,Summer Erb,1611661314,CHA,Charlotte Sting,1020000196,2000-07-26,CHA vs. WAS,W,3,0,0,,0,0,,1,2,0.5,1,1,2,1,0,0,1,1,1,,3.9,0
22000,100447,Tiffany Travis,1611661314,CHA,Charlotte Sting,1020000196,2000-07-26,CHA vs. WAS,W,21,3,5,0.6,0,0,,1,1,1.0,2,3,5,1,3,0,0,3,7,,23.5,0
22000,100452,E.C. Hill,1611661314,CHA,Charlotte Sting,1020000196,2000-07-26,CHA vs. WAS,W,5,0,1,0.0,0,0,,0,2,0.0,0,1,1,0,0,0,0,0,0,,1.2,0
22000,100454,Larecha Jones,1611661314,CHA,Charlotte Sting,1020000196,2000-07-26,CHA vs. WAS,W,3,0,1,0.0,0,1,0.0,1,2,0.5,0,0,0,0,0,0,0,1,1,,1.0,0
22000,100058,Vicky Bullett,1611661322,WAS,Washington Mystics,1020000196,2000-07-26,WAS @ CHA,L,28,2,6,0.333,0,1,0.0,3,4,0.75,0,0,0,1,2,1,1,2,7,,16.5,0
22000,100198,Nikki McCray,1611661322,WAS,Washington Mystics,1020000196,2000-07-26,WAS @ CHA,L,29,7,15,0.467,2,9,0.222,3,4,0.75,0,1,1,1,1,0,2,3,19,,22.7,0
22000,100199,Murriel Page,1611661322,WAS,Washington Mystics,1020000196,2000-07-26,WAS @ CHA,L,38,4,5,0.8,0,0,,2,3,0.667,3,4,7,5,0,1,1,2,10,,27.9,0
22000,100348,Markita Aldridge,1611661322,WAS,Washington Mystics,1020000196,2000-07-26,WAS @ CHA,L,17,1,2,0.5,0,0,,2,7,0.286,2,0,2,4,1,0,1,3,4,,14.4,0
22000,100356,Chamique Holdsclaw,1611661322,WAS,Washington Mystics,1020000196,2000-07-26,WAS @ CHA,L,33,10,18,0.556,0,1,0.0,1,2,0.5,1,8,9,3,0,1,1,5,21,,38.3,0
22000,100553,Keisha Anderson,1611661322,WAS,Washington Mystics,1020000196,2000-07-26,WAS @ CHA,L,22,2,3,0.667,0,1,0.0,2,2,1.0,1,2,3,11,0,1,1,4,6,,28.1,0
22000,100554,Beth Cunningham,1611661322,WAS,Washington Mystics,1020000196,2000-07-26,WAS @ CHA,L,23,2,8,0.25,1,6,0.167,4,5,0.8,2,1,3,3,1,0,1,4,9,,19.1,0
22000,100555,Tausha Mills,1611661322,WAS,Washington Mystics,1020000196,2000-07-26,WAS @ CHA,L,7,2,5,0.4,0,0,,0,0,,2,0,2,0,1,0,2,3,4,,7.4,0
22000,100557,Tonya Massaline,1611661322,WAS,Washington Mystics,1020000196,2000-07-26,WAS @ CHA,L,3,0,1,0.0,0,0,,0,0,,0,0,0,0,1,0,0,0,0,,3.0,0
22000,100046,Wendy Palmer,1611661321,DET,Detroit Shock,1020000197,2000-07-26,DET vs. MIA,W,25,5,9,0.556,0,1,0.0,7,7,1.0,0,9,9,1,0,1,4,5,17,,28.3,0
22000,100243,Olympia Scott,1611661321,DET,Detroit Shock,1020000197,2000-07-26,DET vs. MIA,W,12,2,4,0.5,0,0,,1,2,0.5,0,2,2,2,0,1,2,1,5,,11.4,0
22000,100384,Dominique Canty,1611661321,DET,Detroit Shock,1020000197,2000-07-26,DET vs. MIA,W,31,2,8,0.25,0,0,,1,2,0.5,1,1,2,4,0,0,1,1,5,,12.4,0
22000,100386,Claudia Neves,1611661321,DET,Detroit Shock,1020000197,2000-07-26,DET vs. MIA,W,21,4,8,0.5,3,5,0.6,0,0,,1,2,3,1,0,0,3,0,11,,13.1,0
22000,100387,Astou Ndiaye-Diatta,1611661321,DET,Detroit Shock,1020000197,2000-07-26,DET vs. MIA,W,20,5,10,0.5,1,1,1.0,1,2,0.5,0,1,1,2,1,0,1,3,12,,18.2,0
22000,100388,Elena Tornikidou,1611661321,DET,Detroit Shock,1020000197,2000-07-26,DET vs. MIA,W,28,3,6,0.5,0,1,0.0,1,1,1.0,2,3,5,3,0,1,3,1,7,,17.5,0
22000,100492,Edwina Brown,1611661321,DET,Detroit Shock,1020000197,2000-07-26,DET vs. MIA,W,22,2,4,0.5,0,0,,2,2,1.0,0,1,1,2,1,1,2,3,6,,14.2,0
22000,100493,Anna DeForge,1611661321,DET,Detroit Shock,1020000197,2000-07-26,DET vs. MIA,W,16,1,2,0.5,0,0,,4,4,1.0,2,2,4,2,1,0,2,3,6,,14.8,0
22000,100494,Barbara Farris,1611661321,DET,Detroit Shock,1020000197,2000-07-26,DET vs. MIA,W,23,3,8,0.375,0,0,,3,6,0.5,6,4,10,1,1,0,1,4,9,,24.5,0
22000,100496,Tamicha Jackson,1611661321,DET,Detroit Shock,1020000197,2000-07-26,DET vs. MIA,W,2,0,1,0.0,0,0,,0,0,,0,1,1,0,0,0,0,1,0,,1.2,0
22000,100009,Katrina Colleton,1611661326,MIA,Miami Sol,1020000197,2000-07-26,MIA @ DET,L,28,4,12,0.333,0,1,0.0,1,3,0.333,0,2,2,1,3,1,2,3,9,,22.9,0
22000,100035,Umeki Webb,1611661326,MIA,Miami Sol,1020000197,2000-07-26,MIA @ DET,L,8,4,5,0.8,1,1,1.0,0,0,,0,0,0,0,1,0,1,2,9,,11.0,0
22000,100037,Marlies Askamp,1611661326,MIA,Miami Sol,1020000197,2000-07-26,MIA @ DET,L,23,1,4,0.25,0,0,,1,2,0.5,5,5,10,4,0,2,1,3,3,,26.0,0
22000,100063,Sharon Manning,1611661326,MIA,Miami Sol,1020000197,2000-07-26,MIA @ DET,L,5,0,2,0.0,0,0,,0,0,,0,0,0,0,0,0,2,6,0,,-2.0,0
22000,100107,Kisha Ford,1611661326,MIA,Miami Sol,1020000197,2000-07-26,MIA @ DET,L,12,1,4,0.25,1,2,0.5,2,2,1.0,0,3,3,0,2,0,1,2,5,,13.6,0
22000,100359,Debbie Black,1611661326,MIA,Miami Sol,1020000197,2000-07-26,MIA @ DET,L,24,3,5,0.6,0,0,,0,0,,0,2,2,3,1,0,4,4,6,,11.9,0
22000,100416,Sheri Sam,1611661326,MIA,Miami Sol,1020000197,2000-07-26,MIA @ DET,L,27,1,7,0.143,1,2,0.5,0,2,0.0,0,1,1,0,3,0,1,1,3,,12.2,0
22000,100451,Jamie Cassidy,1611661326,MIA,Miami Sol,1020000197,2000-07-26,MIA @ DET,L,12,1,4,0.25,0,0,,5,6,0.833,1,2,3,1,0,0,1,3,7,,11.1,0
22000,100552,Kristen Rasmussen,1611661326,MIA,Miami Sol,1020000197,2000-07-26,MIA @ DET,L,23,3,8,0.375,0,0,,1,2,0.5,1,1,2,1,0,0,0,0,7,,10.9,0
22000,100559,Milena Flores,1611661326,MIA,Miami Sol,1020000197,2000-07-26,MIA @ DET,L,20,3,6,0.5,3,4,0.75,1,2,0.5,0,1,1,3,1,0,4,0,10,,14.7,0
22000,100560,Shantia Owens,1611661326,MIA,Miami Sol,1020000197,2000-07-26,MIA @ DET,L,18,1,3,0.333,0,0,,1,4,0.25,2,1,3,1,0,0,0,5,3,,8.1,0
22000,100092,Merlakia Jones,1611661315,CLE,Cleveland Rockers,1020000198,2000-07-26,CLE @ UTA,L,36,7,10,0.7,1,1,1.0,3,5,0.6,1,2,3,2,1,0,0,1,18,,27.6,0
22000,100097,Rushia Brown,1611661315,CLE,Cleveland Rockers,1020000198,2000-07-26,CLE @ UTA,L,23,3,11,0.273,0,0,,2,2,1.0,4,2,6,3,1,1,1,3,8,,24.7,0
22000,100187,Suzie McConnell Serio,1611661315,CLE,Cleveland Rockers,1020000198,2000-07-26,CLE @ UTA,L,20,3,6,0.5,2,5,0.4,0,0,,0,0,0,1,0,0,4,4,8,,5.5,0
22000,100237,Tricia Bader Binford,1611661315,CLE,Cleveland Rockers,1020000198,2000-07-26,CLE @ UTA,L,8,0,1,0.0,0,1,0.0,0,0,,0,0,0,0,1,0,1,0,0,,2.0,0
22000,100428,Mery Andrade,1611661315,CLE,Cleveland Rockers,1020000198,2000-07-26,CLE @ UTA,L,35,5,10,0.5,3,7,0.429,1,2,0.5,3,4,7,2,2,1,2,5,14,,32.4,0
22000,100433,Chasity Melvin,1611661315,CLE,Cleveland Rockers,1020000198,2000-07-26,CLE @ UTA,L,34,7,17,0.412,0,0,,2,2,1.0,2,5,7,5,0,0,2,5,16,,29.9,0
22000,100445,Ann Wauters,1611661315,CLE,Cleveland Rockers,1020000198,2000-07-26,CLE @ UTA,L,20,3,6,0.5,0,0,,1,1,1.0,0,4,4,0,0,2,4,5,7,,13.8,0
22000,100457,Helen Darling,1611661315,CLE,Cleveland Rockers,1020000198,2000-07-26,CLE @ UTA,L,19,0,3,0.0,0,1,0.0,6,6,1.0,1,0,1,3,1,0,0,3,6,,14.7,0
22000,100458,Vicki Hall,1611661315,CLE,Cleveland Rockers,1020000198,2000-07-26,CLE @ UTA,L,5,0,0,,0,0,,0,0,,0,0,0,0,1,0,0,1,0,,3.0,0
22000,100239,Margo Dydek,1611661319,UTA,Utah Starzz,1020000198,2000-07-26,UTA vs. CLE,W,34,5,7,0.714,0,0,,3,5,0.6,0,2,2,1,0,3,4,3,13,,21.9,0
22000,100242,LaTonya Johnson,1611661319,UTA,Utah Starzz,1020000198,2000-07-26,UTA vs. CLE,W,11,0,3,0.0,0,1,0.0,0,0,,0,0,0,0,0,0,0,3,0,,0.0,0
22000,100250,Korie Hlede,1611661319,UTA,Utah Starzz,1020000198,2000-07-26,UTA vs. CLE,W,33,1,7,0.143,0,2,0.0,2,4,0.5,0,3,3,7,2,0,0,1,4,,24.1,0
22000,100363,Adrienne Goodson,1611661319,UTA,Utah Starzz,1020000198,2000-07-26,UTA vs. CLE,W,33,11,15,0.733,0,1,0.0,5,7,0.714,4,3,7,4,2,0,4,4,27,,43.4,0
22000,100366,Natalie Williams,1611661319,UTA,Utah Starzz,1020000198,2000-07-26,UTA vs. CLE,W,29,7,15,0.467,0,0,,7,8,0.875,5,14,19,2,0,0,5,6,21,,41.8,0
22000,100382,Jennifer Azzi,1611661319,UTA,Utah Starzz,1020000198,2000-07-26,UTA vs. CLE,W,40,3,4,0.75,1,1,1.0,5,5,1.0,0,3,3,6,0,0,2,2,12,,22.6,0
22000,100422,Kate Starbird,1611661319,UTA,Utah Starzz,1020000198,2000-07-26,UTA vs. CLE,W,4,1,2,0.5,0,0,,0,0,,0,0,0,0,0,0,0,0,2,,2.0,0
22000,100549,Amy Herrig,1611661319,UTA,Utah Starzz,1020000198,2000-07-26,UTA vs. CLE,W,16,2,5,0.4,0,0,,1,2,0.5,3,0,3,1,1,0,0,0,5,,13.1,0
22000,100030,Jennifer Gillom,1611661317,PHO,Phoenix Mercury,1020000199,2000-07-26,PHO vs. IND,W,27,8,14,0.571,0,1,0.0,5,5,1.0,4,5,9,0,1,1,5,4,21,,32.8,0
22000,100031,Bridget Pettis,1611661317,PHO,Phoenix Mercury,1020000199,2000-07-26,PHO vs. IND,W,26,3,6,0.5,0,2,0.0,1,2,0.5,0,1,1,3,1,0,1,0,7,,14.7,0
22000,100045,Dena Head,1611661317,PHO,Phoenix Mercury,1020000199,2000-07-26,PHO vs. IND,W,23,1,3,0.333,0,1,0.0,0,0,,0,3,3,4,0,0,1,3,2,,10.6,0
22000,100221,Michelle Brogan,1611661317,PHO,Phoenix Mercury,1020000199,2000-07-26,PHO vs. IND,W,21,7,9,0.778,0,1,0.0,2,4,0.5,1,3,4,1,0,0,0,2,16,,22.3,0
22000,100225,Brandy Reed,1611661317,PHO,Phoenix Mercury,1020000199,2000-07-26,PHO vs. IND,W,30,10,17,0.588,1,2,0.5,3,3,1.0,0,4,4,4,1,0,1,2,24,,36.8,0
22000,100378,Lisa Harrison,1611661317,PHO,Phoenix Mercury,1020000199,2000-07-26,PHO vs. IND,W,35,1,4,0.25,0,0,,0,0,,1,3,4,3,0,0,0,0,2,,11.3,0
22000,100398,Tonya Edwards,1611661317,PHO,Phoenix Mercury,1020000199,2000-07-26,PHO vs. IND,W,36,2,10,0.2,0,4,0.0,3,3,1.0,1,3,4,3,3,0,2,1,7,,23.3,0
22000,100525,Rankica Sarenac,1611661317,PHO,Phoenix Mercury,1020000199,2000-07-26,PHO vs. IND,W,2,0,0,,0,0,,0,0,,0,1,1,1,0,0,0,0,0,,2.7,0
22000,100022,Chantel Tremitiere,1611661325,IND,Indiana Fever,1020000199,2000-07-26,IND @ PHO,L,5,0,0,,0,0,,0,0,,0,0,0,2,0,0,0,0,0,,3.0,0
22000,100204,Rita Williams,1611661325,IND,Indiana Fever,1020000199,2000-07-26,IND @ PHO,L,39,3,9,0.333,0,2,0.0,4,4,1.0,0,3,3,2,2,0,1,1,10,,21.6,0
22000,100216,Alicia Thompson,1611661325,IND,Indiana Fever,1020000199,2000-07-26,IND @ PHO,L,29,2,5,0.4,1,1,1.0,0,0,,1,8,9,0,0,0,3,3,5,,12.8,0
22000,100340,Kara Wolters,1611661325,IND,Indiana Fever,1020000199,2000-07-26,IND @ PHO,L,25,8,13,0.615,0,0,,2,3,0.667,2,1,3,1,1,1,2,3,18,,27.1,0
22000,100357,Monica Maxwell,1611661325,IND,Indiana Fever,1020000199,2000-07-26,IND @ PHO,L,36,3,10,0.3,3,6,0.5,2,2,1.0,1,5,6,2,0,1,5,4,11,,19.2,0
22000,100370,Stephanie White,1611661325,IND,Indiana Fever,1020000199,2000-07-26,IND @ PHO,L,5,0,2,0.0,0,0,,0,0,,1,0,1,0,0,1,0,0,0,,4.2,0
22000,100394,Gordana Grubin,1611661325,IND,Indiana Fever,1020000199,2000-07-26,IND @ PHO,L,35,5,11,0.455,2,5,0.4,1,1,1.0,0,3,3,4,2,0,2,2,13,,26.6,0
22000,100471,Danielle McCulley,1611661325,IND,Indiana Fever,1020000199,2000-07-26,IND @ PHO,L,10,0,5,0.0,0,0,,2,2,1.0,1,0,1,1,1,0,1,2,2,,6.7,0
22000,101006,Jurgita Streimikyte,1611661325,IND,Indiana Fever,1020000199,2000-07-26,IND @ PHO,L,16,3,4,0.75,0,0,,0,0,,2,1,3,1,0,1,2,3,6,,12.1,0
22000,100016,Ruthie Bolton,1611661318,SAC,Sacramento Monarchs,1020000200,2000-07-26,SAC @ POR,W,38,7,15,0.467,2,6,0.333,3,4,0.75,2,2,4,2,0,0,3,1,19,,23.8,0
22000,100027,Latasha Byears,1611661318,SAC,Sacramento Monarchs,1020000200,2000-07-26,SAC @ POR,W,17,3,6,0.5,0,0,,1,2,0.5,2,1,3,1,1,0,0,1,7,,15.1,0
22000,100044,Lady Grooms,1611661318,SAC,Sacramento Monarchs,1020000200,2000-07-26,SAC @ POR,W,7,0,3,0.0,0,0,,0,0,,1,0,1,0,1,0,0,0,0,,4.2,0
22000,100183,Cindy Blodgett,1611661318,SAC,Sacramento Monarchs,1020000200,2000-07-26,SAC @ POR,W,8,1,3,0.333,0,1,0.0,0,0,,0,1,1,0,2,0,1,1,2,,8.2,0
22000,100234,Ticha Penicheiro,1611661318,SAC,Sacramento Monarchs,1020000200,2000-07-26,SAC @ POR,W,30,2,4,0.5,0,1,0.0,1,4,0.25,0,4,4,9,5,1,2,4,5,,39.3,0
22000,100236,Tangela Smith,1611661318,SAC,Sacramento Monarchs,1020000200,2000-07-26,SAC @ POR,W,30,9,17,0.529,0,0,,2,2,1.0,0,7,7,3,0,4,1,1,20,,43.9,0
22000,100419,Yolanda Griffith,1611661318,SAC,Sacramento Monarchs,1020000200,2000-07-26,SAC @ POR,W,34,5,12,0.417,0,0,,4,6,0.667,5,9,14,1,3,1,2,2,14,,42.3,0
22000,100421,Kedra Holland-Corn,1611661318,SAC,Sacramento Monarchs,1020000200,2000-07-26,SAC @ POR,W,21,2,6,0.333,1,2,0.5,1,2,0.5,0,1,1,2,0,0,1,3,6,,9.2,0
22000,100534,Stacy Clinesmith,1611661318,SAC,Sacramento Monarchs,1020000200,2000-07-26,SAC @ POR,W,10,0,1,0.0,0,1,0.0,0,0,,0,1,1,2,0,0,1,0,0,,3.2,0
22000,100536,Katy Steding,1611661318,SAC,Sacramento Monarchs,1020000200,2000-07-26,SAC @ POR,W,5,0,2,0.0,0,1,0.0,0,0,,2,0,2,0,0,0,1,0,0,,1.4,0
22000,100105,Sophia Witherspoon,1611661327,POR,Portland Fire,1020000200,2000-07-26,POR vs. SAC,L,34,7,15,0.467,3,4,0.75,5,6,0.833,1,1,2,2,1,1,3,1,22,,30.4,0
22000,100215,Vanessa Nygaard,1611661327,POR,Portland Fire,1020000200,2000-07-26,POR vs. SAC,L,21,1,7,0.143,0,3,0.0,4,4,1.0,1,3,4,0,0,0,1,1,6,,9.8,0
22000,100284,Tully Bevilaqua,1611661327,POR,Portland Fire,1020000200,2000-07-26,POR vs. SAC,L,21,2,4,0.5,2,4,0.5,0,0,,0,0,0,7,1,0,2,1,6,,17.5,0
22000,100346,Michele Van Gorp,1611661327,POR,Portland Fire,1020000200,2000-07-26,POR vs. SAC,L,4,0,1,0.0,0,0,,0,0,,0,1,1,1,0,0,2,2,0,,0.7,0
22000,100529,Sylvia Crawley,1611661327,POR,Portland Fire,1020000200,2000-07-26,POR vs. SAC,L,35,6,10,0.6,0,0,,2,2,1.0,3,7,10,1,2,1,1,2,14,,35.5,0
22000,100530,Lynn Pride,1611661327,POR,Portland Fire,1020000200,2000-07-26,POR vs. SAC,L,18,4,8,0.5,1,1,1.0,0,0,,0,2,2,0,0,0,0,1,9,,11.4,0
22000,100532,Stacey Thomas,1611661327,POR,Portland Fire,1020000200,2000-07-26,POR vs. SAC,L,25,1,4,0.25,0,0,,0,0,,0,4,4,4,1,0,4,4,2,,11.8,0
22000,100533,DeMya Walker,1611661327,POR,Portland Fire,1020000200,2000-07-26,POR vs. SAC,L,22,1,4,0.25,0,0,,3,4,0.75,0,1,1,0,2,1,0,3,5,,15.2,0
22000,100570,Michelle Marciniak,1611661327,POR,Portland Fire,1020000200,2000-07-26,POR vs. SAC,L,20,2,7,0.286,0,2,0.0,2,2,1.0,0,3,3,1,0,0,3,2,6,,8.1,0
22000,100003,Lisa Leslie,1611661320,LAS,Los Angeles Sparks,1020000201,2000-07-27,LAS vs. SEA,W,31,7,12,0.583,0,1,0.0,4,6,0.667,2,5,7,2,1,2,3,5,18,,35.4,0
22000,100008,Tamecka Dixon,1611661320,LAS,Los Angeles Sparks,1020000201,2000-07-27,LAS vs. SEA,W,27,4,10,0.4,1,2,0.5,1,2,0.5,1,4,5,1,1,0,2,1,10,,18.5,0
22000,100012,Mwadi Mabika,1611661320,LAS,Los Angeles Sparks,1020000201,2000-07-27,LAS vs. SEA,W,29,3,8,0.375,2,4,0.5,2,2,1.0,1,4,5,0,2,0,4,4,10,,18.0,0
22000,100170,Allison Feaster,1611661320,LAS,Los Angeles Sparks,1020000201,2000-07-27,LAS vs. SEA,W,19,1,3,0.333,0,2,0.0,8,8,1.0,0,3,3,2,1,0,1,2,10,,18.6,0
22000,100392,Ukari Figgs,1611661320,LAS,Los Angeles Sparks,1020000201,2000-07-27,LAS vs. SEA,W,19,4,8,0.5,1,3,0.333,0,1,0.0,2,2,4,5,0,0,1,0,9,,20.3,0
22000,100393,La'Keshia Frett,1611661320,LAS,Los Angeles Sparks,1020000201,2000-07-27,LAS vs. SEA,W,4,0,2,0.0,0,0,,2,2,1.0,0,1,1,1,0,0,0,0,2,,4.7,0
22000,100395,Clarisse Machanguana,1611661320,LAS,Los Angeles Sparks,1020000201,2000-07-27,LAS vs. SEA,W,18,2,3,0.667,0,0,,0,0,,1,3,4,1,0,0,0,2,4,,10.3,0
22000,100396,DeLisha Milton-Jones,1611661320,LAS,Los Angeles Sparks,1020000201,2000-07-27,LAS vs. SEA,W,30,6,9,0.667,0,0,,1,2,0.5,2,2,4,4,0,0,1,1,13,,22.8,0
22000,100476,Vedrana Grgin Fonseca,1611661320,LAS,Los Angeles Sparks,1020000201,2000-07-27,LAS vs. SEA,W,1,0,0,,0,0,,0,0,,0,0,0,0,0,0,0,0,0,,0.0,0
22000,100478,Nicky McCrimmon,1611661320,LAS,Los Angeles Sparks,1020000201,2000-07-27,LAS vs. SEA,W,21,0,0,,0,0,,0,0,,0,2,2,2,0,0,4,2,0,,1.4,0
22000,100479,Paige Sauer,1611661320,LAS,Los Angeles Sparks,1020000201,2000-07-27,LAS vs. SEA,W,1,0,0,,0,0,,0,0,,0,0,0,0,0,0,0,1,0,,0.0,0
22000,100088,Michelle Edwards,1611661328,SEA,Seattle Storm,1020000201,2000-07-27,SEA @ LAS,L,22,1,4,0.25,0,1,0.0,0,0,,0,0,0,0,3,1,2,3,2,,12.0,0
22000,100111,Simone Edwards,1611661328,SEA,Seattle Storm,1020000201,2000-07-27,SEA @ LAS,L,34,4,9,0.444,0,0,,4,7,0.571,0,2,2,3,1,0,2,2,12,,19.9,0
22000,100179,Charmin Smith,1611661328,SEA,Seattle Storm,1020000201,2000-07-27,SEA @ LAS,L,7,1,1,1.0,1,1,1.0,0,0,,0,1,1,0,1,0,2,0,3,,5.2,0
22000,100230,Quacy Barnes,1611661328,SEA,Seattle Storm,1020000201,2000-07-27,SEA @ LAS,L,20,3,5,0.6,0,0,,0,0,,0,4,4,1,2,0,0,5,6,,18.3,0
22000,100336,Sonja Henning,1611661328,SEA,Seattle Storm,1020000201,2000-07-27,SEA @ LAS,L,37,6,12,0.5,6,10,0.6,1,2,0.5,1,2,3,5,3,1,1,2,19,,41.1,0
22000,100375,Edna Campbell,1611661328,SEA,Seattle Storm,1020000201,2000-07-27,SEA @ LAS,L,27,4,11,0.364,1,3,0.333,0,0,,0,1,1,6,0,0,3,3,9,,16.2,0
22000,100503,Andrea Garner,1611661328,SEA,Seattle Storm,1020000201,2000-07-27,SEA @ LAS,L,8,0,0,,0,0,,0,0,,0,0,0,0,0,0,0,0,0,,0.0,0
22000,100541,Jamie Redd,1611661328,SEA,Seattle Storm,1020000201,2000-07-27,SEA @ LAS,L,6,0,1,0.0,0,1,0.0,0,0,,0,0,0,0,1,0,0,0,0,,3.0,0
22000,100542,Charisse Sampson,1611661328,SEA,Seattle Storm,1020000201,2000-07-27,SEA @ LAS,L,21,0,2,0.0,0,1,0.0,2,2,1.0,1,4,5,1,2,1,2,1,2,,16.5,0
22000,100544,Kamila Vodichkova,1611661328,SEA,Seattle Storm,1020000201,2000-07-27,SEA @ LAS,L,18,2,6,0.333,0,0,,6,6,1.0,0,5,5,2,1,0,1,5,10,,21.0,0
22000,100016,Ruthie Bolton,1611661318,SAC,Sacramento Monarchs,1020000202,2000-07-27,SAC vs. ORL,W,40,9,24,0.375,5,12,0.417,1,2,0.5,2,4,6,2,0,0,2,1,24,,32.2,0
22000,100027,Latasha Byears,1611661318,SAC,Sacramento Monarchs,1020000202,2000-07-27,SAC vs. ORL,W,11,2,2,1.0,0,0,,0,0,,1,1,2,0,1,0,1,3,4,,8.4,0
22000,100044,Lady Grooms,1611661318,SAC,Sacramento Monarchs,1020000202,2000-07-27,SAC vs. ORL,W,26,6,8,0.75,0,0,,4,4,1.0,1,0,1,2,1,0,1,0,16,,22.2,0
22000,100183,Cindy Blodgett,1611661318,SAC,Sacramento Monarchs,1020000202,2000-07-27,SAC vs. ORL,W,3,0,0,,0,0,,0,0,,0,0,0,0,0,0,1,0,0,,-1.0,0
22000,100234,Ticha Penicheiro,1611661318,SAC,Sacramento Monarchs,1020000202,2000-07-27,SAC vs. ORL,W,37,2,4,0.5,1,3,0.333,2,4,0.5,0,8,8,13,5,0,5,3,7,,46.1,0
22000,100236,Tangela Smith,1611661318,SAC,Sacramento Monarchs,1020000202,2000-07-27,SAC vs. ORL,W,29,5,7,0.714,0,0,,0,0,,1,3,4,0,2,3,2,1,10,,27.8,0
22000,100419,Yolanda Griffith,1611661318,SAC,Sacramento Monarchs,1020000202,2000-07-27,SAC vs. ORL,W,40,3,7,0.429,0,0,,3,4,0.75,3,8,11,2,2,2,5,2,9,,32.2,0
22000,100421,Kedra Holland-Corn,1611661318,SAC,Sacramento Monarchs,1020000202,2000-07-27,SAC vs. ORL,W,14,1,4,0.25,1,3,0.333,0,0,,0,0,0,2,1,0,1,0,3,,8.0,0
22000,100048,Jessie Hicks,1611661323,ORL,Orlando Miracle,1020000202,2000-07-27,ORL @ SAC,L,6,0,1,0.0,0,0,,0,0,,0,1,1,0,1,0,2,0,0,,2.2,0
22000,100100,Adrienne Johnson,1611661323,ORL,Orlando Miracle,1020000202,2000-07-27,ORL @ SAC,L,35,6,16,0.375,4,10,0.4,0,0,,3,6,9,3,2,0,1,0,16,,36.3,0
22000,100410,Shannon Johnson,1611661323,ORL,Orlando Miracle,1020000202,2000-07-27,ORL @ SAC,L,40,2,7,0.286,1,3,0.333,3,4,0.75,6,4,10,9,2,1,3,3,8,,39.5,0
22000,100411,Carla McGhee,1611661323,ORL,Orlando Miracle,1020000202,2000-07-27,ORL @ SAC,L,5,0,2,0.0,0,0,,0,0,,0,0,0,0,1,0,0,0,0,,3.0,0
22000,100412,Taj McWilliams-Franklin,1611661323,ORL,Orlando Miracle,1020000202,2000-07-27,ORL @ SAC,L,30,5,10,0.5,1,2,0.5,0,0,,4,5,9,0,1,1,1,5,11,,26.8,0
22000,100415,Nykesha Sales,1611661323,ORL,Orlando Miracle,1020000202,2000-07-27,ORL @ SAC,L,37,9,21,0.429,7,11,0.636,0,0,,1,3,4,5,1,1,3,1,25,,40.3,0
22000,100514,Cintia dos Santos,1611661323,ORL,Orlando Miracle,1020000202,2000-07-27,ORL @ SAC,L,25,1,6,0.167,0,0,,0,1,0.0,1,0,1,1,1,2,2,2,2,,11.7,0
22000,100519,Jannon Roland,1611661323,ORL,Orlando Miracle,1020000202,2000-07-27,ORL @ SAC,L,14,2,4,0.5,0,2,0.0,0,0,,1,0,1,0,1,0,3,2,4,,5.2,0
22000,100521,Tiffany McCain,1611661323,ORL,Orlando Miracle,1020000202,2000-07-27,ORL @ SAC,L,8,0,3,0.0,0,2,0.0,0,0,,0,0,0,0,0,0,0,0,0,,0.0,0
22000,100101,Teresa Weatherspoon,1611661313,NYL,New York Liberty,1020000203,2000-07-28,NYL @ CHA,W,30,1,3,0.333,0,0,,2,2,1.0,1,2,3,4,2,0,3,2,4,,16.6,0
22000,100103,Vickie Johnson,1611661313,NYL,New York Liberty,1020000203,2000-07-28,NYL @ CHA,W,39,5,12,0.417,1,2,0.5,4,5,0.8,3,7,10,2,1,1,0,0,15,,36.0,0
22000,100104,Sue Wicks,1611661313,NYL,New York Liberty,1020000203,2000-07-28,NYL @ CHA,W,18,1,2,0.5,0,0,,1,2,0.5,0,3,3,4,0,0,3,1,3,,9.6,0
22000,100342,Becky Hammon,1611661313,NYL,New York Liberty,1020000203,2000-07-28,NYL @ CHA,W,35,4,6,0.667,1,1,1.0,3,3,1.0,1,5,6,3,1,0,2,1,12,,24.7,0
22000,100345,Crystal Robinson,1611661313,NYL,New York Liberty,1020000203,2000-07-28,NYL @ CHA,W,19,1,5,0.2,0,3,0.0,0,0,,0,2,2,1,1,0,0,3,2,,8.9,0
22000,100347,Tamika Whitmore,1611661313,NYL,New York Liberty,1020000203,2000-07-28,NYL @ CHA,W,21,4,7,0.571,0,0,,5,6,0.833,1,0,1,0,0,0,1,3,13,,13.2,0
22000,100413,Tari Phillips,1611661313,NYL,New York Liberty,1020000203,2000-07-28,NYL @ CHA,W,32,4,14,0.286,0,0,,7,8,0.875,2,9,11,0,0,0,4,4,15,,24.2,0
22000,100509,Marina Ferragut,1611661313,NYL,New York Liberty,1020000203,2000-07-28,NYL @ CHA,W,5,1,2,0.5,0,1,0.0,0,0,,0,1,1,0,0,0,0,1,2,,3.2,0
22000,100510,Olga Firsova,1611661313,NYL,New York Liberty,1020000203,2000-07-28,NYL @ CHA,W,1,0,0,,0,0,,0,0,,0,0,0,0,0,0,0,0,0,,0.0,0
22000,100059,Andrea Stinson,1611661314,CHA,Charlotte Sting,1020000203,2000-07-28,CHA vs. NYL,L,35,6,15,0.4,1,5,0.2,0,0,,0,4,4,5,1,0,1,2,13,,27.3,0
22000,100060,Rhonda Mapp,1611661314,CHA,Charlotte Sting,1020000203,2000-07-28,CHA vs. NYL,L,18,0,1,0.0,0,0,,0,3,0.0,0,1,1,2,1,0,3,6,0,,4.2,0
22000,100182,Tracy Reid,1611661314,CHA,Charlotte Sting,1020000203,2000-07-28,CHA vs. NYL,L,20,1,2,0.5,0,0,,1,2,0.5,2,3,5,0,1,1,1,2,3,,14.0,0
22000,100294,Cass Bauer-Bilodeau,1611661314,CHA,Charlotte Sting,1020000203,2000-07-28,CHA vs. NYL,L,14,2,5,0.4,0,0,,2,2,1.0,1,0,1,0,0,0,2,3,6,,5.2,0
22000,100368,Angie Braziel,1611661314,CHA,Charlotte Sting,1020000203,2000-07-28,CHA vs. NYL,L,9,3,3,1.0,0,0,,2,2,1.0,1,0,1,0,0,0,1,0,8,,8.2,0
22000,100371,Charlotte Smith,1611661314,CHA,Charlotte Sting,1020000203,2000-07-28,CHA vs. NYL,L,30,6,14,0.429,4,6,0.667,1,1,1.0,1,2,3,2,1,2,0,3,17,,32.6,0
22000,100372,Dawn Staley,1611661314,CHA,Charlotte Sting,1020000203,2000-07-28,CHA vs. NYL,L,38,1,8,0.125,0,3,0.0,3,3,1.0,2,2,4,6,1,0,0,2,5,,21.8,0
22000,100446,Summer Erb,1611661314,CHA,Charlotte Sting,1020000203,2000-07-28,CHA vs. NYL,L,7,1,4,0.25,0,0,,0,0,,1,0,1,1,0,0,1,2,2,,3.7,0
22000,100447,Tiffany Travis,1611661314,CHA,Charlotte Sting,1020000203,2000-07-28,CHA vs. NYL,L,20,1,5,0.2,0,0,,0,0,,0,4,4,1,0,0,3,5,2,,5.3,0
22000,100452,E.C. Hill,1611661314,CHA,Charlotte Sting,1020000203,2000-07-28,CHA vs. NYL,L,5,0,2,0.0,0,1,0.0,0,0,,0,1,1,1,0,0,0,0,0,,2.7,0
22000,100454,Larecha Jones,1611661314,CHA,Charlotte Sting,1020000203,2000-07-28,CHA vs. NYL,L,4,0,0,,0,0,,0,0,,0,0,0,1,0,0,0,0,0,,1.5,0
22000,100092,Merlakia Jones,1611661315,CLE,Cleveland Rockers,1020000204,2000-07-28,CLE vs. DET,W,29,6,15,0.4,1,2,0.5,0,2,0.0,4,4,8,2,0,0,1,2,13,,24.6,0
22000,100097,Rushia Brown,1611661315,CLE,Cleveland Rockers,1020000204,2000-07-28,CLE vs. DET,W,20,2,7,0.286,0,0,,2,2,1.0,3,1,4,5,1,1,1,3,6,,23.3,0
22000,100180,Pollyanna Johns Kimbrough,1611661315,CLE,Cleveland Rockers,1020000204,2000-07-28,CLE vs. DET,W,2,1,1,1.0,0,0,,0,0,,1,1,2,0,0,0,2,0,2,,2.4,0
22000,100187,Suzie McConnell Serio,1611661315,CLE,Cleveland Rockers,1020000204,2000-07-28,CLE vs. DET,W,29,4,7,0.571,2,5,0.4,0,0,,0,3,3,4,1,1,2,0,10,,23.6,0
22000,100231,Adia Barnes,1611661315,CLE,Cleveland Rockers,1020000204,2000-07-28,CLE vs. DET,W,1,0,0,,0,0,,0,0,,0,0,0,0,0,0,0,0,0,,0.0,0
22000,100237,Tricia Bader Binford,1611661315,CLE,Cleveland Rockers,1020000204,2000-07-28,CLE vs. DET,W,4,0,2,0.0,0,1,0.0,0,0,,0,0,0,1,0,0,0,0,0,,1.5,0
22000,100428,Mery Andrade,1611661315,CLE,Cleveland Rockers,1020000204,2000-07-28,CLE vs. DET,W,9,1,4,0.25,0,2,0.0,2,2,1.0,3,1,4,1,0,0,0,0,4,,10.3,0
22000,100433,Chasity Melvin,1611661315,CLE,Cleveland Rockers,1020000204,2000-07-28,CLE vs. DET,W,26,4,8,0.5,0,0,,0,0,,2,0,2,2,0,0,1,3,8,,12.4,0
22000,100445,Ann Wauters,1611661315,CLE,Cleveland Rockers,1020000204,2000-07-28,CLE vs. DET,W,31,6,6,1.0,0,0,,3,3,1.0,2,7,9,4,0,4,0,3,15,,43.8,0
22000,100457,Helen Darling,1611661315,CLE,Cleveland Rockers,1020000204,2000-07-28,CLE vs. DET,W,16,0,3,0.0,0,1,0.0,3,6,0.5,1,0,1,3,3,2,3,0,3,,20.7,0
22000,100458,Vicki Hall,1611661315,CLE,Cleveland Rockers,1020000204,2000-07-28,CLE vs. DET,W,33,8,11,0.727,1,2,0.5,2,2,1.0,0,6,6,2,0,1,3,0,19,,29.2,0
22000,100046,Wendy Palmer,1611661321,DET,Detroit Shock,1020000204,2000-07-28,DET @ CLE,L,28,4,14,0.286,1,3,0.333,4,4,1.0,6,3,9,3,0,0,2,2,13,,26.3,0
22000,100243,Olympia Scott,1611661321,DET,Detroit Shock,1020000204,2000-07-28,DET @ CLE,L,15,1,1,1.0,0,0,,0,0,,0,1,1,4,1,0,3,3,2,,9.2,0
22000,100351,Joy Holmes,1611661321,DET,Detroit Shock,1020000204,2000-07-28,DET @ CLE,L,11,1,2,0.5,0,0,,0,0,,0,2,2,0,0,0,2,1,2,,2.4,0
22000,100384,Dominique Canty,1611661321,DET,Detroit Shock,1020000204,2000-07-28,DET @ CLE,L,28,0,7,0.0,0,0,,0,0,,1,3,4,0,1,1,2,1,0,,8.8,0
22000,100386,Claudia Neves,1611661321,DET,Detroit Shock,1020000204,2000-07-28,DET @ CLE,L,21,4,6,0.667,3,3,1.0,0,0,,0,0,0,0,0,0,0,2,11,,11.0,0
22000,100387,Astou Ndiaye-Diatta,1611661321,DET,Detroit Shock,1020000204,2000-07-28,DET @ CLE,L,25,4,10,0.4,0,0,,0,2,0.0,4,2,6,1,1,0,0,1,8,,19.7,0
22000,100388,Elena Tornikidou,1611661321,DET,Detroit Shock,1020000204,2000-07-28,DET @ CLE,L,15,2,4,0.5,0,0,,0,0,,0,1,1,0,0,1,0,3,4,,8.2,0
22000,100492,Edwina Brown,1611661321,DET,Detroit Shock,1020000204,2000-07-28,DET @ CLE,L,20,1,6,0.167,0,0,,0,0,,2,1,3,8,0,0,3,3,2,,14.6,0
22000,100493,Anna DeForge,1611661321,DET,Detroit Shock,1020000204,2000-07-28,DET @ CLE,L,15,3,8,0.375,1,3,0.333,1,2,0.5,0,0,0,1,1,1,0,1,8,,15.5,0
22000,100494,Barbara Farris,1611661321,DET,Detroit Shock,1020000204,2000-07-28,DET @ CLE,L,12,0,2,0.0,0,0,,1,2,0.5,1,0,1,0,1,0,1,4,1,,4.2,0
22000,100496,Tamicha Jackson,1611661321,DET,Detroit Shock,1020000204,2000-07-28,DET @ CLE,L,10,3,4,0.75,3,4,0.75,0,0,,0,0,0,1,2,0,0,2,9,,16.5,0
22000,100400,Kristin Folkl,1611661324,MIN,Minnesota Lynx,1020000205,2000-07-28,MIN vs. MIA,W,21,4,5,0.8,0,0,,4,6,0.667,1,7,8,1,1,2,0,0,12,,32.1,0
22000,100403,Angie Potthoff,1611661324,MIN,Minnesota Lynx,1020000205,2000-07-28,MIN vs. MIA,W,2,0,2,0.0,0,1,0.0,0,0,,0,1,1,0,0,0,0,0,0,,1.2,0
22000,100404,Katie Smith,1611661324,MIN,Minnesota Lynx,1020000205,2000-07-28,MIN vs. MIA,W,34,10,13,0.769,4,4,1.0,1,1,1.0,0,1,1,1,0,0,2,3,25,,25.7,0
22000,100441,Angela Aycock,1611661324,MIN,Minnesota Lynx,1020000205,2000-07-28,MIN vs. MIA,W,3,0,0,,0,0,,0,0,,0,3,3,2,0,0,0,0,0,,6.6,0
22000,100481,Marla Brumfield,1611661324,MIN,Minnesota Lynx,1020000205,2000-07-28,MIN vs. MIA,W,18,1,3,0.333,0,0,,0,0,,0,1,1,1,1,0,1,2,2,,6.7,0
22000,100482,Grace Daley,1611661324,MIN,Minnesota Lynx,1020000205,2000-07-28,MIN vs. MIA,W,22,3,3,1.0,2,2,1.0,1,2,0.5,1,0,1,4,0,0,4,2,9,,12.2,0
22000,100483,Keitha Dickerson,1611661324,MIN,Minnesota Lynx,1020000205,2000-07-28,MIN vs. MIA,W,30,1,7,0.143,0,0,,4,6,0.667,2,4,6,3,2,1,4,1,6,,22.7,0
22000,100484,Betty Lennox,1611661324,MIN,Minnesota Lynx,1020000205,2000-07-28,MIN vs. MIA,W,33,3,13,0.231,2,3,0.667,4,4,1.0,0,5,5,4,1,0,1,4,12,,26.0,0
22000,100485,Maylana Martin,1611661324,MIN,Minnesota Lynx,1020000205,2000-07-28,MIN vs. MIA,W,19,1,4,0.25,0,0,,0,0,,2,1,3,1,0,0,0,4,2,,7.1,0
22000,100487,Kate Paye,1611661324,MIN,Minnesota Lynx,1020000205,2000-07-28,MIN vs. MIA,W,12,0,2,0.0,0,1,0.0,0,0,,0,1,1,1,2,0,1,0,0,,7.7,0
22000,100490,Shanele Stires,1611661324,MIN,Minnesota Lynx,1020000205,2000-07-28,MIN vs. MIA,W,6,0,0,,0,0,,0,0,,0,0,0,1,1,0,0,2,0,,4.5,0
22000,100009,Katrina Colleton,1611661326,MIA,Miami Sol,1020000205,2000-07-28,MIA @ MIN,L,27,2,9,0.222,0,2,0.0,1,2,0.5,0,3,3,2,1,0,1,0,5,,13.6,0
22000,100035,Umeki Webb,1611661326,MIA,Miami Sol,1020000205,2000-07-28,MIA @ MIN,L,11,0,1,0.0,0,0,,2,2,1.0,0,0,0,0,0,0,1,2,2,,1.0,0
22000,100037,Marlies Askamp,1611661326,MIA,Miami Sol,1020000205,2000-07-28,MIA @ MIN,L,21,3,6,0.5,0,0,,0,2,0.0,2,5,7,0,1,1,1,2,6,,19.4,0
22000,100063,Sharon Manning,1611661326,MIA,Miami Sol,1020000205,2000-07-28,MIA @ MIN,L,3,0,1,0.0,0,0,,0,0,,1,1,2,0,0,0,1,0,0,,1.4,0
22000,100107,Kisha Ford,1611661326,MIA,Miami Sol,1020000205,2000-07-28,MIA @ MIN,L,21,2,7,0.286,0,0,,0,2,0.0,1,4,5,0,1,0,2,1,4,,11.0,0
22000,100359,Debbie Black,1611661326,MIA,Miami Sol,1020000205,2000-07-28,MIA @ MIN,L,22,1,3,0.333,0,1,0.0,0,0,,1,0,1,1,1,0,2,1,2,,5.7,0
22000,100416,Sheri Sam,1611661326,MIA,Miami Sol,1020000205,2000-07-28,MIA @ MIN,L,22,3,9,0.333,1,4,0.25,1,2,0.5,0,1,1,1,1,1,0,5,8,,16.7,0
22000,100451,Jamie Cassidy,1611661326,MIA,Miami Sol,1020000205,2000-07-28,MIA @ MIN,L,15,2,3,0.667,1,1,1.0,1,2,0.5,0,1,1,0,1,1,0,0,6,,13.2,0
22000,100552,Kristen Rasmussen,1611661326,MIA,Miami Sol,1020000205,2000-07-28,MIA @ MIN,L,13,1,3,0.333,0,0,,0,0,,0,3,3,1,3,1,2,3,2,,17.1,0
22000,100559,Milena Flores,1611661326,MIA,Miami Sol,1020000205,2000-07-28,MIA @ MIN,L,18,1,4,0.25,0,3,0.0,0,0,,1,1,2,4,1,0,1,1,2,,12.4,0
22000,100560,Shantia Owens,1611661326,MIA,Miami Sol,1020000205,2000-07-28,MIA @ MIN,L,27,3,10,0.3,0,0,,1,1,1.0,2,1,3,0,0,1,2,4,7,,11.6,0
22000,100030,Jennifer Gillom,1611661317,PHO,Phoenix Mercury,1020000206,2000-07-28,PHO @ SEA,W,29,5,11,0.455,0,1,0.0,1,2,0.5,0,0,0,1,1,1,3,3,11,,15.5,0
22000,100031,Bridget Pettis,1611661317,PHO,Phoenix Mercury,1020000206,2000-07-28,PHO @ SEA,W,13,0,2,0.0,0,0,,2,2,1.0,0,1,1,0,0,0,1,1,2,,2.2,0
22000,100045,Dena Head,1611661317,PHO,Phoenix Mercury,1020000206,2000-07-28,PHO @ SEA,W,6,0,0,,0,0,,0,0,,0,0,0,0,0,0,1,1,0,,-1.0,0
22000,100221,Michelle Brogan,1611661317,PHO,Phoenix Mercury,1020000206,2000-07-28,PHO @ SEA,W,31,3,7,0.429,0,0,,2,2,1.0,3,1,4,2,3,1,0,5,8,,27.8,0
22000,100225,Brandy Reed,1611661317,PHO,Phoenix Mercury,1020000206,2000-07-28,PHO @ SEA,W,40,8,17,0.471,0,0,,9,9,1.0,0,9,9,3,1,0,2,2,25,,41.3,0
22000,100378,Lisa Harrison,1611661317,PHO,Phoenix Mercury,1020000206,2000-07-28,PHO @ SEA,W,25,1,4,0.25,0,0,,2,2,1.0,1,4,5,2,2,0,0,4,4,,19.0,0
22000,100398,Tonya Edwards,1611661317,PHO,Phoenix Mercury,1020000206,2000-07-28,PHO @ SEA,W,36,5,8,0.625,0,2,0.0,5,5,1.0,0,3,3,2,1,1,0,0,15,,27.6,0
22000,100525,Rankica Sarenac,1611661317,PHO,Phoenix Mercury,1020000206,2000-07-28,PHO @ SEA,W,7,0,0,,0,0,,0,2,0.0,1,2,3,0,0,0,2,1,0,,1.6,0
22000,100526,Adrian Williams-Strong,1611661317,PHO,Phoenix Mercury,1020000206,2000-07-28,PHO @ SEA,W,13,0,1,0.0,0,0,,0,0,,1,2,3,0,0,0,1,2,0,,2.6,0
22000,100088,Michelle Edwards,1611661328,SEA,Seattle Storm,1020000206,2000-07-28,SEA vs. PHO,L,10,0,2,0.0,0,0,,0,0,,0,0,0,1,0,0,1,0,0,,0.5,0
22000,100111,Simone Edwards,1611661328,SEA,Seattle Storm,1020000206,2000-07-28,SEA vs. PHO,L,16,4,7,0.571,0,0,,3,4,0.75,0,1,1,1,0,0,0,3,11,,13.7,0
22000,100179,Charmin Smith,1611661328,SEA,Seattle Storm,1020000206,2000-07-28,SEA vs. PHO,L,28,0,5,0.0,0,4,0.0,0,0,,1,3,4,7,2,0,0,3,0,,21.3,0
22000,100230,Quacy Barnes,1611661328,SEA,Seattle Storm,1020000206,2000-07-28,SEA vs. PHO,L,21,2,5,0.4,0,0,,0,0,,0,3,3,1,1,1,3,5,4,,12.1,0
22000,100336,Sonja Henning,1611661328,SEA,Seattle Storm,1020000206,2000-07-28,SEA vs. PHO,L,34,2,6,0.333,2,5,0.4,3,4,0.75,0,2,2,2,0,0,1,2,9,,13.4,0
22000,100375,Edna Campbell,1611661328,SEA,Seattle Storm,1020000206,2000-07-28,SEA vs. PHO,L,32,5,11,0.455,1,5,0.2,3,4,0.75,0,0,0,4,1,0,1,4,14,,22.0,0
22000,100470,Stacey Lovelace,1611661328,SEA,Seattle Storm,1020000206,2000-07-28,SEA vs. PHO,L,4,0,1,0.0,0,0,,0,0,,0,0,0,1,0,0,0,1,0,,1.5,0
22000,100503,Andrea Garner,1611661328,SEA,Seattle Storm,1020000206,2000-07-28,SEA vs. PHO,L,27,5,8,0.625,0,0,,0,0,,1,5,6,0,0,0,1,1,10,,16.2,0
22000,100541,Jamie Redd,1611661328,SEA,Seattle Storm,1020000206,2000-07-28,SEA vs. PHO,L,6,1,3,0.333,1,2,0.5,0,0,,1,1,2,0,0,0,0,0,3,,5.4,0
22000,100543,Robin Threatt-Elliott,1611661328,SEA,Seattle Storm,1020000206,2000-07-28,SEA vs. PHO,L,6,0,1,0.0,0,0,,0,0,,0,0,0,0,0,0,1,3,0,,-1.0,0
22000,100544,Kamila Vodichkova,1611661328,SEA,Seattle Storm,1020000206,2000-07-28,SEA vs. PHO,L,16,2,5,0.4,0,0,,0,0,,1,3,4,0,1,2,4,3,4,,13.8,0
22000,100022,Chantel Tremitiere,1611661325,IND,Indiana Fever,1020000207,2000-07-28,IND @ POR,W,20,0,1,0.0,0,0,,0,2,0.0,0,4,4,6,1,0,2,0,0,,14.8,0
22000,100204,Rita Williams,1611661325,IND,Indiana Fever,1020000207,2000-07-28,IND @ POR,W,20,4,9,0.444,1,2,0.5,2,2,1.0,0,3,3,0,2,0,2,1,11,,18.6,0
22000,100216,Alicia Thompson,1611661325,IND,Indiana Fever,1020000207,2000-07-28,IND @ POR,W,25,4,7,0.571,1,2,0.5,0,0,,0,2,2,2,2,0,2,0,9,,18.4,0
22000,100340,Kara Wolters,1611661325,IND,Indiana Fever,1020000207,2000-07-28,IND @ POR,W,19,7,7,1.0,0,0,,0,0,,0,4,4,0,1,2,1,4,14,,26.8,0
22000,100357,Monica Maxwell,1611661325,IND,Indiana Fever,1020000207,2000-07-28,IND @ POR,W,32,3,6,0.5,3,5,0.6,2,2,1.0,0,6,6,7,1,4,0,1,11,,43.7,0
22000,100370,Stephanie White,1611661325,IND,Indiana Fever,1020000207,2000-07-28,IND @ POR,W,15,1,3,0.333,0,1,0.0,1,1,1.0,0,1,1,2,0,0,1,2,3,,6.2,0
22000,100394,Gordana Grubin,1611661325,IND,Indiana Fever,1020000207,2000-07-28,IND @ POR,W,28,2,10,0.2,0,4,0.0,0,0,,0,3,3,2,0,0,3,3,4,,7.6,0
22000,100471,Danielle McCulley,1611661325,IND,Indiana Fever,1020000207,2000-07-28,IND @ POR,W,14,4,5,0.8,0,0,,1,2,0.5,0,1,1,0,0,1,0,0,9,,13.2,0
22000,100472,Texlin Quinney,1611661325,IND,Indiana Fever,1020000207,2000-07-28,IND @ POR,W,5,1,2,0.5,0,0,,0,0,,0,0,0,0,0,0,1,1,2,,1.0,0
22000,100548,Katryna Gaither,1611661325,IND,Indiana Fever,1020000207,2000-07-28,IND @ POR,W,7,2,2,1.0,0,0,,0,0,,0,1,1,0,0,0,0,1,4,,5.2,0
22000,101006,Jurgita Streimikyte,1611661325,IND,Indiana Fever,1020000207,2000-07-28,IND @ POR,W,15,3,5,0.6,0,0,,0,2,0.0,1,2,3,3,1,1,0,5,6,,20.1,0
22000,100038,Tara Williams,1611661327,POR,Portland Fire,1020000207,2000-07-28,POR vs. IND,L,6,1,4,0.25,1,3,0.333,0,0,,0,0,0,0,0,0,0,0,3,,3.0,0
22000,100105,Sophia Witherspoon,1611661327,POR,Portland Fire,1020000207,2000-07-28,POR vs. IND,L,35,4,17,0.235,1,7,0.143,1,2,0.5,2,5,7,1,0,0,3,4,10,,16.9,0
22000,100215,Vanessa Nygaard,1611661327,POR,Portland Fire,1020000207,2000-07-28,POR vs. IND,L,39,6,12,0.5,3,6,0.5,2,2,1.0,2,7,9,2,1,1,0,2,17,,36.8,0
22000,100284,Tully Bevilaqua,1611661327,POR,Portland Fire,1020000207,2000-07-28,POR vs. IND,L,15,0,0,,0,0,,0,0,,1,2,3,1,0,0,0,3,0,,5.1,0
22000,100429,Alisa Burras,1611661327,POR,Portland Fire,1020000207,2000-07-28,POR vs. IND,L,6,1,5,0.2,0,0,,0,0,,0,0,0,0,0,0,1,0,2,,1.0,0
22000,100529,Sylvia Crawley,1611661327,POR,Portland Fire,1020000207,2000-07-28,POR vs. IND,L,24,2,8,0.25,0,0,,3,4,0.75,2,1,3,3,1,0,1,3,7,,17.1,0
22000,100530,Lynn Pride,1611661327,POR,Portland Fire,1020000207,2000-07-28,POR vs. IND,L,9,0,1,0.0,0,0,,0,0,,0,0,0,1,0,0,0,1,0,,1.5,0
22000,100532,Stacey Thomas,1611661327,POR,Portland Fire,1020000207,2000-07-28,POR vs. IND,L,27,1,2,0.5,0,0,,0,0,,0,0,0,2,2,0,4,1,2,,7.0,0
22000,100533,DeMya Walker,1611661327,POR,Portland Fire,1020000207,2000-07-28,POR vs. IND,L,14,1,4,0.25,0,0,,2,4,0.5,2,1,3,0,2,1,4,1,4,,12.6,0
22000,100570,Michelle Marciniak,1611661327,POR,Portland Fire,1020000207,2000-07-28,POR vs. IND,L,25,5,6,0.833,0,1,0.0,3,6,0.5,0,2,2,1,2,0,3,2,13,,19.9,0
22000,100101,Teresa Weatherspoon,1611661313,NYL,New York Liberty,1020000208,2000-07-29,NYL vs. CLE,W,34,4,5,0.8,0,0,,3,3,1.0,0,2,2,7,5,2,2,2,11,,42.9,0
22000,100103,Vickie Johnson,1611661313,NYL,New York Liberty,1020000208,2000-07-29,NYL vs. CLE,W,35,4,11,0.364,0,1,0.0,2,2,1.0,0,6,6,5,1,0,0,1,10,,27.7,0
22000,100104,Sue Wicks,1611661313,NYL,New York Liberty,1020000208,2000-07-29,NYL vs. CLE,W,18,3,4,0.75,0,0,,5,6,0.833,3,2,5,1,1,2,0,4,11,,27.5,0
22000,100342,Becky Hammon,1611661313,NYL,New York Liberty,1020000208,2000-07-29,NYL vs. CLE,W,25,2,9,0.222,0,7,0.0,0,0,,0,0,0,2,1,0,3,2,4,,7.0,0
22000,100345,Crystal Robinson,1611661313,NYL,New York Liberty,1020000208,2000-07-29,NYL vs. CLE,W,25,7,10,0.7,1,2,0.5,2,2,1.0,3,0,3,2,0,0,1,3,17,,22.6,0
22000,100347,Tamika Whitmore,1611661313,NYL,New York Liberty,1020000208,2000-07-29,NYL vs. CLE,W,24,5,8,0.625,0,0,,2,2,1.0,2,2,4,1,0,0,3,5,12,,15.3,0
22000,100413,Tari Phillips,1611661313,NYL,New York Liberty,1020000208,2000-07-29,NYL vs. CLE,W,34,5,10,0.5,0,0,,4,4,1.0,1,3,4,1,1,0,0,3,14,,23.3,0
22000,100508,Jessica Bibby,1611661313,NYL,New York Liberty,1020000208,2000-07-29,NYL vs. CLE,W,1,0,0,,0,0,,0,0,,0,0,0,1,0,0,0,0,0,,1.5,0
22000,100509,Marina Ferragut,1611661313,NYL,New York Liberty,1020000208,2000-07-29,NYL vs. CLE,W,3,0,0,,0,0,,0,0,,0,1,1,0,0,1,0,0,0,,4.2,0
22000,100510,Olga Firsova,1611661313,NYL,New York Liberty,1020000208,2000-07-29,NYL vs. CLE,W,1,1,1,1.0,0,0,,0,0,,0,0,0,0,0,0,0,0,2,,2.0,0
22000,100092,Merlakia Jones,1611661315,CLE,Cleveland Rockers,1020000208,2000-07-29,CLE @ NYL,L,33,5,10,0.5,1,1,1.0,0,0,,1,3,4,2,1,0,2,3,11,,19.8,0
22000,100097,Rushia Brown,1611661315,CLE,Cleveland Rockers,1020000208,2000-07-29,CLE @ NYL,L,29,5,12,0.417,0,0,,4,4,1.0,4,6,10,2,1,1,0,2,14,,35.0,0
22000,100187,Suzie McConnell Serio,1611661315,CLE,Cleveland Rockers,1020000208,2000-07-29,CLE @ NYL,L,22,2,2,1.0,2,2,1.0,0,0,,0,1,1,4,0,0,5,1,6,,8.2,0
22000,100428,Mery Andrade,1611661315,CLE,Cleveland Rockers,1020000208,2000-07-29,CLE @ NYL,L,30,2,7,0.286,0,1,0.0,1,2,0.5,0,4,4,1,1,0,1,3,5,,13.3,0
22000,100433,Chasity Melvin,1611661315,CLE,Cleveland Rockers,1020000208,2000-07-29,CLE @ NYL,L,31,5,12,0.417,0,0,,6,8,0.75,1,1,2,1,0,0,1,3,16,,18.9,0
22000,100445,Ann Wauters,1611661315,CLE,Cleveland Rockers,1020000208,2000-07-29,CLE @ NYL,L,20,3,4,0.75,0,0,,2,3,0.667,1,0,1,1,0,0,4,2,8,,6.7,0
22000,100457,Helen Darling,1611661315,CLE,Cleveland Rockers,1020000208,2000-07-29,CLE @ NYL,L,18,2,5,0.4,1,1,1.0,0,0,,4,1,5,0,0,0,3,3,5,,8.0,0
22000,100458,Vicki Hall,1611661315,CLE,Cleveland Rockers,1020000208,2000-07-29,CLE @ NYL,L,17,1,2,0.5,0,1,0.0,0,0,,0,0,0,3,0,0,0,1,2,,6.5,0
22000,100058,Vicky Bullett,1611661322,WAS,Washington Mystics,1020000209,2000-07-29,WAS vs. MIN,L,37,5,10,0.5,2,4,0.5,0,0,,1,3,4,1,1,5,1,5,12,,35.3,0
22000,100198,Nikki McCray,1611661322,WAS,Washington Mystics,1020000209,2000-07-29,WAS vs. MIN,L,35,6,12,0.5,0,4,0.0,12,16,0.75,2,1,3,7,2,0,3,4,24,,41.1,0
22000,100199,Murriel Page,1611661322,WAS,Washington Mystics,1020000209,2000-07-29,WAS vs. MIN,L,40,6,8,0.75,0,0,,7,10,0.7,4,8,12,2,0,1,0,4,19,,39.4,0
22000,100348,Markita Aldridge,1611661322,WAS,Washington Mystics,1020000209,2000-07-29,WAS vs. MIN,L,6,0,2,0.0,0,0,,0,0,,0,0,0,1,0,0,1,0,0,,0.5,0
22000,100356,Chamique Holdsclaw,1611661322,WAS,Washington Mystics,1020000209,2000-07-29,WAS vs. MIN,L,36,6,12,0.5,0,0,,4,9,0.444,3,7,10,3,3,1,4,4,16,,40.5,0
22000,100553,Keisha Anderson,1611661322,WAS,Washington Mystics,1020000209,2000-07-29,WAS vs. MIN,L,17,2,3,0.667,0,0,,0,0,,0,2,2,3,0,0,2,3,4,,8.9,0
22000,100554,Beth Cunningham,1611661322,WAS,Washington Mystics,1020000209,2000-07-29,WAS vs. MIN,L,26,4,9,0.444,2,4,0.5,0,0,,0,0,0,0,0,0,1,5,10,,9.0,0
22000,100557,Tonya Massaline,1611661322,WAS,Washington Mystics,1020000209,2000-07-29,WAS vs. MIN,L,3,0,0,,0,0,,0,0,,0,1,1,0,0,0,1,0,0,,0.2,0
22000,100400,Kristin Folkl,1611661324,MIN,Minnesota Lynx,1020000209,2000-07-29,MIN @ WAS,W,28,2,5,0.4,0,0,,5,9,0.556,0,4,4,0,1,0,2,3,9,,14.8,0
22000,100404,Katie Smith,1611661324,MIN,Minnesota Lynx,1020000209,2000-07-29,MIN @ WAS,W,40,7,15,0.467,4,7,0.571,4,4,1.0,0,3,3,6,0,0,3,5,22,,31.6,0
22000,100481,Marla Brumfield,1611661324,MIN,Minnesota Lynx,1020000209,2000-07-29,MIN @ WAS,W,10,1,3,0.333,0,1,0.0,2,2,1.0,0,1,1,0,0,0,0,2,4,,5.2,0
22000,100482,Grace Daley,1611661324,MIN,Minnesota Lynx,1020000209,2000-07-29,MIN @ WAS,W,25,2,4,0.5,1,1,1.0,2,7,0.286,2,0,2,7,0,0,0,1,7,,19.9,0
22000,100483,Keitha Dickerson,1611661324,MIN,Minnesota Lynx,1020000209,2000-07-29,MIN @ WAS,W,24,3,5,0.6,0,0,,2,2,1.0,2,4,6,2,1,0,2,6,8,,19.2,0
22000,100484,Betty Lennox,1611661324,MIN,Minnesota Lynx,1020000209,2000-07-29,MIN @ WAS,W,32,10,18,0.556,5,8,0.625,6,6,1.0,3,3,6,1,1,0,3,2,31,,39.7,0
22000,100485,Maylana Martin,1611661324,MIN,Minnesota Lynx,1020000209,2000-07-29,MIN @ WAS,W,20,3,4,0.75,0,0,,0,0,,0,2,2,1,1,2,0,4,6,,18.9,0
22000,100487,Kate Paye,1611661324,MIN,Minnesota Lynx,1020000209,2000-07-29,MIN @ WAS,W,12,0,3,0.0,0,1,0.0,0,0,,0,1,1,2,0,0,1,1,0,,3.2,0
22000,100490,Shanele Stires,1611661324,MIN,Minnesota Lynx,1020000209,2000-07-29,MIN @ WAS,W,9,0,1,0.0,0,0,,0,0,,3,0,3,0,1,0,2,2,0,,4.6,0
22000,100059,Andrea Stinson,1611661314,CHA,Charlotte Sting,1020000210,2000-07-29,CHA @ DET,L,35,6,17,0.353,1,3,0.333,2,2,1.0,1,4,5,5,3,1,2,5,15,,38.5,0
22000,100060,Rhonda Mapp,1611661314,CHA,Charlotte Sting,1020000210,2000-07-29,CHA @ DET,L,33,8,12,0.667,1,1,1.0,8,8,1.0,4,8,12,1,3,2,3,3,25,,52.9,0
22000,100182,Tracy Reid,1611661314,CHA,Charlotte Sting,1020000210,2000-07-29,CHA @ DET,L,20,3,8,0.375,0,0,,1,2,0.5,2,1,3,0,1,0,3,3,7,,10.6,0
22000,100294,Cass Bauer-Bilodeau,1611661314,CHA,Charlotte Sting,1020000210,2000-07-29,CHA @ DET,L,18,2,4,0.5,0,0,,0,0,,4,1,5,0,0,0,1,5,4,,9.0,0
22000,100368,Angie Braziel,1611661314,CHA,Charlotte Sting,1020000210,2000-07-29,CHA @ DET,L,3,0,0,,0,0,,0,0,,1,0,1,0,0,0,0,1,0,,1.2,0
22000,100371,Charlotte Smith,1611661314,CHA,Charlotte Sting,1020000210,2000-07-29,CHA @ DET,L,26,1,10,0.1,0,5,0.0,1,1,1.0,1,1,2,1,2,3,2,5,3,,19.9,0
22000,100372,Dawn Staley,1611661314,CHA,Charlotte Sting,1020000210,2000-07-29,CHA @ DET,L,36,3,12,0.25,0,4,0.0,0,0,,0,1,1,3,0,0,3,1,6,,8.7,0
22000,100447,Tiffany Travis,1611661314,CHA,Charlotte Sting,1020000210,2000-07-29,CHA @ DET,L,21,3,4,0.75,1,2,0.5,3,3,1.0,1,2,3,3,0,0,1,3,10,,17.1,0
22000,100452,E.C. Hill,1611661314,CHA,Charlotte Sting,1020000210,2000-07-29,CHA @ DET,L,8,1,2,0.5,0,0,,0,0,,0,0,0,0,0,0,1,1,2,,1.0,0
22000,100046,Wendy Palmer,1611661321,DET,Detroit Shock,1020000210,2000-07-29,DET vs. CHA,W,35,5,10,0.5,1,2,0.5,10,10,1.0,1,3,4,1,2,2,3,3,21,,36.3,0
22000,100243,Olympia Scott,1611661321,DET,Detroit Shock,1020000210,2000-07-29,DET vs. CHA,W,8,0,3,0.0,0,0,,0,0,,2,0,2,0,0,0,3,1,0,,-0.6,0
22000,100351,Joy Holmes,1611661321,DET,Detroit Shock,1020000210,2000-07-29,DET vs. CHA,W,19,2,4,0.5,0,0,,0,0,,2,3,5,0,2,0,0,2,4,,16.0,0
22000,100384,Dominique Canty,1611661321,DET,Detroit Shock,1020000210,2000-07-29,DET vs. CHA,W,15,1,6,0.167,0,1,0.0,4,5,0.8,1,0,1,3,1,0,1,2,6,,13.7,0
22000,100386,Claudia Neves,1611661321,DET,Detroit Shock,1020000210,2000-07-29,DET vs. CHA,W,13,1,2,0.5,0,1,0.0,0,0,,0,0,0,1,0,0,0,1,2,,3.5,0
22000,100387,Astou Ndiaye-Diatta,1611661321,DET,Detroit Shock,1020000210,2000-07-29,DET vs. CHA,W,35,8,16,0.5,0,0,,2,4,0.5,3,6,9,1,0,1,2,3,18,,31.3,0
22000,100388,Elena Tornikidou,1611661321,DET,Detroit Shock,1020000210,2000-07-29,DET vs. CHA,W,40,8,11,0.727,0,0,,3,3,1.0,4,1,5,4,2,0,3,4,19,,34.0,0
22000,100492,Edwina Brown,1611661321,DET,Detroit Shock,1020000210,2000-07-29,DET vs. CHA,W,6,0,2,0.0,0,0,,0,0,,0,1,1,1,0,0,2,0,0,,0.7,0
22000,100493,Anna DeForge,1611661321,DET,Detroit Shock,1020000210,2000-07-29,DET vs. CHA,W,27,2,6,0.333,0,3,0.0,1,2,0.5,0,6,6,2,2,0,2,1,5,,19.2,0
22000,100494,Barbara Farris,1611661321,DET,Detroit Shock,1020000210,2000-07-29,DET vs. CHA,W,2,0,0,,0,0,,0,0,,0,0,0,0,0,0,0,0,0,,0.0,0
22000,100072,Sheryl Swoopes,1611661316,HOU,Houston Comets,1020000211,2000-07-29,HOU vs. LAS,L,38,3,11,0.273,0,1,0.0,2,2,1.0,2,2,4,3,3,0,3,5,8,,23.3,0
22000,100073,Cynthia Cooper,1611661316,HOU,Houston Comets,1020000211,2000-07-29,HOU vs. LAS,L,38,8,19,0.421,0,3,0.0,9,10,0.9,1,3,4,6,1,0,2,3,25,,39.8,0
22000,100075,Janeth Arcain,1611661316,HOU,Houston Comets,1020000211,2000-07-29,HOU vs. LAS,L,38,6,9,0.667,0,1,0.0,4,6,0.667,0,2,2,1,1,0,1,2,16,,21.9,0
22000,100076,Tina Thompson,1611661316,HOU,Houston Comets,1020000211,2000-07-29,HOU vs. LAS,L,37,5,15,0.333,0,3,0.0,4,4,1.0,2,6,8,0,0,3,1,2,14,,31.6,0
22000,100077,Tammy Jackson,1611661316,HOU,Houston Comets,1020000211,2000-07-29,HOU vs. LAS,L,2,0,0,,0,0,,0,0,,1,0,1,0,0,0,0,0,0,,1.2,0
22000,100207,Monica Lamb,1611661316,HOU,Houston Comets,1020000211,2000-07-29,HOU vs. LAS,L,7,2,5,0.4,0,0,,0,0,,0,0,0,0,0,0,0,1,4,,4.0,0
22000,100217,Coquese Washington,1611661316,HOU,Houston Comets,1020000211,2000-07-29,HOU vs. LAS,L,4,0,1,0.0,0,0,,0,0,,0,0,0,0,0,0,0,1,0,,0.0,0
22000,100233,Tiffani Johnson,1611661316,HOU,Houston Comets,1020000211,2000-07-29,HOU vs. LAS,L,29,2,3,0.667,0,0,,3,3,1.0,2,3,5,0,0,0,0,4,7,,13.0,0
22000,100338,Jennifer Rizzotti,1611661316,HOU,Houston Comets,1020000211,2000-07-29,HOU vs. LAS,L,7,0,1,0.0,0,0,,0,0,,0,1,1,0,0,0,0,0,0,,1.2,0
22000,100003,Lisa Leslie,1611661320,LAS,Los Angeles Sparks,1020000211,2000-07-29,LAS @ HOU,W,34,5,13,0.385,0,1,0.0,6,7,0.857,0,10,10,2,0,3,5,5,16,,35.0,0
22000,100008,Tamecka Dixon,1611661320,LAS,Los Angeles Sparks,1020000211,2000-07-29,LAS @ HOU,W,38,7,12,0.583,0,1,0.0,5,5,1.0,0,2,2,4,0,0,1,3,19,,26.4,0
22000,100012,Mwadi Mabika,1611661320,LAS,Los Angeles Sparks,1020000211,2000-07-29,LAS @ HOU,W,35,4,10,0.4,4,6,0.667,4,4,1.0,1,3,4,6,3,1,1,4,16,,40.8,0
22000,100170,Allison Feaster,1611661320,LAS,Los Angeles Sparks,1020000211,2000-07-29,LAS @ HOU,W,7,0,1,0.0,0,1,0.0,0,0,,0,1,1,0,0,0,0,1,0,,1.2,0
22000,100392,Ukari Figgs,1611661320,LAS,Los Angeles Sparks,1020000211,2000-07-29,LAS @ HOU,W,30,2,5,0.4,1,3,0.333,2,2,1.0,2,1,3,2,1,0,2,2,7,,14.6,0
22000,100395,Clarisse Machanguana,1611661320,LAS,Los Angeles Sparks,1020000211,2000-07-29,LAS @ HOU,W,7,2,3,0.667,0,0,,0,0,,0,0,0,0,0,0,1,1,4,,3.0,0
22000,100396,DeLisha Milton-Jones,1611661320,LAS,Los Angeles Sparks,1020000211,2000-07-29,LAS @ HOU,W,39,8,11,0.727,0,0,,1,2,0.5,3,6,9,3,0,2,2,3,17,,36.3,0
22000,100478,Nicky McCrimmon,1611661320,LAS,Los Angeles Sparks,1020000211,2000-07-29,LAS @ HOU,W,10,2,3,0.667,1,2,0.5,0,0,,0,1,1,2,0,0,0,2,5,,9.2,0
22000,100239,Margo Dydek,1611661319,UTA,Utah Starzz,1020000212,2000-07-29,UTA vs. IND,W,30,3,8,0.375,0,1,0.0,5,5,1.0,0,7,7,3,1,6,1,4,11,,43.9,0
22000,100242,LaTonya Johnson,1611661319,UTA,Utah Starzz,1020000212,2000-07-29,UTA vs. IND,W,6,0,0,,0,0,,0,0,,0,3,3,1,0,0,3,0,0,,2.1,0
22000,100250,Korie Hlede,1611661319,UTA,Utah Starzz,1020000212,2000-07-29,UTA vs. IND,W,33,3,9,0.333,0,1,0.0,0,0,,1,2,3,3,2,0,4,4,6,,16.1,0
22000,100363,Adrienne Goodson,1611661319,UTA,Utah Starzz,1020000212,2000-07-29,UTA vs. IND,W,39,9,16,0.563,1,1,1.0,10,11,0.909,4,5,9,2,2,0,1,3,29,,47.8,0
22000,100366,Natalie Williams,1611661319,UTA,Utah Starzz,1020000212,2000-07-29,UTA vs. IND,W,40,7,17,0.412,0,0,,8,11,0.727,8,7,15,2,2,1,4,2,22,,48.0,0
22000,100382,Jennifer Azzi,1611661319,UTA,Utah Starzz,1020000212,2000-07-29,UTA vs. IND,W,40,2,7,0.286,0,2,0.0,2,2,1.0,0,8,8,9,0,1,1,0,6,,31.1,0
22000,100422,Kate Starbird,1611661319,UTA,Utah Starzz,1020000212,2000-07-29,UTA vs. IND,W,1,0,0,,0,0,,0,0,,0,0,0,0,0,0,0,0,0,,0.0,0
22000,100547,Stacy Frese,1611661319,UTA,Utah Starzz,1020000212,2000-07-29,UTA vs. IND,W,1,0,0,,0,0,,2,2,1.0,0,0,0,0,0,0,0,0,2,,2.0,0
22000,100549,Amy Herrig,1611661319,UTA,Utah Starzz,1020000212,2000-07-29,UTA vs. IND,W,10,1,3,0.333,0,0,,1,2,0.5,0,0,0,0,0,0,0,3,3,,3.0,0
22000,100022,Chantel Tremitiere,1611661325,IND,Indiana Fever,1020000212,2000-07-29,IND @ UTA,L,24,5,8,0.625,1,1,1.0,1,2,0.5,1,2,3,4,1,0,3,1,12,,21.6,0
22000,100204,Rita Williams,1611661325,IND,Indiana Fever,1020000212,2000-07-29,IND @ UTA,L,27,2,8,0.25,2,3,0.667,0,0,,1,2,3,5,2,0,2,0,6,,21.1,0
22000,100216,Alicia Thompson,1611661325,IND,Indiana Fever,1020000212,2000-07-29,IND @ UTA,L,29,6,13,0.462,2,4,0.5,4,4,1.0,1,7,8,0,2,2,1,6,18,,38.6,0
22000,100340,Kara Wolters,1611661325,IND,Indiana Fever,1020000212,2000-07-29,IND @ UTA,L,22,1,8,0.125,0,0,,2,2,1.0,0,3,3,0,0,3,1,1,4,,15.6,0
22000,100357,Monica Maxwell,1611661325,IND,Indiana Fever,1020000212,2000-07-29,IND @ UTA,L,36,3,6,0.5,2,4,0.5,2,2,1.0,3,4,7,0,1,1,2,5,10,,22.4,0
22000,100370,Stephanie White,1611661325,IND,Indiana Fever,1020000212,2000-07-29,IND @ UTA,L,4,0,1,0.0,0,0,,0,0,,0,0,0,0,0,0,1,1,0,,-1.0,0
22000,100394,Gordana Grubin,1611661325,IND,Indiana Fever,1020000212,2000-07-29,IND @ UTA,L,29,4,9,0.444,3,6,0.5,0,0,,0,1,1,1,2,0,1,4,11,,18.7,0
22000,100471,Danielle McCulley,1611661325,IND,Indiana Fever,1020000212,2000-07-29,IND @ UTA,L,14,3,9,0.333,0,0,,2,4,0.5,1,0,1,1,0,0,1,3,8,,9.7,0
22000,100548,Katryna Gaither,1611661325,IND,Indiana Fever,1020000212,2000-07-29,IND @ UTA,L,1,0,0,,0,0,,0,0,,0,0,0,0,0,1,0,0,0,,3.0,0
22000,101006,Jurgita Streimikyte,1611661325,IND,Indiana Fever,1020000212,2000-07-29,IND @ UTA,L,14,1,4,0.25,0,0,,0,0,,1,2,3,3,0,3,0,2,2,,19.1,0
22000,100030,Jennifer Gillom,1611661317,PHO,Phoenix Mercury,1020000213,2000-07-30,PHO vs. SAC,L,37,8,14,0.571,2,4,0.5,5,10,0.5,2,7,9,0,1,1,3,3,23,,36.8,0
22000,100031,Bridget Pettis,1611661317,PHO,Phoenix Mercury,1020000213,2000-07-30,PHO vs. SAC,L,27,0,4,0.0,0,3,0.0,2,2,1.0,1,1,2,5,0,0,0,0,2,,11.9,0
22000,100045,Dena Head,1611661317,PHO,Phoenix Mercury,1020000213,2000-07-30,PHO vs. SAC,L,4,0,0,,0,0,,0,0,,0,0,0,1,0,0,0,0,0,,1.5,0
22000,100221,Michelle Brogan,1611661317,PHO,Phoenix Mercury,1020000213,2000-07-30,PHO vs. SAC,L,30,1,2,0.5,0,0,,0,2,0.0,2,3,5,1,1,0,1,4,2,,11.5,0
22000,100225,Brandy Reed,1611661317,PHO,Phoenix Mercury,1020000213,2000-07-30,PHO vs. SAC,L,38,7,13,0.538,1,3,0.333,1,2,0.5,3,2,5,1,1,1,3,3,16,,26.5,0
22000,100378,Lisa Harrison,1611661317,PHO,Phoenix Mercury,1020000213,2000-07-30,PHO vs. SAC,L,27,4,9,0.444,0,0,,4,4,1.0,4,3,7,1,1,0,1,5,12,,23.9,0
22000,100398,Tonya Edwards,1611661317,PHO,Phoenix Mercury,1020000213,2000-07-30,PHO vs. SAC,L,30,3,9,0.333,0,3,0.0,2,2,1.0,0,0,0,2,0,0,2,2,8,,9.0,0
22000,100477,Nicole Kubik,1611661317,PHO,Phoenix Mercury,1020000213,2000-07-30,PHO vs. SAC,L,3,0,0,,0,0,,0,0,,0,0,0,1,0,0,0,0,0,,1.5,0
22000,100525,Rankica Sarenac,1611661317,PHO,Phoenix Mercury,1020000213,2000-07-30,PHO vs. SAC,L,3,0,0,,0,0,,0,0,,0,0,0,0,0,0,0,0,0,,0.0,0
22000,100526,Adrian Williams-Strong,1611661317,PHO,Phoenix Mercury,1020000213,2000-07-30,PHO vs. SAC,L,1,0,1,0.0,0,0,,0,0,,0,0,0,0,0,0,0,0,0,,0.0,0
22000,100016,Ruthie Bolton,1611661318,SAC,Sacramento Monarchs,1020000213,2000-07-30,SAC @ PHO,W,32,4,13,0.308,2,9,0.222,2,2,1.0,1,0,1,4,1,0,1,4,12,,21.2,0
22000,100027,Latasha Byears,1611661318,SAC,Sacramento Monarchs,1020000213,2000-07-30,SAC @ PHO,W,13,2,2,1.0,0,0,,0,0,,0,2,2,0,0,0,0,2,4,,6.4,0
22000,100044,Lady Grooms,1611661318,SAC,Sacramento Monarchs,1020000213,2000-07-30,SAC @ PHO,W,9,1,3,0.333,0,0,,0,0,,1,0,1,0,0,0,0,1,2,,3.2,0
22000,100234,Ticha Penicheiro,1611661318,SAC,Sacramento Monarchs,1020000213,2000-07-30,SAC @ PHO,W,40,3,9,0.333,0,2,0.0,3,5,0.6,0,0,0,11,0,0,3,4,9,,22.5,0
22000,100236,Tangela Smith,1611661318,SAC,Sacramento Monarchs,1020000213,2000-07-30,SAC @ PHO,W,27,5,14,0.357,0,0,,2,2,1.0,5,4,9,1,1,0,3,5,12,,24.3,0
22000,100419,Yolanda Griffith,1611661318,SAC,Sacramento Monarchs,1020000213,2000-07-30,SAC @ PHO,W,40,6,13,0.462,0,0,,4,5,0.8,8,6,14,0,1,2,1,3,16,,40.8,0
22000,100421,Kedra Holland-Corn,1611661318,SAC,Sacramento Monarchs,1020000213,2000-07-30,SAC @ PHO,W,31,2,3,0.667,1,2,0.5,2,2,1.0,2,0,2,1,1,0,1,3,7,,12.9,0
22000,100536,Katy Steding,1611661318,SAC,Sacramento Monarchs,1020000213,2000-07-30,SAC @ PHO,W,8,3,4,0.75,2,3,0.667,0,0,,1,0,1,1,0,1,0,1,8,,13.7,0
22000,100048,Jessie Hicks,1611661323,ORL,Orlando Miracle,1020000214,2000-07-30,ORL @ POR,L,8,0,0,,0,0,,1,4,0.25,2,0,2,1,0,2,0,1,1,,10.9,0
22000,100100,Adrienne Johnson,1611661323,ORL,Orlando Miracle,1020000214,2000-07-30,ORL @ POR,L,37,8,13,0.615,4,5,0.8,0,0,,0,0,0,1,0,0,1,2,20,,20.5,0
22000,100410,Shannon Johnson,1611661323,ORL,Orlando Miracle,1020000214,2000-07-30,ORL @ POR,L,40,3,7,0.429,2,3,0.667,5,6,0.833,1,7,8,4,1,0,7,4,13,,24.6,0
22000,100411,Carla McGhee,1611661323,ORL,Orlando Miracle,1020000214,2000-07-30,ORL @ POR,L,11,0,3,0.0,0,0,,0,0,,1,0,1,1,0,0,2,2,0,,0.7,0
22000,100412,Taj McWilliams-Franklin,1611661323,ORL,Orlando Miracle,1020000214,2000-07-30,ORL @ POR,L,29,3,8,0.375,0,0,,3,3,1.0,3,1,4,1,0,2,5,3,9,,16.3,0
22000,100415,Nykesha Sales,1611661323,ORL,Orlando Miracle,1020000214,2000-07-30,ORL @ POR,L,38,4,11,0.364,1,5,0.2,3,4,0.75,0,6,6,3,1,0,3,0,12,,23.7,0
22000,100514,Cintia dos Santos,1611661323,ORL,Orlando Miracle,1020000214,2000-07-30,ORL @ POR,L,18,0,1,0.0,0,0,,0,0,,0,0,0,0,0,3,3,3,0,,6.0,0
22000,100519,Jannon Roland,1611661323,ORL,Orlando Miracle,1020000214,2000-07-30,ORL @ POR,L,15,0,0,,0,0,,0,0,,0,0,0,0,0,0,1,1,0,,-1.0,0
22000,100521,Tiffany McCain,1611661323,ORL,Orlando Miracle,1020000214,2000-07-30,ORL @ POR,L,4,0,0,,0,0,,0,0,,0,0,0,0,0,0,0,0,0,,0.0,0
22000,100038,Tara Williams,1611661327,POR,Portland Fire,1020000214,2000-07-30,POR vs. ORL,W,4,1,2,0.5,0,1,0.0,0,0,,0,0,0,0,0,0,0,1,2,,2.0,0
22000,100105,Sophia Witherspoon,1611661327,POR,Portland Fire,1020000214,2000-07-30,POR vs. ORL,W,36,10,18,0.556,5,9,0.556,2,2,1.0,0,0,0,2,3,0,2,2,27,,37.0,0
22000,100215,Vanessa Nygaard,1611661327,POR,Portland Fire,1020000214,2000-07-30,POR vs. ORL,W,32,3,6,0.5,1,3,0.333,0,0,,1,2,3,0,2,1,1,4,7,,18.6,0
22000,100284,Tully Bevilaqua,1611661327,POR,Portland Fire,1020000214,2000-07-30,POR vs. ORL,W,25,3,6,0.5,0,3,0.0,3,4,0.75,2,2,4,2,0,1,2,2,9,,17.8,0
22000,100529,Sylvia Crawley,1611661327,POR,Portland Fire,1020000214,2000-07-30,POR vs. ORL,W,34,7,9,0.778,0,0,,0,0,,3,3,6,2,3,1,2,3,14,,34.2,0
22000,100530,Lynn Pride,1611661327,POR,Portland Fire,1020000214,2000-07-30,POR vs. ORL,W,8,0,1,0.0,0,0,,0,0,,0,2,2,2,0,1,3,3,0,,5.4,0
22000,100532,Stacey Thomas,1611661327,POR,Portland Fire,1020000214,2000-07-30,POR vs. ORL,W,32,2,6,0.333,0,0,,0,0,,1,7,8,9,4,0,2,3,4,,37.1,0
22000,100533,DeMya Walker,1611661327,POR,Portland Fire,1020000214,2000-07-30,POR vs. ORL,W,14,3,10,0.3,0,0,,2,5,0.4,3,0,3,0,0,0,2,3,8,,9.6,0
22000,100570,Michelle Marciniak,1611661327,POR,Portland Fire,1020000214,2000-07-30,POR vs. ORL,W,15,2,2,1.0,1,1,1.0,0,0,,1,1,2,2,2,0,1,2,5,,15.4,0
22000,100009,Katrina Colleton,1611661326,MIA,Miami Sol,1020000215,2000-07-30,MIA @ SEA,W,32,1,5,0.2,1,1,1.0,0,0,,1,3,4,5,0,0,1,2,3,,14.3,0
22000,100037,Marlies Askamp,1611661326,MIA,Miami Sol,1020000215,2000-07-30,MIA @ SEA,W,26,8,11,0.727,0,0,,0,0,,2,4,6,2,1,0,1,2,16,,28.2,0
22000,100107,Kisha Ford,1611661326,MIA,Miami Sol,1020000215,2000-07-30,MIA @ SEA,W,16,0,3,0.0,0,0,,0,0,,1,3,4,1,1,0,2,1,0,,7.3,0
22000,100359,Debbie Black,1611661326,MIA,Miami Sol,1020000215,2000-07-30,MIA @ SEA,W,22,5,5,1.0,0,0,,1,1,1.0,1,3,4,5,1,0,2,2,11,,24.3,0
22000,100416,Sheri Sam,1611661326,MIA,Miami Sol,1020000215,2000-07-30,MIA @ SEA,W,32,8,19,0.421,1,5,0.2,0,0,,0,7,7,1,2,0,1,3,17,,31.9,0
22000,100451,Jamie Cassidy,1611661326,MIA,Miami Sol,1020000215,2000-07-30,MIA @ SEA,W,14,3,4,0.75,1,1,1.0,0,0,,0,1,1,0,0,1,1,2,7,,10.2,0
22000,100552,Kristen Rasmussen,1611661326,MIA,Miami Sol,1020000215,2000-07-30,MIA @ SEA,W,31,4,7,0.571,0,0,,0,0,,6,3,9,3,0,1,1,3,8,,25.3,0
22000,100559,Milena Flores,1611661326,MIA,Miami Sol,1020000215,2000-07-30,MIA @ SEA,W,18,1,8,0.125,0,3,0.0,0,0,,0,0,0,4,1,0,1,1,2,,10.0,0
22000,100560,Shantia Owens,1611661326,MIA,Miami Sol,1020000215,2000-07-30,MIA @ SEA,W,9,0,1,0.0,0,0,,0,0,,0,0,0,0,0,0,1,2,0,,-1.0,0
22000,100088,Michelle Edwards,1611661328,SEA,Seattle Storm,1020000215,2000-07-30,SEA vs. MIA,L,22,3,8,0.375,1,3,0.333,2,2,1.0,0,1,1,0,0,0,1,0,9,,9.2,0
22000,100111,Simone Edwards,1611661328,SEA,Seattle Storm,1020000215,2000-07-30,SEA vs. MIA,L,22,1,3,0.333,0,0,,2,2,1.0,0,2,2,1,0,1,1,0,4,,9.9,0
22000,100179,Charmin Smith,1611661328,SEA,Seattle Storm,1020000215,2000-07-30,SEA vs. MIA,L,18,0,3,0.0,0,2,0.0,0,0,,0,1,1,1,0,1,0,0,0,,5.7,0
22000,100230,Quacy Barnes,1611661328,SEA,Seattle Storm,1020000215,2000-07-30,SEA vs. MIA,L,24,5,10,0.5,0,1,0.0,6,6,1.0,1,1,2,0,1,3,1,2,16,,29.4,0
22000,100336,Sonja Henning,1611661328,SEA,Seattle Storm,1020000215,2000-07-30,SEA vs. MIA,L,40,1,7,0.143,0,3,0.0,2,4,0.5,3,4,7,4,1,0,1,2,4,,20.4,0
22000,100470,Stacey Lovelace,1611661328,SEA,Seattle Storm,1020000215,2000-07-30,SEA vs. MIA,L,8,0,2,0.0,0,0,,0,0,,1,0,1,0,1,0,0,1,0,,4.2,0
22000,100503,Andrea Garner,1611661328,SEA,Seattle Storm,1020000215,2000-07-30,SEA vs. MIA,L,26,2,5,0.4,0,0,,0,0,,1,4,5,1,1,3,1,0,4,,22.5,0
22000,100541,Jamie Redd,1611661328,SEA,Seattle Storm,1020000215,2000-07-30,SEA vs. MIA,L,23,2,4,0.5,1,2,0.5,2,2,1.0,1,1,2,0,0,0,3,1,7,,6.4,0
22000,100543,Robin Threatt-Elliott,1611661328,SEA,Seattle Storm,1020000215,2000-07-30,SEA vs. MIA,L,17,3,7,0.429,0,0,,1,2,0.5,0,1,1,0,2,0,3,0,7,,11.2,0
22000,100101,Teresa Weatherspoon,1611661313,NYL,New York Liberty,1020000216,2000-07-31,NYL vs. CHA,W,28,4,5,0.8,0,1,0.0,3,3,1.0,1,0,1,5,3,0,2,3,11,20,,0
22000,100103,Vickie Johnson,1611661313,NYL,New York Liberty,1020000216,2000-07-31,NYL vs. CHA,W,31,6,9,0.667,3,4,0.75,5,5,1.0,0,5,5,1,0,0,0,3,20,23,,0
22000,100104,Sue Wicks,1611661313,NYL,New York Liberty,1020000216,2000-07-31,NYL vs. CHA,W,15,2,5,0.4,0,0,0.0,0,0,0.0,0,1,1,1,0,1,4,0,4,6,,0
22000,100342,Becky Hammon,1611661313,NYL,New York Liberty,1020000216,2000-07-31,NYL vs. CHA,W,25,3,6,0.5,2,4,0.5,0,0,0.0,3,1,4,0,3,0,1,0,8,17,,0
22000,100345,Crystal Robinson,1611661313,NYL,New York Liberty,1020000216,2000-07-31,NYL vs. CHA,W,29,4,10,0.4,2,4,0.5,2,2,1.0,1,1,2,3,2,1,1,1,12,14,,0
22000,100347,Tamika Whitmore,1611661313,NYL,New York Liberty,1020000216,2000-07-31,NYL vs. CHA,W,23,2,8,0.25,0,0,0.0,4,6,0.667,0,2,2,3,0,0,1,1,8,12,,0
22000,100413,Tari Phillips,1611661313,NYL,New York Liberty,1020000216,2000-07-31,NYL vs. CHA,W,28,3,9,0.333,0,0,0.0,1,2,0.5,3,6,9,3,1,1,3,1,7,21,,0
22000,100508,Jessica Bibby,1611661313,NYL,New York Liberty,1020000216,2000-07-31,NYL vs. CHA,W,6,0,1,0.0,0,0,0.0,2,2,1.0,0,0,0,3,1,0,1,0,2,9,,0
22000,100509,Marina Ferragut,1611661313,NYL,New York Liberty,1020000216,2000-07-31,NYL vs. CHA,W,5,4,4,1.0,1,1,1.0,0,0,0.0,0,0,0,0,0,0,0,1,9,6,,0
22000,100510,Olga Firsova,1611661313,NYL,New York Liberty,1020000216,2000-07-31,NYL vs. CHA,W,6,0,2,0.0,0,1,0.0,0,0,0.0,0,0,0,0,0,0,0,3,0,-3,,0
22000,100512,Shea Mahoney,1611661313,NYL,New York Liberty,1020000216,2000-07-31,NYL vs. CHA,W,3,0,1,0.0,0,0,0.0,0,0,0.0,1,0,1,0,0,0,0,0,0,0,,0
22000,100059,Andrea Stinson,1611661314,CHA,Charlotte Sting,1020000216,2000-07-31,CHA @ NYL,L,32,7,13,0.538,2,3,0.667,2,4,0.5,4,4,8,3,0,0,5,4,18,-24,,0
22000,100060,Rhonda Mapp,1611661314,CHA,Charlotte Sting,1020000216,2000-07-31,CHA @ NYL,L,27,6,14,0.429,0,1,0.0,1,2,0.5,3,6,9,1,0,0,4,3,13,-29,,0
22000,100182,Tracy Reid,1611661314,CHA,Charlotte Sting,1020000216,2000-07-31,CHA @ NYL,L,19,1,2,0.5,0,0,0.0,5,8,0.625,2,1,3,0,0,1,1,3,7,-17,,0
22000,100294,Cass Bauer-Bilodeau,1611661314,CHA,Charlotte Sting,1020000216,2000-07-31,CHA @ NYL,L,15,0,2,0.0,0,0,0.0,0,0,0.0,1,2,3,0,2,0,3,3,0,-12,,0
22000,100368,Angie Braziel,1611661314,CHA,Charlotte Sting,1020000216,2000-07-31,CHA @ NYL,L,7,0,1,0.0,0,0,0.0,0,0,0.0,0,0,0,0,0,0,0,0,0,1,,0
22000,100371,Charlotte Smith,1611661314,CHA,Charlotte Sting,1020000216,2000-07-31,CHA @ NYL,L,19,1,3,0.333,0,2,0.0,0,0,0.0,0,1,1,3,1,0,0,2,2,-7,,0
22000,100372,Dawn Staley,1611661314,CHA,Charlotte Sting,1020000216,2000-07-31,CHA @ NYL,L,32,0,4,0.0,0,3,0.0,0,0,0.0,0,1,1,4,2,0,3,0,0,-27,,0
22000,100446,Summer Erb,1611661314,CHA,Charlotte Sting,1020000216,2000-07-31,CHA @ NYL,L,8,0,0,0.0,0,0,0.0,1,2,0.5,1,3,4,1,0,1,0,3,1,4,,0
22000,100447,Tiffany Travis,1611661314,CHA,Charlotte Sting,1020000216,2000-07-31,CHA @ NYL,L,24,3,4,0.75,1,2,0.5,0,0,0.0,0,3,3,3,1,0,3,3,7,-15,,0
22000,100452,E.C. Hill,1611661314,CHA,Charlotte Sting,1020000216,2000-07-31,CHA @ NYL,L,7,0,3,0.0,0,1,0.0,0,0,0.0,0,0,0,1,0,0,1,1,0,2,,0
22000,100454,Larecha Jones,1611661314,CHA,Charlotte Sting,1020000216,2000-07-31,CHA @ NYL,L,9,3,6,0.5,2,2,1.0,0,0,0.0,0,0,0,0,0,0,1,1,8,-1,,0
22000,100092,Merlakia Jones,1611661315,CLE,Cleveland Rockers,1020000217,2000-07-31,CLE @ DET,W,32,5,9,0.556,1,1,1.0,2,2,1.0,1,4,5,2,2,0,4,3,13,,24.0,0
22000,100097,Rushia Brown,1611661315,CLE,Cleveland Rockers,1020000217,2000-07-31,CLE @ DET,W,16,1,7,0.143,0,1,0.0,0,0,,1,0,1,1,1,0,1,4,2,,6.7,0
22000,100180,Pollyanna Johns Kimbrough,1611661315,CLE,Cleveland Rockers,1020000217,2000-07-31,CLE @ DET,W,1,0,0,,0,0,,0,0,,0,0,0,0,0,0,0,0,0,,0.0,0
22000,100187,Suzie McConnell Serio,1611661315,CLE,Cleveland Rockers,1020000217,2000-07-31,CLE @ DET,W,20,2,5,0.4,1,3,0.333,0,0,,0,0,0,3,0,0,1,0,5,,8.5,0
22000,100237,Tricia Bader Binford,1611661315,CLE,Cleveland Rockers,1020000217,2000-07-31,CLE @ DET,W,6,1,3,0.333,0,1,0.0,0,0,,1,0,1,2,0,0,0,0,2,,6.2,0
22000,100428,Mery Andrade,1611661315,CLE,Cleveland Rockers,1020000217,2000-07-31,CLE @ DET,W,32,6,11,0.545,1,2,0.5,2,4,0.5,3,2,5,3,4,0,4,2,15,,33.5,0
22000,100433,Chasity Melvin,1611661315,CLE,Cleveland Rockers,1020000217,2000-07-31,CLE @ DET,W,31,5,9,0.556,0,0,,3,4,0.75,5,5,10,2,0,1,3,5,13,,28.0,0
22000,100445,Ann Wauters,1611661315,CLE,Cleveland Rockers,1020000217,2000-07-31,CLE @ DET,W,25,4,7,0.571,0,0,,1,2,0.5,2,2,4,0,2,1,1,2,9,,21.8,0
22000,100457,Helen Darling,1611661315,CLE,Cleveland Rockers,1020000217,2000-07-31,CLE @ DET,W,22,4,10,0.4,1,3,0.333,8,8,1.0,1,2,3,2,1,0,0,2,17,,26.6,0
22000,100458,Vicki Hall,1611661315,CLE,Cleveland Rockers,1020000217,2000-07-31,CLE @ DET,W,15,0,3,0.0,0,0,,0,0,,0,2,2,0,0,0,1,2,0,,1.4,0
22000,100046,Wendy Palmer,1611661321,DET,Detroit Shock,1020000217,2000-07-31,DET vs. CLE,L,36,6,15,0.4,1,2,0.5,3,4,0.75,3,2,5,2,0,0,6,3,16,,19.0,0
22000,100243,Olympia Scott,1611661321,DET,Detroit Shock,1020000217,2000-07-31,DET vs. CLE,L,1,0,1,0.0,0,0,,0,0,,0,0,0,0,0,0,0,0,0,,0.0,0
22000,100351,Joy Holmes,1611661321,DET,Detroit Shock,1020000217,2000-07-31,DET vs. CLE,L,4,0,1,0.0,0,0,,0,0,,0,0,0,0,0,0,0,1,0,,0.0,0
22000,100384,Dominique Canty,1611661321,DET,Detroit Shock,1020000217,2000-07-31,DET vs. CLE,L,31,2,8,0.25,0,1,0.0,0,0,,0,1,1,6,1,0,2,4,4,,15.2,0
22000,100386,Claudia Neves,1611661321,DET,Detroit Shock,1020000217,2000-07-31,DET vs. CLE,L,8,0,3,0.0,0,3,0.0,0,0,,0,1,1,1,0,0,0,2,0,,2.7,0
22000,100387,Astou Ndiaye-Diatta,1611661321,DET,Detroit Shock,1020000217,2000-07-31,DET vs. CLE,L,37,6,9,0.667,0,0,,1,2,0.5,3,8,11,3,0,2,4,4,13,,32.7,0
22000,100388,Elena Tornikidou,1611661321,DET,Detroit Shock,1020000217,2000-07-31,DET vs. CLE,L,33,5,11,0.455,0,0,,4,4,1.0,6,1,7,2,2,0,3,4,14,,28.4,0
22000,100492,Edwina Brown,1611661321,DET,Detroit Shock,1020000217,2000-07-31,DET vs. CLE,L,11,2,3,0.667,0,0,,0,0,,0,2,2,0,0,0,3,2,4,,3.4,0
22000,100493,Anna DeForge,1611661321,DET,Detroit Shock,1020000217,2000-07-31,DET vs. CLE,L,35,4,14,0.286,4,10,0.4,0,0,,1,3,4,4,4,0,2,2,12,,32.8,0
22000,100494,Barbara Farris,1611661321,DET,Detroit Shock,1020000217,2000-07-31,DET vs. CLE,L,4,0,0,,0,0,,2,2,1.0,0,1,1,0,0,0,1,0,2,,2.2,0
22000,100003,Lisa Leslie,1611661320,LAS,Los Angeles Sparks,1020000218,2000-07-31,LAS @ MIN,W,32,5,9,0.556,0,0,,6,8,0.75,0,6,6,1,1,2,4,3,16,,29.7,0
22000,100008,Tamecka Dixon,1611661320,LAS,Los Angeles Sparks,1020000218,2000-07-31,LAS @ MIN,W,18,3,8,0.375,1,1,1.0,2,2,1.0,0,3,3,0,1,0,5,3,9,,10.6,0
22000,100012,Mwadi Mabika,1611661320,LAS,Los Angeles Sparks,1020000218,2000-07-31,LAS @ MIN,W,29,4,9,0.444,2,4,0.5,2,2,1.0,1,1,2,1,2,0,2,5,12,,19.9,0
22000,100170,Allison Feaster,1611661320,LAS,Los Angeles Sparks,1020000218,2000-07-31,LAS @ MIN,W,20,1,8,0.125,0,5,0.0,3,3,1.0,0,2,2,3,0,0,2,1,5,,9.9,0
22000,100392,Ukari Figgs,1611661320,LAS,Los Angeles Sparks,1020000218,2000-07-31,LAS @ MIN,W,26,1,5,0.2,1,4,0.25,4,8,0.5,1,2,3,3,2,0,2,0,7,,19.1,0
22000,100393,La'Keshia Frett,1611661320,LAS,Los Angeles Sparks,1020000218,2000-07-31,LAS @ MIN,W,4,0,1,0.0,0,0,,0,0,,0,0,0,1,0,0,0,0,0,,1.5,0
22000,100395,Clarisse Machanguana,1611661320,LAS,Los Angeles Sparks,1020000218,2000-07-31,LAS @ MIN,W,12,0,1,0.0,0,0,,0,0,,0,3,3,2,1,0,0,2,0,,9.6,0
22000,100396,DeLisha Milton-Jones,1611661320,LAS,Los Angeles Sparks,1020000218,2000-07-31,LAS @ MIN,W,34,5,11,0.455,0,1,0.0,8,8,1.0,3,11,14,6,1,3,2,4,18,,53.8,0
22000,100476,Vedrana Grgin Fonseca,1611661320,LAS,Los Angeles Sparks,1020000218,2000-07-31,LAS @ MIN,W,11,1,2,0.5,1,1,1.0,0,0,,0,2,2,0,0,0,1,2,3,,4.4,0
22000,100478,Nicky McCrimmon,1611661320,LAS,Los Angeles Sparks,1020000218,2000-07-31,LAS @ MIN,W,14,1,1,1.0,1,1,1.0,0,0,,0,0,0,0,1,0,0,3,3,,6.0,0
22000,100400,Kristin Folkl,1611661324,MIN,Minnesota Lynx,1020000218,2000-07-31,MIN vs. LAS,L,28,1,6,0.167,0,0,,1,4,0.25,1,7,8,1,0,1,0,3,3,,17.1,0
22000,100404,Katie Smith,1611661324,MIN,Minnesota Lynx,1020000218,2000-07-31,MIN vs. LAS,L,39,7,19,0.368,1,5,0.2,1,1,1.0,0,2,2,4,1,0,5,2,16,,22.4,0
22000,100481,Marla Brumfield,1611661324,MIN,Minnesota Lynx,1020000218,2000-07-31,MIN vs. LAS,L,29,6,7,0.857,0,0,,2,3,0.667,1,3,4,2,1,0,5,6,14,,19.8,0
22000,100482,Grace Daley,1611661324,MIN,Minnesota Lynx,1020000218,2000-07-31,MIN vs. LAS,L,12,2,3,0.667,1,1,1.0,2,4,0.5,0,0,0,2,0,0,0,0,7,,10.0,0
22000,100483,Keitha Dickerson,1611661324,MIN,Minnesota Lynx,1020000218,2000-07-31,MIN vs. LAS,L,35,0,3,0.0,0,0,,2,2,1.0,2,4,6,5,3,0,4,3,2,,21.7,0
22000,100484,Betty Lennox,1611661324,MIN,Minnesota Lynx,1020000218,2000-07-31,MIN vs. LAS,L,32,8,22,0.364,2,7,0.286,2,2,1.0,3,3,6,1,3,1,1,2,20,,39.7,0
22000,100485,Maylana Martin,1611661324,MIN,Minnesota Lynx,1020000218,2000-07-31,MIN vs. LAS,L,16,1,5,0.2,0,0,,2,4,0.5,1,2,3,0,1,0,1,4,4,,9.6,0
22000,100487,Kate Paye,1611661324,MIN,Minnesota Lynx,1020000218,2000-07-31,MIN vs. LAS,L,8,0,0,,0,0,,0,0,,2,0,2,1,1,0,0,2,0,,6.9,0
22000,100490,Shanele Stires,1611661324,MIN,Minnesota Lynx,1020000218,2000-07-31,MIN vs. LAS,L,1,0,0,,0,0,,0,0,,0,0,0,0,0,0,2,1,0,,-2.0,0
22000,100073,Cynthia Cooper,1611661316,HOU,Houston Comets,1020000219,2000-08-01,HOU vs. WAS,W,32,6,13,0.462,1,1,1.0,2,2,1.0,0,5,5,8,1,0,7,3,15,,29.0,0
22000,100075,Janeth Arcain,1611661316,HOU,Houston Comets,1020000219,2000-08-01,HOU vs. WAS,W,29,6,16,0.375,0,0,,0,0,,2,3,5,1,2,0,1,0,12,,24.5,0
22000,100076,Tina Thompson,1611661316,HOU,Houston Comets,1020000219,2000-08-01,HOU vs. WAS,W,32,5,19,0.263,2,5,0.4,4,4,1.0,1,4,5,3,0,0,1,2,16,,25.5,0
22000,100077,Tammy Jackson,1611661316,HOU,Houston Comets,1020000219,2000-08-01,HOU vs. WAS,W,9,0,1,0.0,0,0,,0,0,,0,1,1,1,1,0,1,1,0,,4.7,0
22000,100207,Monica Lamb,1611661316,HOU,Houston Comets,1020000219,2000-08-01,HOU vs. WAS,W,22,0,2,0.0,0,0,,1,4,0.25,0,2,2,0,0,0,0,3,1,,3.4,0
22000,100211,Amaya Valdemoro,1611661316,HOU,Houston Comets,1020000219,2000-08-01,HOU vs. WAS,W,18,3,6,0.5,2,3,0.667,0,0,,1,3,4,1,0,1,0,1,8,,17.3,0
22000,100217,Coquese Washington,1611661316,HOU,Houston Comets,1020000219,2000-08-01,HOU vs. WAS,W,19,2,3,0.667,1,1,1.0,2,4,0.5,0,2,2,3,1,0,1,0,7,,15.9,0
22000,100233,Tiffani Johnson,1611661316,HOU,Houston Comets,1020000219,2000-08-01,HOU vs. WAS,W,18,3,4,0.75,0,0,,0,0,,1,2,3,0,0,0,0,2,6,,9.6,0
22000,100338,Jennifer Rizzotti,1611661316,HOU,Houston Comets,1020000219,2000-08-01,HOU vs. WAS,W,21,1,1,1.0,1,1,1.0,0,0,,0,2,2,3,1,0,0,0,3,,12.9,0
22000,100058,Vicky Bullett,1611661322,WAS,Washington Mystics,1020000219,2000-08-01,WAS @ HOU,L,38,5,13,0.385,0,1,0.0,0,2,0.0,1,5,6,2,2,1,0,1,10,,29.2,0
22000,100198,Nikki McCray,1611661322,WAS,Washington Mystics,1020000219,2000-08-01,WAS @ HOU,L,21,2,5,0.4,0,1,0.0,1,2,0.5,0,1,1,2,1,2,2,3,5,,16.2,0
22000,100199,Murriel Page,1611661322,WAS,Washington Mystics,1020000219,2000-08-01,WAS @ HOU,L,38,6,8,0.75,0,0,,1,2,0.5,3,5,8,5,0,3,1,3,13,,38.1,0
22000,100348,Markita Aldridge,1611661322,WAS,Washington Mystics,1020000219,2000-08-01,WAS @ HOU,L,6,0,0,,0,0,,0,0,,0,1,1,0,0,0,0,0,0,,1.2,0
22000,100356,Chamique Holdsclaw,1611661322,WAS,Washington Mystics,1020000219,2000-08-01,WAS @ HOU,L,36,9,17,0.529,0,1,0.0,0,1,0.0,0,6,6,2,0,1,3,3,18,,28.2,0
22000,100553,Keisha Anderson,1611661322,WAS,Washington Mystics,1020000219,2000-08-01,WAS @ HOU,L,34,3,8,0.375,0,1,0.0,0,0,,0,2,2,6,2,0,3,3,6,,20.4,0
22000,100554,Beth Cunningham,1611661322,WAS,Washington Mystics,1020000219,2000-08-01,WAS @ HOU,L,17,1,7,0.143,1,5,0.2,2,2,1.0,0,3,3,3,0,0,1,2,5,,12.1,0
22000,100555,Tausha Mills,1611661322,WAS,Washington Mystics,1020000219,2000-08-01,WAS @ HOU,L,4,0,0,,0,0,,0,0,,0,0,0,0,0,1,1,2,0,,2.0,0
22000,100557,Tonya Massaline,1611661322,WAS,Washington Mystics,1020000219,2000-08-01,WAS @ HOU,L,6,1,2,0.5,1,1,1.0,0,0,,1,1,2,0,0,0,1,1,3,,4.4,0
22000,100030,Jennifer Gillom,1611661317,PHO,Phoenix Mercury,1020000220,2000-08-01,PHO vs. ORL,W,31,10,12,0.833,2,2,1.0,6,9,0.667,2,5,7,2,0,3,5,1,28,,43.4,0
22000,100031,Bridget Pettis,1611661317,PHO,Phoenix Mercury,1020000220,2000-08-01,PHO vs. ORL,W,16,1,3,0.333,0,1,0.0,3,4,0.75,0,1,1,1,0,0,0,4,5,,7.7,0
22000,100045,Dena Head,1611661317,PHO,Phoenix Mercury,1020000220,2000-08-01,PHO vs. ORL,W,11,2,4,0.5,0,0,,0,0,,0,2,2,1,1,0,2,2,4,,8.9,0
22000,100221,Michelle Brogan,1611661317,PHO,Phoenix Mercury,1020000220,2000-08-01,PHO vs. ORL,W,24,3,7,0.429,1,2,0.5,2,2,1.0,3,3,6,4,0,1,2,2,9,,23.2,0
22000,100225,Brandy Reed,1611661317,PHO,Phoenix Mercury,1020000220,2000-08-01,PHO vs. ORL,W,30,5,10,0.5,1,2,0.5,0,0,,1,4,5,2,0,0,2,0,11,,18.0,0
22000,100378,Lisa Harrison,1611661317,PHO,Phoenix Mercury,1020000220,2000-08-01,PHO vs. ORL,W,34,3,5,0.6,0,0,,2,4,0.5,1,5,6,3,3,1,0,1,8,,31.7,0
22000,100380,Amanda Wilson,1611661317,PHO,Phoenix Mercury,1020000220,2000-08-01,PHO vs. ORL,W,1,0,0,,0,0,,0,2,0.0,0,0,0,1,0,0,0,0,0,,1.5,0
22000,100398,Tonya Edwards,1611661317,PHO,Phoenix Mercury,1020000220,2000-08-01,PHO vs. ORL,W,28,3,6,0.5,1,2,0.5,5,6,0.833,1,2,3,3,1,0,1,3,12,,22.1,0
22000,100477,Nicole Kubik,1611661317,PHO,Phoenix Mercury,1020000220,2000-08-01,PHO vs. ORL,W,4,0,1,0.0,0,1,0.0,0,0,,0,0,0,0,0,0,1,0,0,,-1.0,0
22000,100526,Adrian Williams-Strong,1611661317,PHO,Phoenix Mercury,1020000220,2000-08-01,PHO vs. ORL,W,21,2,3,0.667,0,0,,3,4,0.75,1,2,3,0,0,1,1,3,7,,12.6,0
22000,100048,Jessie Hicks,1611661323,ORL,Orlando Miracle,1020000220,2000-08-01,ORL @ PHO,L,3,1,1,1.0,0,0,,0,0,,0,0,0,0,0,0,0,2,2,,2.0,0
22000,100100,Adrienne Johnson,1611661323,ORL,Orlando Miracle,1020000220,2000-08-01,ORL @ PHO,L,36,10,17,0.588,4,8,0.5,0,0,,2,1,3,0,0,0,2,6,24,,25.6,0
22000,100339,LaCharlotte Smith,1611661323,ORL,Orlando Miracle,1020000220,2000-08-01,ORL @ PHO,L,3,0,1,0.0,0,1,0.0,0,0,,0,0,0,0,1,0,1,0,0,,2.0,0
22000,100410,Shannon Johnson,1611661323,ORL,Orlando Miracle,1020000220,2000-08-01,ORL @ PHO,L,37,5,11,0.455,1,2,0.5,4,6,0.667,2,4,6,7,2,0,3,5,15,,35.7,0
22000,100411,Carla McGhee,1611661323,ORL,Orlando Miracle,1020000220,2000-08-01,ORL @ PHO,L,16,2,5,0.4,0,0,,1,1,1.0,1,6,7,3,2,0,1,4,5,,22.9,0
22000,100412,Taj McWilliams-Franklin,1611661323,ORL,Orlando Miracle,1020000220,2000-08-01,ORL @ PHO,L,36,6,19,0.316,0,0,,1,2,0.5,1,3,4,4,3,1,3,3,13,,32.8,0
22000,100415,Nykesha Sales,1611661323,ORL,Orlando Miracle,1020000220,2000-08-01,ORL @ PHO,L,39,5,14,0.357,1,2,0.5,0,1,0.0,4,1,5,3,3,2,0,6,11,,36.5,0
22000,100514,Cintia dos Santos,1611661323,ORL,Orlando Miracle,1020000220,2000-08-01,ORL @ PHO,L,11,1,1,1.0,0,0,,0,0,,0,0,0,0,0,0,0,1,2,,2.0,0
22000,100519,Jannon Roland,1611661323,ORL,Orlando Miracle,1020000220,2000-08-01,ORL @ PHO,L,14,1,2,0.5,1,2,0.5,0,0,,0,2,2,1,0,0,1,2,3,,5.9,0
22000,100521,Tiffany McCain,1611661323,ORL,Orlando Miracle,1020000220,2000-08-01,ORL @ PHO,L,5,1,1,1.0,0,0,,0,0,,0,0,0,0,0,0,0,0,2,,2.0,0
22000,100009,Katrina Colleton,1611661326,MIA,Miami Sol,1020000221,2000-08-01,MIA @ POR,L,23,2,3,0.667,0,0,,0,0,,1,1,2,1,0,0,2,4,4,,5.9,0
22000,100037,Marlies Askamp,1611661326,MIA,Miami Sol,1020000221,2000-08-01,MIA @ POR,L,33,1,3,0.333,0,0,,1,2,0.5,3,7,10,0,0,2,0,4,3,,21.0,0
22000,100107,Kisha Ford,1611661326,MIA,Miami Sol,1020000221,2000-08-01,MIA @ POR,L,19,2,5,0.4,0,0,,2,3,0.667,3,1,4,3,1,0,0,3,6,,18.3,0
22000,100359,Debbie Black,1611661326,MIA,Miami Sol,1020000221,2000-08-01,MIA @ POR,L,30,2,8,0.25,0,2,0.0,2,2,1.0,3,3,6,3,1,0,3,4,6,,17.7,0
22000,100416,Sheri Sam,1611661326,MIA,Miami Sol,1020000221,2000-08-01,MIA @ POR,L,38,9,26,0.346,2,10,0.2,3,5,0.6,3,3,6,2,3,0,6,4,23,,36.2,0
22000,100451,Jamie Cassidy,1611661326,MIA,Miami Sol,1020000221,2000-08-01,MIA @ POR,L,7,0,0,,0,0,,0,0,,0,2,2,0,0,0,1,0,0,,1.4,0
22000,100552,Kristen Rasmussen,1611661326,MIA,Miami Sol,1020000221,2000-08-01,MIA @ POR,L,37,1,7,0.143,0,0,,4,4,1.0,1,1,2,2,1,0,3,3,6,,11.4,0
22000,100559,Milena Flores,1611661326,MIA,Miami Sol,1020000221,2000-08-01,MIA @ POR,L,10,0,1,0.0,0,0,,0,2,0.0,0,1,1,0,0,0,1,2,0,,0.2,0
22000,100560,Shantia Owens,1611661326,MIA,Miami Sol,1020000221,2000-08-01,MIA @ POR,L,3,1,1,1.0,0,0,,0,0,,1,0,1,0,0,0,1,2,2,,2.2,0
22000,100038,Tara Williams,1611661327,POR,Portland Fire,1020000221,2000-08-01,POR vs. MIA,W,3,0,1,0.0,0,1,0.0,0,0,,0,0,0,1,0,0,0,0,0,,1.5,0
22000,100105,Sophia Witherspoon,1611661327,POR,Portland Fire,1020000221,2000-08-01,POR vs. MIA,W,37,7,12,0.583,2,4,0.5,8,9,0.889,0,4,4,2,1,0,3,3,24,,31.8,0
22000,100215,Vanessa Nygaard,1611661327,POR,Portland Fire,1020000221,2000-08-01,POR vs. MIA,W,32,0,3,0.0,0,1,0.0,0,0,,0,1,1,0,0,0,1,1,0,,0.2,0
22000,100284,Tully Bevilaqua,1611661327,POR,Portland Fire,1020000221,2000-08-01,POR vs. MIA,W,24,1,2,0.5,1,1,1.0,2,2,1.0,0,2,2,0,1,0,2,2,5,,8.4,0
22000,100529,Sylvia Crawley,1611661327,POR,Portland Fire,1020000221,2000-08-01,POR vs. MIA,W,36,5,9,0.556,0,1,0.0,1,2,0.5,0,1,1,1,2,0,1,2,11,,18.7,0
22000,100530,Lynn Pride,1611661327,POR,Portland Fire,1020000221,2000-08-01,POR vs. MIA,W,10,1,2,0.5,0,0,,0,1,0.0,0,0,0,0,1,1,2,1,2,,6.0,0
22000,100532,Stacey Thomas,1611661327,POR,Portland Fire,1020000221,2000-08-01,POR vs. MIA,W,28,0,2,0.0,0,0,,2,4,0.5,0,3,3,2,0,0,2,3,2,,6.6,0
22000,100533,DeMya Walker,1611661327,POR,Portland Fire,1020000221,2000-08-01,POR vs. MIA,W,12,1,1,1.0,0,0,,4,4,1.0,0,2,2,1,1,0,2,5,6,,10.9,0
22000,100570,Michelle Marciniak,1611661327,POR,Portland Fire,1020000221,2000-08-01,POR vs. MIA,W,18,1,4,0.25,0,1,0.0,2,4,0.5,1,3,4,2,0,1,1,3,4,,13.8,0
22000,100022,Chantel Tremitiere,1611661325,IND,Indiana Fever,1020000222,2000-08-01,IND @ SEA,L,21,0,3,0.0,0,0,,0,0,,1,0,1,4,0,0,0,3,0,,7.2,0
22000,100204,Rita Williams,1611661325,IND,Indiana Fever,1020000222,2000-08-01,IND @ SEA,L,34,4,9,0.444,1,3,0.333,6,7,0.857,1,1,2,6,1,0,4,3,15,,25.4,0
22000,100216,Alicia Thompson,1611661325,IND,Indiana Fever,1020000222,2000-08-01,IND @ SEA,L,31,4,8,0.5,0,2,0.0,0,0,,2,5,7,4,0,0,5,4,8,,17.4,0
22000,100340,Kara Wolters,1611661325,IND,Indiana Fever,1020000222,2000-08-01,IND @ SEA,L,31,6,12,0.5,0,0,,3,7,0.429,3,6,9,3,1,3,2,3,15,,40.3,0
22000,100357,Monica Maxwell,1611661325,IND,Indiana Fever,1020000222,2000-08-01,IND @ SEA,L,31,1,5,0.2,1,4,0.25,0,0,,1,1,2,0,4,0,0,3,3,,17.4,0
22000,100370,Stephanie White,1611661325,IND,Indiana Fever,1020000222,2000-08-01,IND @ SEA,L,3,0,0,,0,0,,0,0,,0,1,1,0,0,0,1,0,0,,0.2,0
22000,100394,Gordana Grubin,1611661325,IND,Indiana Fever,1020000222,2000-08-01,IND @ SEA,L,31,6,10,0.6,3,4,0.75,0,0,,0,2,2,2,3,0,4,2,15,,25.4,0
22000,100471,Danielle McCulley,1611661325,IND,Indiana Fever,1020000222,2000-08-01,IND @ SEA,L,5,0,1,0.0,0,0,,0,0,,0,1,1,0,0,0,1,3,0,,0.2,0
22000,100548,Katryna Gaither,1611661325,IND,Indiana Fever,1020000222,2000-08-01,IND @ SEA,L,4,0,1,0.0,0,0,,0,0,,1,0,1,0,0,0,0,0,0,,1.2,0
22000,101006,Jurgita Streimikyte,1611661325,IND,Indiana Fever,1020000222,2000-08-01,IND @ SEA,L,9,2,4,0.5,0,0,,0,0,,2,1,3,1,0,0,1,1,4,,8.1,0
22000,100088,Michelle Edwards,1611661328,SEA,Seattle Storm,1020000222,2000-08-01,SEA vs. IND,W,19,1,4,0.25,0,0,,0,0,,0,0,0,2,0,1,1,0,2,,7.0,0
22000,100111,Simone Edwards,1611661328,SEA,Seattle Storm,1020000222,2000-08-01,SEA vs. IND,W,18,1,5,0.2,0,0,,0,0,,3,2,5,1,1,0,0,0,2,,12.5,0
22000,100179,Charmin Smith,1611661328,SEA,Seattle Storm,1020000222,2000-08-01,SEA vs. IND,W,12,1,1,1.0,0,0,,0,0,,0,1,1,3,1,0,1,2,2,,9.7,0
22000,100230,Quacy Barnes,1611661328,SEA,Seattle Storm,1020000222,2000-08-01,SEA vs. IND,W,26,2,6,0.333,0,0,,0,0,,2,2,4,1,1,2,4,5,4,,15.3,0
22000,100336,Sonja Henning,1611661328,SEA,Seattle Storm,1020000222,2000-08-01,SEA vs. IND,W,35,4,7,0.571,1,3,0.333,0,2,0.0,0,1,1,6,1,0,0,4,9,,22.2,0
22000,100503,Andrea Garner,1611661328,SEA,Seattle Storm,1020000222,2000-08-01,SEA vs. IND,W,32,5,7,0.714,0,0,,0,1,0.0,2,3,5,0,3,0,5,3,10,,20.0,0
22000,100541,Jamie Redd,1611661328,SEA,Seattle Storm,1020000222,2000-08-01,SEA vs. IND,W,30,5,8,0.625,1,2,0.5,6,8,0.75,0,2,2,3,2,0,1,4,17,,28.9,0
22000,100543,Robin Threatt-Elliott,1611661328,SEA,Seattle Storm,1020000222,2000-08-01,SEA vs. IND,W,24,7,11,0.636,2,4,0.5,3,5,0.6,0,2,2,0,1,1,3,1,19,,24.4,0
22000,100544,Kamila Vodichkova,1611661328,SEA,Seattle Storm,1020000222,2000-08-01,SEA vs. IND,W,4,0,1,0.0,0,0,,1,2,0.5,0,0,0,0,1,0,0,0,1,,4.0,0
22000,100003,Lisa Leslie,1611661320,LAS,Los Angeles Sparks,1020000223,2000-08-02,LAS @ DET,W,25,10,21,0.476,0,0,,7,7,1.0,2,3,5,3,3,0,3,6,27,,43.5,0
22000,100008,Tamecka Dixon,1611661320,LAS,Los Angeles Sparks,1020000223,2000-08-02,LAS @ DET,W,30,6,10,0.6,1,2,0.5,4,6,0.667,1,1,2,3,1,2,3,2,17,,29.9,0
22000,100012,Mwadi Mabika,1611661320,LAS,Los Angeles Sparks,1020000223,2000-08-02,LAS @ DET,W,34,3,7,0.429,2,3,0.667,0,0,,0,2,2,1,2,0,1,3,8,,16.9,0
22000,100170,Allison Feaster,1611661320,LAS,Los Angeles Sparks,1020000223,2000-08-02,LAS @ DET,W,10,0,2,0.0,0,1,0.0,0,0,,0,0,0,1,2,0,1,0,0,,6.5,0
22000,100392,Ukari Figgs,1611661320,LAS,Los Angeles Sparks,1020000223,2000-08-02,LAS @ DET,W,19,4,6,0.667,3,4,0.75,2,2,1.0,1,0,1,1,0,0,1,0,13,,14.7,0
22000,100393,La'Keshia Frett,1611661320,LAS,Los Angeles Sparks,1020000223,2000-08-02,LAS @ DET,W,6,0,1,0.0,0,0,,0,0,,0,0,0,1,0,1,1,0,0,,3.5,0
22000,100395,Clarisse Machanguana,1611661320,LAS,Los Angeles Sparks,1020000223,2000-08-02,LAS @ DET,W,15,2,3,0.667,0,0,,1,2,0.5,1,2,3,2,3,0,0,1,5,,20.6,0
22000,100396,DeLisha Milton-Jones,1611661320,LAS,Los Angeles Sparks,1020000223,2000-08-02,LAS @ DET,W,40,4,9,0.444,0,1,0.0,0,0,,1,5,6,3,3,3,0,2,8,,37.7,0
22000,100478,Nicky McCrimmon,1611661320,LAS,Los Angeles Sparks,1020000223,2000-08-02,LAS @ DET,W,21,3,3,1.0,0,0,,0,0,,0,0,0,2,1,0,2,1,6,,10.0,0
22000,100046,Wendy Palmer,1611661321,DET,Detroit Shock,1020000223,2000-08-02,DET vs. LAS,L,30,4,17,0.235,0,2,0.0,4,4,1.0,7,4,11,3,0,0,2,4,12,,27.7,0
22000,100243,Olympia Scott,1611661321,DET,Detroit Shock,1020000223,2000-08-02,DET vs. LAS,L,10,0,0,,0,0,,2,2,1.0,0,1,1,1,0,0,3,2,2,,1.7,0
22000,100351,Joy Holmes,1611661321,DET,Detroit Shock,1020000223,2000-08-02,DET vs. LAS,L,2,0,0,,0,0,,0,0,,0,0,0,0,0,0,0,0,0,,0.0,0
22000,100384,Dominique Canty,1611661321,DET,Detroit Shock,1020000223,2000-08-02,DET vs. LAS,L,33,8,11,0.727,0,0,,1,2,0.5,0,2,2,3,1,0,1,3,17,,25.9,0
22000,100386,Claudia Neves,1611661321,DET,Detroit Shock,1020000223,2000-08-02,DET vs. LAS,L,13,2,5,0.4,1,4,0.25,2,2,1.0,1,0,1,1,0,0,1,0,7,,8.7,0
22000,100387,Astou Ndiaye-Diatta,1611661321,DET,Detroit Shock,1020000223,2000-08-02,DET vs. LAS,L,30,7,11,0.636,0,0,,1,2,0.5,5,7,12,4,0,1,1,3,15,,37.4,0
22000,100388,Elena Tornikidou,1611661321,DET,Detroit Shock,1020000223,2000-08-02,DET vs. LAS,L,32,6,10,0.6,0,1,0.0,1,2,0.5,1,3,4,2,1,1,2,2,13,,24.8,0
22000,100492,Edwina Brown,1611661321,DET,Detroit Shock,1020000223,2000-08-02,DET vs. LAS,L,14,2,5,0.4,0,0,,0,0,,1,1,2,1,0,0,2,2,4,,5.9,0
22000,100493,Anna DeForge,1611661321,DET,Detroit Shock,1020000223,2000-08-02,DET vs. LAS,L,27,3,3,1.0,0,0,,0,0,,0,3,3,3,1,0,3,0,6,,14.1,0
22000,100494,Barbara Farris,1611661321,DET,Detroit Shock,1020000223,2000-08-02,DET vs. LAS,L,9,2,2,1.0,0,0,,1,2,0.5,1,1,2,0,1,0,2,2,5,,8.4,0
22000,100239,Margo Dydek,1611661319,UTA,Utah Starzz,1020000224,2000-08-02,UTA @ MIN,W,28,1,7,0.143,0,0,,3,4,0.75,1,5,6,3,0,2,3,4,5,,19.7,0
22000,100242,LaTonya Johnson,1611661319,UTA,Utah Starzz,1020000224,2000-08-02,UTA @ MIN,W,5,1,3,0.333,1,2,0.5,0,0,,0,0,0,0,0,0,0,2,3,,3.0,0
22000,100250,Korie Hlede,1611661319,UTA,Utah Starzz,1020000224,2000-08-02,UTA @ MIN,W,35,5,10,0.5,4,6,0.667,1,1,1.0,1,2,3,4,2,0,2,5,15,,28.6,0
22000,100363,Adrienne Goodson,1611661319,UTA,Utah Starzz,1020000224,2000-08-02,UTA @ MIN,W,40,5,13,0.385,1,2,0.5,3,4,0.75,1,5,6,0,2,0,1,2,14,,26.2,0
22000,100366,Natalie Williams,1611661319,UTA,Utah Starzz,1020000224,2000-08-02,UTA @ MIN,W,39,1,7,0.143,0,0,,7,8,0.875,5,6,11,1,1,1,7,6,9,,22.7,0
22000,100382,Jennifer Azzi,1611661319,UTA,Utah Starzz,1020000224,2000-08-02,UTA @ MIN,W,40,7,11,0.636,3,4,0.75,3,4,0.75,1,3,4,7,1,0,3,2,20,,35.3,0
22000,100547,Stacy Frese,1611661319,UTA,Utah Starzz,1020000224,2000-08-02,UTA @ MIN,W,1,0,0,,0,0,,2,2,1.0,0,1,1,0,0,0,0,0,2,,3.2,0
22000,100549,Amy Herrig,1611661319,UTA,Utah Starzz,1020000224,2000-08-02,UTA @ MIN,W,12,2,3,0.667,0,0,,0,0,,2,2,4,1,0,0,3,2,4,,7.3,0
22000,100400,Kristin Folkl,1611661324,MIN,Minnesota Lynx,1020000224,2000-08-02,MIN vs. UTA,L,15,0,1,0.0,0,0,,0,2,0.0,0,3,3,2,1,0,0,1,0,,9.6,0
22000,100403,Angie Potthoff,1611661324,MIN,Minnesota Lynx,1020000224,2000-08-02,MIN vs. UTA,L,3,0,0,,0,0,,0,0,,0,0,0,1,0,0,0,2,0,,1.5,0
22000,100404,Katie Smith,1611661324,MIN,Minnesota Lynx,1020000224,2000-08-02,MIN vs. UTA,L,39,6,14,0.429,1,5,0.2,2,2,1.0,0,0,0,2,1,0,2,1,15,,19.0,0
22000,100481,Marla Brumfield,1611661324,MIN,Minnesota Lynx,1020000224,2000-08-02,MIN vs. UTA,L,22,0,2,0.0,0,0,,1,2,0.5,1,2,3,0,2,0,2,4,1,,8.6,0
22000,100482,Grace Daley,1611661324,MIN,Minnesota Lynx,1020000224,2000-08-02,MIN vs. UTA,L,2,0,0,,0,0,,0,0,,0,0,0,0,0,0,0,0,0,,0.0,0
22000,100483,Keitha Dickerson,1611661324,MIN,Minnesota Lynx,1020000224,2000-08-02,MIN vs. UTA,L,30,2,5,0.4,0,0,,5,6,0.833,0,5,5,0,3,0,2,6,9,,22.0,0
22000,100484,Betty Lennox,1611661324,MIN,Minnesota Lynx,1020000224,2000-08-02,MIN vs. UTA,L,32,8,17,0.471,3,6,0.5,2,2,1.0,1,2,3,3,1,0,2,3,21,,30.1,0
22000,100485,Maylana Martin,1611661324,MIN,Minnesota Lynx,1020000224,2000-08-02,MIN vs. UTA,L,36,5,12,0.417,1,4,0.25,0,2,0.0,2,3,5,1,1,1,2,4,11,,22.5,0
22000,100487,Kate Paye,1611661324,MIN,Minnesota Lynx,1020000224,2000-08-02,MIN vs. UTA,L,21,1,2,0.5,1,2,0.5,2,2,1.0,0,3,3,2,0,0,3,4,5,,8.6,0
22000,100011,Linda Burgess,1611661318,SAC,Sacramento Monarchs,1020000225,2000-08-02,SAC vs. MIA,W,9,2,4,0.5,0,0,,2,3,0.667,2,1,3,0,0,0,0,3,6,,9.6,0
22000,100016,Ruthie Bolton,1611661318,SAC,Sacramento Monarchs,1020000225,2000-08-02,SAC vs. MIA,W,22,2,5,0.4,2,3,0.667,0,0,,0,0,0,0,3,0,0,1,6,,15.0,0
22000,100027,Latasha Byears,1611661318,SAC,Sacramento Monarchs,1020000225,2000-08-02,SAC vs. MIA,W,19,1,6,0.167,0,1,0.0,0,2,0.0,1,3,4,2,2,0,3,1,2,,12.8,0
22000,100044,Lady Grooms,1611661318,SAC,Sacramento Monarchs,1020000225,2000-08-02,SAC vs. MIA,W,14,1,3,0.333,0,0,,4,4,1.0,2,1,3,0,0,0,1,0,6,,8.6,0
22000,100183,Cindy Blodgett,1611661318,SAC,Sacramento Monarchs,1020000225,2000-08-02,SAC vs. MIA,W,8,2,3,0.667,1,2,0.5,0,0,,0,0,0,0,1,0,0,1,5,,8.0,0
22000,100234,Ticha Penicheiro,1611661318,SAC,Sacramento Monarchs,1020000225,2000-08-02,SAC vs. MIA,W,24,5,7,0.714,0,0,,5,7,0.714,1,4,5,3,3,0,3,1,15,,31.5,0
22000,100236,Tangela Smith,1611661318,SAC,Sacramento Monarchs,1020000225,2000-08-02,SAC vs. MIA,W,25,4,11,0.364,0,0,,0,0,,5,3,8,2,1,2,2,3,8,,27.6,0
22000,100419,Yolanda Griffith,1611661318,SAC,Sacramento Monarchs,1020000225,2000-08-02,SAC vs. MIA,W,27,4,5,0.8,0,0,,5,8,0.625,2,3,5,1,3,0,1,3,13,,28.5,0
22000,100421,Kedra Holland-Corn,1611661318,SAC,Sacramento Monarchs,1020000225,2000-08-02,SAC vs. MIA,W,21,2,4,0.5,0,2,0.0,0,0,,0,3,3,2,0,0,1,2,4,,9.6,0
22000,100534,Stacy Clinesmith,1611661318,SAC,Sacramento Monarchs,1020000225,2000-08-02,SAC vs. MIA,W,13,1,3,0.333,1,3,0.333,0,0,,0,0,0,4,0,1,4,1,3,,8.0,0
22000,100536,Katy Steding,1611661318,SAC,Sacramento Monarchs,1020000225,2000-08-02,SAC vs. MIA,W,18,2,4,0.5,1,2,0.5,0,0,,0,2,2,1,0,2,2,2,5,,12.9,0
22000,100009,Katrina Colleton,1611661326,MIA,Miami Sol,1020000225,2000-08-02,MIA @ SAC,L,22,3,6,0.5,0,2,0.0,0,0,,1,2,3,0,2,1,3,1,6,,15.6,0
22000,100035,Umeki Webb,1611661326,MIA,Miami Sol,1020000225,2000-08-02,MIA @ SAC,L,15,1,6,0.167,0,2,0.0,5,6,0.833,0,1,1,4,1,0,0,2,7,,17.2,0
22000,100037,Marlies Askamp,1611661326,MIA,Miami Sol,1020000225,2000-08-02,MIA @ SAC,L,11,1,2,0.5,0,0,,0,0,,0,1,1,0,0,0,1,3,2,,2.2,0
22000,100063,Sharon Manning,1611661326,MIA,Miami Sol,1020000225,2000-08-02,MIA @ SAC,L,11,1,2,0.5,0,0,,0,0,,0,1,1,0,0,0,1,1,2,,2.2,0
22000,100107,Kisha Ford,1611661326,MIA,Miami Sol,1020000225,2000-08-02,MIA @ SAC,L,22,2,5,0.4,0,0,,2,2,1.0,1,1,2,0,3,0,2,3,6,,15.4,0
22000,100359,Debbie Black,1611661326,MIA,Miami Sol,1020000225,2000-08-02,MIA @ SAC,L,12,0,1,0.0,0,0,,2,2,1.0,0,2,2,3,0,0,2,1,2,,6.9,0
22000,100416,Sheri Sam,1611661326,MIA,Miami Sol,1020000225,2000-08-02,MIA @ SAC,L,21,4,11,0.364,0,3,0.0,0,0,,2,0,2,2,0,0,2,1,8,,11.4,0
22000,100451,Jamie Cassidy,1611661326,MIA,Miami Sol,1020000225,2000-08-02,MIA @ SAC,L,21,3,6,0.5,1,1,1.0,1,3,0.333,0,2,2,2,0,0,3,4,8,,10.4,0
22000,100552,Kristen Rasmussen,1611661326,MIA,Miami Sol,1020000225,2000-08-02,MIA @ SAC,L,12,0,0,,0,0,,0,0,,0,1,1,0,0,1,2,0,0,,2.2,0
22000,100559,Milena Flores,1611661326,MIA,Miami Sol,1020000225,2000-08-02,MIA @ SAC,L,28,3,5,0.6,2,2,1.0,0,0,,0,0,0,2,0,0,1,2,8,,10.0,0
22000,100560,Shantia Owens,1611661326,MIA,Miami Sol,1020000225,2000-08-02,MIA @ SAC,L,25,3,8,0.375,0,0,,0,2,0.0,4,0,4,2,0,2,3,1,6,,16.8,0
22000,100058,Vicky Bullett,1611661322,WAS,Washington Mystics,1020000054,2000-08-03,WAS @ IND,W,33,6,8,0.75,0,1,0.0,0,0,,0,3,3,2,1,1,1,4,12,,23.6,0
22000,100198,Nikki McCray,1611661322,WAS,Washington Mystics,1020000054,2000-08-03,WAS @ IND,W,34,2,7,0.286,1,2,0.5,4,4,1.0,0,1,1,7,0,0,2,1,9,,18.7,0
22000,100199,Murriel Page,1611661322,WAS,Washington Mystics,1020000054,2000-08-03,WAS @ IND,W,35,6,8,0.75,0,0,,1,1,1.0,0,3,3,1,1,0,2,1,13,,19.1,0
22000,100348,Markita Aldridge,1611661322,WAS,Washington Mystics,1020000054,2000-08-03,WAS @ IND,W,10,2,3,0.667,1,1,1.0,1,1,1.0,0,0,0,3,0,1,0,0,6,,13.5,0
22000,100356,Chamique Holdsclaw,1611661322,WAS,Washington Mystics,1020000054,2000-08-03,WAS @ IND,W,37,10,19,0.526,0,0,,2,2,1.0,3,8,11,3,1,1,2,2,22,,43.7,0
22000,100553,Keisha Anderson,1611661322,WAS,Washington Mystics,1020000054,2000-08-03,WAS @ IND,W,12,1,3,0.333,1,1,1.0,0,0,,0,0,0,2,0,0,2,1,3,,4.0,0
22000,100554,Beth Cunningham,1611661322,WAS,Washington Mystics,1020000054,2000-08-03,WAS @ IND,W,5,0,0,,0,0,,0,0,,0,0,0,0,0,0,0,1,0,,0.0,0
22000,100555,Tausha Mills,1611661322,WAS,Washington Mystics,1020000054,2000-08-03,WAS @ IND,W,12,2,4,0.5,0,0,,2,2,1.0,1,1,2,0,0,0,1,2,6,,7.4,0
22000,100557,Tonya Massaline,1611661322,WAS,Washington Mystics,1020000054,2000-08-03,WAS @ IND,W,22,1,4,0.25,1,3,0.333,1,2,0.5,0,0,0,2,1,0,0,0,4,,10.0,0
22000,100022,Chantel Tremitiere,1611661325,IND,Indiana Fever,1020000054,2000-08-03,IND vs. WAS,L,4,0,0,,0,0,,0,0,,0,0,0,1,1,0,0,1,0,,4.5,0
22000,100204,Rita Williams,1611661325,IND,Indiana Fever,1020000054,2000-08-03,IND vs. WAS,L,40,6,10,0.6,3,5,0.6,4,8,0.5,2,3,5,5,1,0,1,2,19,,34.5,0
22000,100216,Alicia Thompson,1611661325,IND,Indiana Fever,1020000054,2000-08-03,IND vs. WAS,L,34,4,11,0.364,1,2,0.5,2,2,1.0,3,2,5,1,1,0,3,0,11,,18.5,0
22000,100340,Kara Wolters,1611661325,IND,Indiana Fever,1020000054,2000-08-03,IND vs. WAS,L,27,5,7,0.714,0,0,,5,6,0.833,3,5,8,2,2,3,2,2,15,,40.6,0
22000,100357,Monica Maxwell,1611661325,IND,Indiana Fever,1020000054,2000-08-03,IND vs. WAS,L,30,2,5,0.4,0,2,0.0,0,0,,2,2,4,2,0,0,1,4,4,,10.8,0
22000,100370,Stephanie White,1611661325,IND,Indiana Fever,1020000054,2000-08-03,IND vs. WAS,L,13,3,7,0.429,1,2,0.5,0,0,,0,1,1,2,0,0,0,0,7,,11.2,0
22000,100394,Gordana Grubin,1611661325,IND,Indiana Fever,1020000054,2000-08-03,IND vs. WAS,L,33,4,14,0.286,1,7,0.143,0,0,,1,1,2,5,2,0,0,2,9,,24.9,0
22000,100471,Danielle McCulley,1611661325,IND,Indiana Fever,1020000054,2000-08-03,IND vs. WAS,L,13,2,4,0.5,0,0,,0,0,,3,1,4,1,0,0,1,0,4,,9.3,0
22000,101006,Jurgita Streimikyte,1611661325,IND,Indiana Fever,1020000054,2000-08-03,IND vs. WAS,L,6,1,3,0.333,0,0,,0,0,,0,0,0,0,0,0,0,0,2,,2.0,0
22000,100092,Merlakia Jones,1611661315,CLE,Cleveland Rockers,1020000226,2000-08-03,CLE vs. UTA,W,34,9,14,0.643,0,1,0.0,1,4,0.25,2,2,4,1,2,0,4,1,19,,27.3,0
22000,100097,Rushia Brown,1611661315,CLE,Cleveland Rockers,1020000226,2000-08-03,CLE vs. UTA,W,11,3,7,0.429,0,0,,0,0,,2,1,3,0,0,0,2,0,6,,7.6,0
22000,100187,Suzie McConnell Serio,1611661315,CLE,Cleveland Rockers,1020000226,2000-08-03,CLE vs. UTA,W,26,2,4,0.5,2,3,0.667,2,2,1.0,0,1,1,6,3,0,1,2,8,,26.2,0
22000,100237,Tricia Bader Binford,1611661315,CLE,Cleveland Rockers,1020000226,2000-08-03,CLE vs. UTA,W,4,0,2,0.0,0,1,0.0,0,0,,0,1,1,2,1,0,0,1,0,,7.2,0
22000,100428,Mery Andrade,1611661315,CLE,Cleveland Rockers,1020000226,2000-08-03,CLE vs. UTA,W,34,1,4,0.25,0,2,0.0,4,6,0.667,1,4,5,4,5,3,2,3,6,,40.0,0
22000,100433,Chasity Melvin,1611661315,CLE,Cleveland Rockers,1020000226,2000-08-03,CLE vs. UTA,W,35,5,13,0.385,0,0,,2,4,0.5,3,5,8,3,0,1,2,1,12,,27.1,0
22000,100445,Ann Wauters,1611661315,CLE,Cleveland Rockers,1020000226,2000-08-03,CLE vs. UTA,W,32,6,12,0.5,0,0,,5,6,0.833,3,5,8,2,2,1,3,4,17,,35.6,0
22000,100457,Helen Darling,1611661315,CLE,Cleveland Rockers,1020000226,2000-08-03,CLE vs. UTA,W,15,1,3,0.333,0,0,,0,0,,0,0,0,4,0,0,0,1,2,,8.0,0
22000,100458,Vicki Hall,1611661315,CLE,Cleveland Rockers,1020000226,2000-08-03,CLE vs. UTA,W,9,1,2,0.5,0,0,,2,2,1.0,0,1,1,0,0,0,1,2,4,,4.2,0
22000,100239,Margo Dydek,1611661319,UTA,Utah Starzz,1020000226,2000-08-03,UTA @ CLE,L,26,4,6,0.667,0,0,,3,3,1.0,0,7,7,0,3,6,4,5,11,,42.4,0
22000,100242,LaTonya Johnson,1611661319,UTA,Utah Starzz,1020000226,2000-08-03,UTA @ CLE,L,20,1,4,0.25,0,2,0.0,2,2,1.0,0,2,2,2,0,0,1,3,4,,8.4,0
22000,100250,Korie Hlede,1611661319,UTA,Utah Starzz,1020000226,2000-08-03,UTA @ CLE,L,34,7,8,0.875,3,3,1.0,1,1,1.0,0,3,3,4,1,0,5,3,18,,25.6,0
22000,100363,Adrienne Goodson,1611661319,UTA,Utah Starzz,1020000226,2000-08-03,UTA @ CLE,L,29,8,19,0.421,0,1,0.0,1,2,0.5,1,2,3,3,3,0,4,2,17,,30.1,0
22000,100366,Natalie Williams,1611661319,UTA,Utah Starzz,1020000226,2000-08-03,UTA @ CLE,L,17,1,4,0.25,0,0,,1,1,1.0,2,3,5,2,1,1,3,5,3,,15.0,0
22000,100382,Jennifer Azzi,1611661319,UTA,Utah Starzz,1020000226,2000-08-03,UTA @ CLE,L,40,4,7,0.571,1,2,0.5,3,3,1.0,1,2,3,5,0,0,2,1,12,,21.1,0
22000,100408,Kym Hope,1611661319,UTA,Utah Starzz,1020000226,2000-08-03,UTA @ CLE,L,1,0,1,0.0,0,0,,0,0,,0,0,0,0,0,0,0,0,0,,0.0,0
22000,100422,Kate Starbird,1611661319,UTA,Utah Starzz,1020000226,2000-08-03,UTA @ CLE,L,6,0,2,0.0,0,0,,2,2,1.0,1,2,3,2,1,0,0,0,2,,11.6,0
22000,100549,Amy Herrig,1611661319,UTA,Utah Starzz,1020000226,2000-08-03,UTA @ CLE,L,27,2,5,0.4,0,1,0.0,0,0,,1,2,3,1,0,0,2,2,4,,7.1,0
22000,100030,Jennifer Gillom,1611661317,PHO,Phoenix Mercury,1020000227,2000-08-03,PHO vs. SEA,W,27,6,9,0.667,1,2,0.5,1,2,0.5,0,1,1,3,0,3,0,3,14,,28.7,0
22000,100031,Bridget Pettis,1611661317,PHO,Phoenix Mercury,1020000227,2000-08-03,PHO vs. SEA,W,19,1,2,0.5,0,0,,2,2,1.0,0,4,4,3,3,0,2,2,4,,20.3,0
22000,100045,Dena Head,1611661317,PHO,Phoenix Mercury,1020000227,2000-08-03,PHO vs. SEA,W,9,1,2,0.5,0,0,,1,2,0.5,0,1,1,1,0,0,1,1,3,,4.7,0
22000,100221,Michelle Brogan,1611661317,PHO,Phoenix Mercury,1020000227,2000-08-03,PHO vs. SEA,W,20,2,3,0.667,1,1,1.0,3,4,0.75,2,1,3,2,1,1,1,3,8,,19.6,0
22000,100225,Brandy Reed,1611661317,PHO,Phoenix Mercury,1020000227,2000-08-03,PHO vs. SEA,W,28,3,6,0.5,0,0,,5,6,0.833,0,1,1,1,1,0,1,2,11,,15.7,0
22000,100378,Lisa Harrison,1611661317,PHO,Phoenix Mercury,1020000227,2000-08-03,PHO vs. SEA,W,30,6,7,0.857,1,1,1.0,2,2,1.0,0,2,2,1,0,0,1,2,15,,17.9,0
22000,100380,Amanda Wilson,1611661317,PHO,Phoenix Mercury,1020000227,2000-08-03,PHO vs. SEA,W,4,0,0,,0,0,,2,2,1.0,0,1,1,0,0,0,0,0,2,,3.2,0
22000,100398,Tonya Edwards,1611661317,PHO,Phoenix Mercury,1020000227,2000-08-03,PHO vs. SEA,W,26,5,7,0.714,2,3,0.667,3,4,0.75,0,2,2,4,0,0,4,2,15,,19.4,0
22000,100477,Nicole Kubik,1611661317,PHO,Phoenix Mercury,1020000227,2000-08-03,PHO vs. SEA,W,4,1,1,1.0,0,0,,0,0,,0,2,2,0,0,0,1,1,2,,3.4,0
22000,100525,Rankica Sarenac,1611661317,PHO,Phoenix Mercury,1020000227,2000-08-03,PHO vs. SEA,W,6,0,1,0.0,0,0,,1,2,0.5,0,1,1,0,0,0,1,1,1,,1.2,0
22000,100526,Adrian Williams-Strong,1611661317,PHO,Phoenix Mercury,1020000227,2000-08-03,PHO vs. SEA,W,27,3,6,0.5,0,0,,4,5,0.8,2,8,10,3,1,0,2,3,10,,27.5,0
22000,100088,Michelle Edwards,1611661328,SEA,Seattle Storm,1020000227,2000-08-03,SEA @ PHO,L,27,2,11,0.182,0,4,0.0,3,4,0.75,3,2,5,4,1,0,4,4,7,,18.0,0
22000,100111,Simone Edwards,1611661328,SEA,Seattle Storm,1020000227,2000-08-03,SEA @ PHO,L,17,2,2,1.0,0,0,,4,5,0.8,2,0,2,0,0,0,2,4,8,,8.4,0
22000,100179,Charmin Smith,1611661328,SEA,Seattle Storm,1020000227,2000-08-03,SEA @ PHO,L,9,0,1,0.0,0,1,0.0,0,0,,0,2,2,0,0,0,1,0,0,,1.4,0
22000,100230,Quacy Barnes,1611661328,SEA,Seattle Storm,1020000227,2000-08-03,SEA @ PHO,L,32,8,14,0.571,0,0,,1,2,0.5,1,2,3,2,3,2,0,5,17,,38.6,0
22000,100336,Sonja Henning,1611661328,SEA,Seattle Storm,1020000227,2000-08-03,SEA @ PHO,L,35,2,5,0.4,0,2,0.0,1,2,0.5,1,1,2,3,2,0,1,2,5,,16.9,0
22000,100470,Stacey Lovelace,1611661328,SEA,Seattle Storm,1020000227,2000-08-03,SEA @ PHO,L,15,2,5,0.4,0,1,0.0,2,2,1.0,1,3,4,0,1,0,1,2,6,,12.8,0
22000,100503,Andrea Garner,1611661328,SEA,Seattle Storm,1020000227,2000-08-03,SEA @ PHO,L,15,2,4,0.5,0,0,,1,1,1.0,0,1,1,0,0,0,0,1,5,,6.2,0
22000,100538,Katrina Hibbert,1611661328,SEA,Seattle Storm,1020000227,2000-08-03,SEA @ PHO,L,2,0,1,0.0,0,1,0.0,0,0,,0,0,0,0,0,0,0,0,0,,0.0,0
22000,100541,Jamie Redd,1611661328,SEA,Seattle Storm,1020000227,2000-08-03,SEA @ PHO,L,27,1,5,0.2,0,3,0.0,2,2,1.0,0,1,1,0,0,0,2,5,4,,3.2,0
22000,100543,Robin Threatt-Elliott,1611661328,SEA,Seattle Storm,1020000227,2000-08-03,SEA @ PHO,L,21,4,9,0.444,1,3,0.333,2,2,1.0,1,0,1,1,0,0,2,4,11,,11.7,0
22000,100101,Teresa Weatherspoon,1611661313,NYL,New York Liberty,1020000228,2000-08-04,NYL vs. ORL,W,29,3,8,0.375,0,3,0.0,0,0,,0,5,5,3,1,0,2,2,6,,17.5,0
22000,100103,Vickie Johnson,1611661313,NYL,New York Liberty,1020000228,2000-08-04,NYL vs. ORL,W,35,2,6,0.333,2,4,0.5,4,6,0.667,0,3,3,8,1,0,1,1,10,,27.6,0
22000,100104,Sue Wicks,1611661313,NYL,New York Liberty,1020000228,2000-08-04,NYL vs. ORL,W,16,3,5,0.6,0,0,,0,0,,2,2,4,2,1,1,2,0,6,,17.8,0
22000,100342,Becky Hammon,1611661313,NYL,New York Liberty,1020000228,2000-08-04,NYL vs. ORL,W,27,4,8,0.5,2,6,0.333,5,5,1.0,0,1,1,3,0,0,1,1,15,,19.7,0
22000,100345,Crystal Robinson,1611661313,NYL,New York Liberty,1020000228,2000-08-04,NYL vs. ORL,W,27,4,5,0.8,0,1,0.0,1,1,1.0,1,1,2,1,1,0,2,2,9,,13.9,0
22000,100347,Tamika Whitmore,1611661313,NYL,New York Liberty,1020000228,2000-08-04,NYL vs. ORL,W,22,2,7,0.286,0,0,,1,2,0.5,2,6,8,0,1,0,1,4,5,,16.6,0
22000,100413,Tari Phillips,1611661313,NYL,New York Liberty,1020000228,2000-08-04,NYL vs. ORL,W,37,8,15,0.533,0,0,,2,2,1.0,2,5,7,0,5,0,3,2,18,,38.4,0
22000,100508,Jessica Bibby,1611661313,NYL,New York Liberty,1020000228,2000-08-04,NYL vs. ORL,W,1,0,0,,0,0,,0,0,,0,0,0,0,0,0,0,0,0,,0.0,0
22000,100509,Marina Ferragut,1611661313,NYL,New York Liberty,1020000228,2000-08-04,NYL vs. ORL,W,4,0,1,0.0,0,0,,0,0,,1,1,2,1,0,0,1,0,0,,2.9,0
22000,100510,Olga Firsova,1611661313,NYL,New York Liberty,1020000228,2000-08-04,NYL vs. ORL,W,1,0,0,,0,0,,0,0,,0,0,0,0,0,0,0,0,0,,0.0,0
22000,100512,Shea Mahoney,1611661313,NYL,New York Liberty,1020000228,2000-08-04,NYL vs. ORL,W,1,0,0,,0,0,,1,2,0.5,0,1,1,0,1,0,0,0,1,,5.2,0
22000,100048,Jessie Hicks,1611661323,ORL,Orlando Miracle,1020000228,2000-08-04,ORL @ NYL,L,2,0,1,0.0,0,0,,0,0,,0,0,0,0,0,0,1,0,0,,-1.0,0
22000,100100,Adrienne Johnson,1611661323,ORL,Orlando Miracle,1020000228,2000-08-04,ORL @ NYL,L,38,6,16,0.375,2,7,0.286,0,0,,1,3,4,3,1,0,1,2,14,,25.3,0
22000,100339,LaCharlotte Smith,1611661323,ORL,Orlando Miracle,1020000228,2000-08-04,ORL @ NYL,L,1,0,0,,0,0,,0,0,,0,0,0,0,0,0,0,2,0,,0.0,0
22000,100410,Shannon Johnson,1611661323,ORL,Orlando Miracle,1020000228,2000-08-04,ORL @ NYL,L,39,3,8,0.375,1,3,0.333,1,2,0.5,1,3,4,9,1,0,4,2,8,,25.3,0
22000,100411,Carla McGhee,1611661323,ORL,Orlando Miracle,1020000228,2000-08-04,ORL @ NYL,L,20,2,7,0.286,0,0,,1,2,0.5,1,0,1,0,2,0,1,2,5,,11.2,0
22000,100412,Taj McWilliams-Franklin,1611661323,ORL,Orlando Miracle,1020000228,2000-08-04,ORL @ NYL,L,38,5,10,0.5,1,1,1.0,2,4,0.5,5,9,14,2,4,2,5,2,13,,45.8,0
22000,100415,Nykesha Sales,1611661323,ORL,Orlando Miracle,1020000228,2000-08-04,ORL @ NYL,L,34,5,12,0.417,0,2,0.0,1,1,1.0,3,1,4,0,0,0,0,3,11,,15.8,0
22000,100514,Cintia dos Santos,1611661323,ORL,Orlando Miracle,1020000228,2000-08-04,ORL @ NYL,L,15,1,4,0.25,0,0,,0,0,,0,4,4,0,0,2,0,2,2,,12.8,0
22000,100519,Jannon Roland,1611661323,ORL,Orlando Miracle,1020000228,2000-08-04,ORL @ NYL,L,4,0,1,0.0,0,0,,0,0,,0,0,0,0,0,0,0,0,0,,0.0,0
22000,100521,Tiffany McCain,1611661323,ORL,Orlando Miracle,1020000228,2000-08-04,ORL @ NYL,L,9,2,2,1.0,0,0,,0,0,,0,0,0,0,0,0,1,4,4,,3.0,0
22000,100046,Wendy Palmer,1611661321,DET,Detroit Shock,1020000229,2000-08-04,DET @ WAS,L,27,2,9,0.222,0,2,0.0,1,2,0.5,2,2,4,2,0,1,2,2,5,,13.8,0
22000,100243,Olympia Scott,1611661321,DET,Detroit Shock,1020000229,2000-08-04,DET @ WAS,L,21,0,1,0.0,0,0,,1,2,0.5,2,5,7,2,1,2,1,5,1,,20.4,0
22000,100351,Joy Holmes,1611661321,DET,Detroit Shock,1020000229,2000-08-04,DET @ WAS,L,5,0,2,0.0,0,0,,1,2,0.5,0,0,0,0,0,0,0,1,1,,1.0,0
22000,100384,Dominique Canty,1611661321,DET,Detroit Shock,1020000229,2000-08-04,DET @ WAS,L,32,4,7,0.571,0,0,,3,4,0.75,1,2,3,4,2,1,1,2,11,,28.6,0
22000,100386,Claudia Neves,1611661321,DET,Detroit Shock,1020000229,2000-08-04,DET @ WAS,L,22,3,9,0.333,0,5,0.0,0,0,,0,1,1,1,1,0,1,3,6,,10.7,0
22000,100387,Astou Ndiaye-Diatta,1611661321,DET,Detroit Shock,1020000229,2000-08-04,DET @ WAS,L,25,9,11,0.818,0,0,,1,2,0.5,2,5,7,1,1,1,5,5,19,,29.9,0
22000,100388,Elena Tornikidou,1611661321,DET,Detroit Shock,1020000229,2000-08-04,DET @ WAS,L,17,3,4,0.75,0,0,,0,0,,1,0,1,1,0,0,2,1,6,,6.7,0
22000,100390,Oksana Zakaluzhnaya,1611661321,DET,Detroit Shock,1020000229,2000-08-04,DET @ WAS,L,2,0,0,,0,0,,0,0,,0,0,0,0,0,0,1,2,0,,-1.0,0
22000,100492,Edwina Brown,1611661321,DET,Detroit Shock,1020000229,2000-08-04,DET @ WAS,L,26,4,7,0.571,0,2,0.0,4,7,0.571,1,0,1,1,1,0,2,5,12,,15.7,0
22000,100493,Anna DeForge,1611661321,DET,Detroit Shock,1020000229,2000-08-04,DET @ WAS,L,18,3,9,0.333,2,3,0.667,3,4,0.75,0,0,0,1,1,0,2,3,11,,13.5,0
22000,100494,Barbara Farris,1611661321,DET,Detroit Shock,1020000229,2000-08-04,DET @ WAS,L,5,0,1,0.0,0,0,,0,0,,0,0,0,0,1,0,1,1,0,,2.0,0
22000,100058,Vicky Bullett,1611661322,WAS,Washington Mystics,1020000229,2000-08-04,WAS vs. DET,W,28,5,8,0.625,0,1,0.0,0,0,,3,3,6,0,2,2,0,1,10,,29.2,0
22000,100198,Nikki McCray,1611661322,WAS,Washington Mystics,1020000229,2000-08-04,WAS vs. DET,W,31,5,11,0.455,0,3,0.0,9,10,0.9,2,0,2,0,0,0,2,1,19,,19.4,0
22000,100199,Murriel Page,1611661322,WAS,Washington Mystics,1020000229,2000-08-04,WAS vs. DET,W,33,8,11,0.727,0,0,,4,5,0.8,5,4,9,2,4,3,1,2,20,,53.8,0
22000,100348,Markita Aldridge,1611661322,WAS,Washington Mystics,1020000229,2000-08-04,WAS vs. DET,W,18,1,6,0.167,0,0,,0,0,,1,3,4,2,0,0,3,3,2,,6.8,0
22000,100356,Chamique Holdsclaw,1611661322,WAS,Washington Mystics,1020000229,2000-08-04,WAS vs. DET,W,32,7,15,0.467,1,4,0.25,1,2,0.5,1,4,5,6,1,0,2,2,16,,32.0,0
22000,100360,Michelle Campbell,1611661322,WAS,Washington Mystics,1020000229,2000-08-04,WAS vs. DET,W,3,0,0,,0,0,,0,0,,0,0,0,0,0,0,1,0,0,,-1.0,0
22000,100506,Renee Robinson,1611661322,WAS,Washington Mystics,1020000229,2000-08-04,WAS vs. DET,W,2,0,1,0.0,0,1,0.0,4,4,1.0,0,0,0,0,0,0,0,2,4,,4.0,0
22000,100553,Keisha Anderson,1611661322,WAS,Washington Mystics,1020000229,2000-08-04,WAS vs. DET,W,20,0,2,0.0,0,0,,2,2,1.0,1,1,2,2,2,0,4,4,2,,9.4,0
22000,100554,Beth Cunningham,1611661322,WAS,Washington Mystics,1020000229,2000-08-04,WAS vs. DET,W,8,0,3,0.0,0,1,0.0,1,2,0.5,0,1,1,0,0,0,1,0,1,,1.2,0
22000,100555,Tausha Mills,1611661322,WAS,Washington Mystics,1020000229,2000-08-04,WAS vs. DET,W,16,4,5,0.8,0,0,,9,10,0.9,3,3,6,0,0,1,1,3,17,,26.2,0
22000,100557,Tonya Massaline,1611661322,WAS,Washington Mystics,1020000229,2000-08-04,WAS vs. DET,W,9,2,5,0.4,1,1,1.0,0,0,,3,2,5,0,0,0,1,2,5,,10.0,0
22000,100059,Andrea Stinson,1611661314,CHA,Charlotte Sting,1020000230,2000-08-04,CHA @ MIA,L,36,5,12,0.417,2,4,0.5,2,3,0.667,0,3,3,4,1,1,1,2,14,,28.6,0
22000,100060,Rhonda Mapp,1611661314,CHA,Charlotte Sting,1020000230,2000-08-04,CHA @ MIA,L,32,2,13,0.154,0,1,0.0,2,2,1.0,2,8,10,4,0,0,4,2,6,,20.0,0
22000,100182,Tracy Reid,1611661314,CHA,Charlotte Sting,1020000230,2000-08-04,CHA @ MIA,L,21,1,4,0.25,0,0,,0,0,,0,1,1,1,0,1,1,3,2,,6.7,0
22000,100294,Cass Bauer-Bilodeau,1611661314,CHA,Charlotte Sting,1020000230,2000-08-04,CHA @ MIA,L,20,2,4,0.5,0,0,,1,2,0.5,0,5,5,0,0,1,0,4,5,,14.0,0
22000,100368,Angie Braziel,1611661314,CHA,Charlotte Sting,1020000230,2000-08-04,CHA @ MIA,L,5,0,0,,0,0,,0,0,,0,0,0,0,0,0,0,0,0,,0.0,0
22000,100371,Charlotte Smith,1611661314,CHA,Charlotte Sting,1020000230,2000-08-04,CHA @ MIA,L,19,0,2,0.0,0,1,0.0,0,0,,1,3,4,0,0,0,1,4,0,,3.8,0
22000,100372,Dawn Staley,1611661314,CHA,Charlotte Sting,1020000230,2000-08-04,CHA @ MIA,L,33,5,10,0.5,1,1,1.0,0,0,,0,3,3,4,5,0,5,2,11,,30.6,0
22000,100446,Summer Erb,1611661314,CHA,Charlotte Sting,1020000230,2000-08-04,CHA @ MIA,L,3,1,1,1.0,0,0,,1,1,1.0,0,1,1,0,0,0,0,0,3,,4.2,0
22000,100447,Tiffany Travis,1611661314,CHA,Charlotte Sting,1020000230,2000-08-04,CHA @ MIA,L,20,3,4,0.75,1,1,1.0,0,0,,2,0,2,0,2,0,0,4,7,,15.4,0
22000,100454,Larecha Jones,1611661314,CHA,Charlotte Sting,1020000230,2000-08-04,CHA @ MIA,L,11,1,3,0.333,0,0,,0,0,,0,2,2,0,0,0,1,1,2,,3.4,0
22000,100009,Katrina Colleton,1611661326,MIA,Miami Sol,1020000230,2000-08-04,MIA vs. CHA,W,36,3,10,0.3,0,1,0.0,0,0,,1,2,3,3,2,1,3,1,6,,20.1,0
22000,100035,Umeki Webb,1611661326,MIA,Miami Sol,1020000230,2000-08-04,MIA vs. CHA,W,5,1,3,0.333,0,1,0.0,0,1,0.0,1,0,1,0,0,0,1,0,2,,2.2,0
22000,100037,Marlies Askamp,1611661326,MIA,Miami Sol,1020000230,2000-08-04,MIA vs. CHA,W,19,0,5,0.0,0,0,,1,2,0.5,1,4,5,0,0,1,1,2,1,,9.0,0
22000,100063,Sharon Manning,1611661326,MIA,Miami Sol,1020000230,2000-08-04,MIA vs. CHA,W,20,2,5,0.4,0,0,,0,1,0.0,2,1,3,1,1,0,1,1,4,,11.1,0
22000,100107,Kisha Ford,1611661326,MIA,Miami Sol,1020000230,2000-08-04,MIA vs. CHA,W,8,0,1,0.0,0,0,,2,4,0.5,0,1,1,0,0,0,0,0,2,,3.2,0
22000,100359,Debbie Black,1611661326,MIA,Miami Sol,1020000230,2000-08-04,MIA vs. CHA,W,32,3,7,0.429,0,0,,2,5,0.4,2,2,4,3,2,0,1,4,8,,22.3,0
22000,100416,Sheri Sam,1611661326,MIA,Miami Sol,1020000230,2000-08-04,MIA vs. CHA,W,36,7,15,0.467,1,5,0.2,6,7,0.857,1,4,5,4,1,0,2,0,21,,34.0,0
22000,100451,Jamie Cassidy,1611661326,MIA,Miami Sol,1020000230,2000-08-04,MIA vs. CHA,W,3,0,0,,0,0,,2,2,1.0,0,0,0,0,0,0,1,1,2,,1.0,0
22000,100552,Kristen Rasmussen,1611661326,MIA,Miami Sol,1020000230,2000-08-04,MIA vs. CHA,W,32,3,4,0.75,2,2,1.0,6,6,1.0,0,8,8,1,3,2,2,3,14,,38.1,0
22000,100559,Milena Flores,1611661326,MIA,Miami Sol,1020000230,2000-08-04,MIA vs. CHA,W,4,0,1,0.0,0,1,0.0,0,0,,1,0,1,0,0,0,0,0,0,,1.2,0
22000,100560,Shantia Owens,1611661326,MIA,Miami Sol,1020000230,2000-08-04,MIA vs. CHA,W,5,0,1,0.0,0,0,,0,0,,0,0,0,0,0,0,0,0,0,,0.0,0
22000,100092,Merlakia Jones,1611661315,CLE,Cleveland Rockers,1020000231,2000-08-04,CLE @ IND,L,35,4,12,0.333,0,3,0.0,2,2,1.0,2,5,7,1,1,0,2,4,10,,20.9,0
22000,100097,Rushia Brown,1611661315,CLE,Cleveland Rockers,1020000231,2000-08-04,CLE @ IND,L,24,3,5,0.6,0,0,,3,3,1.0,1,3,4,2,1,0,3,3,9,,16.8,0
22000,100187,Suzie McConnell Serio,1611661315,CLE,Cleveland Rockers,1020000231,2000-08-04,CLE @ IND,L,19,1,6,0.167,1,5,0.2,0,0,,0,0,0,4,1,0,0,0,3,,12.0,0
22000,100237,Tricia Bader Binford,1611661315,CLE,Cleveland Rockers,1020000231,2000-08-04,CLE @ IND,L,11,3,6,0.5,2,2,1.0,0,0,,0,0,0,1,3,0,0,1,8,,18.5,0
22000,100428,Mery Andrade,1611661315,CLE,Cleveland Rockers,1020000231,2000-08-04,CLE @ IND,L,30,6,7,0.857,3,3,1.0,3,4,0.75,1,5,6,3,0,0,4,3,18,,25.7,0
22000,100433,Chasity Melvin,1611661315,CLE,Cleveland Rockers,1020000231,2000-08-04,CLE @ IND,L,29,5,7,0.714,0,0,,0,0,,1,2,3,3,0,1,2,3,10,,19.1,0
22000,100445,Ann Wauters,1611661315,CLE,Cleveland Rockers,1020000231,2000-08-04,CLE @ IND,L,21,2,5,0.4,0,0,,1,1,1.0,3,3,6,2,1,0,2,2,5,,16.2,0
22000,100457,Helen Darling,1611661315,CLE,Cleveland Rockers,1020000231,2000-08-04,CLE @ IND,L,18,3,7,0.429,0,0,,1,2,0.5,1,2,3,3,1,0,0,0,7,,18.1,0
22000,100458,Vicki Hall,1611661315,CLE,Cleveland Rockers,1020000231,2000-08-04,CLE @ IND,L,13,2,8,0.25,1,4,0.25,0,0,,0,1,1,0,0,0,0,1,5,,6.2,0
22000,100022,Chantel Tremitiere,1611661325,IND,Indiana Fever,1020000231,2000-08-04,IND vs. CLE,W,9,2,4,0.5,0,1,0.0,0,0,,1,0,1,0,0,0,1,0,4,,4.2,0
22000,100204,Rita Williams,1611661325,IND,Indiana Fever,1020000231,2000-08-04,IND vs. CLE,W,35,2,2,1.0,0,0,,6,6,1.0,0,1,1,7,3,0,2,1,10,,28.7,0
22000,100216,Alicia Thompson,1611661325,IND,Indiana Fever,1020000231,2000-08-04,IND vs. CLE,W,31,7,11,0.636,2,4,0.5,2,4,0.5,1,1,2,2,2,0,3,4,18,,26.4,0
22000,100340,Kara Wolters,1611661325,IND,Indiana Fever,1020000231,2000-08-04,IND vs. CLE,W,33,6,8,0.75,0,0,,1,2,0.5,1,8,9,3,1,5,1,1,13,,45.3,0
22000,100357,Monica Maxwell,1611661325,IND,Indiana Fever,1020000231,2000-08-04,IND vs. CLE,W,30,3,11,0.273,3,6,0.5,2,2,1.0,1,5,6,1,1,1,2,0,11,,23.7,0
22000,100370,Stephanie White,1611661325,IND,Indiana Fever,1020000231,2000-08-04,IND vs. CLE,W,19,4,5,0.8,3,3,1.0,5,7,0.714,0,4,4,1,0,0,0,2,16,,22.3,0
22000,100394,Gordana Grubin,1611661325,IND,Indiana Fever,1020000231,2000-08-04,IND vs. CLE,W,27,5,10,0.5,1,4,0.25,0,0,,1,0,1,5,4,0,1,0,11,,30.7,0
22000,100471,Danielle McCulley,1611661325,IND,Indiana Fever,1020000231,2000-08-04,IND vs. CLE,W,7,1,3,0.333,0,0,,0,0,,0,2,2,0,0,0,1,1,2,,3.4,0
22000,101006,Jurgita Streimikyte,1611661325,IND,Indiana Fever,1020000231,2000-08-04,IND vs. CLE,W,9,1,3,0.333,0,0,,0,0,,0,2,2,4,0,0,1,1,2,,9.4,0
22000,100011,Linda Burgess,1611661318,SAC,Sacramento Monarchs,1020000232,2000-08-04,SAC @ MIN,W,2,0,0,,0,0,,0,0,,0,0,0,1,0,0,0,1,0,,1.5,0
22000,100016,Ruthie Bolton,1611661318,SAC,Sacramento Monarchs,1020000232,2000-08-04,SAC @ MIN,W,24,2,7,0.286,0,3,0.0,0,2,0.0,2,2,4,6,3,0,0,2,4,,26.8,0
22000,100027,Latasha Byears,1611661318,SAC,Sacramento Monarchs,1020000232,2000-08-04,SAC @ MIN,W,15,2,3,0.667,0,0,,0,0,,0,1,1,0,0,0,2,0,4,,3.2,0
22000,100044,Lady Grooms,1611661318,SAC,Sacramento Monarchs,1020000232,2000-08-04,SAC @ MIN,W,18,1,3,0.333,0,0,,5,6,0.833,2,1,3,2,0,0,1,1,7,,12.6,0
22000,100183,Cindy Blodgett,1611661318,SAC,Sacramento Monarchs,1020000232,2000-08-04,SAC @ MIN,W,1,0,0,,0,0,,0,0,,0,0,0,0,0,0,0,0,0,,0.0,0
22000,100234,Ticha Penicheiro,1611661318,SAC,Sacramento Monarchs,1020000232,2000-08-04,SAC @ MIN,W,35,3,7,0.429,2,5,0.4,2,4,0.5,0,2,2,10,2,0,0,1,10,,33.4,0
22000,100236,Tangela Smith,1611661318,SAC,Sacramento Monarchs,1020000232,2000-08-04,SAC @ MIN,W,29,6,12,0.5,0,0,,2,2,1.0,1,3,4,0,1,2,2,3,14,,25.8,0
22000,100419,Yolanda Griffith,1611661318,SAC,Sacramento Monarchs,1020000232,2000-08-04,SAC @ MIN,W,34,10,15,0.667,0,0,,4,5,0.8,8,9,17,2,3,2,1,2,24,,61.4,0
22000,100421,Kedra Holland-Corn,1611661318,SAC,Sacramento Monarchs,1020000232,2000-08-04,SAC @ MIN,W,22,2,5,0.4,1,3,0.333,0,0,,3,1,4,0,1,0,4,1,5,,8.8,0
22000,100534,Stacy Clinesmith,1611661318,SAC,Sacramento Monarchs,1020000232,2000-08-04,SAC @ MIN,W,5,0,0,,0,0,,0,2,0.0,0,0,0,0,0,0,0,0,0,,0.0,0
22000,100536,Katy Steding,1611661318,SAC,Sacramento Monarchs,1020000232,2000-08-04,SAC @ MIN,W,15,2,8,0.25,2,7,0.286,0,0,,0,1,1,0,0,1,1,1,6,,9.2,0
22000,100400,Kristin Folkl,1611661324,MIN,Minnesota Lynx,1020000232,2000-08-04,MIN vs. SAC,L,17,1,4,0.25,0,1,0.0,0,0,,1,2,3,0,0,1,2,0,2,,6.6,0
22000,100403,Angie Potthoff,1611661324,MIN,Minnesota Lynx,1020000232,2000-08-04,MIN vs. SAC,L,3,0,0,,0,0,,0,0,,0,1,1,0,0,0,0,1,0,,1.2,0
22000,100404,Katie Smith,1611661324,MIN,Minnesota Lynx,1020000232,2000-08-04,MIN vs. SAC,L,37,8,16,0.5,2,6,0.333,6,8,0.75,1,2,3,3,1,0,2,1,24,,33.1,0
22000,100481,Marla Brumfield,1611661324,MIN,Minnesota Lynx,1020000232,2000-08-04,MIN vs. SAC,L,25,1,3,0.333,1,1,1.0,0,0,,2,1,3,2,0,0,1,3,3,,8.6,0
22000,100482,Grace Daley,1611661324,MIN,Minnesota Lynx,1020000232,2000-08-04,MIN vs. SAC,L,8,0,2,0.0,0,1,0.0,0,0,,1,1,2,2,0,0,1,0,0,,4.4,0
22000,100483,Keitha Dickerson,1611661324,MIN,Minnesota Lynx,1020000232,2000-08-04,MIN vs. SAC,L,28,5,7,0.714,0,0,,0,0,,2,3,5,4,2,0,2,4,10,,26.0,0
22000,100484,Betty Lennox,1611661324,MIN,Minnesota Lynx,1020000232,2000-08-04,MIN vs. SAC,L,38,8,16,0.5,2,6,0.333,0,0,,0,3,3,1,2,1,2,6,18,,30.1,0
22000,100485,Maylana Martin,1611661324,MIN,Minnesota Lynx,1020000232,2000-08-04,MIN vs. SAC,L,24,2,3,0.667,0,0,,0,0,,0,1,1,4,0,0,1,4,4,,10.2,0
22000,100487,Kate Paye,1611661324,MIN,Minnesota Lynx,1020000232,2000-08-04,MIN vs. SAC,L,13,1,5,0.2,0,2,0.0,0,0,,0,2,2,1,2,0,2,1,2,,9.9,0
22000,100490,Shanele Stires,1611661324,MIN,Minnesota Lynx,1020000232,2000-08-04,MIN vs. SAC,L,7,0,0,,0,0,,0,0,,0,0,0,0,0,0,1,1,0,,-1.0,0
22000,100072,Sheryl Swoopes,1611661316,HOU,Houston Comets,1020000233,2000-08-04,HOU @ POR,W,34,11,12,0.917,0,0,,1,1,1.0,2,8,10,2,2,1,0,1,23,,47.0,0
22000,100073,Cynthia Cooper,1611661316,HOU,Houston Comets,1020000233,2000-08-04,HOU @ POR,W,31,8,16,0.5,4,8,0.5,6,6,1.0,0,0,0,5,1,0,2,2,26,,34.5,0
22000,100075,Janeth Arcain,1611661316,HOU,Houston Comets,1020000233,2000-08-04,HOU @ POR,W,26,2,6,0.333,0,2,0.0,0,0,,1,4,5,2,2,0,4,5,4,,15.0,0
22000,100076,Tina Thompson,1611661316,HOU,Houston Comets,1020000233,2000-08-04,HOU @ POR,W,27,5,14,0.357,1,4,0.25,4,4,1.0,4,6,10,2,1,0,1,4,15,,32.0,0
22000,100077,Tammy Jackson,1611661316,HOU,Houston Comets,1020000233,2000-08-04,HOU @ POR,W,9,2,2,1.0,0,0,,0,0,,1,1,2,1,1,0,1,1,4,,9.9,0
22000,100207,Monica Lamb,1611661316,HOU,Houston Comets,1020000233,2000-08-04,HOU @ POR,W,8,0,0,,0,0,,0,0,,0,1,1,0,0,0,0,2,0,,1.2,0
22000,100211,Amaya Valdemoro,1611661316,HOU,Houston Comets,1020000233,2000-08-04,HOU @ POR,W,16,1,6,0.167,1,4,0.25,0,0,,0,3,3,1,1,0,3,4,3,,8.1,0
22000,100217,Coquese Washington,1611661316,HOU,Houston Comets,1020000233,2000-08-04,HOU @ POR,W,15,0,1,0.0,0,1,0.0,0,0,,1,3,4,2,0,0,1,0,0,,6.8,0
22000,100233,Tiffani Johnson,1611661316,HOU,Houston Comets,1020000233,2000-08-04,HOU @ POR,W,12,0,0,,0,0,,0,0,,1,0,1,0,0,0,2,4,0,,-0.8,0
22000,100338,Jennifer Rizzotti,1611661316,HOU,Houston Comets,1020000233,2000-08-04,HOU @ POR,W,18,0,1,0.0,0,1,0.0,0,0,,0,1,1,1,1,0,2,4,0,,3.7,0
22000,100504,Kelley Gibson,1611661316,HOU,Houston Comets,1020000233,2000-08-04,HOU @ POR,W,4,2,2,1.0,2,2,1.0,0,0,,0,0,0,0,0,0,0,0,6,,6.0,0
22000,100038,Tara Williams,1611661327,POR,Portland Fire,1020000233,2000-08-04,POR vs. HOU,L,6,0,2,0.0,0,2,0.0,0,0,,0,2,2,1,0,0,2,0,0,,1.9,0
22000,100105,Sophia Witherspoon,1611661327,POR,Portland Fire,1020000233,2000-08-04,POR vs. HOU,L,34,6,18,0.333,3,7,0.429,2,2,1.0,0,5,5,3,0,1,2,2,17,,28.5,0
22000,100215,Vanessa Nygaard,1611661327,POR,Portland Fire,1020000233,2000-08-04,POR vs. HOU,L,29,1,2,0.5,1,2,0.5,6,6,1.0,1,0,1,0,0,0,1,3,9,,9.2,0
22000,100284,Tully Bevilaqua,1611661327,POR,Portland Fire,1020000233,2000-08-04,POR vs. HOU,L,22,0,3,0.0,0,1,0.0,0,0,,0,1,1,3,1,0,1,1,0,,7.7,0
22000,100346,Michele Van Gorp,1611661327,POR,Portland Fire,1020000233,2000-08-04,POR vs. HOU,L,2,1,1,1.0,0,0,,0,0,,0,0,0,0,0,0,0,0,2,,2.0,0
22000,100529,Sylvia Crawley,1611661327,POR,Portland Fire,1020000233,2000-08-04,POR vs. HOU,L,29,5,9,0.556,0,0,,0,0,,1,0,1,0,2,0,6,3,10,,11.2,0
22000,100530,Lynn Pride,1611661327,POR,Portland Fire,1020000233,2000-08-04,POR vs. HOU,L,20,2,9,0.222,0,0,,3,6,0.5,2,1,3,1,1,1,1,0,7,,17.1,0
22000,100532,Stacey Thomas,1611661327,POR,Portland Fire,1020000233,2000-08-04,POR vs. HOU,L,23,0,1,0.0,0,1,0.0,0,0,,2,1,3,0,0,0,1,2,0,,2.6,0
22000,100533,DeMya Walker,1611661327,POR,Portland Fire,1020000233,2000-08-04,POR vs. HOU,L,17,2,3,0.667,0,0,,0,0,,3,1,4,0,0,0,1,3,4,,7.8,0
22000,100570,Michelle Marciniak,1611661327,POR,Portland Fire,1020000233,2000-08-04,POR vs. HOU,L,18,0,3,0.0,0,1,0.0,7,12,0.583,0,0,0,2,2,0,0,2,7,,16.0,0
22000,100059,Andrea Stinson,1611661314,CHA,Charlotte Sting,1020000234,2000-08-05,CHA vs. UTA,W,39,7,14,0.5,3,4,0.75,6,6,1.0,0,3,3,4,2,1,2,1,23,,39.6,0
22000,100060,Rhonda Mapp,1611661314,CHA,Charlotte Sting,1020000234,2000-08-05,CHA vs. UTA,W,10,1,2,0.5,0,0,,1,1,1.0,0,5,5,0,1,3,1,0,3,,20.0,0
22000,100182,Tracy Reid,1611661314,CHA,Charlotte Sting,1020000234,2000-08-05,CHA vs. UTA,W,27,10,11,0.909,0,0,,1,4,0.25,0,1,1,1,2,0,1,1,21,,28.7,0
22000,100294,Cass Bauer-Bilodeau,1611661314,CHA,Charlotte Sting,1020000234,2000-08-05,CHA vs. UTA,W,9,1,2,0.5,0,0,,0,0,,1,0,1,1,0,1,0,4,2,,7.7,0
22000,100368,Angie Braziel,1611661314,CHA,Charlotte Sting,1020000234,2000-08-05,CHA vs. UTA,W,23,3,7,0.429,0,0,,1,2,0.5,1,0,1,0,1,0,3,4,7,,8.2,0
22000,100371,Charlotte Smith,1611661314,CHA,Charlotte Sting,1020000234,2000-08-05,CHA vs. UTA,W,28,3,7,0.429,2,4,0.5,0,0,,0,2,2,4,1,0,2,3,8,,17.4,0
22000,100372,Dawn Staley,1611661314,CHA,Charlotte Sting,1020000234,2000-08-05,CHA vs. UTA,W,30,2,3,0.667,1,1,1.0,3,3,1.0,0,3,3,10,1,0,0,1,8,,29.6,0
22000,100446,Summer Erb,1611661314,CHA,Charlotte Sting,1020000234,2000-08-05,CHA vs. UTA,W,4,0,0,,0,0,,0,0,,0,0,0,1,0,0,0,1,0,,1.5,0
22000,100447,Tiffany Travis,1611661314,CHA,Charlotte Sting,1020000234,2000-08-05,CHA vs. UTA,W,14,2,5,0.4,2,3,0.667,2,2,1.0,0,0,0,1,0,0,1,2,8,,8.5,0
22000,100452,E.C. Hill,1611661314,CHA,Charlotte Sting,1020000234,2000-08-05,CHA vs. UTA,W,10,1,2,0.5,0,0,,0,0,,1,0,1,0,0,0,0,1,2,,3.2,0
22000,100454,Larecha Jones,1611661314,CHA,Charlotte Sting,1020000234,2000-08-05,CHA vs. UTA,W,6,1,1,1.0,0,0,,0,0,,0,0,0,0,0,0,1,1,2,,1.0,0
22000,100239,Margo Dydek,1611661319,UTA,Utah Starzz,1020000234,2000-08-05,UTA @ CHA,L,8,2,5,0.4,0,0,,0,0,,0,1,1,0,0,0,0,0,4,,5.2,0
22000,100250,Korie Hlede,1611661319,UTA,Utah Starzz,1020000234,2000-08-05,UTA @ CHA,L,32,5,13,0.385,1,3,0.333,3,4,0.75,1,1,2,4,1,0,3,1,14,,22.4,0
22000,100363,Adrienne Goodson,1611661319,UTA,Utah Starzz,1020000234,2000-08-05,UTA @ CHA,L,40,10,16,0.625,0,1,0.0,2,4,0.5,3,6,9,1,1,0,2,2,22,,35.3,0
22000,100366,Natalie Williams,1611661319,UTA,Utah Starzz,1020000234,2000-08-05,UTA @ CHA,L,40,7,15,0.467,0,0,,9,10,0.9,2,7,9,5,3,0,2,3,23,,48.3,0
22000,100382,Jennifer Azzi,1611661319,UTA,Utah Starzz,1020000234,2000-08-05,UTA @ CHA,L,40,2,5,0.4,1,2,0.5,0,0,,0,0,0,9,0,0,0,5,5,,18.5,0
22000,100422,Kate Starbird,1611661319,UTA,Utah Starzz,1020000234,2000-08-05,UTA @ CHA,L,8,0,1,0.0,0,0,,0,0,,0,1,1,0,0,0,1,1,0,,0.2,0
22000,100549,Amy Herrig,1611661319,UTA,Utah Starzz,1020000234,2000-08-05,UTA @ CHA,L,32,6,11,0.545,0,0,,2,3,0.667,5,2,7,1,1,0,3,0,14,,23.9,0
22000,100030,Jennifer Gillom,1611661317,PHO,Phoenix Mercury,1020000235,2000-08-05,PHO vs. LAS,L,34,7,17,0.412,1,6,0.167,2,2,1.0,0,1,1,0,0,0,1,6,17,,17.2,0
22000,100031,Bridget Pettis,1611661317,PHO,Phoenix Mercury,1020000235,2000-08-05,PHO vs. LAS,L,9,1,8,0.125,1,7,0.143,2,2,1.0,0,2,2,0,0,0,0,2,5,,7.4,0
22000,100045,Dena Head,1611661317,PHO,Phoenix Mercury,1020000235,2000-08-05,PHO vs. LAS,L,7,0,1,0.0,0,1,0.0,0,0,,0,1,1,2,0,0,0,0,0,,4.2,0
22000,100221,Michelle Brogan,1611661317,PHO,Phoenix Mercury,1020000235,2000-08-05,PHO vs. LAS,L,29,1,1,1.0,0,0,,0,0,,4,1,5,2,1,1,0,4,2,,17.0,0
22000,100225,Brandy Reed,1611661317,PHO,Phoenix Mercury,1020000235,2000-08-05,PHO vs. LAS,L,38,9,18,0.5,1,3,0.333,6,6,1.0,2,5,7,5,2,0,0,0,25,,46.9,0
22000,100378,Lisa Harrison,1611661317,PHO,Phoenix Mercury,1020000235,2000-08-05,PHO vs. LAS,L,38,2,7,0.286,1,1,1.0,0,0,,2,3,5,2,3,0,0,1,5,,23.0,0
22000,100398,Tonya Edwards,1611661317,PHO,Phoenix Mercury,1020000235,2000-08-05,PHO vs. LAS,L,35,3,11,0.273,0,4,0.0,3,5,0.6,1,0,1,1,2,0,4,2,9,,13.7,0
22000,100526,Adrian Williams-Strong,1611661317,PHO,Phoenix Mercury,1020000235,2000-08-05,PHO vs. LAS,L,10,0,1,0.0,0,0,,0,0,,0,2,2,0,1,0,1,2,0,,4.4,0
22000,100003,Lisa Leslie,1611661320,LAS,Los Angeles Sparks,1020000235,2000-08-05,LAS @ PHO,W,38,8,16,0.5,0,3,0.0,6,7,0.857,2,12,14,0,1,1,4,3,22,,40.8,0
22000,100008,Tamecka Dixon,1611661320,LAS,Los Angeles Sparks,1020000235,2000-08-05,LAS @ PHO,W,33,1,8,0.125,0,1,0.0,4,4,1.0,3,3,6,7,0,1,2,2,6,,24.7,0
22000,100012,Mwadi Mabika,1611661320,LAS,Los Angeles Sparks,1020000235,2000-08-05,LAS @ PHO,W,31,4,9,0.444,2,5,0.4,2,2,1.0,1,5,6,4,0,2,1,3,12,,30.2,0
22000,100170,Allison Feaster,1611661320,LAS,Los Angeles Sparks,1020000235,2000-08-05,LAS @ PHO,W,10,1,2,0.5,1,1,1.0,0,0,,0,1,1,0,0,1,0,1,3,,7.2,0
22000,100392,Ukari Figgs,1611661320,LAS,Los Angeles Sparks,1020000235,2000-08-05,LAS @ PHO,W,29,4,7,0.571,2,4,0.5,4,4,1.0,1,1,2,3,0,0,1,5,14,,19.9,0
22000,100395,Clarisse Machanguana,1611661320,LAS,Los Angeles Sparks,1020000235,2000-08-05,LAS @ PHO,W,19,2,4,0.5,0,0,,0,0,,0,2,2,0,0,0,0,1,4,,6.4,0
22000,100396,DeLisha Milton-Jones,1611661320,LAS,Los Angeles Sparks,1020000235,2000-08-05,LAS @ PHO,W,29,4,6,0.667,0,1,0.0,3,3,1.0,2,5,7,4,1,1,4,5,11,,27.4,0
22000,100478,Nicky McCrimmon,1611661320,LAS,Los Angeles Sparks,1020000235,2000-08-05,LAS @ PHO,W,11,2,2,1.0,1,1,1.0,0,0,,0,0,0,1,1,0,2,1,5,,7.5,0
22000,100046,Wendy Palmer,1611661321,DET,Detroit Shock,1020000236,2000-08-06,DET @ ORL,L,24,4,9,0.444,0,0,,1,1,1.0,2,1,3,1,0,1,1,4,9,,16.1,0
22000,100243,Olympia Scott,1611661321,DET,Detroit Shock,1020000236,2000-08-06,DET @ ORL,L,16,1,5,0.2,0,0,,0,0,,1,3,4,0,0,0,0,4,2,,6.8,0
22000,100351,Joy Holmes,1611661321,DET,Detroit Shock,1020000236,2000-08-06,DET @ ORL,L,13,2,5,0.4,0,1,0.0,2,2,1.0,0,1,1,0,1,0,1,2,6,,9.2,0
22000,100384,Dominique Canty,1611661321,DET,Detroit Shock,1020000236,2000-08-06,DET @ ORL,L,26,4,8,0.5,0,0,,2,2,1.0,3,3,6,2,2,0,3,0,10,,23.2,0
22000,100386,Claudia Neves,1611661321,DET,Detroit Shock,1020000236,2000-08-06,DET @ ORL,L,22,1,5,0.2,0,2,0.0,1,2,0.5,0,1,1,3,1,0,3,0,3,,8.7,0
22000,100387,Astou Ndiaye-Diatta,1611661321,DET,Detroit Shock,1020000236,2000-08-06,DET @ ORL,L,28,4,13,0.308,0,0,,1,2,0.5,2,4,6,0,2,1,0,2,9,,25.2,0
22000,100388,Elena Tornikidou,1611661321,DET,Detroit Shock,1020000236,2000-08-06,DET @ ORL,L,23,4,8,0.5,0,0,,0,0,,1,1,2,1,0,0,5,2,8,,6.9,0
22000,100390,Oksana Zakaluzhnaya,1611661321,DET,Detroit Shock,1020000236,2000-08-06,DET @ ORL,L,3,0,0,,0,0,,0,0,,0,1,1,0,0,0,0,0,0,,1.2,0
22000,100492,Edwina Brown,1611661321,DET,Detroit Shock,1020000236,2000-08-06,DET @ ORL,L,13,1,3,0.333,0,0,,2,2,1.0,0,3,3,2,0,0,3,3,4,,7.6,0
22000,100493,Anna DeForge,1611661321,DET,Detroit Shock,1020000236,2000-08-06,DET @ ORL,L,23,2,6,0.333,0,3,0.0,0,0,,0,2,2,1,0,0,2,0,4,,5.9,0
22000,100494,Barbara Farris,1611661321,DET,Detroit Shock,1020000236,2000-08-06,DET @ ORL,L,9,4,5,0.8,0,0,,0,2,0.0,0,0,0,0,0,0,1,1,8,,7.0,0
22000,100048,Jessie Hicks,1611661323,ORL,Orlando Miracle,1020000236,2000-08-06,ORL vs. DET,W,10,1,5,0.2,0,0,,1,2,0.5,2,5,7,0,0,1,2,3,3,,12.4,0
22000,100100,Adrienne Johnson,1611661323,ORL,Orlando Miracle,1020000236,2000-08-06,ORL vs. DET,W,34,10,17,0.588,5,8,0.625,0,0,,1,1,2,1,0,0,1,0,25,,27.9,0
22000,100339,LaCharlotte Smith,1611661323,ORL,Orlando Miracle,1020000236,2000-08-06,ORL vs. DET,W,8,2,2,1.0,0,0,,1,1,1.0,1,1,2,1,1,0,1,0,5,,10.9,0
22000,100410,Shannon Johnson,1611661323,ORL,Orlando Miracle,1020000236,2000-08-06,ORL vs. DET,W,23,3,6,0.5,1,3,0.333,2,2,1.0,1,3,4,9,2,1,0,0,9,,36.3,0
22000,100411,Carla McGhee,1611661323,ORL,Orlando Miracle,1020000236,2000-08-06,ORL vs. DET,W,19,3,7,0.429,0,0,,0,0,,1,2,3,1,1,1,1,4,6,,16.1,0
22000,100412,Taj McWilliams-Franklin,1611661323,ORL,Orlando Miracle,1020000236,2000-08-06,ORL vs. DET,W,26,4,7,0.571,0,0,,4,4,1.0,5,3,8,2,3,0,1,4,12,,32.6,0
22000,100415,Nykesha Sales,1611661323,ORL,Orlando Miracle,1020000236,2000-08-06,ORL vs. DET,W,29,6,12,0.5,1,2,0.5,2,2,1.0,0,4,4,1,2,0,5,4,15,,22.3,0
22000,100514,Cintia dos Santos,1611661323,ORL,Orlando Miracle,1020000236,2000-08-06,ORL vs. DET,W,20,3,9,0.333,0,0,,2,2,1.0,1,7,8,2,0,2,1,1,8,,25.6,0
22000,100517,Romana Hamzova,1611661323,ORL,Orlando Miracle,1020000236,2000-08-06,ORL vs. DET,W,10,1,3,0.333,0,1,0.0,0,0,,0,0,0,1,2,0,0,0,2,,9.5,0
22000,100519,Jannon Roland,1611661323,ORL,Orlando Miracle,1020000236,2000-08-06,ORL vs. DET,W,13,2,3,0.667,0,1,0.0,1,2,0.5,1,0,1,1,2,0,2,1,5,,11.7,0
22000,100521,Tiffany McCain,1611661323,ORL,Orlando Miracle,1020000236,2000-08-06,ORL vs. DET,W,8,0,3,0.0,0,0,,2,2,1.0,0,2,2,1,1,0,1,1,2,,7.9,0
22000,100101,Teresa Weatherspoon,1611661313,NYL,New York Liberty,1020000237,2000-08-06,NYL @ MIA,L,36,3,6,0.5,0,2,0.0,3,4,0.75,1,2,3,3,0,0,2,2,9,,15.1,0
22000,100103,Vickie Johnson,1611661313,NYL,New York Liberty,1020000237,2000-08-06,NYL @ MIA,L,31,2,9,0.222,1,5,0.2,0,0,,1,2,3,1,0,1,2,1,5,,11.1,0
22000,100104,Sue Wicks,1611661313,NYL,New York Liberty,1020000237,2000-08-06,NYL @ MIA,L,13,0,2,0.0,0,0,,0,0,,0,0,0,0,0,1,0,1,0,,3.0,0
22000,100342,Becky Hammon,1611661313,NYL,New York Liberty,1020000237,2000-08-06,NYL @ MIA,L,26,2,8,0.25,0,3,0.0,1,1,1.0,2,2,4,0,1,0,4,6,5,,8.8,0
22000,100345,Crystal Robinson,1611661313,NYL,New York Liberty,1020000237,2000-08-06,NYL @ MIA,L,27,3,10,0.3,0,4,0.0,0,0,,1,0,1,4,0,1,0,4,6,,16.2,0
22000,100347,Tamika Whitmore,1611661313,NYL,New York Liberty,1020000237,2000-08-06,NYL @ MIA,L,33,4,8,0.5,0,0,,2,2,1.0,2,8,10,1,1,3,5,4,10,,30.5,0
22000,100413,Tari Phillips,1611661313,NYL,New York Liberty,1020000237,2000-08-06,NYL @ MIA,L,34,3,8,0.375,0,0,,0,2,0.0,2,7,9,0,3,0,5,6,6,,20.8,0
22000,100009,Katrina Colleton,1611661326,MIA,Miami Sol,1020000237,2000-08-06,MIA vs. NYL,W,32,1,8,0.125,0,0,,4,4,1.0,0,2,2,2,0,0,2,2,6,,9.4,0
22000,100035,Umeki Webb,1611661326,MIA,Miami Sol,1020000237,2000-08-06,MIA vs. NYL,W,1,0,0,,0,0,,0,0,,0,0,0,0,0,0,0,0,0,,0.0,0
22000,100037,Marlies Askamp,1611661326,MIA,Miami Sol,1020000237,2000-08-06,MIA vs. NYL,W,32,3,10,0.3,0,0,,2,5,0.4,5,5,10,1,0,2,1,3,8,,26.5,0
22000,100063,Sharon Manning,1611661326,MIA,Miami Sol,1020000237,2000-08-06,MIA vs. NYL,W,13,1,5,0.2,0,0,,0,0,,1,1,2,0,2,1,4,0,2,,9.4,0
22000,100107,Kisha Ford,1611661326,MIA,Miami Sol,1020000237,2000-08-06,MIA vs. NYL,W,14,1,3,0.333,0,0,,1,2,0.5,4,1,5,0,1,0,1,4,3,,11.0,0
22000,100359,Debbie Black,1611661326,MIA,Miami Sol,1020000237,2000-08-06,MIA vs. NYL,W,30,2,5,0.4,0,0,,2,4,0.5,0,3,3,2,3,0,4,1,6,,17.6,0
22000,100416,Sheri Sam,1611661326,MIA,Miami Sol,1020000237,2000-08-06,MIA vs. NYL,W,33,7,18,0.389,1,6,0.167,4,6,0.667,3,4,7,2,1,0,0,2,19,,33.4,0
22000,100451,Jamie Cassidy,1611661326,MIA,Miami Sol,1020000237,2000-08-06,MIA vs. NYL,W,1,0,0,,0,0,,3,4,0.75,0,0,0,0,2,0,1,1,3,,8.0,0
22000,100552,Kristen Rasmussen,1611661326,MIA,Miami Sol,1020000237,2000-08-06,MIA vs. NYL,W,33,1,8,0.125,0,0,,6,6,1.0,6,1,7,2,2,1,1,2,8,,27.4,0
22000,100559,Milena Flores,1611661326,MIA,Miami Sol,1020000237,2000-08-06,MIA vs. NYL,W,10,0,2,0.0,0,1,0.0,2,2,1.0,1,0,1,0,0,0,0,1,2,,3.2,0
22000,100560,Shantia Owens,1611661326,MIA,Miami Sol,1020000237,2000-08-06,MIA vs. NYL,W,1,0,0,,0,0,,0,0,,0,1,1,0,0,0,0,0,0,,1.2,0
22000,100092,Merlakia Jones,1611661315,CLE,Cleveland Rockers,1020000238,2000-08-06,CLE vs. WAS,W,31,6,10,0.6,0,0,,0,0,,1,1,2,1,0,0,2,2,12,,13.9,0
22000,100097,Rushia Brown,1611661315,CLE,Cleveland Rockers,1020000238,2000-08-06,CLE vs. WAS,W,23,8,9,0.889,0,0,,0,0,,1,3,4,2,3,2,2,3,16,,36.8,0
22000,100180,Pollyanna Johns Kimbrough,1611661315,CLE,Cleveland Rockers,1020000238,2000-08-06,CLE vs. WAS,W,1,1,1,1.0,0,0,,0,0,,0,0,0,0,0,0,0,0,2,,2.0,0
22000,100187,Suzie McConnell Serio,1611661315,CLE,Cleveland Rockers,1020000238,2000-08-06,CLE vs. WAS,W,27,3,7,0.429,2,5,0.4,0,0,,1,1,2,7,0,0,5,0,8,,15.9,0
22000,100231,Adia Barnes,1611661315,CLE,Cleveland Rockers,1020000238,2000-08-06,CLE vs. WAS,W,1,0,0,,0,0,,0,0,,0,0,0,0,0,0,0,0,0,,0.0,0
22000,100237,Tricia Bader Binford,1611661315,CLE,Cleveland Rockers,1020000238,2000-08-06,CLE vs. WAS,W,1,0,0,,0,0,,2,2,1.0,0,0,0,0,1,0,0,0,2,,5.0,0
22000,100428,Mery Andrade,1611661315,CLE,Cleveland Rockers,1020000238,2000-08-06,CLE vs. WAS,W,35,3,9,0.333,0,3,0.0,1,2,0.5,1,6,7,6,0,0,1,3,7,,23.4,0
22000,100433,Chasity Melvin,1611661315,CLE,Cleveland Rockers,1020000238,2000-08-06,CLE vs. WAS,W,34,7,8,0.875,0,0,,1,4,0.25,2,7,9,2,2,1,1,2,15,,36.8,0
22000,100445,Ann Wauters,1611661315,CLE,Cleveland Rockers,1020000238,2000-08-06,CLE vs. WAS,W,21,3,6,0.5,0,0,,1,2,0.5,0,3,3,3,2,2,1,2,7,,26.1,0
22000,100457,Helen Darling,1611661315,CLE,Cleveland Rockers,1020000238,2000-08-06,CLE vs. WAS,W,13,2,4,0.5,0,0,,2,4,0.5,0,2,2,2,2,0,2,1,6,,15.4,0
22000,100458,Vicki Hall,1611661315,CLE,Cleveland Rockers,1020000238,2000-08-06,CLE vs. WAS,W,13,1,4,0.25,0,1,0.0,0,0,,0,0,0,1,2,0,1,1,2,,8.5,0
22000,100058,Vicky Bullett,1611661322,WAS,Washington Mystics,1020000238,2000-08-06,WAS @ CLE,L,31,4,10,0.4,0,1,0.0,1,2,0.5,2,3,5,2,5,1,3,2,9,,33.0,0
22000,100198,Nikki McCray,1611661322,WAS,Washington Mystics,1020000238,2000-08-06,WAS @ CLE,L,29,3,13,0.231,1,5,0.2,2,2,1.0,1,0,1,2,2,1,2,1,9,,20.2,0
22000,100199,Murriel Page,1611661322,WAS,Washington Mystics,1020000238,2000-08-06,WAS @ CLE,L,24,0,2,0.0,0,0,,0,0,,0,1,1,2,0,0,3,4,0,,1.2,0
22000,100348,Markita Aldridge,1611661322,WAS,Washington Mystics,1020000238,2000-08-06,WAS @ CLE,L,14,0,1,0.0,0,1,0.0,0,0,,0,1,1,1,0,0,2,2,0,,0.7,0
22000,100356,Chamique Holdsclaw,1611661322,WAS,Washington Mystics,1020000238,2000-08-06,WAS @ CLE,L,35,10,14,0.714,0,0,,2,3,0.667,4,2,6,1,3,2,2,2,22,,43.7,0
22000,100360,Michelle Campbell,1611661322,WAS,Washington Mystics,1020000238,2000-08-06,WAS @ CLE,L,4,1,2,0.5,0,0,,2,2,1.0,0,0,0,0,0,0,0,0,4,,4.0,0
22000,100506,Renee Robinson,1611661322,WAS,Washington Mystics,1020000238,2000-08-06,WAS @ CLE,L,3,0,0,,0,0,,0,0,,0,0,0,0,1,0,1,1,0,,2.0,0
22000,100553,Keisha Anderson,1611661322,WAS,Washington Mystics,1020000238,2000-08-06,WAS @ CLE,L,16,2,3,0.667,0,0,,0,0,,1,1,2,4,0,0,2,1,4,,10.4,0
22000,100554,Beth Cunningham,1611661322,WAS,Washington Mystics,1020000238,2000-08-06,WAS @ CLE,L,19,2,9,0.222,2,3,0.667,0,0,,1,2,3,2,1,0,2,2,6,,13.6,0
22000,100555,Tausha Mills,1611661322,WAS,Washington Mystics,1020000238,2000-08-06,WAS @ CLE,L,9,0,4,0.0,0,0,,0,0,,1,1,2,1,0,0,1,1,0,,2.9,0
22000,100557,Tonya Massaline,1611661322,WAS,Washington Mystics,1020000238,2000-08-06,WAS @ CLE,L,16,2,2,1.0,2,2,1.0,0,0,,0,2,2,2,0,0,0,0,6,,11.4,0
22000,100400,Kristin Folkl,1611661324,MIN,Minnesota Lynx,1020000239,2000-08-06,MIN vs. IND,W,32,5,10,0.5,1,3,0.333,2,2,1.0,3,5,8,4,1,2,0,2,13,,37.6,0
22000,100404,Katie Smith,1611661324,MIN,Minnesota Lynx,1020000239,2000-08-06,MIN vs. IND,W,40,5,12,0.417,2,6,0.333,2,3,0.667,1,2,3,5,1,1,4,3,14,,27.1,0
22000,100481,Marla Brumfield,1611661324,MIN,Minnesota Lynx,1020000239,2000-08-06,MIN vs. IND,W,20,2,4,0.5,0,0,,0,0,,0,2,2,2,0,0,1,1,4,,8.4,0
22000,100482,Grace Daley,1611661324,MIN,Minnesota Lynx,1020000239,2000-08-06,MIN vs. IND,W,13,2,6,0.333,0,1,0.0,0,0,,1,0,1,0,0,0,0,0,4,,5.2,0
22000,100483,Keitha Dickerson,1611661324,MIN,Minnesota Lynx,1020000239,2000-08-06,MIN vs. IND,W,32,3,5,0.6,0,0,,3,3,1.0,2,6,8,4,1,0,3,3,9,,24.6,0
22000,100484,Betty Lennox,1611661324,MIN,Minnesota Lynx,1020000239,2000-08-06,MIN vs. IND,W,36,11,19,0.579,2,5,0.4,3,4,0.75,2,3,5,8,2,0,1,5,27,,50.0,0
22000,100485,Maylana Martin,1611661324,MIN,Minnesota Lynx,1020000239,2000-08-06,MIN vs. IND,W,8,2,3,0.667,0,0,,0,0,,1,0,1,0,0,0,0,3,4,,5.2,0
22000,100487,Kate Paye,1611661324,MIN,Minnesota Lynx,1020000239,2000-08-06,MIN vs. IND,W,19,2,5,0.4,1,4,0.25,0,0,,0,1,1,2,0,0,1,2,5,,8.2,0
22000,100022,Chantel Tremitiere,1611661325,IND,Indiana Fever,1020000239,2000-08-06,IND @ MIN,L,7,0,1,0.0,0,0,,0,0,,0,1,1,0,0,0,0,1,0,,1.2,0
22000,100204,Rita Williams,1611661325,IND,Indiana Fever,1020000239,2000-08-06,IND @ MIN,L,36,6,15,0.4,4,8,0.5,0,2,0.0,3,1,4,1,3,0,3,2,16,,28.3,0
22000,100216,Alicia Thompson,1611661325,IND,Indiana Fever,1020000239,2000-08-06,IND @ MIN,L,32,5,10,0.5,1,2,0.5,0,0,,1,6,7,6,1,0,2,2,11,,29.4,0
22000,100340,Kara Wolters,1611661325,IND,Indiana Fever,1020000239,2000-08-06,IND @ MIN,L,32,8,11,0.727,0,0,,0,1,0.0,4,2,6,2,0,2,3,3,16,,29.2,0
22000,100357,Monica Maxwell,1611661325,IND,Indiana Fever,1020000239,2000-08-06,IND @ MIN,L,24,2,6,0.333,2,5,0.4,0,0,,0,3,3,3,0,1,1,4,6,,16.1,0
22000,100370,Stephanie White,1611661325,IND,Indiana Fever,1020000239,2000-08-06,IND @ MIN,L,20,6,9,0.667,0,3,0.0,1,2,0.5,2,2,4,0,0,0,0,3,13,,17.8,0
22000,100394,Gordana Grubin,1611661325,IND,Indiana Fever,1020000239,2000-08-06,IND @ MIN,L,33,3,11,0.273,2,4,0.5,3,6,0.5,1,2,3,3,0,0,1,1,11,,18.1,0
22000,100471,Danielle McCulley,1611661325,IND,Indiana Fever,1020000239,2000-08-06,IND @ MIN,L,8,0,0,,0,0,,0,0,,0,1,1,0,0,0,1,2,0,,0.2,0
22000,101006,Jurgita Streimikyte,1611661325,IND,Indiana Fever,1020000239,2000-08-06,IND @ MIN,L,8,0,0,,0,0,,2,2,1.0,0,1,1,1,0,0,0,4,2,,4.7,0
22000,100072,Sheryl Swoopes,1611661316,HOU,Houston Comets,1020000240,2000-08-06,HOU @ SAC,W,36,9,15,0.6,4,5,0.8,3,4,0.75,0,4,4,5,1,0,4,2,25,,36.3,0
22000,100073,Cynthia Cooper,1611661316,HOU,Houston Comets,1020000240,2000-08-06,HOU @ SAC,W,36,5,14,0.357,0,4,0.0,8,9,0.889,0,1,1,6,2,0,2,2,18,,32.2,0
22000,100075,Janeth Arcain,1611661316,HOU,Houston Comets,1020000240,2000-08-06,HOU @ SAC,W,32,3,5,0.6,0,0,,2,3,0.667,2,5,7,3,1,0,2,2,8,,21.9,0
22000,100076,Tina Thompson,1611661316,HOU,Houston Comets,1020000240,2000-08-06,HOU @ SAC,W,36,6,12,0.5,2,5,0.4,1,3,0.333,3,10,13,0,1,0,5,4,15,,28.6,0
22000,100077,Tammy Jackson,1611661316,HOU,Houston Comets,1020000240,2000-08-06,HOU @ SAC,W,3,0,0,,0,0,,0,0,,0,0,0,0,1,0,0,0,0,,3.0,0
22000,100211,Amaya Valdemoro,1611661316,HOU,Houston Comets,1020000240,2000-08-06,HOU @ SAC,W,11,2,2,1.0,2,2,1.0,0,0,,0,1,1,0,1,0,0,1,6,,10.2,0
22000,100217,Coquese Washington,1611661316,HOU,Houston Comets,1020000240,2000-08-06,HOU @ SAC,W,26,0,1,0.0,0,0,,0,0,,1,2,3,4,1,0,2,1,0,,10.6,0
22000,100233,Tiffani Johnson,1611661316,HOU,Houston Comets,1020000240,2000-08-06,HOU @ SAC,W,16,2,6,0.333,0,0,,0,0,,3,0,3,0,0,1,0,2,4,,10.6,0
22000,100338,Jennifer Rizzotti,1611661316,HOU,Houston Comets,1020000240,2000-08-06,HOU @ SAC,W,4,0,1,0.0,0,1,0.0,0,0,,0,0,0,0,0,0,0,1,0,,0.0,0
22000,100011,Linda Burgess,1611661318,SAC,Sacramento Monarchs,1020000240,2000-08-06,SAC vs. HOU,L,5,0,3,0.0,0,0,,1,2,0.5,2,0,2,0,0,0,0,1,1,,3.4,0
22000,100016,Ruthie Bolton,1611661318,SAC,Sacramento Monarchs,1020000240,2000-08-06,SAC vs. HOU,L,26,1,10,0.1,0,4,0.0,0,0,,0,0,0,2,2,0,0,2,2,,11.0,0
22000,100027,Latasha Byears,1611661318,SAC,Sacramento Monarchs,1020000240,2000-08-06,SAC vs. HOU,L,12,1,4,0.25,0,0,,0,0,,2,2,4,1,0,0,2,1,2,,6.3,0
22000,100044,Lady Grooms,1611661318,SAC,Sacramento Monarchs,1020000240,2000-08-06,SAC vs. HOU,L,15,1,2,0.5,0,0,,0,0,,0,0,0,0,1,0,1,2,2,,4.0,0
22000,100234,Ticha Penicheiro,1611661318,SAC,Sacramento Monarchs,1020000240,2000-08-06,SAC vs. HOU,L,39,1,9,0.111,0,3,0.0,3,6,0.5,0,3,3,7,3,0,5,0,5,,23.1,0
22000,100236,Tangela Smith,1611661318,SAC,Sacramento Monarchs,1020000240,2000-08-06,SAC vs. HOU,L,22,3,8,0.375,0,0,,1,2,0.5,0,3,3,0,0,0,1,2,7,,9.6,0
22000,100419,Yolanda Griffith,1611661318,SAC,Sacramento Monarchs,1020000240,2000-08-06,SAC vs. HOU,L,39,9,15,0.6,0,0,,12,13,0.923,11,8,19,2,2,3,3,5,30,,67.8,0
22000,100421,Kedra Holland-Corn,1611661318,SAC,Sacramento Monarchs,1020000240,2000-08-06,SAC vs. HOU,L,25,4,8,0.5,3,7,0.429,0,0,,1,0,1,0,2,0,1,4,11,,17.2,0
22000,100534,Stacy Clinesmith,1611661318,SAC,Sacramento Monarchs,1020000240,2000-08-06,SAC vs. HOU,L,1,0,0,,0,0,,0,0,,0,0,0,0,0,0,0,0,0,,0.0,0
22000,100536,Katy Steding,1611661318,SAC,Sacramento Monarchs,1020000240,2000-08-06,SAC vs. HOU,L,16,1,4,0.25,1,3,0.333,0,0,,0,1,1,1,1,1,0,2,3,,11.7,0
22000,100038,Tara Williams,1611661327,POR,Portland Fire,1020000241,2000-08-06,POR @ SEA,L,5,1,2,0.5,0,0,,0,0,,0,1,1,2,0,0,0,1,2,,6.2,0
22000,100105,Sophia Witherspoon,1611661327,POR,Portland Fire,1020000241,2000-08-06,POR @ SEA,L,39,5,14,0.357,1,3,0.333,2,2,1.0,1,2,3,2,1,0,5,4,13,,17.6,0
22000,100215,Vanessa Nygaard,1611661327,POR,Portland Fire,1020000241,2000-08-06,POR @ SEA,L,39,6,11,0.545,1,3,0.333,1,2,0.5,3,4,7,0,0,1,1,4,14,,24.4,0
22000,100284,Tully Bevilaqua,1611661327,POR,Portland Fire,1020000241,2000-08-06,POR @ SEA,L,36,2,6,0.333,0,2,0.0,3,4,0.75,2,2,4,3,3,0,2,4,7,,23.3,0
22000,100346,Michele Van Gorp,1611661327,POR,Portland Fire,1020000241,2000-08-06,POR @ SEA,L,2,0,1,0.0,0,0,,0,0,,0,0,0,0,0,0,0,2,0,,0.0,0
22000,100529,Sylvia Crawley,1611661327,POR,Portland Fire,1020000241,2000-08-06,POR @ SEA,L,31,4,12,0.333,0,0,,0,2,0.0,2,5,7,1,2,2,5,6,8,,24.9,0
22000,100530,Lynn Pride,1611661327,POR,Portland Fire,1020000241,2000-08-06,POR @ SEA,L,17,2,4,0.5,0,0,,1,2,0.5,1,3,4,0,0,0,1,2,5,,8.8,0
22000,100532,Stacey Thomas,1611661327,POR,Portland Fire,1020000241,2000-08-06,POR @ SEA,L,28,2,5,0.4,0,0,,0,0,,1,3,4,2,1,0,3,3,4,,11.8,0
22000,100533,DeMya Walker,1611661327,POR,Portland Fire,1020000241,2000-08-06,POR @ SEA,L,16,1,3,0.333,0,0,,2,2,1.0,1,1,2,0,1,0,1,2,4,,8.4,0
22000,100570,Michelle Marciniak,1611661327,POR,Portland Fire,1020000241,2000-08-06,POR @ SEA,L,12,0,1,0.0,0,0,,1,2,0.5,0,2,2,3,0,1,3,2,1,,7.9,0
22000,100088,Michelle Edwards,1611661328,SEA,Seattle Storm,1020000241,2000-08-06,SEA vs. POR,W,22,4,10,0.4,1,1,1.0,0,0,,1,0,1,2,0,0,2,5,9,,11.2,0
22000,100111,Simone Edwards,1611661328,SEA,Seattle Storm,1020000241,2000-08-06,SEA vs. POR,W,23,4,8,0.5,0,0,,2,4,0.5,2,5,7,0,0,0,1,2,10,,17.4,0
22000,100179,Charmin Smith,1611661328,SEA,Seattle Storm,1020000241,2000-08-06,SEA vs. POR,W,30,3,5,0.6,2,4,0.5,2,2,1.0,0,2,2,2,0,0,1,3,10,,14.4,0
22000,100230,Quacy Barnes,1611661328,SEA,Seattle Storm,1020000241,2000-08-06,SEA vs. POR,W,30,1,9,0.111,0,0,,0,0,,3,5,8,3,0,3,3,4,2,,22.1,0
22000,100336,Sonja Henning,1611661328,SEA,Seattle Storm,1020000241,2000-08-06,SEA vs. POR,W,32,2,5,0.4,0,1,0.0,4,4,1.0,1,2,3,3,0,0,3,3,8,,13.1,0
22000,100470,Stacey Lovelace,1611661328,SEA,Seattle Storm,1020000241,2000-08-06,SEA vs. POR,W,13,3,4,0.75,0,0,,4,4,1.0,1,1,2,0,1,0,0,1,10,,15.4,0
22000,100503,Andrea Garner,1611661328,SEA,Seattle Storm,1020000241,2000-08-06,SEA vs. POR,W,24,1,4,0.25,0,0,,1,2,0.5,2,0,2,1,2,0,1,0,3,,11.9,0
22000,100541,Jamie Redd,1611661328,SEA,Seattle Storm,1020000241,2000-08-06,SEA vs. POR,W,38,3,10,0.3,2,4,0.5,6,8,0.75,2,4,6,3,2,0,3,3,14,,28.7,0
22000,100543,Robin Threatt-Elliott,1611661328,SEA,Seattle Storm,1020000241,2000-08-06,SEA vs. POR,W,13,0,3,0.0,0,1,0.0,0,0,,0,0,0,1,0,0,1,1,0,,0.5,0
22000,100058,Vicky Bullett,1611661322,WAS,Washington Mystics,1020000242,2000-08-07,WAS @ ORL,L,33,6,14,0.429,0,1,0.0,2,2,1.0,2,1,3,0,3,1,0,5,14,,29.6,0
22000,100198,Nikki McCray,1611661322,WAS,Washington Mystics,1020000242,2000-08-07,WAS @ ORL,L,38,4,7,0.571,2,3,0.667,0,0,,1,2,3,2,4,0,3,3,10,,25.6,0
22000,100199,Murriel Page,1611661322,WAS,Washington Mystics,1020000242,2000-08-07,WAS @ ORL,L,38,2,6,0.333,0,0,,1,3,0.333,2,3,5,1,2,0,1,3,5,,17.5,0
22000,100348,Markita Aldridge,1611661322,WAS,Washington Mystics,1020000242,2000-08-07,WAS @ ORL,L,4,0,0,,0,0,,0,0,,0,0,0,0,0,0,1,0,0,,-1.0,0
22000,100356,Chamique Holdsclaw,1611661322,WAS,Washington Mystics,1020000242,2000-08-07,WAS @ ORL,L,36,4,15,0.267,0,0,,6,7,0.857,6,6,12,6,0,0,4,4,14,,33.4,0
22000,100553,Keisha Anderson,1611661322,WAS,Washington Mystics,1020000242,2000-08-07,WAS @ ORL,L,30,4,9,0.444,1,1,1.0,2,2,1.0,3,1,4,3,0,0,2,2,11,,18.3,0
22000,100554,Beth Cunningham,1611661322,WAS,Washington Mystics,1020000242,2000-08-07,WAS @ ORL,L,4,0,1,0.0,0,0,,0,0,,0,1,1,1,0,0,1,0,0,,1.7,0
22000,100555,Tausha Mills,1611661322,WAS,Washington Mystics,1020000242,2000-08-07,WAS @ ORL,L,9,1,3,0.333,0,0,,0,0,,0,3,3,1,0,0,2,2,2,,5.1,0
22000,100557,Tonya Massaline,1611661322,WAS,Washington Mystics,1020000242,2000-08-07,WAS @ ORL,L,8,0,3,0.0,0,2,0.0,1,2,0.5,0,0,0,0,0,0,1,0,1,,0.0,0
22000,100100,Adrienne Johnson,1611661323,ORL,Orlando Miracle,1020000242,2000-08-07,ORL vs. WAS,W,38,3,9,0.333,2,4,0.5,5,5,1.0,0,1,1,0,3,0,2,1,13,,21.2,0
22000,100410,Shannon Johnson,1611661323,ORL,Orlando Miracle,1020000242,2000-08-07,ORL vs. WAS,W,40,4,9,0.444,1,3,0.333,1,1,1.0,2,4,6,4,3,0,4,3,10,,28.2,0
22000,100411,Carla McGhee,1611661323,ORL,Orlando Miracle,1020000242,2000-08-07,ORL vs. WAS,W,23,2,6,0.333,0,0,,3,4,0.75,3,0,3,2,1,0,2,2,7,,14.6,0
22000,100412,Taj McWilliams-Franklin,1611661323,ORL,Orlando Miracle,1020000242,2000-08-07,ORL vs. WAS,W,20,6,9,0.667,0,0,,1,3,0.333,3,2,5,0,1,1,2,2,13,,23.0,0
22000,100415,Nykesha Sales,1611661323,ORL,Orlando Miracle,1020000242,2000-08-07,ORL vs. WAS,W,37,7,17,0.412,1,6,0.167,1,2,0.5,2,5,7,3,0,1,1,4,16,,30.9,0
22000,100514,Cintia dos Santos,1611661323,ORL,Orlando Miracle,1020000242,2000-08-07,ORL vs. WAS,W,36,3,7,0.429,0,0,,0,0,,1,6,7,1,0,3,2,3,6,,22.9,0
22000,100519,Jannon Roland,1611661323,ORL,Orlando Miracle,1020000242,2000-08-07,ORL vs. WAS,W,2,0,0,,0,0,,0,0,,0,0,0,0,0,0,0,0,0,,0.0,0
22000,100521,Tiffany McCain,1611661323,ORL,Orlando Miracle,1020000242,2000-08-07,ORL vs. WAS,W,4,0,1,0.0,0,1,0.0,0,0,,0,0,0,0,0,0,0,0,0,,0.0,0
22000,100046,Wendy Palmer,1611661321,DET,Detroit Shock,1020000243,2000-08-07,DET @ IND,W,27,6,10,0.6,1,1,1.0,5,7,0.714,2,4,6,4,1,0,0,3,18,,34.2,0
22000,100243,Olympia Scott,1611661321,DET,Detroit Shock,1020000243,2000-08-07,DET @ IND,W,11,3,4,0.75,0,0,,0,0,,1,1,2,0,0,0,3,2,6,,5.4,0
22000,100351,Joy Holmes,1611661321,DET,Detroit Shock,1020000243,2000-08-07,DET @ IND,W,6,1,2,0.5,0,0,,0,0,,0,0,0,0,0,0,1,0,2,,1.0,0
22000,100384,Dominique Canty,1611661321,DET,Detroit Shock,1020000243,2000-08-07,DET @ IND,W,30,2,9,0.222,0,0,,3,4,0.75,3,1,4,2,2,0,2,4,7,,18.8,0
22000,100386,Claudia Neves,1611661321,DET,Detroit Shock,1020000243,2000-08-07,DET @ IND,W,19,2,6,0.333,2,3,0.667,6,6,1.0,0,1,1,2,1,0,2,0,12,,17.2,0
22000,100387,Astou Ndiaye-Diatta,1611661321,DET,Detroit Shock,1020000243,2000-08-07,DET @ IND,W,34,9,15,0.6,0,0,,0,0,,1,7,8,3,2,1,2,2,18,,39.1,0
22000,100388,Elena Tornikidou,1611661321,DET,Detroit Shock,1020000243,2000-08-07,DET @ IND,W,29,1,3,0.333,0,0,,2,2,1.0,0,3,3,3,1,0,3,1,4,,12.1,0
22000,100492,Edwina Brown,1611661321,DET,Detroit Shock,1020000243,2000-08-07,DET @ IND,W,15,0,2,0.0,0,0,,0,0,,0,1,1,2,0,0,2,2,0,,2.2,0
22000,100493,Anna DeForge,1611661321,DET,Detroit Shock,1020000243,2000-08-07,DET @ IND,W,21,3,5,0.6,1,2,0.5,0,0,,0,0,0,4,2,0,2,2,7,,17.0,0
22000,100494,Barbara Farris,1611661321,DET,Detroit Shock,1020000243,2000-08-07,DET @ IND,W,8,0,1,0.0,0,0,,0,0,,1,2,3,1,0,0,0,2,0,,5.1,0
22000,100022,Chantel Tremitiere,1611661325,IND,Indiana Fever,1020000243,2000-08-07,IND vs. DET,L,4,1,2,0.5,0,0,,0,0,,0,0,0,0,0,0,0,1,2,,2.0,0
22000,100204,Rita Williams,1611661325,IND,Indiana Fever,1020000243,2000-08-07,IND vs. DET,L,36,6,10,0.6,2,3,0.667,0,0,,2,3,5,5,4,0,2,1,14,,37.5,0
22000,100216,Alicia Thompson,1611661325,IND,Indiana Fever,1020000243,2000-08-07,IND vs. DET,L,25,3,6,0.5,0,1,0.0,0,0,,1,2,3,1,2,1,2,1,6,,18.1,0
22000,100340,Kara Wolters,1611661325,IND,Indiana Fever,1020000243,2000-08-07,IND vs. DET,L,27,6,9,0.667,0,0,,2,3,0.667,1,9,10,2,0,2,4,3,14,,31.0,0
22000,100357,Monica Maxwell,1611661325,IND,Indiana Fever,1020000243,2000-08-07,IND vs. DET,L,36,1,10,0.1,1,5,0.2,2,2,1.0,0,3,3,2,1,1,1,4,5,,16.6,0
22000,100370,Stephanie White,1611661325,IND,Indiana Fever,1020000243,2000-08-07,IND vs. DET,L,10,1,4,0.25,0,0,,0,0,,1,0,1,0,0,0,0,1,2,,3.2,0
22000,100394,Gordana Grubin,1611661325,IND,Indiana Fever,1020000243,2000-08-07,IND vs. DET,L,34,3,8,0.375,0,2,0.0,1,2,0.5,2,0,2,2,3,0,6,2,7,,15.4,0
22000,100471,Danielle McCulley,1611661325,IND,Indiana Fever,1020000243,2000-08-07,IND vs. DET,L,15,2,6,0.333,0,0,,3,4,0.75,4,2,6,0,1,1,1,1,7,,19.2,0
22000,101006,Jurgita Streimikyte,1611661325,IND,Indiana Fever,1020000243,2000-08-07,IND vs. DET,L,13,2,5,0.4,0,0,,2,2,1.0,1,1,2,2,0,0,0,1,6,,11.4,0
22000,100239,Margo Dydek,1611661319,UTA,Utah Starzz,1020000244,2000-08-07,UTA vs. POR,W,8,2,4,0.5,1,1,1.0,0,0,,0,1,1,0,0,2,1,4,5,,11.2,0
22000,100242,LaTonya Johnson,1611661319,UTA,Utah Starzz,1020000244,2000-08-07,UTA vs. POR,W,35,2,5,0.4,2,2,1.0,4,8,0.5,0,4,4,2,0,1,1,3,10,,19.8,0
22000,100250,Korie Hlede,1611661319,UTA,Utah Starzz,1020000244,2000-08-07,UTA vs. POR,W,36,4,12,0.333,1,2,0.5,2,3,0.667,1,0,1,5,4,0,2,3,11,,29.7,0
22000,100364,Dalma Ivanyi,1611661319,UTA,Utah Starzz,1020000244,2000-08-07,UTA vs. POR,W,6,1,3,0.333,1,2,0.5,0,0,,0,1,1,0,0,0,1,0,3,,3.2,0
22000,100366,Natalie Williams,1611661319,UTA,Utah Starzz,1020000244,2000-08-07,UTA vs. POR,W,38,8,15,0.533,0,0,,9,11,0.818,3,8,11,1,2,1,4,5,25,,44.7,0
22000,100382,Jennifer Azzi,1611661319,UTA,Utah Starzz,1020000244,2000-08-07,UTA vs. POR,W,34,2,3,0.667,1,1,1.0,4,4,1.0,0,3,3,7,0,2,3,3,9,,26.1,0
22000,100408,Kym Hope,1611661319,UTA,Utah Starzz,1020000244,2000-08-07,UTA vs. POR,W,2,0,0,,0,0,,2,2,1.0,0,2,2,0,0,0,1,0,2,,3.4,0
22000,100422,Kate Starbird,1611661319,UTA,Utah Starzz,1020000244,2000-08-07,UTA vs. POR,W,9,1,1,1.0,0,0,,2,2,1.0,0,1,1,2,0,1,1,2,4,,10.2,0
22000,100547,Stacy Frese,1611661319,UTA,Utah Starzz,1020000244,2000-08-07,UTA vs. POR,W,1,0,0,,0,0,,4,6,0.667,0,0,0,0,0,0,0,0,4,,4.0,0
22000,100549,Amy Herrig,1611661319,UTA,Utah Starzz,1020000244,2000-08-07,UTA vs. POR,W,31,4,8,0.5,0,0,,2,4,0.5,3,3,6,1,0,0,5,3,10,,13.7,0
22000,100007,Jamila Wideman,1611661327,POR,Portland Fire,1020000244,2000-08-07,POR @ UTA,L,9,0,0,,0,0,,0,0,,0,1,1,0,1,0,3,1,0,,1.2,0
22000,100038,Tara Williams,1611661327,POR,Portland Fire,1020000244,2000-08-07,POR @ UTA,L,19,6,11,0.545,2,7,0.286,1,2,0.5,1,2,3,2,2,0,2,4,15,,25.6,0
22000,100105,Sophia Witherspoon,1611661327,POR,Portland Fire,1020000244,2000-08-07,POR @ UTA,L,26,2,11,0.182,0,4,0.0,4,4,1.0,0,3,3,2,1,1,1,1,8,,19.6,0
22000,100215,Vanessa Nygaard,1611661327,POR,Portland Fire,1020000244,2000-08-07,POR @ UTA,L,18,1,7,0.143,0,3,0.0,2,2,1.0,3,1,4,2,0,0,2,4,4,,9.8,0
22000,100284,Tully Bevilaqua,1611661327,POR,Portland Fire,1020000244,2000-08-07,POR @ UTA,L,19,1,2,0.5,1,2,0.5,0,0,,1,2,3,3,0,2,0,1,3,,17.1,0
22000,100346,Michele Van Gorp,1611661327,POR,Portland Fire,1020000244,2000-08-07,POR @ UTA,L,27,7,10,0.7,0,0,,2,4,0.5,2,4,6,0,1,1,4,5,16,,25.2,0
22000,100529,Sylvia Crawley,1611661327,POR,Portland Fire,1020000244,2000-08-07,POR @ UTA,L,17,3,6,0.5,0,0,,3,4,0.75,0,0,0,0,2,1,0,1,9,,18.0,0
22000,100530,Lynn Pride,1611661327,POR,Portland Fire,1020000244,2000-08-07,POR @ UTA,L,18,1,5,0.2,0,1,0.0,0,0,,1,2,3,3,1,0,1,4,2,,12.1,0
22000,100532,Stacey Thomas,1611661327,POR,Portland Fire,1020000244,2000-08-07,POR @ UTA,L,14,0,2,0.0,0,0,,0,0,,1,0,1,3,1,0,2,0,0,,6.7,0
22000,100533,DeMya Walker,1611661327,POR,Portland Fire,1020000244,2000-08-07,POR @ UTA,L,14,2,5,0.4,0,0,,2,4,0.5,2,4,6,0,2,1,1,6,6,,21.2,0
22000,100570,Michelle Marciniak,1611661327,POR,Portland Fire,1020000244,2000-08-07,POR @ UTA,L,19,4,7,0.571,2,2,1.0,0,0,,0,0,0,2,1,0,0,4,10,,16.0,0
22000,100072,Sheryl Swoopes,1611661316,HOU,Houston Comets,1020000245,2000-08-07,HOU @ PHO,W,35,6,12,0.5,1,3,0.333,6,8,0.75,1,7,8,5,4,2,1,0,19,,53.1,0
22000,100073,Cynthia Cooper,1611661316,HOU,Houston Comets,1020000245,2000-08-07,HOU @ PHO,W,34,3,6,0.5,0,2,0.0,0,0,,0,0,0,6,1,0,7,1,6,,11.0,0
22000,100075,Janeth Arcain,1611661316,HOU,Houston Comets,1020000245,2000-08-07,HOU @ PHO,W,30,2,3,0.667,0,0,,0,0,,0,1,1,2,1,1,2,4,4,,12.2,0
22000,100076,Tina Thompson,1611661316,HOU,Houston Comets,1020000245,2000-08-07,HOU @ PHO,W,33,10,13,0.769,5,5,1.0,1,1,1.0,0,10,10,2,0,0,2,1,26,,39.0,0
22000,100077,Tammy Jackson,1611661316,HOU,Houston Comets,1020000245,2000-08-07,HOU @ PHO,W,18,2,2,1.0,0,0,,0,0,,0,6,6,0,0,1,2,5,4,,12.2,0
22000,100207,Monica Lamb,1611661316,HOU,Houston Comets,1020000245,2000-08-07,HOU @ PHO,W,3,1,1,1.0,0,0,,0,2,0.0,0,0,0,0,0,0,0,0,2,,2.0,0
22000,100211,Amaya Valdemoro,1611661316,HOU,Houston Comets,1020000245,2000-08-07,HOU @ PHO,W,9,2,4,0.5,1,3,0.333,0,0,,0,0,0,1,0,0,1,0,5,,5.5,0
22000,100217,Coquese Washington,1611661316,HOU,Houston Comets,1020000245,2000-08-07,HOU @ PHO,W,13,0,0,,0,0,,0,0,,0,1,1,1,1,0,0,1,0,,5.7,0
22000,100233,Tiffani Johnson,1611661316,HOU,Houston Comets,1020000245,2000-08-07,HOU @ PHO,W,16,1,4,0.25,0,0,,0,0,,0,2,2,0,1,0,0,5,2,,7.4,0
22000,100338,Jennifer Rizzotti,1611661316,HOU,Houston Comets,1020000245,2000-08-07,HOU @ PHO,W,6,1,1,1.0,1,1,1.0,0,0,,0,0,0,0,0,0,3,0,3,,0.0,0
22000,100504,Kelley Gibson,1611661316,HOU,Houston Comets,1020000245,2000-08-07,HOU @ PHO,W,3,0,0,,0,0,,0,0,,0,1,1,0,0,0,0,0,0,,1.2,0
22000,100030,Jennifer Gillom,1611661317,PHO,Phoenix Mercury,1020000245,2000-08-07,PHO vs. HOU,L,33,5,13,0.385,0,3,0.0,1,1,1.0,2,4,6,0,0,0,1,3,11,,17.2,0
22000,100031,Bridget Pettis,1611661317,PHO,Phoenix Mercury,1020000245,2000-08-07,PHO vs. HOU,L,19,1,5,0.2,0,3,0.0,0,0,,1,1,2,3,2,0,0,1,2,,14.9,0
22000,100045,Dena Head,1611661317,PHO,Phoenix Mercury,1020000245,2000-08-07,PHO vs. HOU,L,13,1,2,0.5,0,0,,3,4,0.75,1,0,1,0,0,0,1,1,5,,5.2,0
22000,100221,Michelle Brogan,1611661317,PHO,Phoenix Mercury,1020000245,2000-08-07,PHO vs. HOU,L,22,1,5,0.2,0,1,0.0,1,2,0.5,1,3,4,3,0,0,0,0,3,,12.3,0
22000,100225,Brandy Reed,1611661317,PHO,Phoenix Mercury,1020000245,2000-08-07,PHO vs. HOU,L,38,8,20,0.4,2,3,0.667,3,4,0.75,3,2,5,3,3,0,4,2,21,,36.5,0
22000,100378,Lisa Harrison,1611661317,PHO,Phoenix Mercury,1020000245,2000-08-07,PHO vs. HOU,L,32,2,7,0.286,0,1,0.0,0,0,,0,2,2,1,2,0,0,4,4,,13.9,0
22000,100398,Tonya Edwards,1611661317,PHO,Phoenix Mercury,1020000245,2000-08-07,PHO vs. HOU,L,18,0,9,0.0,0,6,0.0,2,2,1.0,1,0,1,1,1,1,1,2,2,,9.7,0
22000,100525,Rankica Sarenac,1611661317,PHO,Phoenix Mercury,1020000245,2000-08-07,PHO vs. HOU,L,5,2,2,1.0,0,0,,0,0,,0,0,0,0,0,0,0,1,4,,4.0,0
22000,100526,Adrian Williams-Strong,1611661317,PHO,Phoenix Mercury,1020000245,2000-08-07,PHO vs. HOU,L,20,0,1,0.0,0,0,,2,4,0.5,1,3,4,1,0,0,2,0,2,,6.3,0
22000,100101,Teresa Weatherspoon,1611661313,NYL,New York Liberty,1020000246,2000-08-08,NYL vs. CLE,W,33,1,4,0.25,0,2,0.0,0,0,,0,4,4,7,6,1,3,1,2,,35.3,0
22000,100103,Vickie Johnson,1611661313,NYL,New York Liberty,1020000246,2000-08-08,NYL vs. CLE,W,34,4,9,0.444,0,2,0.0,0,0,,0,2,2,3,1,0,2,3,8,,15.9,0
22000,100104,Sue Wicks,1611661313,NYL,New York Liberty,1020000246,2000-08-08,NYL vs. CLE,W,15,1,5,0.2,0,1,0.0,0,0,,2,2,4,1,1,2,0,2,2,,17.3,0
22000,100342,Becky Hammon,1611661313,NYL,New York Liberty,1020000246,2000-08-08,NYL vs. CLE,W,28,5,14,0.357,1,9,0.111,0,0,,0,1,1,2,0,0,1,2,11,,14.2,0
22000,100345,Crystal Robinson,1611661313,NYL,New York Liberty,1020000246,2000-08-08,NYL vs. CLE,W,25,4,6,0.667,1,2,0.5,2,2,1.0,0,3,3,1,0,0,0,0,11,,16.1,0
22000,100347,Tamika Whitmore,1611661313,NYL,New York Liberty,1020000246,2000-08-08,NYL vs. CLE,W,29,4,12,0.333,0,0,,1,2,0.5,4,1,5,1,0,0,1,3,9,,15.5,0
22000,100413,Tari Phillips,1611661313,NYL,New York Liberty,1020000246,2000-08-08,NYL vs. CLE,W,34,7,11,0.636,0,0,,0,0,,3,8,11,4,2,0,2,3,14,,37.2,0
22000,100509,Marina Ferragut,1611661313,NYL,New York Liberty,1020000246,2000-08-08,NYL vs. CLE,W,2,0,1,0.0,0,0,,0,0,,0,0,0,0,0,0,0,0,0,,0.0,0
22000,100092,Merlakia Jones,1611661315,CLE,Cleveland Rockers,1020000246,2000-08-08,CLE @ NYL,L,38,9,15,0.6,3,4,0.75,0,0,,2,4,6,2,0,0,1,2,21,,30.2,0
22000,100097,Rushia Brown,1611661315,CLE,Cleveland Rockers,1020000246,2000-08-08,CLE @ NYL,L,14,2,6,0.333,0,0,,0,0,,3,0,3,0,2,0,4,1,4,,9.6,0
22000,100187,Suzie McConnell Serio,1611661315,CLE,Cleveland Rockers,1020000246,2000-08-08,CLE @ NYL,L,28,2,8,0.25,1,6,0.167,0,0,,0,5,5,1,0,0,4,1,5,,8.5,0
22000,100237,Tricia Bader Binford,1611661315,CLE,Cleveland Rockers,1020000246,2000-08-08,CLE @ NYL,L,4,0,1,0.0,0,1,0.0,0,0,,0,1,1,0,0,0,1,0,0,,0.2,0
22000,100428,Mery Andrade,1611661315,CLE,Cleveland Rockers,1020000246,2000-08-08,CLE @ NYL,L,33,2,5,0.4,0,1,0.0,0,0,,1,6,7,4,1,0,1,4,4,,20.4,0
22000,100433,Chasity Melvin,1611661315,CLE,Cleveland Rockers,1020000246,2000-08-08,CLE @ NYL,L,31,0,6,0.0,0,0,,2,2,1.0,1,2,3,2,0,0,4,3,2,,4.6,0
22000,100445,Ann Wauters,1611661315,CLE,Cleveland Rockers,1020000246,2000-08-08,CLE @ NYL,L,30,2,5,0.4,0,0,,2,2,1.0,2,4,6,0,0,1,3,4,6,,13.2,0
22000,100457,Helen Darling,1611661315,CLE,Cleveland Rockers,1020000246,2000-08-08,CLE @ NYL,L,12,0,2,0.0,0,0,,2,2,1.0,0,2,2,0,0,0,1,0,2,,3.4,0
22000,100458,Vicki Hall,1611661315,CLE,Cleveland Rockers,1020000246,2000-08-08,CLE @ NYL,L,10,0,2,0.0,0,0,,0,0,,0,2,2,0,0,0,0,1,0,,2.4,0
22000,100059,Andrea Stinson,1611661314,CHA,Charlotte Sting,1020000247,2000-08-08,CHA vs. MIN,L,39,6,12,0.5,1,2,0.5,2,2,1.0,1,5,6,4,0,1,0,2,15,,31.2,0
22000,100182,Tracy Reid,1611661314,CHA,Charlotte Sting,1020000247,2000-08-08,CHA vs. MIN,L,27,1,5,0.2,0,0,,0,2,0.0,1,5,6,1,0,0,5,6,2,,5.7,0
22000,100294,Cass Bauer-Bilodeau,1611661314,CHA,Charlotte Sting,1020000247,2000-08-08,CHA vs. MIN,L,17,2,3,0.667,0,0,,5,5,1.0,1,4,5,0,0,1,4,2,9,,14.0,0
22000,100368,Angie Braziel,1611661314,CHA,Charlotte Sting,1020000247,2000-08-08,CHA vs. MIN,L,23,3,5,0.6,0,0,,4,5,0.8,3,4,7,0,1,0,2,4,10,,19.4,0
22000,100371,Charlotte Smith,1611661314,CHA,Charlotte Sting,1020000247,2000-08-08,CHA vs. MIN,L,31,3,8,0.375,0,4,0.0,3,4,0.75,2,0,2,5,0,1,0,3,9,,21.9,0
22000,100372,Dawn Staley,1611661314,CHA,Charlotte Sting,1020000247,2000-08-08,CHA vs. MIN,L,38,3,8,0.375,2,5,0.4,2,2,1.0,1,2,3,5,2,0,2,2,10,,25.1,0
22000,100447,Tiffany Travis,1611661314,CHA,Charlotte Sting,1020000247,2000-08-08,CHA vs. MIN,L,15,2,7,0.286,2,3,0.667,2,2,1.0,0,0,0,0,0,0,0,4,8,,8.0,0
22000,100452,E.C. Hill,1611661314,CHA,Charlotte Sting,1020000247,2000-08-08,CHA vs. MIN,L,3,1,2,0.5,0,1,0.0,0,0,,0,0,0,0,0,0,1,1,2,,1.0,0
22000,100454,Larecha Jones,1611661314,CHA,Charlotte Sting,1020000247,2000-08-08,CHA vs. MIN,L,7,1,2,0.5,0,0,,0,0,,0,1,1,0,0,0,1,1,2,,2.2,0
22000,100400,Kristin Folkl,1611661324,MIN,Minnesota Lynx,1020000247,2000-08-08,MIN @ CHA,W,32,5,10,0.5,0,1,0.0,2,2,1.0,1,3,4,6,0,0,0,3,12,,25.8,0
22000,100404,Katie Smith,1611661324,MIN,Minnesota Lynx,1020000247,2000-08-08,MIN @ CHA,W,38,7,17,0.412,1,8,0.125,8,9,0.889,2,1,3,2,1,0,2,3,23,,30.6,0
22000,100481,Marla Brumfield,1611661324,MIN,Minnesota Lynx,1020000247,2000-08-08,MIN @ CHA,W,14,0,1,0.0,0,0,,1,2,0.5,1,1,2,2,0,0,0,1,1,,6.4,0
22000,100482,Grace Daley,1611661324,MIN,Minnesota Lynx,1020000247,2000-08-08,MIN @ CHA,W,4,0,0,,0,0,,0,0,,0,0,0,0,0,0,0,0,0,,0.0,0
22000,100483,Keitha Dickerson,1611661324,MIN,Minnesota Lynx,1020000247,2000-08-08,MIN @ CHA,W,29,0,1,0.0,0,0,,0,0,,0,6,6,2,2,0,2,3,0,,14.2,0
22000,100484,Betty Lennox,1611661324,MIN,Minnesota Lynx,1020000247,2000-08-08,MIN @ CHA,W,40,9,19,0.474,3,7,0.429,6,7,0.857,1,5,6,5,0,0,4,1,27,,37.7,0
22000,100485,Maylana Martin,1611661324,MIN,Minnesota Lynx,1020000247,2000-08-08,MIN @ CHA,W,14,2,2,1.0,0,0,,0,0,,0,3,3,0,0,1,1,5,4,,9.6,0
22000,100487,Kate Paye,1611661324,MIN,Minnesota Lynx,1020000247,2000-08-08,MIN @ CHA,W,24,3,4,0.75,2,3,0.667,1,2,0.5,0,0,0,4,0,0,0,2,9,,15.0,0
22000,100490,Shanele Stires,1611661324,MIN,Minnesota Lynx,1020000247,2000-08-08,MIN @ CHA,W,5,0,0,,0,0,,0,0,,0,1,1,0,0,0,0,1,0,,1.2,0
22000,100003,Lisa Leslie,1611661320,LAS,Los Angeles Sparks,1020000248,2000-08-08,LAS @ SEA,W,36,5,11,0.455,1,1,1.0,4,6,0.667,3,6,9,1,2,4,6,6,15,,39.3,0
22000,100008,Tamecka Dixon,1611661320,LAS,Los Angeles Sparks,1020000248,2000-08-08,LAS @ SEA,W,38,8,17,0.471,0,1,0.0,1,2,0.5,2,2,4,2,1,0,4,5,17,,23.8,0
22000,100012,Mwadi Mabika,1611661320,LAS,Los Angeles Sparks,1020000248,2000-08-08,LAS @ SEA,W,34,1,7,0.143,1,4,0.25,1,1,1.0,1,11,12,3,3,1,0,2,4,,34.9,0
22000,100170,Allison Feaster,1611661320,LAS,Los Angeles Sparks,1020000248,2000-08-08,LAS @ SEA,W,10,0,2,0.0,0,1,0.0,0,0,,0,0,0,2,0,0,3,1,0,,0.0,0
22000,100392,Ukari Figgs,1611661320,LAS,Los Angeles Sparks,1020000248,2000-08-08,LAS @ SEA,W,25,1,4,0.25,0,0,,6,6,1.0,0,2,2,1,1,0,1,0,8,,13.9,0
22000,100393,La'Keshia Frett,1611661320,LAS,Los Angeles Sparks,1020000248,2000-08-08,LAS @ SEA,W,6,0,0,,0,0,,0,0,,1,0,1,0,0,1,0,0,0,,4.2,0
22000,100395,Clarisse Machanguana,1611661320,LAS,Los Angeles Sparks,1020000248,2000-08-08,LAS @ SEA,W,16,3,6,0.5,0,0,,0,0,,1,4,5,1,1,0,0,2,6,,16.5,0
22000,100396,DeLisha Milton-Jones,1611661320,LAS,Los Angeles Sparks,1020000248,2000-08-08,LAS @ SEA,W,40,5,9,0.556,0,0,,0,0,,1,6,7,1,0,1,2,2,10,,20.9,0
22000,100478,Nicky McCrimmon,1611661320,LAS,Los Angeles Sparks,1020000248,2000-08-08,LAS @ SEA,W,20,0,0,,0,0,,0,0,,0,1,1,2,1,0,3,0,0,,4.2,0
22000,100088,Michelle Edwards,1611661328,SEA,Seattle Storm,1020000248,2000-08-08,SEA vs. LAS,L,36,7,11,0.636,2,5,0.4,4,5,0.8,0,6,6,2,0,0,2,1,20,,28.2,0
22000,100111,Simone Edwards,1611661328,SEA,Seattle Storm,1020000248,2000-08-08,SEA vs. LAS,L,24,4,8,0.5,0,0,,1,1,1.0,2,1,3,0,0,0,1,2,9,,11.6,0
22000,100179,Charmin Smith,1611661328,SEA,Seattle Storm,1020000248,2000-08-08,SEA vs. LAS,L,29,0,3,0.0,0,2,0.0,0,0,,1,0,1,3,0,0,3,2,0,,2.7,0
22000,100230,Quacy Barnes,1611661328,SEA,Seattle Storm,1020000248,2000-08-08,SEA vs. LAS,L,23,4,10,0.4,0,0,,0,0,,0,2,2,3,1,3,1,3,8,,25.9,0
22000,100336,Sonja Henning,1611661328,SEA,Seattle Storm,1020000248,2000-08-08,SEA vs. LAS,L,41,1,6,0.167,0,2,0.0,0,0,,0,5,5,4,4,0,1,1,2,,25.0,0
22000,100470,Stacey Lovelace,1611661328,SEA,Seattle Storm,1020000248,2000-08-08,SEA vs. LAS,L,28,5,14,0.357,0,0,,0,0,,2,3,5,3,3,0,1,3,10,,28.5,0
22000,100503,Andrea Garner,1611661328,SEA,Seattle Storm,1020000248,2000-08-08,SEA vs. LAS,L,15,0,4,0.0,0,0,,0,0,,0,2,2,1,0,0,0,0,0,,3.9,0
22000,100541,Jamie Redd,1611661328,SEA,Seattle Storm,1020000248,2000-08-08,SEA vs. LAS,L,25,1,7,0.143,0,3,0.0,1,2,0.5,1,3,4,3,2,0,3,2,3,,15.3,0
22000,100543,Robin Threatt-Elliott,1611661328,SEA,Seattle Storm,1020000248,2000-08-08,SEA vs. LAS,L,4,0,3,0.0,0,0,,0,0,,1,1,2,0,1,0,1,0,0,,4.4,0
22000,100092,Merlakia Jones,1611661315,CLE,Cleveland Rockers,1020000249,2000-08-09,CLE @ WAS,L,32,4,10,0.4,0,1,0.0,0,1,0.0,3,4,7,2,2,0,1,1,8,,24.4,0
22000,100097,Rushia Brown,1611661315,CLE,Cleveland Rockers,1020000249,2000-08-09,CLE @ WAS,L,24,5,7,0.714,0,0,,2,2,1.0,3,1,4,0,0,0,1,1,12,,15.8,0
22000,100187,Suzie McConnell Serio,1611661315,CLE,Cleveland Rockers,1020000249,2000-08-09,CLE @ WAS,L,23,4,5,0.8,3,4,0.75,1,1,1.0,0,2,2,2,0,0,5,1,12,,12.4,0
22000,100237,Tricia Bader Binford,1611661315,CLE,Cleveland Rockers,1020000249,2000-08-09,CLE @ WAS,L,15,3,4,0.75,2,3,0.667,0,0,,0,1,1,0,0,0,2,1,8,,7.2,0
22000,100428,Mery Andrade,1611661315,CLE,Cleveland Rockers,1020000249,2000-08-09,CLE @ WAS,L,28,0,3,0.0,0,0,,0,0,,1,3,4,2,2,0,2,3,0,,11.8,0
22000,100433,Chasity Melvin,1611661315,CLE,Cleveland Rockers,1020000249,2000-08-09,CLE @ WAS,L,31,2,11,0.182,0,1,0.0,0,0,,3,3,6,3,2,0,2,3,4,,19.7,0
22000,100445,Ann Wauters,1611661315,CLE,Cleveland Rockers,1020000249,2000-08-09,CLE @ WAS,L,22,2,6,0.333,0,0,,0,0,,0,4,4,2,2,0,5,0,4,,12.8,0
22000,100457,Helen Darling,1611661315,CLE,Cleveland Rockers,1020000249,2000-08-09,CLE @ WAS,L,10,0,4,0.0,0,1,0.0,0,0,,1,1,2,1,0,0,4,0,0,,-0.1,0
22000,100458,Vicki Hall,1611661315,CLE,Cleveland Rockers,1020000249,2000-08-09,CLE @ WAS,L,15,0,5,0.0,0,2,0.0,0,0,,0,2,2,0,1,0,0,1,0,,5.4,0
22000,100058,Vicky Bullett,1611661322,WAS,Washington Mystics,1020000249,2000-08-09,WAS vs. CLE,W,38,6,11,0.545,0,1,0.0,2,2,1.0,1,6,7,1,4,2,2,1,14,,39.9,0
22000,100198,Nikki McCray,1611661322,WAS,Washington Mystics,1020000249,2000-08-09,WAS vs. CLE,W,37,8,16,0.5,1,4,0.25,3,4,0.75,1,0,1,3,2,0,2,2,20,,29.7,0
22000,100199,Murriel Page,1611661322,WAS,Washington Mystics,1020000249,2000-08-09,WAS vs. CLE,W,38,4,7,0.571,0,0,,0,0,,3,2,5,1,2,0,0,4,8,,21.5,0
22000,100348,Markita Aldridge,1611661322,WAS,Washington Mystics,1020000249,2000-08-09,WAS vs. CLE,W,13,0,1,0.0,0,1,0.0,0,0,,0,0,0,0,2,0,1,0,0,,5.0,0
22000,100356,Chamique Holdsclaw,1611661322,WAS,Washington Mystics,1020000249,2000-08-09,WAS vs. CLE,W,36,8,19,0.421,0,0,,2,5,0.4,2,8,10,3,3,1,3,1,18,,43.5,0
22000,100553,Keisha Anderson,1611661322,WAS,Washington Mystics,1020000249,2000-08-09,WAS vs. CLE,W,27,0,1,0.0,0,0,,0,0,,0,2,2,7,5,0,4,2,0,,23.9,0
22000,100554,Beth Cunningham,1611661322,WAS,Washington Mystics,1020000249,2000-08-09,WAS vs. CLE,W,7,0,2,0.0,0,2,0.0,0,0,,0,2,2,0,0,0,1,0,0,,1.4,0
22000,100555,Tausha Mills,1611661322,WAS,Washington Mystics,1020000249,2000-08-09,WAS vs. CLE,W,4,0,0,,0,0,,0,0,,0,0,0,0,1,0,0,0,0,,3.0,0
22000,100100,Adrienne Johnson,1611661323,ORL,Orlando Miracle,1020000250,2000-08-09,ORL @ MIA,L,50,5,12,0.417,1,7,0.143,2,2,1.0,2,2,4,3,2,0,2,3,13,,26.3,0
22000,100410,Shannon Johnson,1611661323,ORL,Orlando Miracle,1020000250,2000-08-09,ORL @ MIA,L,48,2,12,0.167,1,3,0.333,1,2,0.5,3,6,9,6,0,0,8,3,6,,17.8,0
22000,100411,Carla McGhee,1611661323,ORL,Orlando Miracle,1020000250,2000-08-09,ORL @ MIA,L,37,1,3,0.333,0,0,,1,2,0.5,6,5,11,0,1,0,2,5,3,,17.2,0
22000,100412,Taj McWilliams-Franklin,1611661323,ORL,Orlando Miracle,1020000250,2000-08-09,ORL @ MIA,L,47,11,23,0.478,1,1,1.0,0,0,,6,7,13,0,1,1,4,2,23,,40.6,0
22000,100415,Nykesha Sales,1611661323,ORL,Orlando Miracle,1020000250,2000-08-09,ORL @ MIA,L,41,5,12,0.417,2,5,0.4,0,0,,0,0,0,4,1,0,0,1,12,,21.0,0
22000,100514,Cintia dos Santos,1611661323,ORL,Orlando Miracle,1020000250,2000-08-09,ORL @ MIA,L,16,2,4,0.5,0,0,,0,0,,2,1,3,0,0,0,2,2,4,,5.6,0
22000,100517,Romana Hamzova,1611661323,ORL,Orlando Miracle,1020000250,2000-08-09,ORL @ MIA,L,1,0,0,,0,0,,0,0,,0,0,0,0,0,0,0,0,0,,0.0,0
22000,100521,Tiffany McCain,1611661323,ORL,Orlando Miracle,1020000250,2000-08-09,ORL @ MIA,L,10,1,3,0.333,1,2,0.5,0,0,,0,0,0,0,0,0,1,3,3,,2.0,0
22000,100009,Katrina Colleton,1611661326,MIA,Miami Sol,1020000250,2000-08-09,MIA vs. ORL,W,46,7,22,0.318,0,0,,0,0,,1,3,4,5,2,0,0,4,14,,32.3,0
22000,100037,Marlies Askamp,1611661326,MIA,Miami Sol,1020000250,2000-08-09,MIA vs. ORL,W,42,6,11,0.545,0,0,,8,10,0.8,10,5,15,0,1,1,3,4,20,,41.0,0
22000,100063,Sharon Manning,1611661326,MIA,Miami Sol,1020000250,2000-08-09,MIA vs. ORL,W,16,1,4,0.25,0,0,,0,0,,2,3,5,1,1,1,2,2,2,,13.5,0
22000,100107,Kisha Ford,1611661326,MIA,Miami Sol,1020000250,2000-08-09,MIA vs. ORL,W,8,0,2,0.0,0,0,,0,0,,0,0,0,0,0,0,1,0,0,,-1.0,0
22000,100359,Debbie Black,1611661326,MIA,Miami Sol,1020000250,2000-08-09,MIA vs. ORL,W,40,1,6,0.167,0,1,0.0,0,0,,0,3,3,6,5,0,1,4,2,,28.6,0
22000,100416,Sheri Sam,1611661326,MIA,Miami Sol,1020000250,2000-08-09,MIA vs. ORL,W,45,7,17,0.412,3,8,0.375,7,10,0.7,2,7,9,3,4,0,5,4,24,,46.3,0
22000,100451,Jamie Cassidy,1611661326,MIA,Miami Sol,1020000250,2000-08-09,MIA vs. ORL,W,6,0,2,0.0,0,0,,0,0,,0,0,0,0,0,0,0,0,0,,0.0,0
22000,100552,Kristen Rasmussen,1611661326,MIA,Miami Sol,1020000250,2000-08-09,MIA vs. ORL,W,37,1,3,0.333,0,0,,4,4,1.0,1,2,3,1,2,1,1,1,6,,19.1,0
22000,100559,Milena Flores,1611661326,MIA,Miami Sol,1020000250,2000-08-09,MIA vs. ORL,W,10,0,0,,0,0,,0,0,,0,0,0,0,0,0,0,0,0,,0.0,0
22000,100101,Teresa Weatherspoon,1611661313,NYL,New York Liberty,1020000251,2000-08-09,NYL @ DET,L,31,2,3,0.667,0,0,,0,0,,0,2,2,7,2,0,0,3,4,,22.9,0
22000,100103,Vickie Johnson,1611661313,NYL,New York Liberty,1020000251,2000-08-09,NYL @ DET,L,32,5,8,0.625,1,1,1.0,0,0,,1,2,3,1,0,0,2,2,11,,14.1,0
22000,100104,Sue Wicks,1611661313,NYL,New York Liberty,1020000251,2000-08-09,NYL @ DET,L,25,2,5,0.4,0,1,0.0,1,2,0.5,2,2,4,0,2,2,2,2,5,,19.8,0
22000,100342,Becky Hammon,1611661313,NYL,New York Liberty,1020000251,2000-08-09,NYL @ DET,L,31,5,9,0.556,1,2,0.5,0,0,,0,0,0,1,1,0,2,1,11,,13.5,0
22000,100345,Crystal Robinson,1611661313,NYL,New York Liberty,1020000251,2000-08-09,NYL @ DET,L,27,3,8,0.375,1,5,0.2,3,3,1.0,0,2,2,2,3,0,2,1,10,,22.4,0
22000,100347,Tamika Whitmore,1611661313,NYL,New York Liberty,1020000251,2000-08-09,NYL @ DET,L,22,4,9,0.444,0,0,,0,0,,0,2,2,1,1,3,1,3,8,,22.9,0
22000,100413,Tari Phillips,1611661313,NYL,New York Liberty,1020000251,2000-08-09,NYL @ DET,L,31,5,15,0.333,0,0,,4,7,0.571,4,1,5,0,0,0,0,4,14,,20.0,0
22000,100509,Marina Ferragut,1611661313,NYL,New York Liberty,1020000251,2000-08-09,NYL @ DET,L,1,0,0,,0,0,,0,0,,0,0,0,0,0,0,0,0,0,,0.0,0
22000,100046,Wendy Palmer,1611661321,DET,Detroit Shock,1020000251,2000-08-09,DET vs. NYL,W,29,6,14,0.429,1,1,1.0,4,6,0.667,3,2,5,2,0,0,1,4,17,,25.0,0
22000,100243,Olympia Scott,1611661321,DET,Detroit Shock,1020000251,2000-08-09,DET vs. NYL,W,8,1,1,1.0,0,0,,0,0,,0,1,1,2,0,0,2,3,2,,4.2,0
22000,100351,Joy Holmes,1611661321,DET,Detroit Shock,1020000251,2000-08-09,DET vs. NYL,W,4,0,1,0.0,0,0,,0,0,,0,0,0,0,1,0,0,0,0,,3.0,0
22000,100384,Dominique Canty,1611661321,DET,Detroit Shock,1020000251,2000-08-09,DET vs. NYL,W,32,3,6,0.5,0,0,,0,0,,0,3,3,8,0,0,4,3,6,,17.6,0
22000,100386,Claudia Neves,1611661321,DET,Detroit Shock,1020000251,2000-08-09,DET vs. NYL,W,21,0,1,0.0,0,1,0.0,0,0,,0,1,1,2,1,0,1,1,0,,6.2,0
22000,100387,Astou Ndiaye-Diatta,1611661321,DET,Detroit Shock,1020000251,2000-08-09,DET vs. NYL,W,36,9,14,0.643,0,0,,1,2,0.5,1,7,8,1,1,2,2,2,19,,37.1,0
22000,100388,Elena Tornikidou,1611661321,DET,Detroit Shock,1020000251,2000-08-09,DET vs. NYL,W,29,3,5,0.6,0,0,,4,4,1.0,1,4,5,4,0,1,0,2,10,,25.0,0
22000,100492,Edwina Brown,1611661321,DET,Detroit Shock,1020000251,2000-08-09,DET vs. NYL,W,16,3,3,1.0,0,0,,0,0,,0,1,1,1,1,0,1,2,6,,10.7,0
22000,100493,Anna DeForge,1611661321,DET,Detroit Shock,1020000251,2000-08-09,DET vs. NYL,W,19,1,3,0.333,0,1,0.0,0,0,,0,1,1,1,0,0,2,1,2,,2.7,0
22000,100494,Barbara Farris,1611661321,DET,Detroit Shock,1020000251,2000-08-09,DET vs. NYL,W,6,2,2,1.0,0,0,,0,0,,1,0,1,0,0,0,2,2,4,,3.2,0
22000,100059,Andrea Stinson,1611661314,CHA,Charlotte Sting,1020000252,2000-08-09,CHA @ IND,L,34,6,19,0.316,0,4,0.0,5,6,0.833,2,3,5,2,0,0,4,4,17,,22.0,0
22000,100182,Tracy Reid,1611661314,CHA,Charlotte Sting,1020000252,2000-08-09,CHA @ IND,L,29,4,11,0.364,0,0,,4,5,0.8,4,2,6,1,0,0,4,1,12,,16.7,0
22000,100294,Cass Bauer-Bilodeau,1611661314,CHA,Charlotte Sting,1020000252,2000-08-09,CHA @ IND,L,17,1,5,0.2,0,0,,0,0,,3,0,3,0,0,0,0,3,2,,5.6,0
22000,100368,Angie Braziel,1611661314,CHA,Charlotte Sting,1020000252,2000-08-09,CHA @ IND,L,14,0,3,0.0,0,0,,2,2,1.0,1,3,4,0,0,0,2,1,2,,4.8,0
22000,100371,Charlotte Smith,1611661314,CHA,Charlotte Sting,1020000252,2000-08-09,CHA @ IND,L,16,0,0,,0,0,,0,0,,1,5,6,3,0,0,2,4,0,,9.7,0
22000,100372,Dawn Staley,1611661314,CHA,Charlotte Sting,1020000252,2000-08-09,CHA @ IND,L,33,2,4,0.5,1,1,1.0,0,0,,1,2,3,1,3,0,2,1,5,,17.1,0
22000,100446,Summer Erb,1611661314,CHA,Charlotte Sting,1020000252,2000-08-09,CHA @ IND,L,11,2,4,0.5,0,0,,1,2,0.5,1,0,1,1,1,1,0,4,5,,13.7,0
22000,100447,Tiffany Travis,1611661314,CHA,Charlotte Sting,1020000252,2000-08-09,CHA @ IND,L,25,3,10,0.3,0,1,0.0,0,0,,0,3,3,1,2,0,0,1,6,,17.1,0
22000,100452,E.C. Hill,1611661314,CHA,Charlotte Sting,1020000252,2000-08-09,CHA @ IND,L,11,0,2,0.0,0,0,,0,0,,0,3,3,2,0,0,1,2,0,,5.6,0
22000,100454,Larecha Jones,1611661314,CHA,Charlotte Sting,1020000252,2000-08-09,CHA @ IND,L,10,1,4,0.25,0,2,0.0,0,0,,0,0,0,0,0,1,0,0,2,,5.0,0
22000,100022,Chantel Tremitiere,1611661325,IND,Indiana Fever,1020000252,2000-08-09,IND vs. CHA,W,15,0,1,0.0,0,0,,3,4,0.75,1,2,3,3,1,0,1,1,3,,13.1,0
22000,100204,Rita Williams,1611661325,IND,Indiana Fever,1020000252,2000-08-09,IND vs. CHA,W,28,2,7,0.286,2,4,0.5,3,4,0.75,1,3,4,1,2,1,2,0,9,,22.3,0
22000,100216,Alicia Thompson,1611661325,IND,Indiana Fever,1020000252,2000-08-09,IND vs. CHA,W,30,6,13,0.462,1,4,0.25,2,3,0.667,1,5,6,2,1,1,1,2,15,,30.2,0
22000,100340,Kara Wolters,1611661325,IND,Indiana Fever,1020000252,2000-08-09,IND vs. CHA,W,27,4,9,0.444,0,0,,3,6,0.5,1,5,6,1,1,1,3,4,11,,22.7,0
22000,100357,Monica Maxwell,1611661325,IND,Indiana Fever,1020000252,2000-08-09,IND vs. CHA,W,32,3,7,0.429,2,5,0.4,0,0,,2,6,8,5,1,0,2,2,8,,26.1,0
22000,100370,Stephanie White,1611661325,IND,Indiana Fever,1020000252,2000-08-09,IND vs. CHA,W,16,2,2,1.0,1,1,1.0,2,2,1.0,0,0,0,0,0,0,0,1,7,,7.0,0
22000,100394,Gordana Grubin,1611661325,IND,Indiana Fever,1020000252,2000-08-09,IND vs. CHA,W,24,1,8,0.125,0,4,0.0,3,3,1.0,0,2,2,6,2,0,2,2,5,,20.4,0
22000,100471,Danielle McCulley,1611661325,IND,Indiana Fever,1020000252,2000-08-09,IND vs. CHA,W,11,1,2,0.5,0,0,,1,4,0.25,1,1,2,0,0,1,1,2,3,,7.4,0
22000,100472,Texlin Quinney,1611661325,IND,Indiana Fever,1020000252,2000-08-09,IND vs. CHA,W,5,0,0,,0,0,,0,0,,0,0,0,0,1,0,0,0,0,,3.0,0
22000,100548,Katryna Gaither,1611661325,IND,Indiana Fever,1020000252,2000-08-09,IND vs. CHA,W,2,0,1,0.0,0,0,,0,0,,0,0,0,0,0,0,0,0,0,,0.0,0
22000,101006,Jurgita Streimikyte,1611661325,IND,Indiana Fever,1020000252,2000-08-09,IND vs. CHA,W,10,2,6,0.333,0,0,,2,2,1.0,3,2,5,0,0,1,1,0,6,,14.0,0
22000,100072,Sheryl Swoopes,1611661316,HOU,Houston Comets,1020000253,2000-08-09,HOU vs. MIN,W,29,8,14,0.571,0,3,0.0,1,1,1.0,3,5,8,2,6,1,6,1,17,,44.6,0
22000,100073,Cynthia Cooper,1611661316,HOU,Houston Comets,1020000253,2000-08-09,HOU vs. MIN,W,30,1,5,0.2,0,3,0.0,2,4,0.5,1,1,2,3,0,0,2,2,4,,8.9,0
22000,100075,Janeth Arcain,1611661316,HOU,Houston Comets,1020000253,2000-08-09,HOU vs. MIN,W,29,5,10,0.5,0,1,0.0,2,2,1.0,2,2,4,3,3,0,3,0,12,,27.3,0
22000,100076,Tina Thompson,1611661316,HOU,Houston Comets,1020000253,2000-08-09,HOU vs. MIN,W,32,5,13,0.385,1,5,0.2,14,16,0.875,3,5,8,3,4,0,3,3,25,,48.1,0
22000,100077,Tammy Jackson,1611661316,HOU,Houston Comets,1020000253,2000-08-09,HOU vs. MIN,W,13,1,1,1.0,0,0,,0,0,,1,1,2,1,0,0,1,0,2,,4.9,0
22000,100207,Monica Lamb,1611661316,HOU,Houston Comets,1020000253,2000-08-09,HOU vs. MIN,W,12,1,1,1.0,0,0,,0,0,,2,1,3,0,0,0,2,4,2,,3.6,0
22000,100211,Amaya Valdemoro,1611661316,HOU,Houston Comets,1020000253,2000-08-09,HOU vs. MIN,W,14,2,4,0.5,0,2,0.0,0,0,,0,0,0,1,1,0,0,1,4,,8.5,0
22000,100217,Coquese Washington,1611661316,HOU,Houston Comets,1020000253,2000-08-09,HOU vs. MIN,W,18,0,1,0.0,0,0,,7,8,0.875,0,2,2,1,3,0,2,2,7,,17.9,0
22000,100338,Jennifer Rizzotti,1611661316,HOU,Houston Comets,1020000253,2000-08-09,HOU vs. MIN,W,16,0,1,0.0,0,0,,0,0,,0,1,1,1,2,1,1,0,0,,10.7,0
22000,100504,Kelley Gibson,1611661316,HOU,Houston Comets,1020000253,2000-08-09,HOU vs. MIN,W,7,2,3,0.667,0,1,0.0,0,0,,0,1,1,1,0,0,0,1,4,,6.7,0
22000,100400,Kristin Folkl,1611661324,MIN,Minnesota Lynx,1020000253,2000-08-09,MIN @ HOU,L,22,2,4,0.5,0,1,0.0,1,1,1.0,0,1,1,1,2,0,2,5,5,,11.7,0
22000,100404,Katie Smith,1611661324,MIN,Minnesota Lynx,1020000253,2000-08-09,MIN @ HOU,L,40,8,15,0.533,2,6,0.333,4,4,1.0,1,0,1,4,1,0,0,0,22,,32.2,0
22000,100481,Marla Brumfield,1611661324,MIN,Minnesota Lynx,1020000253,2000-08-09,MIN @ HOU,L,20,1,5,0.2,0,2,0.0,0,0,,3,1,4,2,0,0,5,4,2,,4.8,0
22000,100483,Keitha Dickerson,1611661324,MIN,Minnesota Lynx,1020000253,2000-08-09,MIN @ HOU,L,30,3,8,0.375,0,2,0.0,2,2,1.0,1,5,6,0,3,0,2,3,8,,22.2,0
22000,100484,Betty Lennox,1611661324,MIN,Minnesota Lynx,1020000253,2000-08-09,MIN @ HOU,L,38,6,16,0.375,4,7,0.571,4,4,1.0,3,5,8,4,2,0,11,5,20,,30.6,0
22000,100485,Maylana Martin,1611661324,MIN,Minnesota Lynx,1020000253,2000-08-09,MIN @ HOU,L,25,3,9,0.333,1,3,0.333,0,0,,3,3,6,1,3,1,3,2,7,,24.7,0
22000,100487,Kate Paye,1611661324,MIN,Minnesota Lynx,1020000253,2000-08-09,MIN @ HOU,L,25,0,1,0.0,0,1,0.0,0,0,,0,0,0,2,1,0,2,5,0,,4.0,0
22000,100239,Margo Dydek,1611661319,UTA,Utah Starzz,1020000254,2000-08-09,UTA vs. LAS,W,14,1,3,0.333,0,0,,2,2,1.0,0,5,5,0,1,1,2,5,4,,14.0,0
22000,100242,LaTonya Johnson,1611661319,UTA,Utah Starzz,1020000254,2000-08-09,UTA vs. LAS,W,28,4,8,0.5,2,3,0.667,2,2,1.0,1,1,2,1,1,0,1,3,12,,17.9,0
22000,100363,Adrienne Goodson,1611661319,UTA,Utah Starzz,1020000254,2000-08-09,UTA vs. LAS,W,29,6,18,0.333,1,2,0.5,3,5,0.6,4,3,7,6,1,0,2,0,16,,34.4,0
22000,100364,Dalma Ivanyi,1611661319,UTA,Utah Starzz,1020000254,2000-08-09,UTA vs. LAS,W,1,0,0,,0,0,,0,0,,0,0,0,0,0,0,0,0,0,,0.0,0
22000,100366,Natalie Williams,1611661319,UTA,Utah Starzz,1020000254,2000-08-09,UTA vs. LAS,W,39,7,12,0.583,0,0,,12,16,0.75,6,7,13,2,1,2,1,5,26,,52.6,0
22000,100382,Jennifer Azzi,1611661319,UTA,Utah Starzz,1020000254,2000-08-09,UTA vs. LAS,W,39,2,6,0.333,2,3,0.667,0,0,,1,3,4,3,0,0,1,0,6,,14.3,0
22000,100408,Kym Hope,1611661319,UTA,Utah Starzz,1020000254,2000-08-09,UTA vs. LAS,W,1,0,0,,0,0,,0,0,,0,0,0,0,0,0,0,0,0,,0.0,0
22000,100422,Kate Starbird,1611661319,UTA,Utah Starzz,1020000254,2000-08-09,UTA vs. LAS,W,22,4,6,0.667,2,2,1.0,3,3,1.0,0,0,0,4,1,1,1,2,13,,24.0,0
22000,100547,Stacy Frese,1611661319,UTA,Utah Starzz,1020000254,2000-08-09,UTA vs. LAS,W,1,0,1,0.0,0,1,0.0,0,0,,0,0,0,0,0,0,0,0,0,,0.0,0
22000,100549,Amy Herrig,1611661319,UTA,Utah Starzz,1020000254,2000-08-09,UTA vs. LAS,W,26,5,8,0.625,0,0,,2,2,1.0,2,2,4,3,1,2,0,6,12,,30.3,0
22000,100003,Lisa Leslie,1611661320,LAS,Los Angeles Sparks,1020000254,2000-08-09,LAS @ UTA,L,27,6,12,0.5,0,0,,6,8,0.75,3,7,10,3,0,0,2,0,18,,32.5,0
22000,100008,Tamecka Dixon,1611661320,LAS,Los Angeles Sparks,1020000254,2000-08-09,LAS @ UTA,L,22,3,7,0.429,1,2,0.5,0,0,,1,1,2,3,1,0,1,4,7,,15.9,0
22000,100012,Mwadi Mabika,1611661320,LAS,Los Angeles Sparks,1020000254,2000-08-09,LAS @ UTA,L,21,2,7,0.286,1,4,0.25,0,0,,1,2,3,1,0,0,0,3,5,,10.1,0
22000,100170,Allison Feaster,1611661320,LAS,Los Angeles Sparks,1020000254,2000-08-09,LAS @ UTA,L,16,4,5,0.8,2,2,1.0,3,3,1.0,3,3,6,1,2,0,2,0,13,,25.7,0
22000,100392,Ukari Figgs,1611661320,LAS,Los Angeles Sparks,1020000254,2000-08-09,LAS @ UTA,L,20,3,5,0.6,2,3,0.667,0,0,,1,0,1,2,0,0,0,2,8,,12.2,0
22000,100393,La'Keshia Frett,1611661320,LAS,Los Angeles Sparks,1020000254,2000-08-09,LAS @ UTA,L,12,2,6,0.333,0,0,,1,2,0.5,0,0,0,0,1,0,0,0,5,,8.0,0
22000,100395,Clarisse Machanguana,1611661320,LAS,Los Angeles Sparks,1020000254,2000-08-09,LAS @ UTA,L,18,1,4,0.25,0,0,,0,0,,0,3,3,1,0,0,3,5,2,,4.1,0
22000,100396,DeLisha Milton-Jones,1611661320,LAS,Los Angeles Sparks,1020000254,2000-08-09,LAS @ UTA,L,21,3,6,0.5,0,2,0.0,3,5,0.6,0,2,2,0,1,0,2,6,9,,12.4,0
22000,100476,Vedrana Grgin Fonseca,1611661320,LAS,Los Angeles Sparks,1020000254,2000-08-09,LAS @ UTA,L,12,1,3,0.333,0,0,,2,2,1.0,1,0,1,0,0,0,0,0,4,,5.2,0
22000,100478,Nicky McCrimmon,1611661320,LAS,Los Angeles Sparks,1020000254,2000-08-09,LAS @ UTA,L,17,1,2,0.5,0,1,0.0,0,0,,0,0,0,3,0,0,1,1,2,,5.5,0
22000,100479,Paige Sauer,1611661320,LAS,Los Angeles Sparks,1020000254,2000-08-09,LAS @ UTA,L,14,2,3,0.667,0,0,,0,0,,0,2,2,0,0,1,1,0,4,,8.4,0
22000,100011,Linda Burgess,1611661318,SAC,Sacramento Monarchs,1020000255,2000-08-09,SAC vs. SEA,W,20,1,6,0.167,0,0,,2,2,1.0,3,8,11,1,1,0,3,3,4,,18.7,0
22000,100016,Ruthie Bolton,1611661318,SAC,Sacramento Monarchs,1020000255,2000-08-09,SAC vs. SEA,W,21,6,7,0.857,2,2,1.0,3,3,1.0,1,2,3,2,2,0,1,1,17,,28.6,0
22000,100027,Latasha Byears,1611661318,SAC,Sacramento Monarchs,1020000255,2000-08-09,SAC vs. SEA,W,20,5,7,0.714,1,1,1.0,2,2,1.0,0,3,3,2,1,0,0,1,13,,22.6,0
22000,100044,Lady Grooms,1611661318,SAC,Sacramento Monarchs,1020000255,2000-08-09,SAC vs. SEA,W,18,0,3,0.0,0,0,,0,0,,1,1,2,2,0,0,1,0,0,,4.4,0
22000,100183,Cindy Blodgett,1611661318,SAC,Sacramento Monarchs,1020000255,2000-08-09,SAC vs. SEA,W,11,1,5,0.2,0,2,0.0,2,2,1.0,0,0,0,0,0,0,2,0,4,,2.0,0
22000,100234,Ticha Penicheiro,1611661318,SAC,Sacramento Monarchs,1020000255,2000-08-09,SAC vs. SEA,W,19,0,0,,0,0,,0,0,,0,3,3,6,1,0,3,0,0,,12.6,0
22000,100236,Tangela Smith,1611661318,SAC,Sacramento Monarchs,1020000255,2000-08-09,SAC vs. SEA,W,18,5,11,0.455,0,0,,0,0,,0,1,1,0,2,6,2,4,10,,33.2,0
22000,100419,Yolanda Griffith,1611661318,SAC,Sacramento Monarchs,1020000255,2000-08-09,SAC vs. SEA,W,20,2,7,0.286,0,0,,5,6,0.833,4,8,12,2,3,0,2,1,9,,33.4,0
22000,100421,Kedra Holland-Corn,1611661318,SAC,Sacramento Monarchs,1020000255,2000-08-09,SAC vs. SEA,W,18,4,5,0.8,0,0,,0,0,,1,1,2,3,3,0,2,2,8,,21.9,0
22000,100534,Stacy Clinesmith,1611661318,SAC,Sacramento Monarchs,1020000255,2000-08-09,SAC vs. SEA,W,16,1,2,0.5,0,1,0.0,0,0,,1,0,1,2,1,0,3,2,2,,6.2,0
22000,100536,Katy Steding,1611661318,SAC,Sacramento Monarchs,1020000255,2000-08-09,SAC vs. SEA,W,19,5,8,0.625,2,4,0.5,0,0,,1,4,5,0,0,2,3,0,12,,21.0,0
22000,100088,Michelle Edwards,1611661328,SEA,Seattle Storm,1020000255,2000-08-09,SEA @ SAC,L,22,2,6,0.333,0,0,,0,2,0.0,1,2,3,1,4,1,4,1,4,,20.1,0
22000,100111,Simone Edwards,1611661328,SEA,Seattle Storm,1020000255,2000-08-09,SEA @ SAC,L,19,3,5,0.6,0,0,,0,1,0.0,2,2,4,1,0,0,1,0,6,,11.3,0
22000,100179,Charmin Smith,1611661328,SEA,Seattle Storm,1020000255,2000-08-09,SEA @ SAC,L,26,1,3,0.333,1,2,0.5,0,0,,0,2,2,3,2,0,3,1,3,,12.9,0
22000,100230,Quacy Barnes,1611661328,SEA,Seattle Storm,1020000255,2000-08-09,SEA @ SAC,L,28,2,8,0.25,0,0,,2,4,0.5,1,1,2,0,1,1,1,2,6,,13.4,0
22000,100336,Sonja Henning,1611661328,SEA,Seattle Storm,1020000255,2000-08-09,SEA @ SAC,L,23,0,2,0.0,0,1,0.0,0,0,,0,0,0,2,5,0,2,0,0,,16.0,0
22000,100470,Stacey Lovelace,1611661328,SEA,Seattle Storm,1020000255,2000-08-09,SEA @ SAC,L,14,0,9,0.0,0,1,0.0,2,2,1.0,0,1,1,0,1,0,0,1,2,,6.2,0
22000,100503,Andrea Garner,1611661328,SEA,Seattle Storm,1020000255,2000-08-09,SEA @ SAC,L,19,1,6,0.167,0,0,,0,2,0.0,0,0,0,2,0,1,3,1,2,,5.0,0
22000,100538,Katrina Hibbert,1611661328,SEA,Seattle Storm,1020000255,2000-08-09,SEA @ SAC,L,15,1,3,0.333,0,1,0.0,2,2,1.0,0,0,0,1,1,0,2,1,4,,6.5,0
22000,100541,Jamie Redd,1611661328,SEA,Seattle Storm,1020000255,2000-08-09,SEA @ SAC,L,26,6,11,0.545,2,3,0.667,0,1,0.0,1,2,3,2,1,0,3,3,14,,20.6,0
22000,100543,Robin Threatt-Elliott,1611661328,SEA,Seattle Storm,1020000255,2000-08-09,SEA @ SAC,L,8,2,2,1.0,1,1,1.0,0,0,,0,0,0,0,0,0,3,1,5,,2.0,0
22000,100030,Jennifer Gillom,1611661317,PHO,Phoenix Mercury,1020000256,2000-08-09,PHO @ POR,W,17,5,8,0.625,1,1,1.0,0,0,,2,1,3,0,2,2,3,3,11,,23.6,0
22000,100031,Bridget Pettis,1611661317,PHO,Phoenix Mercury,1020000256,2000-08-09,PHO @ POR,W,19,3,8,0.375,0,1,0.0,0,0,,0,1,1,3,1,0,3,2,6,,11.7,0
22000,100045,Dena Head,1611661317,PHO,Phoenix Mercury,1020000256,2000-08-09,PHO @ POR,W,15,0,2,0.0,0,1,0.0,3,4,0.75,2,1,3,1,1,0,1,0,3,,10.1,0
22000,100221,Michelle Brogan,1611661317,PHO,Phoenix Mercury,1020000256,2000-08-09,PHO @ POR,W,26,1,2,0.5,0,0,,0,0,,0,2,2,1,0,1,2,2,2,,6.9,0
22000,100225,Brandy Reed,1611661317,PHO,Phoenix Mercury,1020000256,2000-08-09,PHO @ POR,W,33,6,15,0.4,0,1,0.0,6,7,0.857,2,5,7,2,1,0,5,2,18,,27.4,0
22000,100378,Lisa Harrison,1611661317,PHO,Phoenix Mercury,1020000256,2000-08-09,PHO @ POR,W,32,3,4,0.75,1,1,1.0,0,0,,2,5,7,4,2,0,1,2,7,,26.4,0
22000,100380,Amanda Wilson,1611661317,PHO,Phoenix Mercury,1020000256,2000-08-09,PHO @ POR,W,4,0,1,0.0,0,0,,0,0,,0,0,0,0,0,0,0,2,0,,0.0,0
22000,100398,Tonya Edwards,1611661317,PHO,Phoenix Mercury,1020000256,2000-08-09,PHO @ POR,W,18,1,5,0.2,1,2,0.5,2,2,1.0,1,4,5,2,1,1,2,3,5,,18.0,0
22000,100477,Nicole Kubik,1611661317,PHO,Phoenix Mercury,1020000256,2000-08-09,PHO @ POR,W,8,0,1,0.0,0,0,,4,4,1.0,0,0,0,1,0,0,1,3,4,,4.5,0
22000,100525,Rankica Sarenac,1611661317,PHO,Phoenix Mercury,1020000256,2000-08-09,PHO @ POR,W,2,0,0,,0,0,,0,0,,0,0,0,0,0,0,0,0,0,,0.0,0
22000,100526,Adrian Williams-Strong,1611661317,PHO,Phoenix Mercury,1020000256,2000-08-09,PHO @ POR,W,26,6,8,0.75,0,0,,0,0,,2,1,3,0,1,0,2,5,12,,16.6,0
22000,100007,Jamila Wideman,1611661327,POR,Portland Fire,1020000256,2000-08-09,POR vs. PHO,L,3,0,0,,0,0,,0,0,,1,0,1,1,0,0,1,1,0,,1.7,0
22000,100038,Tara Williams,1611661327,POR,Portland Fire,1020000256,2000-08-09,POR vs. PHO,L,11,3,5,0.6,1,3,0.333,0,0,,0,0,0,0,0,0,1,1,7,,6.0,0
22000,100105,Sophia Witherspoon,1611661327,POR,Portland Fire,1020000256,2000-08-09,POR vs. PHO,L,21,2,9,0.222,1,6,0.167,5,6,0.833,1,2,3,0,0,0,1,1,10,,12.6,0
22000,100215,Vanessa Nygaard,1611661327,POR,Portland Fire,1020000256,2000-08-09,POR vs. PHO,L,36,6,11,0.545,1,3,0.333,1,2,0.5,1,3,4,0,0,0,3,3,14,,15.8,0
22000,100284,Tully Bevilaqua,1611661327,POR,Portland Fire,1020000256,2000-08-09,POR vs. PHO,L,27,1,5,0.2,0,2,0.0,0,0,,0,3,3,7,2,0,1,4,2,,21.1,0
22000,100346,Michele Van Gorp,1611661327,POR,Portland Fire,1020000256,2000-08-09,POR vs. PHO,L,4,0,0,,0,0,,2,2,1.0,0,0,0,0,0,0,1,0,2,,1.0,0
22000,100529,Sylvia Crawley,1611661327,POR,Portland Fire,1020000256,2000-08-09,POR vs. PHO,L,37,4,14,0.286,0,0,,5,6,0.833,3,4,7,1,0,2,3,1,13,,25.9,0
22000,100530,Lynn Pride,1611661327,POR,Portland Fire,1020000256,2000-08-09,POR vs. PHO,L,9,0,0,,0,0,,0,0,,0,2,2,1,0,0,1,2,0,,2.9,0
22000,100532,Stacey Thomas,1611661327,POR,Portland Fire,1020000256,2000-08-09,POR vs. PHO,L,20,0,2,0.0,0,0,,0,0,,3,0,3,1,1,0,0,3,0,,8.1,0
22000,100533,DeMya Walker,1611661327,POR,Portland Fire,1020000256,2000-08-09,POR vs. PHO,L,9,1,4,0.25,0,0,,1,2,0.5,1,0,1,0,0,0,0,1,3,,4.2,0
22000,100570,Michelle Marciniak,1611661327,POR,Portland Fire,1020000256,2000-08-09,POR vs. PHO,L,23,3,9,0.333,1,4,0.25,2,6,0.333,1,2,3,4,5,0,2,4,9,,31.6,0
